initialization,month,product,member,method_a_status,method_a_reason,method_b_status,method_b_reason,method_b_subtractions,method_b_segments,method_b_normalized_negative_count,method_b_minimum_normalized_negative_mm,method_b_formula,both_pass_max_abs_difference_mm,both_pass_mean_abs_difference_mm,source_manifest,source_manifest_sha256
2019060100,2019-06,day1_24h,c00,FAIL,ValueError: materially negative reconstructed precipitation for 9--12,PASS,,1,5,0,,(GEFS:2019-06-01T00:00:00+00:00:c00:2 - GEFS:2019-06-01T00:00:00+00:00:c00:1) + GEFS:2019-06-01T00:00:00+00:00:c00:4 + GEFS:2019-06-01T00:00:00+00:00:c00:6 + GEFS:2019-06-01T00:00:00+00:00:c00:8 + GEFS:2019-06-01T00:00:00+00:00:c00:9,,,data/manifests/phase1e/2019-06/daily/source_2019060100.json,03fb1e277fb85a8185772b7ec0ff0140953a76d81d02119173627da1aefe2aec
2019060100,2019-06,day2_24h,c00,FAIL,ValueError: materially negative reconstructed precipitation for 27--30,FAIL,ValueError: negative difference exceeds packing bound for 27--30,,,,,,,,data/manifests/phase1e/2019-06/daily/source_2019060100.json,03fb1e277fb85a8185772b7ec0ff0140953a76d81d02119173627da1aefe2aec
2019060100,2019-06,day3_24h,c00,FAIL,ValueError: materially negative reconstructed precipitation for 51--54,FAIL,ValueError: negative difference exceeds packing bound for 51--54,,,,,,,,data/manifests/phase1e/2019-06/daily/source_2019060100.json,03fb1e277fb85a8185772b7ec0ff0140953a76d81d02119173627da1aefe2aec
2019060100,2019-06,day1_24h,p01,FAIL,ValueError: materially negative reconstructed precipitation for 9--12,PASS,,1,5,0,,(GEFS:2019-06-01T00:00:00+00:00:p01:2 - GEFS:2019-06-01T00:00:00+00:00:p01:1) + GEFS:2019-06-01T00:00:00+00:00:p01:4 + GEFS:2019-06-01T00:00:00+00:00:p01:6 + GEFS:2019-06-01T00:00:00+00:00:p01:8 + GEFS:2019-06-01T00:00:00+00:00:p01:9,,,data/manifests/phase1e/2019-06/daily/source_2019060100.json,03fb1e277fb85a8185772b7ec0ff0140953a76d81d02119173627da1aefe2aec
2019060100,2019-06,day2_24h,p01,FAIL,ValueError: materially negative reconstructed precipitation for 27--30,FAIL,ValueError: negative difference exceeds packing bound for 27--30,,,,,,,,data/manifests/phase1e/2019-06/daily/source_2019060100.json,03fb1e277fb85a8185772b7ec0ff0140953a76d81d02119173627da1aefe2aec
2019060100,2019-06,day3_24h,p01,FAIL,ValueError: materially negative reconstructed precipitation for 51--54,FAIL,ValueError: negative difference exceeds packing bound for 51--54,,,,,,,,data/manifests/phase1e/2019-06/daily/source_2019060100.json,03fb1e277fb85a8185772b7ec0ff0140953a76d81d02119173627da1aefe2aec
2019060100,2019-06,day1_24h,p02,FAIL,ValueError: materially negative reconstructed precipitation for 15--18,PASS,,1,5,0,,(GEFS:2019-06-01T00:00:00+00:00:p02:2 - GEFS:2019-06-01T00:00:00+00:00:p02:1) + GEFS:2019-06-01T00:00:00+00:00:p02:4 + GEFS:2019-06-01T00:00:00+00:00:p02:6 + GEFS:2019-06-01T00:00:00+00:00:p02:8 + GEFS:2019-06-01T00:00:00+00:00:p02:9,,,data/manifests/phase1e/2019-06/daily/source_2019060100.json,03fb1e277fb85a8185772b7ec0ff0140953a76d81d02119173627da1aefe2aec
2019060100,2019-06,day2_24h,p02,FAIL,ValueError: materially negative reconstructed precipitation for 27--30,FAIL,ValueError: negative difference exceeds packing bound for 27--30,,,,,,,,data/manifests/phase1e/2019-06/daily/source_2019060100.json,03fb1e277fb85a8185772b7ec0ff0140953a76d81d02119173627da1aefe2aec
2019060100,2019-06,day3_24h,p02,FAIL,ValueError: materially negative reconstructed precipitation for 51--54,FAIL,ValueError: negative difference exceeds packing bound for 51--54,,,,,,,,data/manifests/phase1e/2019-06/daily/source_2019060100.json,03fb1e277fb85a8185772b7ec0ff0140953a76d81d02119173627da1aefe2aec
2019060100,2019-06,day1_24h,p03,FAIL,ValueError: materially negative reconstructed precipitation for 15--18,PASS,,1,5,215,-0.050000000000000044,(GEFS:2019-06-01T00:00:00+00:00:p03:2 - GEFS:2019-06-01T00:00:00+00:00:p03:1) + GEFS:2019-06-01T00:00:00+00:00:p03:4 + GEFS:2019-06-01T00:00:00+00:00:p03:6 + GEFS:2019-06-01T00:00:00+00:00:p03:8 + GEFS:2019-06-01T00:00:00+00:00:p03:9,,,data/manifests/phase1e/2019-06/daily/source_2019060100.json,03fb1e277fb85a8185772b7ec0ff0140953a76d81d02119173627da1aefe2aec
2019060100,2019-06,day2_24h,p03,PASS,,PASS,,1,5,0,,(GEFS:2019-06-01T00:00:00+00:00:p03:10 - GEFS:2019-06-01T00:00:00+00:00:p03:9) + GEFS:2019-06-01T00:00:00+00:00:p03:12 + GEFS:2019-06-01T00:00:00+00:00:p03:14 + GEFS:2019-06-01T00:00:00+00:00:p03:16 + GEFS:2019-06-01T00:00:00+00:00:p03:17,3.552713678800501e-15,1.7386249781718404e-17,data/manifests/phase1e/2019-06/daily/source_2019060100.json,03fb1e277fb85a8185772b7ec0ff0140953a76d81d02119173627da1aefe2aec
2019060100,2019-06,day3_24h,p03,PASS,,PASS,,1,5,0,,(GEFS:2019-06-01T00:00:00+00:00:p03:18 - GEFS:2019-06-01T00:00:00+00:00:p03:17) + GEFS:2019-06-01T00:00:00+00:00:p03:20 + GEFS:2019-06-01T00:00:00+00:00:p03:22 + GEFS:2019-06-01T00:00:00+00:00:p03:24 + GEFS:2019-06-01T00:00:00+00:00:p03:25,1.4210854715202004e-14,4.3234424324219964e-17,data/manifests/phase1e/2019-06/daily/source_2019060100.json,03fb1e277fb85a8185772b7ec0ff0140953a76d81d02119173627da1aefe2aec
2019060100,2019-06,day1_24h,p04,FAIL,ValueError: materially negative reconstructed precipitation for 15--18,PASS,,1,5,193,-0.050000000000000044,(GEFS:2019-06-01T00:00:00+00:00:p04:2 - GEFS:2019-06-01T00:00:00+00:00:p04:1) + GEFS:2019-06-01T00:00:00+00:00:p04:4 + GEFS:2019-06-01T00:00:00+00:00:p04:6 + GEFS:2019-06-01T00:00:00+00:00:p04:8 + GEFS:2019-06-01T00:00:00+00:00:p04:9,,,data/manifests/phase1e/2019-06/daily/source_2019060100.json,03fb1e277fb85a8185772b7ec0ff0140953a76d81d02119173627da1aefe2aec
2019060100,2019-06,day2_24h,p04,FAIL,ValueError: materially negative reconstructed precipitation for 39--42,PASS,,1,5,0,,(GEFS:2019-06-01T00:00:00+00:00:p04:10 - GEFS:2019-06-01T00:00:00+00:00:p04:9) + GEFS:2019-06-01T00:00:00+00:00:p04:12 + GEFS:2019-06-01T00:00:00+00:00:p04:14 + GEFS:2019-06-01T00:00:00+00:00:p04:16 + GEFS:2019-06-01T00:00:00+00:00:p04:17,,,data/manifests/phase1e/2019-06/daily/source_2019060100.json,03fb1e277fb85a8185772b7ec0ff0140953a76d81d02119173627da1aefe2aec
2019060100,2019-06,day3_24h,p04,PASS,,PASS,,1,5,0,,(GEFS:2019-06-01T00:00:00+00:00:p04:18 - GEFS:2019-06-01T00:00:00+00:00:p04:17) + GEFS:2019-06-01T00:00:00+00:00:p04:20 + GEFS:2019-06-01T00:00:00+00:00:p04:22 + GEFS:2019-06-01T00:00:00+00:00:p04:24 + GEFS:2019-06-01T00:00:00+00:00:p04:25,3.552713678800501e-15,1.6022169014269753e-17,data/manifests/phase1e/2019-06/daily/source_2019060100.json,03fb1e277fb85a8185772b7ec0ff0140953a76d81d02119173627da1aefe2aec
2019060200,2019-06,day1_24h,c00,FAIL,ValueError: materially negative reconstructed precipitation for 15--18,PASS,,1,5,0,,(GEFS:2019-06-02T00:00:00+00:00:c00:2 - GEFS:2019-06-02T00:00:00+00:00:c00:1) + GEFS:2019-06-02T00:00:00+00:00:c00:4 + GEFS:2019-06-02T00:00:00+00:00:c00:6 + GEFS:2019-06-02T00:00:00+00:00:c00:8 + GEFS:2019-06-02T00:00:00+00:00:c00:9,,,data/manifests/phase1e/2019-06/daily/source_2019060200.json,fd302814bb38d7faca86326b0c7ff912534f3d9d0df82c29676654c480220735
2019060200,2019-06,day2_24h,c00,FAIL,ValueError: materially negative reconstructed precipitation for 27--30,FAIL,ValueError: negative difference exceeds packing bound for 27--30,,,,,,,,data/manifests/phase1e/2019-06/daily/source_2019060200.json,fd302814bb38d7faca86326b0c7ff912534f3d9d0df82c29676654c480220735
2019060200,2019-06,day3_24h,c00,FAIL,ValueError: materially negative reconstructed precipitation for 51--54,FAIL,ValueError: negative difference exceeds packing bound for 51--54,,,,,,,,data/manifests/phase1e/2019-06/daily/source_2019060200.json,fd302814bb38d7faca86326b0c7ff912534f3d9d0df82c29676654c480220735
2019060200,2019-06,day1_24h,p01,FAIL,ValueError: materially negative reconstructed precipitation for 21--24,PASS,,1,5,49,-0.04999999999999999,(GEFS:2019-06-02T00:00:00+00:00:p01:2 - GEFS:2019-06-02T00:00:00+00:00:p01:1) + GEFS:2019-06-02T00:00:00+00:00:p01:4 + GEFS:2019-06-02T00:00:00+00:00:p01:6 + GEFS:2019-06-02T00:00:00+00:00:p01:8 + GEFS:2019-06-02T00:00:00+00:00:p01:9,,,data/manifests/phase1e/2019-06/daily/source_2019060200.json,fd302814bb38d7faca86326b0c7ff912534f3d9d0df82c29676654c480220735
2019060200,2019-06,day2_24h,p01,FAIL,ValueError: materially negative reconstructed precipitation for 39--42,PASS,,1,5,0,,(GEFS:2019-06-02T00:00:00+00:00:p01:10 - GEFS:2019-06-02T00:00:00+00:00:p01:9) + GEFS:2019-06-02T00:00:00+00:00:p01:12 + GEFS:2019-06-02T00:00:00+00:00:p01:14 + GEFS:2019-06-02T00:00:00+00:00:p01:16 + GEFS:2019-06-02T00:00:00+00:00:p01:17,,,data/manifests/phase1e/2019-06/daily/source_2019060200.json,fd302814bb38d7faca86326b0c7ff912534f3d9d0df82c29676654c480220735
2019060200,2019-06,day3_24h,p01,FAIL,ValueError: materially negative reconstructed precipitation for 51--54,FAIL,ValueError: negative difference exceeds packing bound for 51--54,,,,,,,,data/manifests/phase1e/2019-06/daily/source_2019060200.json,fd302814bb38d7faca86326b0c7ff912534f3d9d0df82c29676654c480220735
2019060200,2019-06,day1_24h,p02,FAIL,ValueError: materially negative reconstructed precipitation for 21--24,PASS,,1,5,0,,(GEFS:2019-06-02T00:00:00+00:00:p02:2 - GEFS:2019-06-02T00:00:00+00:00:p02:1) + GEFS:2019-06-02T00:00:00+00:00:p02:4 + GEFS:2019-06-02T00:00:00+00:00:p02:6 + GEFS:2019-06-02T00:00:00+00:00:p02:8 + GEFS:2019-06-02T00:00:00+00:00:p02:9,,,data/manifests/phase1e/2019-06/daily/source_2019060200.json,fd302814bb38d7faca86326b0c7ff912534f3d9d0df82c29676654c480220735
2019060200,2019-06,day2_24h,p02,FAIL,ValueError: materially negative reconstructed precipitation for 33--36,PASS,,1,5,0,,(GEFS:2019-06-02T00:00:00+00:00:p02:10 - GEFS:2019-06-02T00:00:00+00:00:p02:9) + GEFS:2019-06-02T00:00:00+00:00:p02:12 + GEFS:2019-06-02T00:00:00+00:00:p02:14 + GEFS:2019-06-02T00:00:00+00:00:p02:16 + GEFS:2019-06-02T00:00:00+00:00:p02:17,,,data/manifests/phase1e/2019-06/daily/source_2019060200.json,fd302814bb38d7faca86326b0c7ff912534f3d9d0df82c29676654c480220735
2019060200,2019-06,day3_24h,p02,PASS,,PASS,,1,5,0,,(GEFS:2019-06-02T00:00:00+00:00:p02:18 - GEFS:2019-06-02T00:00:00+00:00:p02:17) + GEFS:2019-06-02T00:00:00+00:00:p02:20 + GEFS:2019-06-02T00:00:00+00:00:p02:22 + GEFS:2019-06-02T00:00:00+00:00:p02:24 + GEFS:2019-06-02T00:00:00+00:00:p02:25,1.4210854715202004e-14,1.786021004837429e-16,data/manifests/phase1e/2019-06/daily/source_2019060200.json,fd302814bb38d7faca86326b0c7ff912534f3d9d0df82c29676654c480220735
2019060200,2019-06,day1_24h,p03,FAIL,ValueError: materially negative reconstructed precipitation for 9--12,PASS,,1,5,31,-0.04999999999999999,(GEFS:2019-06-02T00:00:00+00:00:p03:2 - GEFS:2019-06-02T00:00:00+00:00:p03:1) + GEFS:2019-06-02T00:00:00+00:00:p03:4 + GEFS:2019-06-02T00:00:00+00:00:p03:6 + GEFS:2019-06-02T00:00:00+00:00:p03:8 + GEFS:2019-06-02T00:00:00+00:00:p03:9,,,data/manifests/phase1e/2019-06/daily/source_2019060200.json,fd302814bb38d7faca86326b0c7ff912534f3d9d0df82c29676654c480220735
2019060200,2019-06,day2_24h,p03,FAIL,ValueError: materially negative reconstructed precipitation for 27--30,FAIL,ValueError: negative difference exceeds packing bound for 27--30,,,,,,,,data/manifests/phase1e/2019-06/daily/source_2019060200.json,fd302814bb38d7faca86326b0c7ff912534f3d9d0df82c29676654c480220735
2019060200,2019-06,day3_24h,p03,FAIL,ValueError: materially negative reconstructed precipitation for 51--54,FAIL,ValueError: negative difference exceeds packing bound for 51--54,,,,,,,,data/manifests/phase1e/2019-06/daily/source_2019060200.json,fd302814bb38d7faca86326b0c7ff912534f3d9d0df82c29676654c480220735
2019060200,2019-06,day1_24h,p04,PASS,,PASS,,1,5,20,-0.04,(GEFS:2019-06-02T00:00:00+00:00:p04:2 - GEFS:2019-06-02T00:00:00+00:00:p04:1) + GEFS:2019-06-02T00:00:00+00:00:p04:4 + GEFS:2019-06-02T00:00:00+00:00:p04:6 + GEFS:2019-06-02T00:00:00+00:00:p04:8 + GEFS:2019-06-02T00:00:00+00:00:p04:9,7.105427357601002e-15,3.7136520893464344e-17,data/manifests/phase1e/2019-06/daily/source_2019060200.json,fd302814bb38d7faca86326b0c7ff912534f3d9d0df82c29676654c480220735
2019060200,2019-06,day2_24h,p04,FAIL,ValueError: materially negative reconstructed precipitation for 39--42,PASS,,1,5,0,,(GEFS:2019-06-02T00:00:00+00:00:p04:10 - GEFS:2019-06-02T00:00:00+00:00:p04:9) + GEFS:2019-06-02T00:00:00+00:00:p04:12 + GEFS:2019-06-02T00:00:00+00:00:p04:14 + GEFS:2019-06-02T00:00:00+00:00:p04:16 + GEFS:2019-06-02T00:00:00+00:00:p04:17,,,data/manifests/phase1e/2019-06/daily/source_2019060200.json,fd302814bb38d7faca86326b0c7ff912534f3d9d0df82c29676654c480220735
2019060200,2019-06,day3_24h,p04,FAIL,ValueError: materially negative reconstructed precipitation for 51--54,FAIL,ValueError: negative difference exceeds packing bound for 51--54,,,,,,,,data/manifests/phase1e/2019-06/daily/source_2019060200.json,fd302814bb38d7faca86326b0c7ff912534f3d9d0df82c29676654c480220735
2019060300,2019-06,day1_24h,c00,FAIL,ValueError: materially negative reconstructed precipitation for 9--12,PASS,,1,5,0,,(GEFS:2019-06-03T00:00:00+00:00:c00:2 - GEFS:2019-06-03T00:00:00+00:00:c00:1) + GEFS:2019-06-03T00:00:00+00:00:c00:4 + GEFS:2019-06-03T00:00:00+00:00:c00:6 + GEFS:2019-06-03T00:00:00+00:00:c00:8 + GEFS:2019-06-03T00:00:00+00:00:c00:9,,,data/manifests/phase1e/2019-06/daily/source_2019060300.json,9aa11070dac21daa41f268daad91130c2eae762ad2d24332cd776bd0025384ae
2019060300,2019-06,day2_24h,c00,FAIL,ValueError: materially negative reconstructed precipitation for 27--30,FAIL,ValueError: negative difference exceeds packing bound for 27--30,,,,,,,,data/manifests/phase1e/2019-06/daily/source_2019060300.json,9aa11070dac21daa41f268daad91130c2eae762ad2d24332cd776bd0025384ae
2019060300,2019-06,day3_24h,c00,FAIL,ValueError: materially negative reconstructed precipitation for 51--54,FAIL,ValueError: negative difference exceeds packing bound for 51--54,,,,,,,,data/manifests/phase1e/2019-06/daily/source_2019060300.json,9aa11070dac21daa41f268daad91130c2eae762ad2d24332cd776bd0025384ae
2019060300,2019-06,day1_24h,p01,PASS,,PASS,,1,5,125,-0.04999999999999999,(GEFS:2019-06-03T00:00:00+00:00:p01:2 - GEFS:2019-06-03T00:00:00+00:00:p01:1) + GEFS:2019-06-03T00:00:00+00:00:p01:4 + GEFS:2019-06-03T00:00:00+00:00:p01:6 + GEFS:2019-06-03T00:00:00+00:00:p01:8 + GEFS:2019-06-03T00:00:00+00:00:p01:9,2.842170943040401e-14,1.74741058311473e-16,data/manifests/phase1e/2019-06/daily/source_2019060300.json,9aa11070dac21daa41f268daad91130c2eae762ad2d24332cd776bd0025384ae
2019060300,2019-06,day2_24h,p01,FAIL,ValueError: materially negative reconstructed precipitation for 33--36,PASS,,1,5,0,,(GEFS:2019-06-03T00:00:00+00:00:p01:10 - GEFS:2019-06-03T00:00:00+00:00:p01:9) + GEFS:2019-06-03T00:00:00+00:00:p01:12 + GEFS:2019-06-03T00:00:00+00:00:p01:14 + GEFS:2019-06-03T00:00:00+00:00:p01:16 + GEFS:2019-06-03T00:00:00+00:00:p01:17,,,data/manifests/phase1e/2019-06/daily/source_2019060300.json,9aa11070dac21daa41f268daad91130c2eae762ad2d24332cd776bd0025384ae
2019060300,2019-06,day3_24h,p01,FAIL,ValueError: materially negative reconstructed precipitation for 57--60,PASS,,1,5,0,,(GEFS:2019-06-03T00:00:00+00:00:p01:18 - GEFS:2019-06-03T00:00:00+00:00:p01:17) + GEFS:2019-06-03T00:00:00+00:00:p01:20 + GEFS:2019-06-03T00:00:00+00:00:p01:22 + GEFS:2019-06-03T00:00:00+00:00:p01:24 + GEFS:2019-06-03T00:00:00+00:00:p01:25,,,data/manifests/phase1e/2019-06/daily/source_2019060300.json,9aa11070dac21daa41f268daad91130c2eae762ad2d24332cd776bd0025384ae
2019060300,2019-06,day1_24h,p02,PASS,,PASS,,1,5,187,-0.04999999999999999,(GEFS:2019-06-03T00:00:00+00:00:p02:2 - GEFS:2019-06-03T00:00:00+00:00:p02:1) + GEFS:2019-06-03T00:00:00+00:00:p02:4 + GEFS:2019-06-03T00:00:00+00:00:p02:6 + GEFS:2019-06-03T00:00:00+00:00:p02:8 + GEFS:2019-06-03T00:00:00+00:00:p02:9,2.842170943040401e-14,1.6160889092315378e-16,data/manifests/phase1e/2019-06/daily/source_2019060300.json,9aa11070dac21daa41f268daad91130c2eae762ad2d24332cd776bd0025384ae
2019060300,2019-06,day2_24h,p02,PASS,,PASS,,1,5,0,,(GEFS:2019-06-03T00:00:00+00:00:p02:10 - GEFS:2019-06-03T00:00:00+00:00:p02:9) + GEFS:2019-06-03T00:00:00+00:00:p02:12 + GEFS:2019-06-03T00:00:00+00:00:p02:14 + GEFS:2019-06-03T00:00:00+00:00:p02:16 + GEFS:2019-06-03T00:00:00+00:00:p02:17,7.105427357601002e-15,4.8274587159877696e-17,data/manifests/phase1e/2019-06/daily/source_2019060300.json,9aa11070dac21daa41f268daad91130c2eae762ad2d24332cd776bd0025384ae
2019060300,2019-06,day3_24h,p02,PASS,,PASS,,1,5,0,,(GEFS:2019-06-03T00:00:00+00:00:p02:18 - GEFS:2019-06-03T00:00:00+00:00:p02:17) + GEFS:2019-06-03T00:00:00+00:00:p02:20 + GEFS:2019-06-03T00:00:00+00:00:p02:22 + GEFS:2019-06-03T00:00:00+00:00:p02:24 + GEFS:2019-06-03T00:00:00+00:00:p02:25,7.105427357601002e-15,9.980909615382759e-17,data/manifests/phase1e/2019-06/daily/source_2019060300.json,9aa11070dac21daa41f268daad91130c2eae762ad2d24332cd776bd0025384ae
2019060300,2019-06,day1_24h,p03,FAIL,ValueError: materially negative reconstructed precipitation for 9--12,PASS,,1,5,140,-0.04999999999999999,(GEFS:2019-06-03T00:00:00+00:00:p03:2 - GEFS:2019-06-03T00:00:00+00:00:p03:1) + GEFS:2019-06-03T00:00:00+00:00:p03:4 + GEFS:2019-06-03T00:00:00+00:00:p03:6 + GEFS:2019-06-03T00:00:00+00:00:p03:8 + GEFS:2019-06-03T00:00:00+00:00:p03:9,,,data/manifests/phase1e/2019-06/daily/source_2019060300.json,9aa11070dac21daa41f268daad91130c2eae762ad2d24332cd776bd0025384ae
2019060300,2019-06,day2_24h,p03,PASS,,PASS,,1,5,0,,(GEFS:2019-06-03T00:00:00+00:00:p03:10 - GEFS:2019-06-03T00:00:00+00:00:p03:9) + GEFS:2019-06-03T00:00:00+00:00:p03:12 + GEFS:2019-06-03T00:00:00+00:00:p03:14 + GEFS:2019-06-03T00:00:00+00:00:p03:16 + GEFS:2019-06-03T00:00:00+00:00:p03:17,2.842170943040401e-14,2.3057588972483727e-16,data/manifests/phase1e/2019-06/daily/source_2019060300.json,9aa11070dac21daa41f268daad91130c2eae762ad2d24332cd776bd0025384ae
2019060300,2019-06,day3_24h,p03,PASS,,PASS,,1,5,0,,(GEFS:2019-06-03T00:00:00+00:00:p03:18 - GEFS:2019-06-03T00:00:00+00:00:p03:17) + GEFS:2019-06-03T00:00:00+00:00:p03:20 + GEFS:2019-06-03T00:00:00+00:00:p03:22 + GEFS:2019-06-03T00:00:00+00:00:p03:24 + GEFS:2019-06-03T00:00:00+00:00:p03:25,3.552713678800501e-15,5.230324942645274e-17,data/manifests/phase1e/2019-06/daily/source_2019060300.json,9aa11070dac21daa41f268daad91130c2eae762ad2d24332cd776bd0025384ae
2019060300,2019-06,day1_24h,p04,PASS,,PASS,,1,5,150,-0.04999999999999999,(GEFS:2019-06-03T00:00:00+00:00:p04:2 - GEFS:2019-06-03T00:00:00+00:00:p04:1) + GEFS:2019-06-03T00:00:00+00:00:p04:4 + GEFS:2019-06-03T00:00:00+00:00:p04:6 + GEFS:2019-06-03T00:00:00+00:00:p04:8 + GEFS:2019-06-03T00:00:00+00:00:p04:9,1.4210854715202004e-14,1.260040708914432e-16,data/manifests/phase1e/2019-06/daily/source_2019060300.json,9aa11070dac21daa41f268daad91130c2eae762ad2d24332cd776bd0025384ae
2019060300,2019-06,day2_24h,p04,FAIL,ValueError: materially negative reconstructed precipitation for 33--36,PASS,,1,5,0,,(GEFS:2019-06-03T00:00:00+00:00:p04:10 - GEFS:2019-06-03T00:00:00+00:00:p04:9) + GEFS:2019-06-03T00:00:00+00:00:p04:12 + GEFS:2019-06-03T00:00:00+00:00:p04:14 + GEFS:2019-06-03T00:00:00+00:00:p04:16 + GEFS:2019-06-03T00:00:00+00:00:p04:17,,,data/manifests/phase1e/2019-06/daily/source_2019060300.json,9aa11070dac21daa41f268daad91130c2eae762ad2d24332cd776bd0025384ae
2019060300,2019-06,day3_24h,p04,FAIL,ValueError: materially negative reconstructed precipitation for 69--72,PASS,,1,5,0,,(GEFS:2019-06-03T00:00:00+00:00:p04:18 - GEFS:2019-06-03T00:00:00+00:00:p04:17) + GEFS:2019-06-03T00:00:00+00:00:p04:20 + GEFS:2019-06-03T00:00:00+00:00:p04:22 + GEFS:2019-06-03T00:00:00+00:00:p04:24 + GEFS:2019-06-03T00:00:00+00:00:p04:25,,,data/manifests/phase1e/2019-06/daily/source_2019060300.json,9aa11070dac21daa41f268daad91130c2eae762ad2d24332cd776bd0025384ae
2019060400,2019-06,day1_24h,c00,FAIL,ValueError: materially negative reconstructed precipitation for 9--12,PASS,,1,5,0,,(GEFS:2019-06-04T00:00:00+00:00:c00:2 - GEFS:2019-06-04T00:00:00+00:00:c00:1) + GEFS:2019-06-04T00:00:00+00:00:c00:4 + GEFS:2019-06-04T00:00:00+00:00:c00:6 + GEFS:2019-06-04T00:00:00+00:00:c00:8 + GEFS:2019-06-04T00:00:00+00:00:c00:9,,,data/manifests/phase1e/2019-06/daily/source_2019060400.json,c5e766f15df4bdae4a6cb05b53b38b39f3f65b48c402bc48cd5c36cba681e650
2019060400,2019-06,day2_24h,c00,FAIL,ValueError: materially negative reconstructed precipitation for 27--30,FAIL,ValueError: negative difference exceeds packing bound for 27--30,,,,,,,,data/manifests/phase1e/2019-06/daily/source_2019060400.json,c5e766f15df4bdae4a6cb05b53b38b39f3f65b48c402bc48cd5c36cba681e650
2019060400,2019-06,day3_24h,c00,FAIL,ValueError: materially negative reconstructed precipitation for 51--54,FAIL,ValueError: negative difference exceeds packing bound for 51--54,,,,,,,,data/manifests/phase1e/2019-06/daily/source_2019060400.json,c5e766f15df4bdae4a6cb05b53b38b39f3f65b48c402bc48cd5c36cba681e650
2019060400,2019-06,day1_24h,p01,PASS,,PASS,,1,5,286,-0.04999999999999999,(GEFS:2019-06-04T00:00:00+00:00:p01:2 - GEFS:2019-06-04T00:00:00+00:00:p01:1) + GEFS:2019-06-04T00:00:00+00:00:p01:4 + GEFS:2019-06-04T00:00:00+00:00:p01:6 + GEFS:2019-06-04T00:00:00+00:00:p01:8 + GEFS:2019-06-04T00:00:00+00:00:p01:9,1.4210854715202004e-14,5.118770879883583e-17,data/manifests/phase1e/2019-06/daily/source_2019060400.json,c5e766f15df4bdae4a6cb05b53b38b39f3f65b48c402bc48cd5c36cba681e650
2019060400,2019-06,day2_24h,p01,FAIL,ValueError: materially negative reconstructed precipitation for 27--30,FAIL,ValueError: negative difference exceeds packing bound for 27--30,,,,,,,,data/manifests/phase1e/2019-06/daily/source_2019060400.json,c5e766f15df4bdae4a6cb05b53b38b39f3f65b48c402bc48cd5c36cba681e650
2019060400,2019-06,day3_24h,p01,FAIL,ValueError: materially negative reconstructed precipitation for 69--72,PASS,,1,5,0,,(GEFS:2019-06-04T00:00:00+00:00:p01:18 - GEFS:2019-06-04T00:00:00+00:00:p01:17) + GEFS:2019-06-04T00:00:00+00:00:p01:20 + GEFS:2019-06-04T00:00:00+00:00:p01:22 + GEFS:2019-06-04T00:00:00+00:00:p01:24 + GEFS:2019-06-04T00:00:00+00:00:p01:25,,,data/manifests/phase1e/2019-06/daily/source_2019060400.json,c5e766f15df4bdae4a6cb05b53b38b39f3f65b48c402bc48cd5c36cba681e650
2019060400,2019-06,day1_24h,p02,FAIL,ValueError: materially negative reconstructed precipitation for 9--12,PASS,,1,5,252,-0.04999999999999999,(GEFS:2019-06-04T00:00:00+00:00:p02:2 - GEFS:2019-06-04T00:00:00+00:00:p02:1) + GEFS:2019-06-04T00:00:00+00:00:p02:4 + GEFS:2019-06-04T00:00:00+00:00:p02:6 + GEFS:2019-06-04T00:00:00+00:00:p02:8 + GEFS:2019-06-04T00:00:00+00:00:p02:9,,,data/manifests/phase1e/2019-06/daily/source_2019060400.json,c5e766f15df4bdae4a6cb05b53b38b39f3f65b48c402bc48cd5c36cba681e650
2019060400,2019-06,day2_24h,p02,FAIL,ValueError: materially negative reconstructed precipitation for 27--30,FAIL,ValueError: negative difference exceeds packing bound for 27--30,,,,,,,,data/manifests/phase1e/2019-06/daily/source_2019060400.json,c5e766f15df4bdae4a6cb05b53b38b39f3f65b48c402bc48cd5c36cba681e650
2019060400,2019-06,day3_24h,p02,FAIL,ValueError: materially negative reconstructed precipitation for 57--60,PASS,,1,5,0,,(GEFS:2019-06-04T00:00:00+00:00:p02:18 - GEFS:2019-06-04T00:00:00+00:00:p02:17) + GEFS:2019-06-04T00:00:00+00:00:p02:20 + GEFS:2019-06-04T00:00:00+00:00:p02:22 + GEFS:2019-06-04T00:00:00+00:00:p02:24 + GEFS:2019-06-04T00:00:00+00:00:p02:25,,,data/manifests/phase1e/2019-06/daily/source_2019060400.json,c5e766f15df4bdae4a6cb05b53b38b39f3f65b48c402bc48cd5c36cba681e650
2019060400,2019-06,day1_24h,p03,FAIL,ValueError: materially negative reconstructed precipitation for 9--12,PASS,,1,5,233,-0.04999999999999999,(GEFS:2019-06-04T00:00:00+00:00:p03:2 - GEFS:2019-06-04T00:00:00+00:00:p03:1) + GEFS:2019-06-04T00:00:00+00:00:p03:4 + GEFS:2019-06-04T00:00:00+00:00:p03:6 + GEFS:2019-06-04T00:00:00+00:00:p03:8 + GEFS:2019-06-04T00:00:00+00:00:p03:9,,,data/manifests/phase1e/2019-06/daily/source_2019060400.json,c5e766f15df4bdae4a6cb05b53b38b39f3f65b48c402bc48cd5c36cba681e650
2019060400,2019-06,day2_24h,p03,FAIL,ValueError: materially negative reconstructed precipitation for 33--36,PASS,,1,5,0,,(GEFS:2019-06-04T00:00:00+00:00:p03:10 - GEFS:2019-06-04T00:00:00+00:00:p03:9) + GEFS:2019-06-04T00:00:00+00:00:p03:12 + GEFS:2019-06-04T00:00:00+00:00:p03:14 + GEFS:2019-06-04T00:00:00+00:00:p03:16 + GEFS:2019-06-04T00:00:00+00:00:p03:17,,,data/manifests/phase1e/2019-06/daily/source_2019060400.json,c5e766f15df4bdae4a6cb05b53b38b39f3f65b48c402bc48cd5c36cba681e650
2019060400,2019-06,day3_24h,p03,PASS,,PASS,,1,5,0,,(GEFS:2019-06-04T00:00:00+00:00:p03:18 - GEFS:2019-06-04T00:00:00+00:00:p03:17) + GEFS:2019-06-04T00:00:00+00:00:p03:20 + GEFS:2019-06-04T00:00:00+00:00:p03:22 + GEFS:2019-06-04T00:00:00+00:00:p03:24 + GEFS:2019-06-04T00:00:00+00:00:p03:25,3.552713678800501e-15,4.434418494858497e-17,data/manifests/phase1e/2019-06/daily/source_2019060400.json,c5e766f15df4bdae4a6cb05b53b38b39f3f65b48c402bc48cd5c36cba681e650
2019060400,2019-06,day1_24h,p04,FAIL,ValueError: materially negative reconstructed precipitation for 9--12,PASS,,1,5,0,,(GEFS:2019-06-04T00:00:00+00:00:p04:2 - GEFS:2019-06-04T00:00:00+00:00:p04:1) + GEFS:2019-06-04T00:00:00+00:00:p04:4 + GEFS:2019-06-04T00:00:00+00:00:p04:6 + GEFS:2019-06-04T00:00:00+00:00:p04:8 + GEFS:2019-06-04T00:00:00+00:00:p04:9,,,data/manifests/phase1e/2019-06/daily/source_2019060400.json,c5e766f15df4bdae4a6cb05b53b38b39f3f65b48c402bc48cd5c36cba681e650
2019060400,2019-06,day2_24h,p04,FAIL,ValueError: materially negative reconstructed precipitation for 33--36,PASS,,1,5,0,,(GEFS:2019-06-04T00:00:00+00:00:p04:10 - GEFS:2019-06-04T00:00:00+00:00:p04:9) + GEFS:2019-06-04T00:00:00+00:00:p04:12 + GEFS:2019-06-04T00:00:00+00:00:p04:14 + GEFS:2019-06-04T00:00:00+00:00:p04:16 + GEFS:2019-06-04T00:00:00+00:00:p04:17,,,data/manifests/phase1e/2019-06/daily/source_2019060400.json,c5e766f15df4bdae4a6cb05b53b38b39f3f65b48c402bc48cd5c36cba681e650
2019060400,2019-06,day3_24h,p04,FAIL,ValueError: materially negative reconstructed precipitation for 51--54,FAIL,ValueError: negative difference exceeds packing bound for 51--54,,,,,,,,data/manifests/phase1e/2019-06/daily/source_2019060400.json,c5e766f15df4bdae4a6cb05b53b38b39f3f65b48c402bc48cd5c36cba681e650
2019060500,2019-06,day1_24h,c00,FAIL,ValueError: materially negative reconstructed precipitation for 15--18,PASS,,1,5,0,,(GEFS:2019-06-05T00:00:00+00:00:c00:2 - GEFS:2019-06-05T00:00:00+00:00:c00:1) + GEFS:2019-06-05T00:00:00+00:00:c00:4 + GEFS:2019-06-05T00:00:00+00:00:c00:6 + GEFS:2019-06-05T00:00:00+00:00:c00:8 + GEFS:2019-06-05T00:00:00+00:00:c00:9,,,data/manifests/phase1e/2019-06/daily/source_2019060500.json,6fa0c67e5b2c3bbe99e427516a4a7e18375742cd199e2ac7340d2907164c7f99
2019060500,2019-06,day2_24h,c00,FAIL,ValueError: materially negative reconstructed precipitation for 45--48,PASS,,1,5,0,,(GEFS:2019-06-05T00:00:00+00:00:c00:10 - GEFS:2019-06-05T00:00:00+00:00:c00:9) + GEFS:2019-06-05T00:00:00+00:00:c00:12 + GEFS:2019-06-05T00:00:00+00:00:c00:14 + GEFS:2019-06-05T00:00:00+00:00:c00:16 + GEFS:2019-06-05T00:00:00+00:00:c00:17,,,data/manifests/phase1e/2019-06/daily/source_2019060500.json,6fa0c67e5b2c3bbe99e427516a4a7e18375742cd199e2ac7340d2907164c7f99
2019060500,2019-06,day3_24h,c00,FAIL,ValueError: materially negative reconstructed precipitation for 63--66,PASS,,1,5,0,,(GEFS:2019-06-05T00:00:00+00:00:c00:18 - GEFS:2019-06-05T00:00:00+00:00:c00:17) + GEFS:2019-06-05T00:00:00+00:00:c00:20 + GEFS:2019-06-05T00:00:00+00:00:c00:22 + GEFS:2019-06-05T00:00:00+00:00:c00:24 + GEFS:2019-06-05T00:00:00+00:00:c00:25,,,data/manifests/phase1e/2019-06/daily/source_2019060500.json,6fa0c67e5b2c3bbe99e427516a4a7e18375742cd199e2ac7340d2907164c7f99
2019060500,2019-06,day1_24h,p01,PASS,,PASS,,1,5,0,,(GEFS:2019-06-05T00:00:00+00:00:p01:2 - GEFS:2019-06-05T00:00:00+00:00:p01:1) + GEFS:2019-06-05T00:00:00+00:00:p01:4 + GEFS:2019-06-05T00:00:00+00:00:p01:6 + GEFS:2019-06-05T00:00:00+00:00:p01:8 + GEFS:2019-06-05T00:00:00+00:00:p01:9,1.4210854715202004e-14,1.9221978814522182e-16,data/manifests/phase1e/2019-06/daily/source_2019060500.json,6fa0c67e5b2c3bbe99e427516a4a7e18375742cd199e2ac7340d2907164c7f99
2019060500,2019-06,day2_24h,p01,FAIL,ValueError: materially negative reconstructed precipitation for 39--42,PASS,,1,5,0,,(GEFS:2019-06-05T00:00:00+00:00:p01:10 - GEFS:2019-06-05T00:00:00+00:00:p01:9) + GEFS:2019-06-05T00:00:00+00:00:p01:12 + GEFS:2019-06-05T00:00:00+00:00:p01:14 + GEFS:2019-06-05T00:00:00+00:00:p01:16 + GEFS:2019-06-05T00:00:00+00:00:p01:17,,,data/manifests/phase1e/2019-06/daily/source_2019060500.json,6fa0c67e5b2c3bbe99e427516a4a7e18375742cd199e2ac7340d2907164c7f99
2019060500,2019-06,day3_24h,p01,FAIL,ValueError: materially negative reconstructed precipitation for 57--60,PASS,,1,5,0,,(GEFS:2019-06-05T00:00:00+00:00:p01:18 - GEFS:2019-06-05T00:00:00+00:00:p01:17) + GEFS:2019-06-05T00:00:00+00:00:p01:20 + GEFS:2019-06-05T00:00:00+00:00:p01:22 + GEFS:2019-06-05T00:00:00+00:00:p01:24 + GEFS:2019-06-05T00:00:00+00:00:p01:25,,,data/manifests/phase1e/2019-06/daily/source_2019060500.json,6fa0c67e5b2c3bbe99e427516a4a7e18375742cd199e2ac7340d2907164c7f99
2019060500,2019-06,day1_24h,p02,FAIL,ValueError: materially negative reconstructed precipitation for 21--24,PASS,,1,5,0,,(GEFS:2019-06-05T00:00:00+00:00:p02:2 - GEFS:2019-06-05T00:00:00+00:00:p02:1) + GEFS:2019-06-05T00:00:00+00:00:p02:4 + GEFS:2019-06-05T00:00:00+00:00:p02:6 + GEFS:2019-06-05T00:00:00+00:00:p02:8 + GEFS:2019-06-05T00:00:00+00:00:p02:9,,,data/manifests/phase1e/2019-06/daily/source_2019060500.json,6fa0c67e5b2c3bbe99e427516a4a7e18375742cd199e2ac7340d2907164c7f99
2019060500,2019-06,day2_24h,p02,FAIL,ValueError: materially negative reconstructed precipitation for 27--30,FAIL,ValueError: negative difference exceeds packing bound for 27--30,,,,,,,,data/manifests/phase1e/2019-06/daily/source_2019060500.json,6fa0c67e5b2c3bbe99e427516a4a7e18375742cd199e2ac7340d2907164c7f99
2019060500,2019-06,day3_24h,p02,PASS,,PASS,,1,5,0,,(GEFS:2019-06-05T00:00:00+00:00:p02:18 - GEFS:2019-06-05T00:00:00+00:00:p02:17) + GEFS:2019-06-05T00:00:00+00:00:p02:20 + GEFS:2019-06-05T00:00:00+00:00:p02:22 + GEFS:2019-06-05T00:00:00+00:00:p02:24 + GEFS:2019-06-05T00:00:00+00:00:p02:25,2.842170943040401e-14,2.354195324499304e-16,data/manifests/phase1e/2019-06/daily/source_2019060500.json,6fa0c67e5b2c3bbe99e427516a4a7e18375742cd199e2ac7340d2907164c7f99
2019060500,2019-06,day1_24h,p03,PASS,,PASS,,1,5,0,,(GEFS:2019-06-05T00:00:00+00:00:p03:2 - GEFS:2019-06-05T00:00:00+00:00:p03:1) + GEFS:2019-06-05T00:00:00+00:00:p03:4 + GEFS:2019-06-05T00:00:00+00:00:p03:6 + GEFS:2019-06-05T00:00:00+00:00:p03:8 + GEFS:2019-06-05T00:00:00+00:00:p03:9,7.105427357601002e-15,1.9827723155321414e-16,data/manifests/phase1e/2019-06/daily/source_2019060500.json,6fa0c67e5b2c3bbe99e427516a4a7e18375742cd199e2ac7340d2907164c7f99
2019060500,2019-06,day2_24h,p03,FAIL,ValueError: materially negative reconstructed precipitation for 33--36,PASS,,1,5,0,,(GEFS:2019-06-05T00:00:00+00:00:p03:10 - GEFS:2019-06-05T00:00:00+00:00:p03:9) + GEFS:2019-06-05T00:00:00+00:00:p03:12 + GEFS:2019-06-05T00:00:00+00:00:p03:14 + GEFS:2019-06-05T00:00:00+00:00:p03:16 + GEFS:2019-06-05T00:00:00+00:00:p03:17,,,data/manifests/phase1e/2019-06/daily/source_2019060500.json,6fa0c67e5b2c3bbe99e427516a4a7e18375742cd199e2ac7340d2907164c7f99
2019060500,2019-06,day3_24h,p03,FAIL,ValueError: materially negative reconstructed precipitation for 69--72,PASS,,1,5,0,,(GEFS:2019-06-05T00:00:00+00:00:p03:18 - GEFS:2019-06-05T00:00:00+00:00:p03:17) + GEFS:2019-06-05T00:00:00+00:00:p03:20 + GEFS:2019-06-05T00:00:00+00:00:p03:22 + GEFS:2019-06-05T00:00:00+00:00:p03:24 + GEFS:2019-06-05T00:00:00+00:00:p03:25,,,data/manifests/phase1e/2019-06/daily/source_2019060500.json,6fa0c67e5b2c3bbe99e427516a4a7e18375742cd199e2ac7340d2907164c7f99
2019060500,2019-06,day1_24h,p04,PASS,,PASS,,1,5,0,,(GEFS:2019-06-05T00:00:00+00:00:p04:2 - GEFS:2019-06-05T00:00:00+00:00:p04:1) + GEFS:2019-06-05T00:00:00+00:00:p04:4 + GEFS:2019-06-05T00:00:00+00:00:p04:6 + GEFS:2019-06-05T00:00:00+00:00:p04:8 + GEFS:2019-06-05T00:00:00+00:00:p04:9,7.105427357601002e-15,5.796187261006387e-17,data/manifests/phase1e/2019-06/daily/source_2019060500.json,6fa0c67e5b2c3bbe99e427516a4a7e18375742cd199e2ac7340d2907164c7f99
2019060500,2019-06,day2_24h,p04,FAIL,ValueError: materially negative reconstructed precipitation for 45--48,PASS,,1,5,0,,(GEFS:2019-06-05T00:00:00+00:00:p04:10 - GEFS:2019-06-05T00:00:00+00:00:p04:9) + GEFS:2019-06-05T00:00:00+00:00:p04:12 + GEFS:2019-06-05T00:00:00+00:00:p04:14 + GEFS:2019-06-05T00:00:00+00:00:p04:16 + GEFS:2019-06-05T00:00:00+00:00:p04:17,,,data/manifests/phase1e/2019-06/daily/source_2019060500.json,6fa0c67e5b2c3bbe99e427516a4a7e18375742cd199e2ac7340d2907164c7f99
2019060500,2019-06,day3_24h,p04,FAIL,ValueError: materially negative reconstructed precipitation for 63--66,PASS,,1,5,0,,(GEFS:2019-06-05T00:00:00+00:00:p04:18 - GEFS:2019-06-05T00:00:00+00:00:p04:17) + GEFS:2019-06-05T00:00:00+00:00:p04:20 + GEFS:2019-06-05T00:00:00+00:00:p04:22 + GEFS:2019-06-05T00:00:00+00:00:p04:24 + GEFS:2019-06-05T00:00:00+00:00:p04:25,,,data/manifests/phase1e/2019-06/daily/source_2019060500.json,6fa0c67e5b2c3bbe99e427516a4a7e18375742cd199e2ac7340d2907164c7f99
2019060600,2019-06,day1_24h,c00,FAIL,ValueError: materially negative reconstructed precipitation for 21--24,PASS,,1,5,0,,(GEFS:2019-06-06T00:00:00+00:00:c00:2 - GEFS:2019-06-06T00:00:00+00:00:c00:1) + GEFS:2019-06-06T00:00:00+00:00:c00:4 + GEFS:2019-06-06T00:00:00+00:00:c00:6 + GEFS:2019-06-06T00:00:00+00:00:c00:8 + GEFS:2019-06-06T00:00:00+00:00:c00:9,,,data/manifests/phase1e/2019-06/daily/source_2019060600.json,0cf58dc2bdf6e8ba9e56db3f5d3490907ec011cb3a50c9134476b7392a37434c
2019060600,2019-06,day2_24h,c00,FAIL,ValueError: materially negative reconstructed precipitation for 45--48,PASS,,1,5,0,,(GEFS:2019-06-06T00:00:00+00:00:c00:10 - GEFS:2019-06-06T00:00:00+00:00:c00:9) + GEFS:2019-06-06T00:00:00+00:00:c00:12 + GEFS:2019-06-06T00:00:00+00:00:c00:14 + GEFS:2019-06-06T00:00:00+00:00:c00:16 + GEFS:2019-06-06T00:00:00+00:00:c00:17,,,data/manifests/phase1e/2019-06/daily/source_2019060600.json,0cf58dc2bdf6e8ba9e56db3f5d3490907ec011cb3a50c9134476b7392a37434c
2019060600,2019-06,day3_24h,c00,FAIL,ValueError: materially negative reconstructed precipitation for 63--66,PASS,,1,5,0,,(GEFS:2019-06-06T00:00:00+00:00:c00:18 - GEFS:2019-06-06T00:00:00+00:00:c00:17) + GEFS:2019-06-06T00:00:00+00:00:c00:20 + GEFS:2019-06-06T00:00:00+00:00:c00:22 + GEFS:2019-06-06T00:00:00+00:00:c00:24 + GEFS:2019-06-06T00:00:00+00:00:c00:25,,,data/manifests/phase1e/2019-06/daily/source_2019060600.json,0cf58dc2bdf6e8ba9e56db3f5d3490907ec011cb3a50c9134476b7392a37434c
2019060600,2019-06,day1_24h,p01,PASS,,PASS,,1,5,0,,(GEFS:2019-06-06T00:00:00+00:00:p01:2 - GEFS:2019-06-06T00:00:00+00:00:p01:1) + GEFS:2019-06-06T00:00:00+00:00:p01:4 + GEFS:2019-06-06T00:00:00+00:00:p01:6 + GEFS:2019-06-06T00:00:00+00:00:p01:8 + GEFS:2019-06-06T00:00:00+00:00:p01:9,7.105427357601002e-15,1.2350710948662196e-16,data/manifests/phase1e/2019-06/daily/source_2019060600.json,0cf58dc2bdf6e8ba9e56db3f5d3490907ec011cb3a50c9134476b7392a37434c
2019060600,2019-06,day2_24h,p01,FAIL,ValueError: materially negative reconstructed precipitation for 39--42,PASS,,1,5,0,,(GEFS:2019-06-06T00:00:00+00:00:p01:10 - GEFS:2019-06-06T00:00:00+00:00:p01:9) + GEFS:2019-06-06T00:00:00+00:00:p01:12 + GEFS:2019-06-06T00:00:00+00:00:p01:14 + GEFS:2019-06-06T00:00:00+00:00:p01:16 + GEFS:2019-06-06T00:00:00+00:00:p01:17,,,data/manifests/phase1e/2019-06/daily/source_2019060600.json,0cf58dc2bdf6e8ba9e56db3f5d3490907ec011cb3a50c9134476b7392a37434c
2019060600,2019-06,day3_24h,p01,FAIL,ValueError: materially negative reconstructed precipitation for 69--72,PASS,,1,5,0,,(GEFS:2019-06-06T00:00:00+00:00:p01:18 - GEFS:2019-06-06T00:00:00+00:00:p01:17) + GEFS:2019-06-06T00:00:00+00:00:p01:20 + GEFS:2019-06-06T00:00:00+00:00:p01:22 + GEFS:2019-06-06T00:00:00+00:00:p01:24 + GEFS:2019-06-06T00:00:00+00:00:p01:25,,,data/manifests/phase1e/2019-06/daily/source_2019060600.json,0cf58dc2bdf6e8ba9e56db3f5d3490907ec011cb3a50c9134476b7392a37434c
2019060600,2019-06,day1_24h,p02,PASS,,PASS,,1,5,0,,(GEFS:2019-06-06T00:00:00+00:00:p02:2 - GEFS:2019-06-06T00:00:00+00:00:p02:1) + GEFS:2019-06-06T00:00:00+00:00:p02:4 + GEFS:2019-06-06T00:00:00+00:00:p02:6 + GEFS:2019-06-06T00:00:00+00:00:p02:8 + GEFS:2019-06-06T00:00:00+00:00:p02:9,7.105427357601002e-15,1.2732191163287666e-16,data/manifests/phase1e/2019-06/daily/source_2019060600.json,0cf58dc2bdf6e8ba9e56db3f5d3490907ec011cb3a50c9134476b7392a37434c
2019060600,2019-06,day2_24h,p02,PASS,,PASS,,1,5,0,,(GEFS:2019-06-06T00:00:00+00:00:p02:10 - GEFS:2019-06-06T00:00:00+00:00:p02:9) + GEFS:2019-06-06T00:00:00+00:00:p02:12 + GEFS:2019-06-06T00:00:00+00:00:p02:14 + GEFS:2019-06-06T00:00:00+00:00:p02:16 + GEFS:2019-06-06T00:00:00+00:00:p02:17,1.4210854715202004e-14,1.8706402524452607e-16,data/manifests/phase1e/2019-06/daily/source_2019060600.json,0cf58dc2bdf6e8ba9e56db3f5d3490907ec011cb3a50c9134476b7392a37434c
2019060600,2019-06,day3_24h,p02,FAIL,ValueError: materially negative reconstructed precipitation for 57--60,PASS,,1,5,0,,(GEFS:2019-06-06T00:00:00+00:00:p02:18 - GEFS:2019-06-06T00:00:00+00:00:p02:17) + GEFS:2019-06-06T00:00:00+00:00:p02:20 + GEFS:2019-06-06T00:00:00+00:00:p02:22 + GEFS:2019-06-06T00:00:00+00:00:p02:24 + GEFS:2019-06-06T00:00:00+00:00:p02:25,,,data/manifests/phase1e/2019-06/daily/source_2019060600.json,0cf58dc2bdf6e8ba9e56db3f5d3490907ec011cb3a50c9134476b7392a37434c
2019060600,2019-06,day1_24h,p03,FAIL,ValueError: materially negative reconstructed precipitation for 21--24,PASS,,1,5,0,,(GEFS:2019-06-06T00:00:00+00:00:p03:2 - GEFS:2019-06-06T00:00:00+00:00:p03:1) + GEFS:2019-06-06T00:00:00+00:00:p03:4 + GEFS:2019-06-06T00:00:00+00:00:p03:6 + GEFS:2019-06-06T00:00:00+00:00:p03:8 + GEFS:2019-06-06T00:00:00+00:00:p03:9,,,data/manifests/phase1e/2019-06/daily/source_2019060600.json,0cf58dc2bdf6e8ba9e56db3f5d3490907ec011cb3a50c9134476b7392a37434c
2019060600,2019-06,day2_24h,p03,FAIL,ValueError: materially negative reconstructed precipitation for 45--48,PASS,,1,5,0,,(GEFS:2019-06-06T00:00:00+00:00:p03:10 - GEFS:2019-06-06T00:00:00+00:00:p03:9) + GEFS:2019-06-06T00:00:00+00:00:p03:12 + GEFS:2019-06-06T00:00:00+00:00:p03:14 + GEFS:2019-06-06T00:00:00+00:00:p03:16 + GEFS:2019-06-06T00:00:00+00:00:p03:17,,,data/manifests/phase1e/2019-06/daily/source_2019060600.json,0cf58dc2bdf6e8ba9e56db3f5d3490907ec011cb3a50c9134476b7392a37434c
2019060600,2019-06,day3_24h,p03,FAIL,ValueError: materially negative reconstructed precipitation for 57--60,PASS,,1,5,0,,(GEFS:2019-06-06T00:00:00+00:00:p03:18 - GEFS:2019-06-06T00:00:00+00:00:p03:17) + GEFS:2019-06-06T00:00:00+00:00:p03:20 + GEFS:2019-06-06T00:00:00+00:00:p03:22 + GEFS:2019-06-06T00:00:00+00:00:p03:24 + GEFS:2019-06-06T00:00:00+00:00:p03:25,,,data/manifests/phase1e/2019-06/daily/source_2019060600.json,0cf58dc2bdf6e8ba9e56db3f5d3490907ec011cb3a50c9134476b7392a37434c
2019060600,2019-06,day1_24h,p04,PASS,,PASS,,1,5,0,,(GEFS:2019-06-06T00:00:00+00:00:p04:2 - GEFS:2019-06-06T00:00:00+00:00:p04:1) + GEFS:2019-06-06T00:00:00+00:00:p04:4 + GEFS:2019-06-06T00:00:00+00:00:p04:6 + GEFS:2019-06-06T00:00:00+00:00:p04:8 + GEFS:2019-06-06T00:00:00+00:00:p04:9,1.4210854715202004e-14,1.5899632945329448e-16,data/manifests/phase1e/2019-06/daily/source_2019060600.json,0cf58dc2bdf6e8ba9e56db3f5d3490907ec011cb3a50c9134476b7392a37434c
2019060600,2019-06,day2_24h,p04,FAIL,ValueError: materially negative reconstructed precipitation for 39--42,PASS,,1,5,0,,(GEFS:2019-06-06T00:00:00+00:00:p04:10 - GEFS:2019-06-06T00:00:00+00:00:p04:9) + GEFS:2019-06-06T00:00:00+00:00:p04:12 + GEFS:2019-06-06T00:00:00+00:00:p04:14 + GEFS:2019-06-06T00:00:00+00:00:p04:16 + GEFS:2019-06-06T00:00:00+00:00:p04:17,,,data/manifests/phase1e/2019-06/daily/source_2019060600.json,0cf58dc2bdf6e8ba9e56db3f5d3490907ec011cb3a50c9134476b7392a37434c
2019060600,2019-06,day3_24h,p04,FAIL,ValueError: materially negative reconstructed precipitation for 51--54,FAIL,ValueError: negative difference exceeds packing bound for 51--54,,,,,,,,data/manifests/phase1e/2019-06/daily/source_2019060600.json,0cf58dc2bdf6e8ba9e56db3f5d3490907ec011cb3a50c9134476b7392a37434c
2019060700,2019-06,day1_24h,c00,FAIL,ValueError: materially negative reconstructed precipitation for 15--18,PASS,,1,5,0,,(GEFS:2019-06-07T00:00:00+00:00:c00:2 - GEFS:2019-06-07T00:00:00+00:00:c00:1) + GEFS:2019-06-07T00:00:00+00:00:c00:4 + GEFS:2019-06-07T00:00:00+00:00:c00:6 + GEFS:2019-06-07T00:00:00+00:00:c00:8 + GEFS:2019-06-07T00:00:00+00:00:c00:9,,,data/manifests/phase1e/2019-06/daily/source_2019060700.json,5565da7e66a8b2c80c86bbbf8b15136abdb89be8c081e6131d08aa9458dea47f
2019060700,2019-06,day2_24h,c00,FAIL,ValueError: materially negative reconstructed precipitation for 27--30,FAIL,ValueError: negative difference exceeds packing bound for 27--30,,,,,,,,data/manifests/phase1e/2019-06/daily/source_2019060700.json,5565da7e66a8b2c80c86bbbf8b15136abdb89be8c081e6131d08aa9458dea47f
2019060700,2019-06,day3_24h,c00,FAIL,ValueError: materially negative reconstructed precipitation for 63--66,PASS,,1,5,0,,(GEFS:2019-06-07T00:00:00+00:00:c00:18 - GEFS:2019-06-07T00:00:00+00:00:c00:17) + GEFS:2019-06-07T00:00:00+00:00:c00:20 + GEFS:2019-06-07T00:00:00+00:00:c00:22 + GEFS:2019-06-07T00:00:00+00:00:c00:24 + GEFS:2019-06-07T00:00:00+00:00:c00:25,,,data/manifests/phase1e/2019-06/daily/source_2019060700.json,5565da7e66a8b2c80c86bbbf8b15136abdb89be8c081e6131d08aa9458dea47f
2019060700,2019-06,day1_24h,p01,FAIL,ValueError: materially negative reconstructed precipitation for 15--18,PASS,,1,5,0,,(GEFS:2019-06-07T00:00:00+00:00:p01:2 - GEFS:2019-06-07T00:00:00+00:00:p01:1) + GEFS:2019-06-07T00:00:00+00:00:p01:4 + GEFS:2019-06-07T00:00:00+00:00:p01:6 + GEFS:2019-06-07T00:00:00+00:00:p01:8 + GEFS:2019-06-07T00:00:00+00:00:p01:9,,,data/manifests/phase1e/2019-06/daily/source_2019060700.json,5565da7e66a8b2c80c86bbbf8b15136abdb89be8c081e6131d08aa9458dea47f
2019060700,2019-06,day2_24h,p01,PASS,,PASS,,1,5,0,,(GEFS:2019-06-07T00:00:00+00:00:p01:10 - GEFS:2019-06-07T00:00:00+00:00:p01:9) + GEFS:2019-06-07T00:00:00+00:00:p01:12 + GEFS:2019-06-07T00:00:00+00:00:p01:14 + GEFS:2019-06-07T00:00:00+00:00:p01:16 + GEFS:2019-06-07T00:00:00+00:00:p01:17,7.105427357601002e-15,1.785558604577277e-16,data/manifests/phase1e/2019-06/daily/source_2019060700.json,5565da7e66a8b2c80c86bbbf8b15136abdb89be8c081e6131d08aa9458dea47f
2019060700,2019-06,day3_24h,p01,PASS,,PASS,,1,5,384,-0.05,(GEFS:2019-06-07T00:00:00+00:00:p01:18 - GEFS:2019-06-07T00:00:00+00:00:p01:17) + GEFS:2019-06-07T00:00:00+00:00:p01:20 + GEFS:2019-06-07T00:00:00+00:00:p01:22 + GEFS:2019-06-07T00:00:00+00:00:p01:24 + GEFS:2019-06-07T00:00:00+00:00:p01:25,1.4210854715202004e-14,2.7993711749607236e-16,data/manifests/phase1e/2019-06/daily/source_2019060700.json,5565da7e66a8b2c80c86bbbf8b15136abdb89be8c081e6131d08aa9458dea47f
2019060700,2019-06,day1_24h,p02,PASS,,PASS,,1,5,0,,(GEFS:2019-06-07T00:00:00+00:00:p02:2 - GEFS:2019-06-07T00:00:00+00:00:p02:1) + GEFS:2019-06-07T00:00:00+00:00:p02:4 + GEFS:2019-06-07T00:00:00+00:00:p02:6 + GEFS:2019-06-07T00:00:00+00:00:p02:8 + GEFS:2019-06-07T00:00:00+00:00:p02:9,2.842170943040401e-14,2.497192604951336e-16,data/manifests/phase1e/2019-06/daily/source_2019060700.json,5565da7e66a8b2c80c86bbbf8b15136abdb89be8c081e6131d08aa9458dea47f
2019060700,2019-06,day2_24h,p02,PASS,,PASS,,1,5,0,,(GEFS:2019-06-07T00:00:00+00:00:p02:10 - GEFS:2019-06-07T00:00:00+00:00:p02:9) + GEFS:2019-06-07T00:00:00+00:00:p02:12 + GEFS:2019-06-07T00:00:00+00:00:p02:14 + GEFS:2019-06-07T00:00:00+00:00:p02:16 + GEFS:2019-06-07T00:00:00+00:00:p02:17,7.105427357601002e-15,1.4618784224708174e-16,data/manifests/phase1e/2019-06/daily/source_2019060700.json,5565da7e66a8b2c80c86bbbf8b15136abdb89be8c081e6131d08aa9458dea47f
2019060700,2019-06,day3_24h,p02,PASS,,PASS,,1,5,0,,(GEFS:2019-06-07T00:00:00+00:00:p02:18 - GEFS:2019-06-07T00:00:00+00:00:p02:17) + GEFS:2019-06-07T00:00:00+00:00:p02:20 + GEFS:2019-06-07T00:00:00+00:00:p02:22 + GEFS:2019-06-07T00:00:00+00:00:p02:24 + GEFS:2019-06-07T00:00:00+00:00:p02:25,0.05000000000000071,0.001899208663057256,data/manifests/phase1e/2019-06/daily/source_2019060700.json,5565da7e66a8b2c80c86bbbf8b15136abdb89be8c081e6131d08aa9458dea47f
2019060700,2019-06,day1_24h,p03,PASS,,PASS,,1,5,0,,(GEFS:2019-06-07T00:00:00+00:00:p03:2 - GEFS:2019-06-07T00:00:00+00:00:p03:1) + GEFS:2019-06-07T00:00:00+00:00:p03:4 + GEFS:2019-06-07T00:00:00+00:00:p03:6 + GEFS:2019-06-07T00:00:00+00:00:p03:8 + GEFS:2019-06-07T00:00:00+00:00:p03:9,2.842170943040401e-14,4.794859497647047e-16,data/manifests/phase1e/2019-06/daily/source_2019060700.json,5565da7e66a8b2c80c86bbbf8b15136abdb89be8c081e6131d08aa9458dea47f
2019060700,2019-06,day2_24h,p03,FAIL,ValueError: materially negative reconstructed precipitation for 33--36,PASS,,1,5,0,,(GEFS:2019-06-07T00:00:00+00:00:p03:10 - GEFS:2019-06-07T00:00:00+00:00:p03:9) + GEFS:2019-06-07T00:00:00+00:00:p03:12 + GEFS:2019-06-07T00:00:00+00:00:p03:14 + GEFS:2019-06-07T00:00:00+00:00:p03:16 + GEFS:2019-06-07T00:00:00+00:00:p03:17,,,data/manifests/phase1e/2019-06/daily/source_2019060700.json,5565da7e66a8b2c80c86bbbf8b15136abdb89be8c081e6131d08aa9458dea47f
2019060700,2019-06,day3_24h,p03,FAIL,ValueError: materially negative reconstructed precipitation for 51--54,FAIL,ValueError: negative difference exceeds packing bound for 51--54,,,,,,,,data/manifests/phase1e/2019-06/daily/source_2019060700.json,5565da7e66a8b2c80c86bbbf8b15136abdb89be8c081e6131d08aa9458dea47f
2019060700,2019-06,day1_24h,p04,PASS,,PASS,,1,5,0,,(GEFS:2019-06-07T00:00:00+00:00:p04:2 - GEFS:2019-06-07T00:00:00+00:00:p04:1) + GEFS:2019-06-07T00:00:00+00:00:p04:4 + GEFS:2019-06-07T00:00:00+00:00:p04:6 + GEFS:2019-06-07T00:00:00+00:00:p04:8 + GEFS:2019-06-07T00:00:00+00:00:p04:9,2.842170943040401e-14,4.388872069233517e-16,data/manifests/phase1e/2019-06/daily/source_2019060700.json,5565da7e66a8b2c80c86bbbf8b15136abdb89be8c081e6131d08aa9458dea47f
2019060700,2019-06,day2_24h,p04,FAIL,ValueError: materially negative reconstructed precipitation for 33--36,PASS,,1,5,0,,(GEFS:2019-06-07T00:00:00+00:00:p04:10 - GEFS:2019-06-07T00:00:00+00:00:p04:9) + GEFS:2019-06-07T00:00:00+00:00:p04:12 + GEFS:2019-06-07T00:00:00+00:00:p04:14 + GEFS:2019-06-07T00:00:00+00:00:p04:16 + GEFS:2019-06-07T00:00:00+00:00:p04:17,,,data/manifests/phase1e/2019-06/daily/source_2019060700.json,5565da7e66a8b2c80c86bbbf8b15136abdb89be8c081e6131d08aa9458dea47f
2019060700,2019-06,day3_24h,p04,FAIL,ValueError: materially negative reconstructed precipitation for 51--54,FAIL,ValueError: negative difference exceeds packing bound for 51--54,,,,,,,,data/manifests/phase1e/2019-06/daily/source_2019060700.json,5565da7e66a8b2c80c86bbbf8b15136abdb89be8c081e6131d08aa9458dea47f
2019060800,2019-06,day1_24h,c00,FAIL,ValueError: materially negative reconstructed precipitation for 9--12,PASS,,1,5,0,,(GEFS:2019-06-08T00:00:00+00:00:c00:2 - GEFS:2019-06-08T00:00:00+00:00:c00:1) + GEFS:2019-06-08T00:00:00+00:00:c00:4 + GEFS:2019-06-08T00:00:00+00:00:c00:6 + GEFS:2019-06-08T00:00:00+00:00:c00:8 + GEFS:2019-06-08T00:00:00+00:00:c00:9,,,data/manifests/phase1e/2019-06/daily/source_2019060800.json,1f1bc42f1cebf88d0731a4c43b25dfe2cc9d6847c1a9db156605b8b43f457900
2019060800,2019-06,day2_24h,c00,FAIL,ValueError: materially negative reconstructed precipitation for 27--30,FAIL,ValueError: negative difference exceeds packing bound for 27--30,,,,,,,,data/manifests/phase1e/2019-06/daily/source_2019060800.json,1f1bc42f1cebf88d0731a4c43b25dfe2cc9d6847c1a9db156605b8b43f457900
2019060800,2019-06,day3_24h,c00,FAIL,ValueError: materially negative reconstructed precipitation for 51--54,FAIL,ValueError: negative difference exceeds packing bound for 51--54,,,,,,,,data/manifests/phase1e/2019-06/daily/source_2019060800.json,1f1bc42f1cebf88d0731a4c43b25dfe2cc9d6847c1a9db156605b8b43f457900
2019060800,2019-06,day1_24h,p01,FAIL,ValueError: materially negative reconstructed precipitation for 21--24,PASS,,1,5,177,-0.050000000000000044,(GEFS:2019-06-08T00:00:00+00:00:p01:2 - GEFS:2019-06-08T00:00:00+00:00:p01:1) + GEFS:2019-06-08T00:00:00+00:00:p01:4 + GEFS:2019-06-08T00:00:00+00:00:p01:6 + GEFS:2019-06-08T00:00:00+00:00:p01:8 + GEFS:2019-06-08T00:00:00+00:00:p01:9,,,data/manifests/phase1e/2019-06/daily/source_2019060800.json,1f1bc42f1cebf88d0731a4c43b25dfe2cc9d6847c1a9db156605b8b43f457900
2019060800,2019-06,day2_24h,p01,PASS,,PASS,,1,5,0,,(GEFS:2019-06-08T00:00:00+00:00:p01:10 - GEFS:2019-06-08T00:00:00+00:00:p01:9) + GEFS:2019-06-08T00:00:00+00:00:p01:12 + GEFS:2019-06-08T00:00:00+00:00:p01:14 + GEFS:2019-06-08T00:00:00+00:00:p01:16 + GEFS:2019-06-08T00:00:00+00:00:p01:17,2.842170943040401e-14,3.989358244462115e-16,data/manifests/phase1e/2019-06/daily/source_2019060800.json,1f1bc42f1cebf88d0731a4c43b25dfe2cc9d6847c1a9db156605b8b43f457900
2019060800,2019-06,day3_24h,p01,PASS,,PASS,,1,5,0,,(GEFS:2019-06-08T00:00:00+00:00:p01:18 - GEFS:2019-06-08T00:00:00+00:00:p01:17) + GEFS:2019-06-08T00:00:00+00:00:p01:20 + GEFS:2019-06-08T00:00:00+00:00:p01:22 + GEFS:2019-06-08T00:00:00+00:00:p01:24 + GEFS:2019-06-08T00:00:00+00:00:p01:25,5.684341886080802e-14,1.3273893068055833e-15,data/manifests/phase1e/2019-06/daily/source_2019060800.json,1f1bc42f1cebf88d0731a4c43b25dfe2cc9d6847c1a9db156605b8b43f457900
2019060800,2019-06,day1_24h,p02,PASS,,PASS,,1,5,0,,(GEFS:2019-06-08T00:00:00+00:00:p02:2 - GEFS:2019-06-08T00:00:00+00:00:p02:1) + GEFS:2019-06-08T00:00:00+00:00:p02:4 + GEFS:2019-06-08T00:00:00+00:00:p02:6 + GEFS:2019-06-08T00:00:00+00:00:p02:8 + GEFS:2019-06-08T00:00:00+00:00:p02:9,5.684341886080802e-14,3.87398937955417e-16,data/manifests/phase1e/2019-06/daily/source_2019060800.json,1f1bc42f1cebf88d0731a4c43b25dfe2cc9d6847c1a9db156605b8b43f457900
2019060800,2019-06,day2_24h,p02,FAIL,ValueError: materially negative reconstructed precipitation for 33--36,PASS,,1,5,0,,(GEFS:2019-06-08T00:00:00+00:00:p02:10 - GEFS:2019-06-08T00:00:00+00:00:p02:9) + GEFS:2019-06-08T00:00:00+00:00:p02:12 + GEFS:2019-06-08T00:00:00+00:00:p02:14 + GEFS:2019-06-08T00:00:00+00:00:p02:16 + GEFS:2019-06-08T00:00:00+00:00:p02:17,,,data/manifests/phase1e/2019-06/daily/source_2019060800.json,1f1bc42f1cebf88d0731a4c43b25dfe2cc9d6847c1a9db156605b8b43f457900
2019060800,2019-06,day3_24h,p02,FAIL,ValueError: materially negative reconstructed precipitation for 63--66,PASS,,1,5,0,,(GEFS:2019-06-08T00:00:00+00:00:p02:18 - GEFS:2019-06-08T00:00:00+00:00:p02:17) + GEFS:2019-06-08T00:00:00+00:00:p02:20 + GEFS:2019-06-08T00:00:00+00:00:p02:22 + GEFS:2019-06-08T00:00:00+00:00:p02:24 + GEFS:2019-06-08T00:00:00+00:00:p02:25,,,data/manifests/phase1e/2019-06/daily/source_2019060800.json,1f1bc42f1cebf88d0731a4c43b25dfe2cc9d6847c1a9db156605b8b43f457900
2019060800,2019-06,day1_24h,p03,FAIL,ValueError: materially negative reconstructed precipitation for 9--12,PASS,,1,5,0,,(GEFS:2019-06-08T00:00:00+00:00:p03:2 - GEFS:2019-06-08T00:00:00+00:00:p03:1) + GEFS:2019-06-08T00:00:00+00:00:p03:4 + GEFS:2019-06-08T00:00:00+00:00:p03:6 + GEFS:2019-06-08T00:00:00+00:00:p03:8 + GEFS:2019-06-08T00:00:00+00:00:p03:9,,,data/manifests/phase1e/2019-06/daily/source_2019060800.json,1f1bc42f1cebf88d0731a4c43b25dfe2cc9d6847c1a9db156605b8b43f457900
2019060800,2019-06,day2_24h,p03,FAIL,ValueError: materially negative reconstructed precipitation for 27--30,FAIL,ValueError: negative difference exceeds packing bound for 27--30,,,,,,,,data/manifests/phase1e/2019-06/daily/source_2019060800.json,1f1bc42f1cebf88d0731a4c43b25dfe2cc9d6847c1a9db156605b8b43f457900
2019060800,2019-06,day3_24h,p03,FAIL,ValueError: materially negative reconstructed precipitation for 51--54,FAIL,ValueError: negative difference exceeds packing bound for 51--54,,,,,,,,data/manifests/phase1e/2019-06/daily/source_2019060800.json,1f1bc42f1cebf88d0731a4c43b25dfe2cc9d6847c1a9db156605b8b43f457900
2019060800,2019-06,day1_24h,p04,FAIL,ValueError: materially negative reconstructed precipitation for 9--12,PASS,,1,5,0,,(GEFS:2019-06-08T00:00:00+00:00:p04:2 - GEFS:2019-06-08T00:00:00+00:00:p04:1) + GEFS:2019-06-08T00:00:00+00:00:p04:4 + GEFS:2019-06-08T00:00:00+00:00:p04:6 + GEFS:2019-06-08T00:00:00+00:00:p04:8 + GEFS:2019-06-08T00:00:00+00:00:p04:9,,,data/manifests/phase1e/2019-06/daily/source_2019060800.json,1f1bc42f1cebf88d0731a4c43b25dfe2cc9d6847c1a9db156605b8b43f457900
2019060800,2019-06,day2_24h,p04,PASS,,PASS,,1,5,0,,(GEFS:2019-06-08T00:00:00+00:00:p04:10 - GEFS:2019-06-08T00:00:00+00:00:p04:9) + GEFS:2019-06-08T00:00:00+00:00:p04:12 + GEFS:2019-06-08T00:00:00+00:00:p04:14 + GEFS:2019-06-08T00:00:00+00:00:p04:16 + GEFS:2019-06-08T00:00:00+00:00:p04:17,1.4210854715202004e-14,4.0515510794525706e-16,data/manifests/phase1e/2019-06/daily/source_2019060800.json,1f1bc42f1cebf88d0731a4c43b25dfe2cc9d6847c1a9db156605b8b43f457900
2019060800,2019-06,day3_24h,p04,FAIL,ValueError: materially negative reconstructed precipitation for 57--60,PASS,,1,5,0,,(GEFS:2019-06-08T00:00:00+00:00:p04:18 - GEFS:2019-06-08T00:00:00+00:00:p04:17) + GEFS:2019-06-08T00:00:00+00:00:p04:20 + GEFS:2019-06-08T00:00:00+00:00:p04:22 + GEFS:2019-06-08T00:00:00+00:00:p04:24 + GEFS:2019-06-08T00:00:00+00:00:p04:25,,,data/manifests/phase1e/2019-06/daily/source_2019060800.json,1f1bc42f1cebf88d0731a4c43b25dfe2cc9d6847c1a9db156605b8b43f457900
2019060900,2019-06,day1_24h,c00,FAIL,ValueError: materially negative reconstructed precipitation for 15--18,PASS,,1,5,0,,(GEFS:2019-06-09T00:00:00+00:00:c00:2 - GEFS:2019-06-09T00:00:00+00:00:c00:1) + GEFS:2019-06-09T00:00:00+00:00:c00:4 + GEFS:2019-06-09T00:00:00+00:00:c00:6 + GEFS:2019-06-09T00:00:00+00:00:c00:8 + GEFS:2019-06-09T00:00:00+00:00:c00:9,,,data/manifests/phase1e/2019-06/daily/source_2019060900.json,5e2936ade084e405363df4526be1b69767a69718c9ba96fad220ab7040c40148
2019060900,2019-06,day2_24h,c00,FAIL,ValueError: materially negative reconstructed precipitation for 33--36,PASS,,1,5,0,,(GEFS:2019-06-09T00:00:00+00:00:c00:10 - GEFS:2019-06-09T00:00:00+00:00:c00:9) + GEFS:2019-06-09T00:00:00+00:00:c00:12 + GEFS:2019-06-09T00:00:00+00:00:c00:14 + GEFS:2019-06-09T00:00:00+00:00:c00:16 + GEFS:2019-06-09T00:00:00+00:00:c00:17,,,data/manifests/phase1e/2019-06/daily/source_2019060900.json,5e2936ade084e405363df4526be1b69767a69718c9ba96fad220ab7040c40148
2019060900,2019-06,day3_24h,c00,FAIL,ValueError: materially negative reconstructed precipitation for 57--60,PASS,,1,5,74,-0.04,(GEFS:2019-06-09T00:00:00+00:00:c00:18 - GEFS:2019-06-09T00:00:00+00:00:c00:17) + GEFS:2019-06-09T00:00:00+00:00:c00:20 + GEFS:2019-06-09T00:00:00+00:00:c00:22 + GEFS:2019-06-09T00:00:00+00:00:c00:24 + GEFS:2019-06-09T00:00:00+00:00:c00:25,,,data/manifests/phase1e/2019-06/daily/source_2019060900.json,5e2936ade084e405363df4526be1b69767a69718c9ba96fad220ab7040c40148
2019060900,2019-06,day1_24h,p01,PASS,,PASS,,1,5,0,,(GEFS:2019-06-09T00:00:00+00:00:p01:2 - GEFS:2019-06-09T00:00:00+00:00:p01:1) + GEFS:2019-06-09T00:00:00+00:00:p01:4 + GEFS:2019-06-09T00:00:00+00:00:p01:6 + GEFS:2019-06-09T00:00:00+00:00:p01:8 + GEFS:2019-06-09T00:00:00+00:00:p01:9,5.684341886080802e-14,9.63734622208976e-16,data/manifests/phase1e/2019-06/daily/source_2019060900.json,5e2936ade084e405363df4526be1b69767a69718c9ba96fad220ab7040c40148
2019060900,2019-06,day2_24h,p01,PASS,,PASS,,1,5,0,,(GEFS:2019-06-09T00:00:00+00:00:p01:10 - GEFS:2019-06-09T00:00:00+00:00:p01:9) + GEFS:2019-06-09T00:00:00+00:00:p01:12 + GEFS:2019-06-09T00:00:00+00:00:p01:14 + GEFS:2019-06-09T00:00:00+00:00:p01:16 + GEFS:2019-06-09T00:00:00+00:00:p01:17,5.684341886080802e-14,1.4827095541906688e-15,data/manifests/phase1e/2019-06/daily/source_2019060900.json,5e2936ade084e405363df4526be1b69767a69718c9ba96fad220ab7040c40148
2019060900,2019-06,day3_24h,p01,FAIL,ValueError: materially negative reconstructed precipitation for 69--72,PASS,,1,5,0,,(GEFS:2019-06-09T00:00:00+00:00:p01:18 - GEFS:2019-06-09T00:00:00+00:00:p01:17) + GEFS:2019-06-09T00:00:00+00:00:p01:20 + GEFS:2019-06-09T00:00:00+00:00:p01:22 + GEFS:2019-06-09T00:00:00+00:00:p01:24 + GEFS:2019-06-09T00:00:00+00:00:p01:25,,,data/manifests/phase1e/2019-06/daily/source_2019060900.json,5e2936ade084e405363df4526be1b69767a69718c9ba96fad220ab7040c40148
2019060900,2019-06,day1_24h,p02,PASS,,PASS,,1,5,0,,(GEFS:2019-06-09T00:00:00+00:00:p02:2 - GEFS:2019-06-09T00:00:00+00:00:p02:1) + GEFS:2019-06-09T00:00:00+00:00:p02:4 + GEFS:2019-06-09T00:00:00+00:00:p02:6 + GEFS:2019-06-09T00:00:00+00:00:p02:8 + GEFS:2019-06-09T00:00:00+00:00:p02:9,5.684341886080802e-14,8.262167848397458e-16,data/manifests/phase1e/2019-06/daily/source_2019060900.json,5e2936ade084e405363df4526be1b69767a69718c9ba96fad220ab7040c40148
2019060900,2019-06,day2_24h,p02,FAIL,ValueError: materially negative reconstructed precipitation for 33--36,PASS,,1,5,0,,(GEFS:2019-06-09T00:00:00+00:00:p02:10 - GEFS:2019-06-09T00:00:00+00:00:p02:9) + GEFS:2019-06-09T00:00:00+00:00:p02:12 + GEFS:2019-06-09T00:00:00+00:00:p02:14 + GEFS:2019-06-09T00:00:00+00:00:p02:16 + GEFS:2019-06-09T00:00:00+00:00:p02:17,,,data/manifests/phase1e/2019-06/daily/source_2019060900.json,5e2936ade084e405363df4526be1b69767a69718c9ba96fad220ab7040c40148
2019060900,2019-06,day3_24h,p02,PASS,,PASS,,1,5,0,,(GEFS:2019-06-09T00:00:00+00:00:p02:18 - GEFS:2019-06-09T00:00:00+00:00:p02:17) + GEFS:2019-06-09T00:00:00+00:00:p02:20 + GEFS:2019-06-09T00:00:00+00:00:p02:22 + GEFS:2019-06-09T00:00:00+00:00:p02:24 + GEFS:2019-06-09T00:00:00+00:00:p02:25,2.2737367544323206e-13,1.6749524623488981e-15,data/manifests/phase1e/2019-06/daily/source_2019060900.json,5e2936ade084e405363df4526be1b69767a69718c9ba96fad220ab7040c40148
2019060900,2019-06,day1_24h,p03,FAIL,ValueError: materially negative reconstructed precipitation for 15--18,PASS,,1,5,0,,(GEFS:2019-06-09T00:00:00+00:00:p03:2 - GEFS:2019-06-09T00:00:00+00:00:p03:1) + GEFS:2019-06-09T00:00:00+00:00:p03:4 + GEFS:2019-06-09T00:00:00+00:00:p03:6 + GEFS:2019-06-09T00:00:00+00:00:p03:8 + GEFS:2019-06-09T00:00:00+00:00:p03:9,,,data/manifests/phase1e/2019-06/daily/source_2019060900.json,5e2936ade084e405363df4526be1b69767a69718c9ba96fad220ab7040c40148
2019060900,2019-06,day2_24h,p03,FAIL,ValueError: materially negative reconstructed precipitation for 33--36,PASS,,1,5,0,,(GEFS:2019-06-09T00:00:00+00:00:p03:10 - GEFS:2019-06-09T00:00:00+00:00:p03:9) + GEFS:2019-06-09T00:00:00+00:00:p03:12 + GEFS:2019-06-09T00:00:00+00:00:p03:14 + GEFS:2019-06-09T00:00:00+00:00:p03:16 + GEFS:2019-06-09T00:00:00+00:00:p03:17,,,data/manifests/phase1e/2019-06/daily/source_2019060900.json,5e2936ade084e405363df4526be1b69767a69718c9ba96fad220ab7040c40148
2019060900,2019-06,day3_24h,p03,FAIL,ValueError: materially negative reconstructed precipitation for 57--60,PASS,,1,5,0,,(GEFS:2019-06-09T00:00:00+00:00:p03:18 - GEFS:2019-06-09T00:00:00+00:00:p03:17) + GEFS:2019-06-09T00:00:00+00:00:p03:20 + GEFS:2019-06-09T00:00:00+00:00:p03:22 + GEFS:2019-06-09T00:00:00+00:00:p03:24 + GEFS:2019-06-09T00:00:00+00:00:p03:25,,,data/manifests/phase1e/2019-06/daily/source_2019060900.json,5e2936ade084e405363df4526be1b69767a69718c9ba96fad220ab7040c40148
2019060900,2019-06,day1_24h,p04,FAIL,ValueError: materially negative reconstructed precipitation for 9--12,PASS,,1,5,0,,(GEFS:2019-06-09T00:00:00+00:00:p04:2 - GEFS:2019-06-09T00:00:00+00:00:p04:1) + GEFS:2019-06-09T00:00:00+00:00:p04:4 + GEFS:2019-06-09T00:00:00+00:00:p04:6 + GEFS:2019-06-09T00:00:00+00:00:p04:8 + GEFS:2019-06-09T00:00:00+00:00:p04:9,,,data/manifests/phase1e/2019-06/daily/source_2019060900.json,5e2936ade084e405363df4526be1b69767a69718c9ba96fad220ab7040c40148
2019060900,2019-06,day2_24h,p04,FAIL,ValueError: materially negative reconstructed precipitation for 33--36,PASS,,1,5,0,,(GEFS:2019-06-09T00:00:00+00:00:p04:10 - GEFS:2019-06-09T00:00:00+00:00:p04:9) + GEFS:2019-06-09T00:00:00+00:00:p04:12 + GEFS:2019-06-09T00:00:00+00:00:p04:14 + GEFS:2019-06-09T00:00:00+00:00:p04:16 + GEFS:2019-06-09T00:00:00+00:00:p04:17,,,data/manifests/phase1e/2019-06/daily/source_2019060900.json,5e2936ade084e405363df4526be1b69767a69718c9ba96fad220ab7040c40148
2019060900,2019-06,day3_24h,p04,PASS,,PASS,,1,5,0,,(GEFS:2019-06-09T00:00:00+00:00:p04:18 - GEFS:2019-06-09T00:00:00+00:00:p04:17) + GEFS:2019-06-09T00:00:00+00:00:p04:20 + GEFS:2019-06-09T00:00:00+00:00:p04:22 + GEFS:2019-06-09T00:00:00+00:00:p04:24 + GEFS:2019-06-09T00:00:00+00:00:p04:25,2.842170943040401e-14,8.340313492363161e-16,data/manifests/phase1e/2019-06/daily/source_2019060900.json,5e2936ade084e405363df4526be1b69767a69718c9ba96fad220ab7040c40148
2019061000,2019-06,day1_24h,c00,FAIL,ValueError: materially negative reconstructed precipitation for 15--18,PASS,,1,5,0,,(GEFS:2019-06-10T00:00:00+00:00:c00:2 - GEFS:2019-06-10T00:00:00+00:00:c00:1) + GEFS:2019-06-10T00:00:00+00:00:c00:4 + GEFS:2019-06-10T00:00:00+00:00:c00:6 + GEFS:2019-06-10T00:00:00+00:00:c00:8 + GEFS:2019-06-10T00:00:00+00:00:c00:9,,,data/manifests/phase1e/2019-06/daily/source_2019061000.json,8c11dfb97549a9f7e94eeaa1b3c81988c96ebd595d5d8a1d3abb8a76c2d0acec
2019061000,2019-06,day2_24h,c00,FAIL,ValueError: materially negative reconstructed precipitation for 45--48,PASS,,1,5,0,,(GEFS:2019-06-10T00:00:00+00:00:c00:10 - GEFS:2019-06-10T00:00:00+00:00:c00:9) + GEFS:2019-06-10T00:00:00+00:00:c00:12 + GEFS:2019-06-10T00:00:00+00:00:c00:14 + GEFS:2019-06-10T00:00:00+00:00:c00:16 + GEFS:2019-06-10T00:00:00+00:00:c00:17,,,data/manifests/phase1e/2019-06/daily/source_2019061000.json,8c11dfb97549a9f7e94eeaa1b3c81988c96ebd595d5d8a1d3abb8a76c2d0acec
2019061000,2019-06,day3_24h,c00,FAIL,ValueError: materially negative reconstructed precipitation for 57--60,PASS,,1,5,0,,(GEFS:2019-06-10T00:00:00+00:00:c00:18 - GEFS:2019-06-10T00:00:00+00:00:c00:17) + GEFS:2019-06-10T00:00:00+00:00:c00:20 + GEFS:2019-06-10T00:00:00+00:00:c00:22 + GEFS:2019-06-10T00:00:00+00:00:c00:24 + GEFS:2019-06-10T00:00:00+00:00:c00:25,,,data/manifests/phase1e/2019-06/daily/source_2019061000.json,8c11dfb97549a9f7e94eeaa1b3c81988c96ebd595d5d8a1d3abb8a76c2d0acec
2019061000,2019-06,day1_24h,p01,FAIL,ValueError: materially negative reconstructed precipitation for 9--12,PASS,,1,5,0,,(GEFS:2019-06-10T00:00:00+00:00:p01:2 - GEFS:2019-06-10T00:00:00+00:00:p01:1) + GEFS:2019-06-10T00:00:00+00:00:p01:4 + GEFS:2019-06-10T00:00:00+00:00:p01:6 + GEFS:2019-06-10T00:00:00+00:00:p01:8 + GEFS:2019-06-10T00:00:00+00:00:p01:9,,,data/manifests/phase1e/2019-06/daily/source_2019061000.json,8c11dfb97549a9f7e94eeaa1b3c81988c96ebd595d5d8a1d3abb8a76c2d0acec
2019061000,2019-06,day2_24h,p01,FAIL,ValueError: materially negative reconstructed precipitation for 45--48,PASS,,1,5,0,,(GEFS:2019-06-10T00:00:00+00:00:p01:10 - GEFS:2019-06-10T00:00:00+00:00:p01:9) + GEFS:2019-06-10T00:00:00+00:00:p01:12 + GEFS:2019-06-10T00:00:00+00:00:p01:14 + GEFS:2019-06-10T00:00:00+00:00:p01:16 + GEFS:2019-06-10T00:00:00+00:00:p01:17,,,data/manifests/phase1e/2019-06/daily/source_2019061000.json,8c11dfb97549a9f7e94eeaa1b3c81988c96ebd595d5d8a1d3abb8a76c2d0acec
2019061000,2019-06,day3_24h,p01,FAIL,ValueError: materially negative reconstructed precipitation for 63--66,PASS,,1,5,69,-0.05,(GEFS:2019-06-10T00:00:00+00:00:p01:18 - GEFS:2019-06-10T00:00:00+00:00:p01:17) + GEFS:2019-06-10T00:00:00+00:00:p01:20 + GEFS:2019-06-10T00:00:00+00:00:p01:22 + GEFS:2019-06-10T00:00:00+00:00:p01:24 + GEFS:2019-06-10T00:00:00+00:00:p01:25,,,data/manifests/phase1e/2019-06/daily/source_2019061000.json,8c11dfb97549a9f7e94eeaa1b3c81988c96ebd595d5d8a1d3abb8a76c2d0acec
2019061000,2019-06,day1_24h,p02,PASS,,PASS,,1,5,0,,(GEFS:2019-06-10T00:00:00+00:00:p02:2 - GEFS:2019-06-10T00:00:00+00:00:p02:1) + GEFS:2019-06-10T00:00:00+00:00:p02:4 + GEFS:2019-06-10T00:00:00+00:00:p02:6 + GEFS:2019-06-10T00:00:00+00:00:p02:8 + GEFS:2019-06-10T00:00:00+00:00:p02:9,5.684341886080802e-14,8.634400057819886e-16,data/manifests/phase1e/2019-06/daily/source_2019061000.json,8c11dfb97549a9f7e94eeaa1b3c81988c96ebd595d5d8a1d3abb8a76c2d0acec
2019061000,2019-06,day2_24h,p02,PASS,,PASS,,1,5,0,,(GEFS:2019-06-10T00:00:00+00:00:p02:10 - GEFS:2019-06-10T00:00:00+00:00:p02:9) + GEFS:2019-06-10T00:00:00+00:00:p02:12 + GEFS:2019-06-10T00:00:00+00:00:p02:14 + GEFS:2019-06-10T00:00:00+00:00:p02:16 + GEFS:2019-06-10T00:00:00+00:00:p02:17,1.1368683772161603e-13,1.215002923575619e-15,data/manifests/phase1e/2019-06/daily/source_2019061000.json,8c11dfb97549a9f7e94eeaa1b3c81988c96ebd595d5d8a1d3abb8a76c2d0acec
2019061000,2019-06,day3_24h,p02,FAIL,ValueError: materially negative reconstructed precipitation for 51--54,FAIL,ValueError: negative difference exceeds packing bound for 51--54,,,,,,,,data/manifests/phase1e/2019-06/daily/source_2019061000.json,8c11dfb97549a9f7e94eeaa1b3c81988c96ebd595d5d8a1d3abb8a76c2d0acec
2019061000,2019-06,day1_24h,p03,PASS,,PASS,,1,5,0,,(GEFS:2019-06-10T00:00:00+00:00:p03:2 - GEFS:2019-06-10T00:00:00+00:00:p03:1) + GEFS:2019-06-10T00:00:00+00:00:p03:4 + GEFS:2019-06-10T00:00:00+00:00:p03:6 + GEFS:2019-06-10T00:00:00+00:00:p03:8 + GEFS:2019-06-10T00:00:00+00:00:p03:9,0.04,0.0001082882132450905,data/manifests/phase1e/2019-06/daily/source_2019061000.json,8c11dfb97549a9f7e94eeaa1b3c81988c96ebd595d5d8a1d3abb8a76c2d0acec
2019061000,2019-06,day2_24h,p03,PASS,,PASS,,1,5,0,,(GEFS:2019-06-10T00:00:00+00:00:p03:10 - GEFS:2019-06-10T00:00:00+00:00:p03:9) + GEFS:2019-06-10T00:00:00+00:00:p03:12 + GEFS:2019-06-10T00:00:00+00:00:p03:14 + GEFS:2019-06-10T00:00:00+00:00:p03:16 + GEFS:2019-06-10T00:00:00+00:00:p03:17,5.684341886080802e-14,8.091079752141187e-16,data/manifests/phase1e/2019-06/daily/source_2019061000.json,8c11dfb97549a9f7e94eeaa1b3c81988c96ebd595d5d8a1d3abb8a76c2d0acec
2019061000,2019-06,day3_24h,p03,PASS,,PASS,,1,5,0,,(GEFS:2019-06-10T00:00:00+00:00:p03:18 - GEFS:2019-06-10T00:00:00+00:00:p03:17) + GEFS:2019-06-10T00:00:00+00:00:p03:20 + GEFS:2019-06-10T00:00:00+00:00:p03:22 + GEFS:2019-06-10T00:00:00+00:00:p03:24 + GEFS:2019-06-10T00:00:00+00:00:p03:25,2.842170943040401e-14,6.314769152766952e-16,data/manifests/phase1e/2019-06/daily/source_2019061000.json,8c11dfb97549a9f7e94eeaa1b3c81988c96ebd595d5d8a1d3abb8a76c2d0acec
2019061000,2019-06,day1_24h,p04,FAIL,ValueError: materially negative reconstructed precipitation for 21--24,PASS,,1,5,0,,(GEFS:2019-06-10T00:00:00+00:00:p04:2 - GEFS:2019-06-10T00:00:00+00:00:p04:1) + GEFS:2019-06-10T00:00:00+00:00:p04:4 + GEFS:2019-06-10T00:00:00+00:00:p04:6 + GEFS:2019-06-10T00:00:00+00:00:p04:8 + GEFS:2019-06-10T00:00:00+00:00:p04:9,,,data/manifests/phase1e/2019-06/daily/source_2019061000.json,8c11dfb97549a9f7e94eeaa1b3c81988c96ebd595d5d8a1d3abb8a76c2d0acec
2019061000,2019-06,day2_24h,p04,FAIL,ValueError: materially negative reconstructed precipitation for 39--42,PASS,,1,5,0,,(GEFS:2019-06-10T00:00:00+00:00:p04:10 - GEFS:2019-06-10T00:00:00+00:00:p04:9) + GEFS:2019-06-10T00:00:00+00:00:p04:12 + GEFS:2019-06-10T00:00:00+00:00:p04:14 + GEFS:2019-06-10T00:00:00+00:00:p04:16 + GEFS:2019-06-10T00:00:00+00:00:p04:17,,,data/manifests/phase1e/2019-06/daily/source_2019061000.json,8c11dfb97549a9f7e94eeaa1b3c81988c96ebd595d5d8a1d3abb8a76c2d0acec
2019061000,2019-06,day3_24h,p04,PASS,,PASS,,1,5,0,,(GEFS:2019-06-10T00:00:00+00:00:p04:18 - GEFS:2019-06-10T00:00:00+00:00:p04:17) + GEFS:2019-06-10T00:00:00+00:00:p04:20 + GEFS:2019-06-10T00:00:00+00:00:p04:22 + GEFS:2019-06-10T00:00:00+00:00:p04:24 + GEFS:2019-06-10T00:00:00+00:00:p04:25,5.684341886080802e-14,1.0186908931280512e-15,data/manifests/phase1e/2019-06/daily/source_2019061000.json,8c11dfb97549a9f7e94eeaa1b3c81988c96ebd595d5d8a1d3abb8a76c2d0acec
2019061100,2019-06,day1_24h,c00,PASS,,PASS,,1,5,0,,(GEFS:2019-06-11T00:00:00+00:00:c00:2 - GEFS:2019-06-11T00:00:00+00:00:c00:1) + GEFS:2019-06-11T00:00:00+00:00:c00:4 + GEFS:2019-06-11T00:00:00+00:00:c00:6 + GEFS:2019-06-11T00:00:00+00:00:c00:8 + GEFS:2019-06-11T00:00:00+00:00:c00:9,5.684341886080802e-14,1.1698032981457527e-15,data/manifests/phase1e/2019-06/daily/source_2019061100.json,8090b817dcc9278153480c3f3c956d9dc7721fbe1869d0a1a62563c42db0552d
2019061100,2019-06,day2_24h,c00,PASS,,PASS,,1,5,0,,(GEFS:2019-06-11T00:00:00+00:00:c00:10 - GEFS:2019-06-11T00:00:00+00:00:c00:9) + GEFS:2019-06-11T00:00:00+00:00:c00:12 + GEFS:2019-06-11T00:00:00+00:00:c00:14 + GEFS:2019-06-11T00:00:00+00:00:c00:16 + GEFS:2019-06-11T00:00:00+00:00:c00:17,5.684341886080802e-14,1.05778683512391e-15,data/manifests/phase1e/2019-06/daily/source_2019061100.json,8090b817dcc9278153480c3f3c956d9dc7721fbe1869d0a1a62563c42db0552d
2019061100,2019-06,day3_24h,c00,FAIL,ValueError: materially negative reconstructed precipitation for 63--66,PASS,,1,5,0,,(GEFS:2019-06-11T00:00:00+00:00:c00:18 - GEFS:2019-06-11T00:00:00+00:00:c00:17) + GEFS:2019-06-11T00:00:00+00:00:c00:20 + GEFS:2019-06-11T00:00:00+00:00:c00:22 + GEFS:2019-06-11T00:00:00+00:00:c00:24 + GEFS:2019-06-11T00:00:00+00:00:c00:25,,,data/manifests/phase1e/2019-06/daily/source_2019061100.json,8090b817dcc9278153480c3f3c956d9dc7721fbe1869d0a1a62563c42db0552d
2019061100,2019-06,day1_24h,p01,PASS,,PASS,,1,5,0,,(GEFS:2019-06-11T00:00:00+00:00:p01:2 - GEFS:2019-06-11T00:00:00+00:00:p01:1) + GEFS:2019-06-11T00:00:00+00:00:p01:4 + GEFS:2019-06-11T00:00:00+00:00:p01:6 + GEFS:2019-06-11T00:00:00+00:00:p01:8 + GEFS:2019-06-11T00:00:00+00:00:p01:9,1.1368683772161603e-13,1.4161470367417762e-15,data/manifests/phase1e/2019-06/daily/source_2019061100.json,8090b817dcc9278153480c3f3c956d9dc7721fbe1869d0a1a62563c42db0552d
2019061100,2019-06,day2_24h,p01,PASS,,PASS,,1,5,0,,(GEFS:2019-06-11T00:00:00+00:00:p01:10 - GEFS:2019-06-11T00:00:00+00:00:p01:9) + GEFS:2019-06-11T00:00:00+00:00:p01:12 + GEFS:2019-06-11T00:00:00+00:00:p01:14 + GEFS:2019-06-11T00:00:00+00:00:p01:16 + GEFS:2019-06-11T00:00:00+00:00:p01:17,1.1368683772161603e-13,1.6876684695030805e-15,data/manifests/phase1e/2019-06/daily/source_2019061100.json,8090b817dcc9278153480c3f3c956d9dc7721fbe1869d0a1a62563c42db0552d
2019061100,2019-06,day3_24h,p01,FAIL,ValueError: materially negative reconstructed precipitation for 63--66,PASS,,1,5,0,,(GEFS:2019-06-11T00:00:00+00:00:p01:18 - GEFS:2019-06-11T00:00:00+00:00:p01:17) + GEFS:2019-06-11T00:00:00+00:00:p01:20 + GEFS:2019-06-11T00:00:00+00:00:p01:22 + GEFS:2019-06-11T00:00:00+00:00:p01:24 + GEFS:2019-06-11T00:00:00+00:00:p01:25,,,data/manifests/phase1e/2019-06/daily/source_2019061100.json,8090b817dcc9278153480c3f3c956d9dc7721fbe1869d0a1a62563c42db0552d
2019061100,2019-06,day1_24h,p02,PASS,,PASS,,1,5,0,,(GEFS:2019-06-11T00:00:00+00:00:p02:2 - GEFS:2019-06-11T00:00:00+00:00:p02:1) + GEFS:2019-06-11T00:00:00+00:00:p02:4 + GEFS:2019-06-11T00:00:00+00:00:p02:6 + GEFS:2019-06-11T00:00:00+00:00:p02:8 + GEFS:2019-06-11T00:00:00+00:00:p02:9,1.1368683772161603e-13,1.7265100913558558e-15,data/manifests/phase1e/2019-06/daily/source_2019061100.json,8090b817dcc9278153480c3f3c956d9dc7721fbe1869d0a1a62563c42db0552d
2019061100,2019-06,day2_24h,p02,FAIL,ValueError: materially negative reconstructed precipitation for 39--42,PASS,,1,5,0,,(GEFS:2019-06-11T00:00:00+00:00:p02:10 - GEFS:2019-06-11T00:00:00+00:00:p02:9) + GEFS:2019-06-11T00:00:00+00:00:p02:12 + GEFS:2019-06-11T00:00:00+00:00:p02:14 + GEFS:2019-06-11T00:00:00+00:00:p02:16 + GEFS:2019-06-11T00:00:00+00:00:p02:17,,,data/manifests/phase1e/2019-06/daily/source_2019061100.json,8090b817dcc9278153480c3f3c956d9dc7721fbe1869d0a1a62563c42db0552d
2019061100,2019-06,day3_24h,p02,FAIL,ValueError: materially negative reconstructed precipitation for 69--72,PASS,,1,5,0,,(GEFS:2019-06-11T00:00:00+00:00:p02:18 - GEFS:2019-06-11T00:00:00+00:00:p02:17) + GEFS:2019-06-11T00:00:00+00:00:p02:20 + GEFS:2019-06-11T00:00:00+00:00:p02:22 + GEFS:2019-06-11T00:00:00+00:00:p02:24 + GEFS:2019-06-11T00:00:00+00:00:p02:25,,,data/manifests/phase1e/2019-06/daily/source_2019061100.json,8090b817dcc9278153480c3f3c956d9dc7721fbe1869d0a1a62563c42db0552d
2019061100,2019-06,day1_24h,p03,PASS,,PASS,,1,5,0,,(GEFS:2019-06-11T00:00:00+00:00:p03:2 - GEFS:2019-06-11T00:00:00+00:00:p03:1) + GEFS:2019-06-11T00:00:00+00:00:p03:4 + GEFS:2019-06-11T00:00:00+00:00:p03:6 + GEFS:2019-06-11T00:00:00+00:00:p03:8 + GEFS:2019-06-11T00:00:00+00:00:p03:9,5.684341886080802e-14,1.367317569269716e-15,data/manifests/phase1e/2019-06/daily/source_2019061100.json,8090b817dcc9278153480c3f3c956d9dc7721fbe1869d0a1a62563c42db0552d
2019061100,2019-06,day2_24h,p03,PASS,,PASS,,1,5,0,,(GEFS:2019-06-11T00:00:00+00:00:p03:10 - GEFS:2019-06-11T00:00:00+00:00:p03:9) + GEFS:2019-06-11T00:00:00+00:00:p03:12 + GEFS:2019-06-11T00:00:00+00:00:p03:14 + GEFS:2019-06-11T00:00:00+00:00:p03:16 + GEFS:2019-06-11T00:00:00+00:00:p03:17,2.842170943040401e-14,5.692378402602245e-16,data/manifests/phase1e/2019-06/daily/source_2019061100.json,8090b817dcc9278153480c3f3c956d9dc7721fbe1869d0a1a62563c42db0552d
2019061100,2019-06,day3_24h,p03,FAIL,ValueError: materially negative reconstructed precipitation for 57--60,PASS,,1,5,0,,(GEFS:2019-06-11T00:00:00+00:00:p03:18 - GEFS:2019-06-11T00:00:00+00:00:p03:17) + GEFS:2019-06-11T00:00:00+00:00:p03:20 + GEFS:2019-06-11T00:00:00+00:00:p03:22 + GEFS:2019-06-11T00:00:00+00:00:p03:24 + GEFS:2019-06-11T00:00:00+00:00:p03:25,,,data/manifests/phase1e/2019-06/daily/source_2019061100.json,8090b817dcc9278153480c3f3c956d9dc7721fbe1869d0a1a62563c42db0552d
2019061100,2019-06,day1_24h,p04,PASS,,PASS,,1,5,2,-0.020000000000000462,(GEFS:2019-06-11T00:00:00+00:00:p04:2 - GEFS:2019-06-11T00:00:00+00:00:p04:1) + GEFS:2019-06-11T00:00:00+00:00:p04:4 + GEFS:2019-06-11T00:00:00+00:00:p04:6 + GEFS:2019-06-11T00:00:00+00:00:p04:8 + GEFS:2019-06-11T00:00:00+00:00:p04:9,5.684341886080802e-14,1.0738899241837065e-15,data/manifests/phase1e/2019-06/daily/source_2019061100.json,8090b817dcc9278153480c3f3c956d9dc7721fbe1869d0a1a62563c42db0552d
2019061100,2019-06,day2_24h,p04,PASS,,PASS,,1,5,0,,(GEFS:2019-06-11T00:00:00+00:00:p04:10 - GEFS:2019-06-11T00:00:00+00:00:p04:9) + GEFS:2019-06-11T00:00:00+00:00:p04:12 + GEFS:2019-06-11T00:00:00+00:00:p04:14 + GEFS:2019-06-11T00:00:00+00:00:p04:16 + GEFS:2019-06-11T00:00:00+00:00:p04:17,1.1368683772161603e-13,1.4378798489689241e-15,data/manifests/phase1e/2019-06/daily/source_2019061100.json,8090b817dcc9278153480c3f3c956d9dc7721fbe1869d0a1a62563c42db0552d
2019061100,2019-06,day3_24h,p04,FAIL,ValueError: materially negative reconstructed precipitation for 63--66,PASS,,1,5,0,,(GEFS:2019-06-11T00:00:00+00:00:p04:18 - GEFS:2019-06-11T00:00:00+00:00:p04:17) + GEFS:2019-06-11T00:00:00+00:00:p04:20 + GEFS:2019-06-11T00:00:00+00:00:p04:22 + GEFS:2019-06-11T00:00:00+00:00:p04:24 + GEFS:2019-06-11T00:00:00+00:00:p04:25,,,data/manifests/phase1e/2019-06/daily/source_2019061100.json,8090b817dcc9278153480c3f3c956d9dc7721fbe1869d0a1a62563c42db0552d
2019061200,2019-06,day1_24h,c00,PASS,,PASS,,1,5,0,,(GEFS:2019-06-12T00:00:00+00:00:c00:2 - GEFS:2019-06-12T00:00:00+00:00:c00:1) + GEFS:2019-06-12T00:00:00+00:00:c00:4 + GEFS:2019-06-12T00:00:00+00:00:c00:6 + GEFS:2019-06-12T00:00:00+00:00:c00:8 + GEFS:2019-06-12T00:00:00+00:00:c00:9,5.684341886080802e-14,1.1156562276819436e-15,data/manifests/phase1e/2019-06/daily/source_2019061200.json,76bedc216828382f3555002304d08b295e00afb6d1bd8c77abcbc9d6b0434574
2019061200,2019-06,day2_24h,c00,FAIL,ValueError: materially negative reconstructed precipitation for 39--42,PASS,,1,5,0,,(GEFS:2019-06-12T00:00:00+00:00:c00:10 - GEFS:2019-06-12T00:00:00+00:00:c00:9) + GEFS:2019-06-12T00:00:00+00:00:c00:12 + GEFS:2019-06-12T00:00:00+00:00:c00:14 + GEFS:2019-06-12T00:00:00+00:00:c00:16 + GEFS:2019-06-12T00:00:00+00:00:c00:17,,,data/manifests/phase1e/2019-06/daily/source_2019061200.json,76bedc216828382f3555002304d08b295e00afb6d1bd8c77abcbc9d6b0434574
2019061200,2019-06,day3_24h,c00,FAIL,ValueError: materially negative reconstructed precipitation for 51--54,FAIL,ValueError: negative difference exceeds packing bound for 51--54,,,,,,,,data/manifests/phase1e/2019-06/daily/source_2019061200.json,76bedc216828382f3555002304d08b295e00afb6d1bd8c77abcbc9d6b0434574
2019061200,2019-06,day1_24h,p01,PASS,,PASS,,1,5,0,,(GEFS:2019-06-12T00:00:00+00:00:p01:2 - GEFS:2019-06-12T00:00:00+00:00:p01:1) + GEFS:2019-06-12T00:00:00+00:00:p01:4 + GEFS:2019-06-12T00:00:00+00:00:p01:6 + GEFS:2019-06-12T00:00:00+00:00:p01:8 + GEFS:2019-06-12T00:00:00+00:00:p01:9,5.684341886080802e-14,1.1738724204350911e-15,data/manifests/phase1e/2019-06/daily/source_2019061200.json,76bedc216828382f3555002304d08b295e00afb6d1bd8c77abcbc9d6b0434574
2019061200,2019-06,day2_24h,p01,FAIL,ValueError: materially negative reconstructed precipitation for 33--36,PASS,,1,5,0,,(GEFS:2019-06-12T00:00:00+00:00:p01:10 - GEFS:2019-06-12T00:00:00+00:00:p01:9) + GEFS:2019-06-12T00:00:00+00:00:p01:12 + GEFS:2019-06-12T00:00:00+00:00:p01:14 + GEFS:2019-06-12T00:00:00+00:00:p01:16 + GEFS:2019-06-12T00:00:00+00:00:p01:17,,,data/manifests/phase1e/2019-06/daily/source_2019061200.json,76bedc216828382f3555002304d08b295e00afb6d1bd8c77abcbc9d6b0434574
2019061200,2019-06,day3_24h,p01,FAIL,ValueError: materially negative reconstructed precipitation for 63--66,PASS,,1,5,0,,(GEFS:2019-06-12T00:00:00+00:00:p01:18 - GEFS:2019-06-12T00:00:00+00:00:p01:17) + GEFS:2019-06-12T00:00:00+00:00:p01:20 + GEFS:2019-06-12T00:00:00+00:00:p01:22 + GEFS:2019-06-12T00:00:00+00:00:p01:24 + GEFS:2019-06-12T00:00:00+00:00:p01:25,,,data/manifests/phase1e/2019-06/daily/source_2019061200.json,76bedc216828382f3555002304d08b295e00afb6d1bd8c77abcbc9d6b0434574
2019061200,2019-06,day1_24h,p02,PASS,,PASS,,1,5,0,,(GEFS:2019-06-12T00:00:00+00:00:p02:2 - GEFS:2019-06-12T00:00:00+00:00:p02:1) + GEFS:2019-06-12T00:00:00+00:00:p02:4 + GEFS:2019-06-12T00:00:00+00:00:p02:6 + GEFS:2019-06-12T00:00:00+00:00:p02:8 + GEFS:2019-06-12T00:00:00+00:00:p02:9,5.684341886080802e-14,8.984899455015167e-16,data/manifests/phase1e/2019-06/daily/source_2019061200.json,76bedc216828382f3555002304d08b295e00afb6d1bd8c77abcbc9d6b0434574
2019061200,2019-06,day2_24h,p02,PASS,,PASS,,1,5,0,,(GEFS:2019-06-12T00:00:00+00:00:p02:10 - GEFS:2019-06-12T00:00:00+00:00:p02:9) + GEFS:2019-06-12T00:00:00+00:00:p02:12 + GEFS:2019-06-12T00:00:00+00:00:p02:14 + GEFS:2019-06-12T00:00:00+00:00:p02:16 + GEFS:2019-06-12T00:00:00+00:00:p02:17,5.684341886080802e-14,9.78161510325721e-16,data/manifests/phase1e/2019-06/daily/source_2019061200.json,76bedc216828382f3555002304d08b295e00afb6d1bd8c77abcbc9d6b0434574
2019061200,2019-06,day3_24h,p02,FAIL,ValueError: materially negative reconstructed precipitation for 51--54,FAIL,ValueError: negative difference exceeds packing bound for 51--54,,,,,,,,data/manifests/phase1e/2019-06/daily/source_2019061200.json,76bedc216828382f3555002304d08b295e00afb6d1bd8c77abcbc9d6b0434574
2019061200,2019-06,day1_24h,p03,PASS,,PASS,,1,5,0,,(GEFS:2019-06-12T00:00:00+00:00:p03:2 - GEFS:2019-06-12T00:00:00+00:00:p03:1) + GEFS:2019-06-12T00:00:00+00:00:p03:4 + GEFS:2019-06-12T00:00:00+00:00:p03:6 + GEFS:2019-06-12T00:00:00+00:00:p03:8 + GEFS:2019-06-12T00:00:00+00:00:p03:9,1.1368683772161603e-13,1.84604055860517e-15,data/manifests/phase1e/2019-06/daily/source_2019061200.json,76bedc216828382f3555002304d08b295e00afb6d1bd8c77abcbc9d6b0434574
2019061200,2019-06,day2_24h,p03,PASS,,PASS,,1,5,0,,(GEFS:2019-06-12T00:00:00+00:00:p03:10 - GEFS:2019-06-12T00:00:00+00:00:p03:9) + GEFS:2019-06-12T00:00:00+00:00:p03:12 + GEFS:2019-06-12T00:00:00+00:00:p03:14 + GEFS:2019-06-12T00:00:00+00:00:p03:16 + GEFS:2019-06-12T00:00:00+00:00:p03:17,5.684341886080802e-14,6.665037349832156e-16,data/manifests/phase1e/2019-06/daily/source_2019061200.json,76bedc216828382f3555002304d08b295e00afb6d1bd8c77abcbc9d6b0434574
2019061200,2019-06,day3_24h,p03,FAIL,ValueError: materially negative reconstructed precipitation for 51--54,FAIL,ValueError: negative difference exceeds packing bound for 51--54,,,,,,,,data/manifests/phase1e/2019-06/daily/source_2019061200.json,76bedc216828382f3555002304d08b295e00afb6d1bd8c77abcbc9d6b0434574
2019061200,2019-06,day1_24h,p04,FAIL,ValueError: materially negative reconstructed precipitation for 21--24,PASS,,1,5,0,,(GEFS:2019-06-12T00:00:00+00:00:p04:2 - GEFS:2019-06-12T00:00:00+00:00:p04:1) + GEFS:2019-06-12T00:00:00+00:00:p04:4 + GEFS:2019-06-12T00:00:00+00:00:p04:6 + GEFS:2019-06-12T00:00:00+00:00:p04:8 + GEFS:2019-06-12T00:00:00+00:00:p04:9,,,data/manifests/phase1e/2019-06/daily/source_2019061200.json,76bedc216828382f3555002304d08b295e00afb6d1bd8c77abcbc9d6b0434574
2019061200,2019-06,day2_24h,p04,FAIL,ValueError: materially negative reconstructed precipitation for 39--42,PASS,,1,5,0,,(GEFS:2019-06-12T00:00:00+00:00:p04:10 - GEFS:2019-06-12T00:00:00+00:00:p04:9) + GEFS:2019-06-12T00:00:00+00:00:p04:12 + GEFS:2019-06-12T00:00:00+00:00:p04:14 + GEFS:2019-06-12T00:00:00+00:00:p04:16 + GEFS:2019-06-12T00:00:00+00:00:p04:17,,,data/manifests/phase1e/2019-06/daily/source_2019061200.json,76bedc216828382f3555002304d08b295e00afb6d1bd8c77abcbc9d6b0434574
2019061200,2019-06,day3_24h,p04,FAIL,ValueError: materially negative reconstructed precipitation for 57--60,PASS,,1,5,0,,(GEFS:2019-06-12T00:00:00+00:00:p04:18 - GEFS:2019-06-12T00:00:00+00:00:p04:17) + GEFS:2019-06-12T00:00:00+00:00:p04:20 + GEFS:2019-06-12T00:00:00+00:00:p04:22 + GEFS:2019-06-12T00:00:00+00:00:p04:24 + GEFS:2019-06-12T00:00:00+00:00:p04:25,,,data/manifests/phase1e/2019-06/daily/source_2019061200.json,76bedc216828382f3555002304d08b295e00afb6d1bd8c77abcbc9d6b0434574
2019061300,2019-06,day1_24h,c00,FAIL,ValueError: materially negative reconstructed precipitation for 21--24,PASS,,1,5,0,,(GEFS:2019-06-13T00:00:00+00:00:c00:2 - GEFS:2019-06-13T00:00:00+00:00:c00:1) + GEFS:2019-06-13T00:00:00+00:00:c00:4 + GEFS:2019-06-13T00:00:00+00:00:c00:6 + GEFS:2019-06-13T00:00:00+00:00:c00:8 + GEFS:2019-06-13T00:00:00+00:00:c00:9,,,data/manifests/phase1e/2019-06/daily/source_2019061300.json,94db26ebe67ce9bdabede46a8f6e8e6778585b92d9b5b61580065cc66daea500
2019061300,2019-06,day2_24h,c00,FAIL,ValueError: materially negative reconstructed precipitation for 45--48,PASS,,1,5,67,-0.04999999999999993,(GEFS:2019-06-13T00:00:00+00:00:c00:10 - GEFS:2019-06-13T00:00:00+00:00:c00:9) + GEFS:2019-06-13T00:00:00+00:00:c00:12 + GEFS:2019-06-13T00:00:00+00:00:c00:14 + GEFS:2019-06-13T00:00:00+00:00:c00:16 + GEFS:2019-06-13T00:00:00+00:00:c00:17,,,data/manifests/phase1e/2019-06/daily/source_2019061300.json,94db26ebe67ce9bdabede46a8f6e8e6778585b92d9b5b61580065cc66daea500
2019061300,2019-06,day3_24h,c00,FAIL,ValueError: materially negative reconstructed precipitation for 63--66,PASS,,1,5,0,,(GEFS:2019-06-13T00:00:00+00:00:c00:18 - GEFS:2019-06-13T00:00:00+00:00:c00:17) + GEFS:2019-06-13T00:00:00+00:00:c00:20 + GEFS:2019-06-13T00:00:00+00:00:c00:22 + GEFS:2019-06-13T00:00:00+00:00:c00:24 + GEFS:2019-06-13T00:00:00+00:00:c00:25,,,data/manifests/phase1e/2019-06/daily/source_2019061300.json,94db26ebe67ce9bdabede46a8f6e8e6778585b92d9b5b61580065cc66daea500
2019061300,2019-06,day1_24h,p01,PASS,,PASS,,1,5,0,,(GEFS:2019-06-13T00:00:00+00:00:p01:2 - GEFS:2019-06-13T00:00:00+00:00:p01:1) + GEFS:2019-06-13T00:00:00+00:00:p01:4 + GEFS:2019-06-13T00:00:00+00:00:p01:6 + GEFS:2019-06-13T00:00:00+00:00:p01:8 + GEFS:2019-06-13T00:00:00+00:00:p01:9,1.1368683772161603e-13,9.083853110687714e-16,data/manifests/phase1e/2019-06/daily/source_2019061300.json,94db26ebe67ce9bdabede46a8f6e8e6778585b92d9b5b61580065cc66daea500
2019061300,2019-06,day2_24h,p01,PASS,,PASS,,1,5,0,,(GEFS:2019-06-13T00:00:00+00:00:p01:10 - GEFS:2019-06-13T00:00:00+00:00:p01:9) + GEFS:2019-06-13T00:00:00+00:00:p01:12 + GEFS:2019-06-13T00:00:00+00:00:p01:14 + GEFS:2019-06-13T00:00:00+00:00:p01:16 + GEFS:2019-06-13T00:00:00+00:00:p01:17,1.4210854715202004e-14,5.534468713760308e-16,data/manifests/phase1e/2019-06/daily/source_2019061300.json,94db26ebe67ce9bdabede46a8f6e8e6778585b92d9b5b61580065cc66daea500
2019061300,2019-06,day3_24h,p01,FAIL,ValueError: materially negative reconstructed precipitation for 51--54,FAIL,ValueError: negative difference exceeds packing bound for 51--54,,,,,,,,data/manifests/phase1e/2019-06/daily/source_2019061300.json,94db26ebe67ce9bdabede46a8f6e8e6778585b92d9b5b61580065cc66daea500
2019061300,2019-06,day1_24h,p02,FAIL,ValueError: materially negative reconstructed precipitation for 21--24,PASS,,1,5,0,,(GEFS:2019-06-13T00:00:00+00:00:p02:2 - GEFS:2019-06-13T00:00:00+00:00:p02:1) + GEFS:2019-06-13T00:00:00+00:00:p02:4 + GEFS:2019-06-13T00:00:00+00:00:p02:6 + GEFS:2019-06-13T00:00:00+00:00:p02:8 + GEFS:2019-06-13T00:00:00+00:00:p02:9,,,data/manifests/phase1e/2019-06/daily/source_2019061300.json,94db26ebe67ce9bdabede46a8f6e8e6778585b92d9b5b61580065cc66daea500
2019061300,2019-06,day2_24h,p02,FAIL,ValueError: materially negative reconstructed precipitation for 27--30,FAIL,ValueError: negative difference exceeds packing bound for 27--30,,,,,,,,data/manifests/phase1e/2019-06/daily/source_2019061300.json,94db26ebe67ce9bdabede46a8f6e8e6778585b92d9b5b61580065cc66daea500
2019061300,2019-06,day3_24h,p02,PASS,,PASS,,1,5,0,,(GEFS:2019-06-13T00:00:00+00:00:p02:18 - GEFS:2019-06-13T00:00:00+00:00:p02:17) + GEFS:2019-06-13T00:00:00+00:00:p02:20 + GEFS:2019-06-13T00:00:00+00:00:p02:22 + GEFS:2019-06-13T00:00:00+00:00:p02:24 + GEFS:2019-06-13T00:00:00+00:00:p02:25,7.105427357601002e-15,2.903411233494943e-16,data/manifests/phase1e/2019-06/daily/source_2019061300.json,94db26ebe67ce9bdabede46a8f6e8e6778585b92d9b5b61580065cc66daea500
2019061300,2019-06,day1_24h,p03,PASS,,PASS,,1,5,0,,(GEFS:2019-06-13T00:00:00+00:00:p03:2 - GEFS:2019-06-13T00:00:00+00:00:p03:1) + GEFS:2019-06-13T00:00:00+00:00:p03:4 + GEFS:2019-06-13T00:00:00+00:00:p03:6 + GEFS:2019-06-13T00:00:00+00:00:p03:8 + GEFS:2019-06-13T00:00:00+00:00:p03:9,5.684341886080802e-14,4.746076270201003e-16,data/manifests/phase1e/2019-06/daily/source_2019061300.json,94db26ebe67ce9bdabede46a8f6e8e6778585b92d9b5b61580065cc66daea500
2019061300,2019-06,day2_24h,p03,PASS,,PASS,,1,5,116,-0.05,(GEFS:2019-06-13T00:00:00+00:00:p03:10 - GEFS:2019-06-13T00:00:00+00:00:p03:9) + GEFS:2019-06-13T00:00:00+00:00:p03:12 + GEFS:2019-06-13T00:00:00+00:00:p03:14 + GEFS:2019-06-13T00:00:00+00:00:p03:16 + GEFS:2019-06-13T00:00:00+00:00:p03:17,1.4210854715202004e-14,3.7211660935739054e-16,data/manifests/phase1e/2019-06/daily/source_2019061300.json,94db26ebe67ce9bdabede46a8f6e8e6778585b92d9b5b61580065cc66daea500
2019061300,2019-06,day3_24h,p03,PASS,,PASS,,1,5,0,,(GEFS:2019-06-13T00:00:00+00:00:p03:18 - GEFS:2019-06-13T00:00:00+00:00:p03:17) + GEFS:2019-06-13T00:00:00+00:00:p03:20 + GEFS:2019-06-13T00:00:00+00:00:p03:22 + GEFS:2019-06-13T00:00:00+00:00:p03:24 + GEFS:2019-06-13T00:00:00+00:00:p03:25,1.4210854715202004e-14,3.7544589123048557e-16,data/manifests/phase1e/2019-06/daily/source_2019061300.json,94db26ebe67ce9bdabede46a8f6e8e6778585b92d9b5b61580065cc66daea500
2019061300,2019-06,day1_24h,p04,FAIL,ValueError: materially negative reconstructed precipitation for 9--12,PASS,,1,5,61,-0.050000000000000044,(GEFS:2019-06-13T00:00:00+00:00:p04:2 - GEFS:2019-06-13T00:00:00+00:00:p04:1) + GEFS:2019-06-13T00:00:00+00:00:p04:4 + GEFS:2019-06-13T00:00:00+00:00:p04:6 + GEFS:2019-06-13T00:00:00+00:00:p04:8 + GEFS:2019-06-13T00:00:00+00:00:p04:9,,,data/manifests/phase1e/2019-06/daily/source_2019061300.json,94db26ebe67ce9bdabede46a8f6e8e6778585b92d9b5b61580065cc66daea500
2019061300,2019-06,day2_24h,p04,FAIL,ValueError: materially negative reconstructed precipitation for 33--36,PASS,,1,5,0,,(GEFS:2019-06-13T00:00:00+00:00:p04:10 - GEFS:2019-06-13T00:00:00+00:00:p04:9) + GEFS:2019-06-13T00:00:00+00:00:p04:12 + GEFS:2019-06-13T00:00:00+00:00:p04:14 + GEFS:2019-06-13T00:00:00+00:00:p04:16 + GEFS:2019-06-13T00:00:00+00:00:p04:17,,,data/manifests/phase1e/2019-06/daily/source_2019061300.json,94db26ebe67ce9bdabede46a8f6e8e6778585b92d9b5b61580065cc66daea500
2019061300,2019-06,day3_24h,p04,FAIL,ValueError: materially negative reconstructed precipitation for 57--60,PASS,,1,5,0,,(GEFS:2019-06-13T00:00:00+00:00:p04:18 - GEFS:2019-06-13T00:00:00+00:00:p04:17) + GEFS:2019-06-13T00:00:00+00:00:p04:20 + GEFS:2019-06-13T00:00:00+00:00:p04:22 + GEFS:2019-06-13T00:00:00+00:00:p04:24 + GEFS:2019-06-13T00:00:00+00:00:p04:25,,,data/manifests/phase1e/2019-06/daily/source_2019061300.json,94db26ebe67ce9bdabede46a8f6e8e6778585b92d9b5b61580065cc66daea500
2019061400,2019-06,day1_24h,c00,PASS,,PASS,,1,5,0,,(GEFS:2019-06-14T00:00:00+00:00:c00:2 - GEFS:2019-06-14T00:00:00+00:00:c00:1) + GEFS:2019-06-14T00:00:00+00:00:c00:4 + GEFS:2019-06-14T00:00:00+00:00:c00:6 + GEFS:2019-06-14T00:00:00+00:00:c00:8 + GEFS:2019-06-14T00:00:00+00:00:c00:9,5.684341886080802e-14,3.463377948539118e-16,data/manifests/phase1e/2019-06/daily/source_2019061400.json,fb13eeeed2d1d16fbd99a440f8e6d61e025d32421244bfc40d4c278a8bb838d6
2019061400,2019-06,day2_24h,c00,FAIL,ValueError: materially negative reconstructed precipitation for 27--30,FAIL,ValueError: negative difference exceeds packing bound for 27--30,,,,,,,,data/manifests/phase1e/2019-06/daily/source_2019061400.json,fb13eeeed2d1d16fbd99a440f8e6d61e025d32421244bfc40d4c278a8bb838d6
2019061400,2019-06,day3_24h,c00,FAIL,ValueError: materially negative reconstructed precipitation for 57--60,PASS,,1,5,0,,(GEFS:2019-06-14T00:00:00+00:00:c00:18 - GEFS:2019-06-14T00:00:00+00:00:c00:17) + GEFS:2019-06-14T00:00:00+00:00:c00:20 + GEFS:2019-06-14T00:00:00+00:00:c00:22 + GEFS:2019-06-14T00:00:00+00:00:c00:24 + GEFS:2019-06-14T00:00:00+00:00:c00:25,,,data/manifests/phase1e/2019-06/daily/source_2019061400.json,fb13eeeed2d1d16fbd99a440f8e6d61e025d32421244bfc40d4c278a8bb838d6
2019061400,2019-06,day1_24h,p01,FAIL,ValueError: materially negative reconstructed precipitation for 21--24,PASS,,1,5,0,,(GEFS:2019-06-14T00:00:00+00:00:p01:2 - GEFS:2019-06-14T00:00:00+00:00:p01:1) + GEFS:2019-06-14T00:00:00+00:00:p01:4 + GEFS:2019-06-14T00:00:00+00:00:p01:6 + GEFS:2019-06-14T00:00:00+00:00:p01:8 + GEFS:2019-06-14T00:00:00+00:00:p01:9,,,data/manifests/phase1e/2019-06/daily/source_2019061400.json,fb13eeeed2d1d16fbd99a440f8e6d61e025d32421244bfc40d4c278a8bb838d6
2019061400,2019-06,day2_24h,p01,FAIL,ValueError: materially negative reconstructed precipitation for 27--30,FAIL,ValueError: negative difference exceeds packing bound for 27--30,,,,,,,,data/manifests/phase1e/2019-06/daily/source_2019061400.json,fb13eeeed2d1d16fbd99a440f8e6d61e025d32421244bfc40d4c278a8bb838d6
2019061400,2019-06,day3_24h,p01,FAIL,ValueError: materially negative reconstructed precipitation for 51--54,FAIL,ValueError: negative difference exceeds packing bound for 51--54,,,,,,,,data/manifests/phase1e/2019-06/daily/source_2019061400.json,fb13eeeed2d1d16fbd99a440f8e6d61e025d32421244bfc40d4c278a8bb838d6
2019061400,2019-06,day1_24h,p02,FAIL,ValueError: materially negative reconstructed precipitation for 9--12,PASS,,1,5,14,-0.050000000000000044,(GEFS:2019-06-14T00:00:00+00:00:p02:2 - GEFS:2019-06-14T00:00:00+00:00:p02:1) + GEFS:2019-06-14T00:00:00+00:00:p02:4 + GEFS:2019-06-14T00:00:00+00:00:p02:6 + GEFS:2019-06-14T00:00:00+00:00:p02:8 + GEFS:2019-06-14T00:00:00+00:00:p02:9,,,data/manifests/phase1e/2019-06/daily/source_2019061400.json,fb13eeeed2d1d16fbd99a440f8e6d61e025d32421244bfc40d4c278a8bb838d6
2019061400,2019-06,day2_24h,p02,PASS,,PASS,,1,5,0,,(GEFS:2019-06-14T00:00:00+00:00:p02:10 - GEFS:2019-06-14T00:00:00+00:00:p02:9) + GEFS:2019-06-14T00:00:00+00:00:p02:12 + GEFS:2019-06-14T00:00:00+00:00:p02:14 + GEFS:2019-06-14T00:00:00+00:00:p02:16 + GEFS:2019-06-14T00:00:00+00:00:p02:17,7.105427357601002e-15,1.877807456477618e-16,data/manifests/phase1e/2019-06/daily/source_2019061400.json,fb13eeeed2d1d16fbd99a440f8e6d61e025d32421244bfc40d4c278a8bb838d6
2019061400,2019-06,day3_24h,p02,FAIL,ValueError: materially negative reconstructed precipitation for 57--60,PASS,,1,5,0,,(GEFS:2019-06-14T00:00:00+00:00:p02:18 - GEFS:2019-06-14T00:00:00+00:00:p02:17) + GEFS:2019-06-14T00:00:00+00:00:p02:20 + GEFS:2019-06-14T00:00:00+00:00:p02:22 + GEFS:2019-06-14T00:00:00+00:00:p02:24 + GEFS:2019-06-14T00:00:00+00:00:p02:25,,,data/manifests/phase1e/2019-06/daily/source_2019061400.json,fb13eeeed2d1d16fbd99a440f8e6d61e025d32421244bfc40d4c278a8bb838d6
2019061400,2019-06,day1_24h,p03,FAIL,ValueError: materially negative reconstructed precipitation for 15--18,PASS,,1,5,0,,(GEFS:2019-06-14T00:00:00+00:00:p03:2 - GEFS:2019-06-14T00:00:00+00:00:p03:1) + GEFS:2019-06-14T00:00:00+00:00:p03:4 + GEFS:2019-06-14T00:00:00+00:00:p03:6 + GEFS:2019-06-14T00:00:00+00:00:p03:8 + GEFS:2019-06-14T00:00:00+00:00:p03:9,,,data/manifests/phase1e/2019-06/daily/source_2019061400.json,fb13eeeed2d1d16fbd99a440f8e6d61e025d32421244bfc40d4c278a8bb838d6
2019061400,2019-06,day2_24h,p03,FAIL,ValueError: materially negative reconstructed precipitation for 27--30,FAIL,ValueError: negative difference exceeds packing bound for 27--30,,,,,,,,data/manifests/phase1e/2019-06/daily/source_2019061400.json,fb13eeeed2d1d16fbd99a440f8e6d61e025d32421244bfc40d4c278a8bb838d6
2019061400,2019-06,day3_24h,p03,PASS,,PASS,,1,5,0,,(GEFS:2019-06-14T00:00:00+00:00:p03:18 - GEFS:2019-06-14T00:00:00+00:00:p03:17) + GEFS:2019-06-14T00:00:00+00:00:p03:20 + GEFS:2019-06-14T00:00:00+00:00:p03:22 + GEFS:2019-06-14T00:00:00+00:00:p03:24 + GEFS:2019-06-14T00:00:00+00:00:p03:25,7.105427357601002e-15,1.49794564276268e-16,data/manifests/phase1e/2019-06/daily/source_2019061400.json,fb13eeeed2d1d16fbd99a440f8e6d61e025d32421244bfc40d4c278a8bb838d6
2019061400,2019-06,day1_24h,p04,FAIL,ValueError: materially negative reconstructed precipitation for 15--18,PASS,,1,5,0,,(GEFS:2019-06-14T00:00:00+00:00:p04:2 - GEFS:2019-06-14T00:00:00+00:00:p04:1) + GEFS:2019-06-14T00:00:00+00:00:p04:4 + GEFS:2019-06-14T00:00:00+00:00:p04:6 + GEFS:2019-06-14T00:00:00+00:00:p04:8 + GEFS:2019-06-14T00:00:00+00:00:p04:9,,,data/manifests/phase1e/2019-06/daily/source_2019061400.json,fb13eeeed2d1d16fbd99a440f8e6d61e025d32421244bfc40d4c278a8bb838d6
2019061400,2019-06,day2_24h,p04,PASS,,PASS,,1,5,0,,(GEFS:2019-06-14T00:00:00+00:00:p04:10 - GEFS:2019-06-14T00:00:00+00:00:p04:9) + GEFS:2019-06-14T00:00:00+00:00:p04:12 + GEFS:2019-06-14T00:00:00+00:00:p04:14 + GEFS:2019-06-14T00:00:00+00:00:p04:16 + GEFS:2019-06-14T00:00:00+00:00:p04:17,1.4210854715202004e-14,1.694118953132202e-16,data/manifests/phase1e/2019-06/daily/source_2019061400.json,fb13eeeed2d1d16fbd99a440f8e6d61e025d32421244bfc40d4c278a8bb838d6
2019061400,2019-06,day3_24h,p04,FAIL,ValueError: materially negative reconstructed precipitation for 51--54,FAIL,ValueError: negative difference exceeds packing bound for 51--54,,,,,,,,data/manifests/phase1e/2019-06/daily/source_2019061400.json,fb13eeeed2d1d16fbd99a440f8e6d61e025d32421244bfc40d4c278a8bb838d6
2019061500,2019-06,day1_24h,c00,PASS,,PASS,,1,5,0,,(GEFS:2019-06-15T00:00:00+00:00:c00:2 - GEFS:2019-06-15T00:00:00+00:00:c00:1) + GEFS:2019-06-15T00:00:00+00:00:c00:4 + GEFS:2019-06-15T00:00:00+00:00:c00:6 + GEFS:2019-06-15T00:00:00+00:00:c00:8 + GEFS:2019-06-15T00:00:00+00:00:c00:9,1.0658141036401503e-14,1.9559531004433203e-16,data/manifests/phase1e/2019-06/daily/source_2019061500.json,b99f1c64b8dcd9ac3536bd57637bbd703c54aed597d4e41afea1d1c59de2b383
2019061500,2019-06,day2_24h,c00,FAIL,ValueError: materially negative reconstructed precipitation for 33--36,PASS,,1,5,0,,(GEFS:2019-06-15T00:00:00+00:00:c00:10 - GEFS:2019-06-15T00:00:00+00:00:c00:9) + GEFS:2019-06-15T00:00:00+00:00:c00:12 + GEFS:2019-06-15T00:00:00+00:00:c00:14 + GEFS:2019-06-15T00:00:00+00:00:c00:16 + GEFS:2019-06-15T00:00:00+00:00:c00:17,,,data/manifests/phase1e/2019-06/daily/source_2019061500.json,b99f1c64b8dcd9ac3536bd57637bbd703c54aed597d4e41afea1d1c59de2b383
2019061500,2019-06,day3_24h,c00,FAIL,ValueError: materially negative reconstructed precipitation for 51--54,FAIL,ValueError: negative difference exceeds packing bound for 51--54,,,,,,,,data/manifests/phase1e/2019-06/daily/source_2019061500.json,b99f1c64b8dcd9ac3536bd57637bbd703c54aed597d4e41afea1d1c59de2b383
2019061500,2019-06,day1_24h,p01,PASS,,PASS,,1,5,80,-0.04999999999999999,(GEFS:2019-06-15T00:00:00+00:00:p01:2 - GEFS:2019-06-15T00:00:00+00:00:p01:1) + GEFS:2019-06-15T00:00:00+00:00:p01:4 + GEFS:2019-06-15T00:00:00+00:00:p01:6 + GEFS:2019-06-15T00:00:00+00:00:p01:8 + GEFS:2019-06-15T00:00:00+00:00:p01:9,7.105427357601002e-15,2.0918987769280335e-16,data/manifests/phase1e/2019-06/daily/source_2019061500.json,b99f1c64b8dcd9ac3536bd57637bbd703c54aed597d4e41afea1d1c59de2b383
2019061500,2019-06,day2_24h,p01,FAIL,ValueError: materially negative reconstructed precipitation for 39--42,PASS,,1,5,0,,(GEFS:2019-06-15T00:00:00+00:00:p01:10 - GEFS:2019-06-15T00:00:00+00:00:p01:9) + GEFS:2019-06-15T00:00:00+00:00:p01:12 + GEFS:2019-06-15T00:00:00+00:00:p01:14 + GEFS:2019-06-15T00:00:00+00:00:p01:16 + GEFS:2019-06-15T00:00:00+00:00:p01:17,,,data/manifests/phase1e/2019-06/daily/source_2019061500.json,b99f1c64b8dcd9ac3536bd57637bbd703c54aed597d4e41afea1d1c59de2b383
2019061500,2019-06,day3_24h,p01,FAIL,ValueError: materially negative reconstructed precipitation for 51--54,FAIL,ValueError: negative difference exceeds packing bound for 51--54,,,,,,,,data/manifests/phase1e/2019-06/daily/source_2019061500.json,b99f1c64b8dcd9ac3536bd57637bbd703c54aed597d4e41afea1d1c59de2b383
2019061500,2019-06,day1_24h,p02,PASS,,PASS,,1,5,64,-0.04999999999999999,(GEFS:2019-06-15T00:00:00+00:00:p02:2 - GEFS:2019-06-15T00:00:00+00:00:p02:1) + GEFS:2019-06-15T00:00:00+00:00:p02:4 + GEFS:2019-06-15T00:00:00+00:00:p02:6 + GEFS:2019-06-15T00:00:00+00:00:p02:8 + GEFS:2019-06-15T00:00:00+00:00:p02:9,7.105427357601002e-15,1.665796937197887e-16,data/manifests/phase1e/2019-06/daily/source_2019061500.json,b99f1c64b8dcd9ac3536bd57637bbd703c54aed597d4e41afea1d1c59de2b383
2019061500,2019-06,day2_24h,p02,PASS,,PASS,,1,5,0,,(GEFS:2019-06-15T00:00:00+00:00:p02:10 - GEFS:2019-06-15T00:00:00+00:00:p02:9) + GEFS:2019-06-15T00:00:00+00:00:p02:12 + GEFS:2019-06-15T00:00:00+00:00:p02:14 + GEFS:2019-06-15T00:00:00+00:00:p02:16 + GEFS:2019-06-15T00:00:00+00:00:p02:17,3.552713678800501e-15,1.8278682283811928e-16,data/manifests/phase1e/2019-06/daily/source_2019061500.json,b99f1c64b8dcd9ac3536bd57637bbd703c54aed597d4e41afea1d1c59de2b383
2019061500,2019-06,day3_24h,p02,FAIL,ValueError: materially negative reconstructed precipitation for 63--66,PASS,,1,5,0,,(GEFS:2019-06-15T00:00:00+00:00:p02:18 - GEFS:2019-06-15T00:00:00+00:00:p02:17) + GEFS:2019-06-15T00:00:00+00:00:p02:20 + GEFS:2019-06-15T00:00:00+00:00:p02:22 + GEFS:2019-06-15T00:00:00+00:00:p02:24 + GEFS:2019-06-15T00:00:00+00:00:p02:25,,,data/manifests/phase1e/2019-06/daily/source_2019061500.json,b99f1c64b8dcd9ac3536bd57637bbd703c54aed597d4e41afea1d1c59de2b383
2019061500,2019-06,day1_24h,p03,PASS,,PASS,,1,5,73,-0.04999999999999999,(GEFS:2019-06-15T00:00:00+00:00:p03:2 - GEFS:2019-06-15T00:00:00+00:00:p03:1) + GEFS:2019-06-15T00:00:00+00:00:p03:4 + GEFS:2019-06-15T00:00:00+00:00:p03:6 + GEFS:2019-06-15T00:00:00+00:00:p03:8 + GEFS:2019-06-15T00:00:00+00:00:p03:9,7.105427357601002e-15,1.1569254509005172e-16,data/manifests/phase1e/2019-06/daily/source_2019061500.json,b99f1c64b8dcd9ac3536bd57637bbd703c54aed597d4e41afea1d1c59de2b383
2019061500,2019-06,day2_24h,p03,FAIL,ValueError: materially negative reconstructed precipitation for 33--36,PASS,,1,5,0,,(GEFS:2019-06-15T00:00:00+00:00:p03:10 - GEFS:2019-06-15T00:00:00+00:00:p03:9) + GEFS:2019-06-15T00:00:00+00:00:p03:12 + GEFS:2019-06-15T00:00:00+00:00:p03:14 + GEFS:2019-06-15T00:00:00+00:00:p03:16 + GEFS:2019-06-15T00:00:00+00:00:p03:17,,,data/manifests/phase1e/2019-06/daily/source_2019061500.json,b99f1c64b8dcd9ac3536bd57637bbd703c54aed597d4e41afea1d1c59de2b383
2019061500,2019-06,day3_24h,p03,FAIL,ValueError: materially negative reconstructed precipitation for 57--60,PASS,,1,5,0,,(GEFS:2019-06-15T00:00:00+00:00:p03:18 - GEFS:2019-06-15T00:00:00+00:00:p03:17) + GEFS:2019-06-15T00:00:00+00:00:p03:20 + GEFS:2019-06-15T00:00:00+00:00:p03:22 + GEFS:2019-06-15T00:00:00+00:00:p03:24 + GEFS:2019-06-15T00:00:00+00:00:p03:25,,,data/manifests/phase1e/2019-06/daily/source_2019061500.json,b99f1c64b8dcd9ac3536bd57637bbd703c54aed597d4e41afea1d1c59de2b383
2019061500,2019-06,day1_24h,p04,PASS,,PASS,,1,5,0,,(GEFS:2019-06-15T00:00:00+00:00:p04:2 - GEFS:2019-06-15T00:00:00+00:00:p04:1) + GEFS:2019-06-15T00:00:00+00:00:p04:4 + GEFS:2019-06-15T00:00:00+00:00:p04:6 + GEFS:2019-06-15T00:00:00+00:00:p04:8 + GEFS:2019-06-15T00:00:00+00:00:p04:9,7.105427357601002e-15,1.7226721691965933e-16,data/manifests/phase1e/2019-06/daily/source_2019061500.json,b99f1c64b8dcd9ac3536bd57637bbd703c54aed597d4e41afea1d1c59de2b383
2019061500,2019-06,day2_24h,p04,FAIL,ValueError: materially negative reconstructed precipitation for 27--30,FAIL,ValueError: negative difference exceeds packing bound for 27--30,,,,,,,,data/manifests/phase1e/2019-06/daily/source_2019061500.json,b99f1c64b8dcd9ac3536bd57637bbd703c54aed597d4e41afea1d1c59de2b383
2019061500,2019-06,day3_24h,p04,FAIL,ValueError: materially negative reconstructed precipitation for 51--54,FAIL,ValueError: negative difference exceeds packing bound for 51--54,,,,,,,,data/manifests/phase1e/2019-06/daily/source_2019061500.json,b99f1c64b8dcd9ac3536bd57637bbd703c54aed597d4e41afea1d1c59de2b383
2019061600,2019-06,day1_24h,c00,FAIL,ValueError: materially negative reconstructed precipitation for 21--24,PASS,,1,5,0,,(GEFS:2019-06-16T00:00:00+00:00:c00:2 - GEFS:2019-06-16T00:00:00+00:00:c00:1) + GEFS:2019-06-16T00:00:00+00:00:c00:4 + GEFS:2019-06-16T00:00:00+00:00:c00:6 + GEFS:2019-06-16T00:00:00+00:00:c00:8 + GEFS:2019-06-16T00:00:00+00:00:c00:9,,,data/manifests/phase1e/2019-06/daily/source_2019061600.json,60c9e566de962b247b0d7df5d9fccc262e9138d9f5fb0ec6903173b3b4919694
2019061600,2019-06,day2_24h,c00,FAIL,ValueError: materially negative reconstructed precipitation for 39--42,PASS,,1,5,0,,(GEFS:2019-06-16T00:00:00+00:00:c00:10 - GEFS:2019-06-16T00:00:00+00:00:c00:9) + GEFS:2019-06-16T00:00:00+00:00:c00:12 + GEFS:2019-06-16T00:00:00+00:00:c00:14 + GEFS:2019-06-16T00:00:00+00:00:c00:16 + GEFS:2019-06-16T00:00:00+00:00:c00:17,,,data/manifests/phase1e/2019-06/daily/source_2019061600.json,60c9e566de962b247b0d7df5d9fccc262e9138d9f5fb0ec6903173b3b4919694
2019061600,2019-06,day3_24h,c00,FAIL,ValueError: materially negative reconstructed precipitation for 51--54,FAIL,ValueError: negative difference exceeds packing bound for 51--54,,,,,,,,data/manifests/phase1e/2019-06/daily/source_2019061600.json,60c9e566de962b247b0d7df5d9fccc262e9138d9f5fb0ec6903173b3b4919694
2019061600,2019-06,day1_24h,p01,PASS,,PASS,,1,5,121,-0.04999999999999999,(GEFS:2019-06-16T00:00:00+00:00:p01:2 - GEFS:2019-06-16T00:00:00+00:00:p01:1) + GEFS:2019-06-16T00:00:00+00:00:p01:4 + GEFS:2019-06-16T00:00:00+00:00:p01:6 + GEFS:2019-06-16T00:00:00+00:00:p01:8 + GEFS:2019-06-16T00:00:00+00:00:p01:9,3.552713678800501e-15,6.982243928296487e-17,data/manifests/phase1e/2019-06/daily/source_2019061600.json,60c9e566de962b247b0d7df5d9fccc262e9138d9f5fb0ec6903173b3b4919694
2019061600,2019-06,day2_24h,p01,FAIL,ValueError: materially negative reconstructed precipitation for 39--42,PASS,,1,5,0,,(GEFS:2019-06-16T00:00:00+00:00:p01:10 - GEFS:2019-06-16T00:00:00+00:00:p01:9) + GEFS:2019-06-16T00:00:00+00:00:p01:12 + GEFS:2019-06-16T00:00:00+00:00:p01:14 + GEFS:2019-06-16T00:00:00+00:00:p01:16 + GEFS:2019-06-16T00:00:00+00:00:p01:17,,,data/manifests/phase1e/2019-06/daily/source_2019061600.json,60c9e566de962b247b0d7df5d9fccc262e9138d9f5fb0ec6903173b3b4919694
2019061600,2019-06,day3_24h,p01,FAIL,ValueError: materially negative reconstructed precipitation for 63--66,PASS,,1,5,0,,(GEFS:2019-06-16T00:00:00+00:00:p01:18 - GEFS:2019-06-16T00:00:00+00:00:p01:17) + GEFS:2019-06-16T00:00:00+00:00:p01:20 + GEFS:2019-06-16T00:00:00+00:00:p01:22 + GEFS:2019-06-16T00:00:00+00:00:p01:24 + GEFS:2019-06-16T00:00:00+00:00:p01:25,,,data/manifests/phase1e/2019-06/daily/source_2019061600.json,60c9e566de962b247b0d7df5d9fccc262e9138d9f5fb0ec6903173b3b4919694
2019061600,2019-06,day1_24h,p02,PASS,,PASS,,1,5,0,,(GEFS:2019-06-16T00:00:00+00:00:p02:2 - GEFS:2019-06-16T00:00:00+00:00:p02:1) + GEFS:2019-06-16T00:00:00+00:00:p02:4 + GEFS:2019-06-16T00:00:00+00:00:p02:6 + GEFS:2019-06-16T00:00:00+00:00:p02:8 + GEFS:2019-06-16T00:00:00+00:00:p02:9,7.105427357601002e-15,9.038769085322886e-17,data/manifests/phase1e/2019-06/daily/source_2019061600.json,60c9e566de962b247b0d7df5d9fccc262e9138d9f5fb0ec6903173b3b4919694
2019061600,2019-06,day2_24h,p02,PASS,,PASS,,1,5,0,,(GEFS:2019-06-16T00:00:00+00:00:p02:10 - GEFS:2019-06-16T00:00:00+00:00:p02:9) + GEFS:2019-06-16T00:00:00+00:00:p02:12 + GEFS:2019-06-16T00:00:00+00:00:p02:14 + GEFS:2019-06-16T00:00:00+00:00:p02:16 + GEFS:2019-06-16T00:00:00+00:00:p02:17,7.105427357601002e-15,1.6960841542378485e-16,data/manifests/phase1e/2019-06/daily/source_2019061600.json,60c9e566de962b247b0d7df5d9fccc262e9138d9f5fb0ec6903173b3b4919694
2019061600,2019-06,day3_24h,p02,FAIL,ValueError: materially negative reconstructed precipitation for 51--54,FAIL,ValueError: negative difference exceeds packing bound for 51--54,,,,,,,,data/manifests/phase1e/2019-06/daily/source_2019061600.json,60c9e566de962b247b0d7df5d9fccc262e9138d9f5fb0ec6903173b3b4919694
2019061600,2019-06,day1_24h,p03,PASS,,PASS,,1,5,148,-0.04999999999999999,(GEFS:2019-06-16T00:00:00+00:00:p03:2 - GEFS:2019-06-16T00:00:00+00:00:p03:1) + GEFS:2019-06-16T00:00:00+00:00:p03:4 + GEFS:2019-06-16T00:00:00+00:00:p03:6 + GEFS:2019-06-16T00:00:00+00:00:p03:8 + GEFS:2019-06-16T00:00:00+00:00:p03:9,7.105427357601002e-15,1.2440878999391853e-16,data/manifests/phase1e/2019-06/daily/source_2019061600.json,60c9e566de962b247b0d7df5d9fccc262e9138d9f5fb0ec6903173b3b4919694
2019061600,2019-06,day2_24h,p03,FAIL,ValueError: materially negative reconstructed precipitation for 27--30,FAIL,ValueError: negative difference exceeds packing bound for 27--30,,,,,,,,data/manifests/phase1e/2019-06/daily/source_2019061600.json,60c9e566de962b247b0d7df5d9fccc262e9138d9f5fb0ec6903173b3b4919694
2019061600,2019-06,day3_24h,p03,FAIL,ValueError: materially negative reconstructed precipitation for 57--60,PASS,,1,5,0,,(GEFS:2019-06-16T00:00:00+00:00:p03:18 - GEFS:2019-06-16T00:00:00+00:00:p03:17) + GEFS:2019-06-16T00:00:00+00:00:p03:20 + GEFS:2019-06-16T00:00:00+00:00:p03:22 + GEFS:2019-06-16T00:00:00+00:00:p03:24 + GEFS:2019-06-16T00:00:00+00:00:p03:25,,,data/manifests/phase1e/2019-06/daily/source_2019061600.json,60c9e566de962b247b0d7df5d9fccc262e9138d9f5fb0ec6903173b3b4919694
2019061600,2019-06,day1_24h,p04,FAIL,ValueError: materially negative reconstructed precipitation for 15--18,PASS,,1,5,99,-0.04999999999999999,(GEFS:2019-06-16T00:00:00+00:00:p04:2 - GEFS:2019-06-16T00:00:00+00:00:p04:1) + GEFS:2019-06-16T00:00:00+00:00:p04:4 + GEFS:2019-06-16T00:00:00+00:00:p04:6 + GEFS:2019-06-16T00:00:00+00:00:p04:8 + GEFS:2019-06-16T00:00:00+00:00:p04:9,,,data/manifests/phase1e/2019-06/daily/source_2019061600.json,60c9e566de962b247b0d7df5d9fccc262e9138d9f5fb0ec6903173b3b4919694
2019061600,2019-06,day2_24h,p04,FAIL,ValueError: materially negative reconstructed precipitation for 27--30,FAIL,ValueError: negative difference exceeds packing bound for 27--30,,,,,,,,data/manifests/phase1e/2019-06/daily/source_2019061600.json,60c9e566de962b247b0d7df5d9fccc262e9138d9f5fb0ec6903173b3b4919694
2019061600,2019-06,day3_24h,p04,FAIL,ValueError: materially negative reconstructed precipitation for 63--66,PASS,,1,5,0,,(GEFS:2019-06-16T00:00:00+00:00:p04:18 - GEFS:2019-06-16T00:00:00+00:00:p04:17) + GEFS:2019-06-16T00:00:00+00:00:p04:20 + GEFS:2019-06-16T00:00:00+00:00:p04:22 + GEFS:2019-06-16T00:00:00+00:00:p04:24 + GEFS:2019-06-16T00:00:00+00:00:p04:25,,,data/manifests/phase1e/2019-06/daily/source_2019061600.json,60c9e566de962b247b0d7df5d9fccc262e9138d9f5fb0ec6903173b3b4919694
2019061700,2019-06,day1_24h,c00,FAIL,ValueError: materially negative reconstructed precipitation for 15--18,PASS,,1,5,0,,(GEFS:2019-06-17T00:00:00+00:00:c00:2 - GEFS:2019-06-17T00:00:00+00:00:c00:1) + GEFS:2019-06-17T00:00:00+00:00:c00:4 + GEFS:2019-06-17T00:00:00+00:00:c00:6 + GEFS:2019-06-17T00:00:00+00:00:c00:8 + GEFS:2019-06-17T00:00:00+00:00:c00:9,,,data/manifests/phase1e/2019-06/daily/source_2019061700.json,74056ad8c7c56a8d44f1f361d61f8ed499d5c9a7d1ae6a300b8e124efd5512ad
2019061700,2019-06,day2_24h,c00,FAIL,ValueError: materially negative reconstructed precipitation for 39--42,PASS,,1,5,0,,(GEFS:2019-06-17T00:00:00+00:00:c00:10 - GEFS:2019-06-17T00:00:00+00:00:c00:9) + GEFS:2019-06-17T00:00:00+00:00:c00:12 + GEFS:2019-06-17T00:00:00+00:00:c00:14 + GEFS:2019-06-17T00:00:00+00:00:c00:16 + GEFS:2019-06-17T00:00:00+00:00:c00:17,,,data/manifests/phase1e/2019-06/daily/source_2019061700.json,74056ad8c7c56a8d44f1f361d61f8ed499d5c9a7d1ae6a300b8e124efd5512ad
2019061700,2019-06,day3_24h,c00,FAIL,ValueError: materially negative reconstructed precipitation for 51--54,FAIL,ValueError: negative difference exceeds packing bound for 51--54,,,,,,,,data/manifests/phase1e/2019-06/daily/source_2019061700.json,74056ad8c7c56a8d44f1f361d61f8ed499d5c9a7d1ae6a300b8e124efd5512ad
2019061700,2019-06,day1_24h,p01,PASS,,PASS,,1,5,50,-0.04999999999999999,(GEFS:2019-06-17T00:00:00+00:00:p01:2 - GEFS:2019-06-17T00:00:00+00:00:p01:1) + GEFS:2019-06-17T00:00:00+00:00:p01:4 + GEFS:2019-06-17T00:00:00+00:00:p01:6 + GEFS:2019-06-17T00:00:00+00:00:p01:8 + GEFS:2019-06-17T00:00:00+00:00:p01:9,7.105427357601002e-15,1.3710167713509325e-16,data/manifests/phase1e/2019-06/daily/source_2019061700.json,74056ad8c7c56a8d44f1f361d61f8ed499d5c9a7d1ae6a300b8e124efd5512ad
2019061700,2019-06,day2_24h,p01,FAIL,ValueError: materially negative reconstructed precipitation for 45--48,PASS,,1,5,0,,(GEFS:2019-06-17T00:00:00+00:00:p01:10 - GEFS:2019-06-17T00:00:00+00:00:p01:9) + GEFS:2019-06-17T00:00:00+00:00:p01:12 + GEFS:2019-06-17T00:00:00+00:00:p01:14 + GEFS:2019-06-17T00:00:00+00:00:p01:16 + GEFS:2019-06-17T00:00:00+00:00:p01:17,,,data/manifests/phase1e/2019-06/daily/source_2019061700.json,74056ad8c7c56a8d44f1f361d61f8ed499d5c9a7d1ae6a300b8e124efd5512ad
2019061700,2019-06,day3_24h,p01,FAIL,ValueError: materially negative reconstructed precipitation for 51--54,FAIL,ValueError: negative difference exceeds packing bound for 51--54,,,,,,,,data/manifests/phase1e/2019-06/daily/source_2019061700.json,74056ad8c7c56a8d44f1f361d61f8ed499d5c9a7d1ae6a300b8e124efd5512ad
2019061700,2019-06,day1_24h,p02,PASS,,PASS,,1,5,0,,(GEFS:2019-06-17T00:00:00+00:00:p02:2 - GEFS:2019-06-17T00:00:00+00:00:p02:1) + GEFS:2019-06-17T00:00:00+00:00:p02:4 + GEFS:2019-06-17T00:00:00+00:00:p02:6 + GEFS:2019-06-17T00:00:00+00:00:p02:8 + GEFS:2019-06-17T00:00:00+00:00:p02:9,7.105427357601002e-15,1.3548327622456097e-16,data/manifests/phase1e/2019-06/daily/source_2019061700.json,74056ad8c7c56a8d44f1f361d61f8ed499d5c9a7d1ae6a300b8e124efd5512ad
2019061700,2019-06,day2_24h,p02,FAIL,ValueError: materially negative reconstructed precipitation for 39--42,PASS,,1,5,0,,(GEFS:2019-06-17T00:00:00+00:00:p02:10 - GEFS:2019-06-17T00:00:00+00:00:p02:9) + GEFS:2019-06-17T00:00:00+00:00:p02:12 + GEFS:2019-06-17T00:00:00+00:00:p02:14 + GEFS:2019-06-17T00:00:00+00:00:p02:16 + GEFS:2019-06-17T00:00:00+00:00:p02:17,,,data/manifests/phase1e/2019-06/daily/source_2019061700.json,74056ad8c7c56a8d44f1f361d61f8ed499d5c9a7d1ae6a300b8e124efd5512ad
2019061700,2019-06,day3_24h,p02,PASS,,PASS,,1,5,0,,(GEFS:2019-06-17T00:00:00+00:00:p02:18 - GEFS:2019-06-17T00:00:00+00:00:p02:17) + GEFS:2019-06-17T00:00:00+00:00:p02:20 + GEFS:2019-06-17T00:00:00+00:00:p02:22 + GEFS:2019-06-17T00:00:00+00:00:p02:24 + GEFS:2019-06-17T00:00:00+00:00:p02:25,1.4210854715202004e-14,2.4722229909031236e-16,data/manifests/phase1e/2019-06/daily/source_2019061700.json,74056ad8c7c56a8d44f1f361d61f8ed499d5c9a7d1ae6a300b8e124efd5512ad
2019061700,2019-06,day1_24h,p03,FAIL,ValueError: materially negative reconstructed precipitation for 9--12,PASS,,1,5,0,,(GEFS:2019-06-17T00:00:00+00:00:p03:2 - GEFS:2019-06-17T00:00:00+00:00:p03:1) + GEFS:2019-06-17T00:00:00+00:00:p03:4 + GEFS:2019-06-17T00:00:00+00:00:p03:6 + GEFS:2019-06-17T00:00:00+00:00:p03:8 + GEFS:2019-06-17T00:00:00+00:00:p03:9,,,data/manifests/phase1e/2019-06/daily/source_2019061700.json,74056ad8c7c56a8d44f1f361d61f8ed499d5c9a7d1ae6a300b8e124efd5512ad
2019061700,2019-06,day2_24h,p03,PASS,,PASS,,1,5,0,,(GEFS:2019-06-17T00:00:00+00:00:p03:10 - GEFS:2019-06-17T00:00:00+00:00:p03:9) + GEFS:2019-06-17T00:00:00+00:00:p03:12 + GEFS:2019-06-17T00:00:00+00:00:p03:14 + GEFS:2019-06-17T00:00:00+00:00:p03:16 + GEFS:2019-06-17T00:00:00+00:00:p03:17,1.4210854715202004e-14,2.8673440132030804e-16,data/manifests/phase1e/2019-06/daily/source_2019061700.json,74056ad8c7c56a8d44f1f361d61f8ed499d5c9a7d1ae6a300b8e124efd5512ad
2019061700,2019-06,day3_24h,p03,FAIL,ValueError: materially negative reconstructed precipitation for 57--60,PASS,,1,5,0,,(GEFS:2019-06-17T00:00:00+00:00:p03:18 - GEFS:2019-06-17T00:00:00+00:00:p03:17) + GEFS:2019-06-17T00:00:00+00:00:p03:20 + GEFS:2019-06-17T00:00:00+00:00:p03:22 + GEFS:2019-06-17T00:00:00+00:00:p03:24 + GEFS:2019-06-17T00:00:00+00:00:p03:25,,,data/manifests/phase1e/2019-06/daily/source_2019061700.json,74056ad8c7c56a8d44f1f361d61f8ed499d5c9a7d1ae6a300b8e124efd5512ad
2019061700,2019-06,day1_24h,p04,FAIL,ValueError: materially negative reconstructed precipitation for 15--18,PASS,,1,5,0,,(GEFS:2019-06-17T00:00:00+00:00:p04:2 - GEFS:2019-06-17T00:00:00+00:00:p04:1) + GEFS:2019-06-17T00:00:00+00:00:p04:4 + GEFS:2019-06-17T00:00:00+00:00:p04:6 + GEFS:2019-06-17T00:00:00+00:00:p04:8 + GEFS:2019-06-17T00:00:00+00:00:p04:9,,,data/manifests/phase1e/2019-06/daily/source_2019061700.json,74056ad8c7c56a8d44f1f361d61f8ed499d5c9a7d1ae6a300b8e124efd5512ad
2019061700,2019-06,day2_24h,p04,PASS,,PASS,,1,5,61,-0.04999999999999999,(GEFS:2019-06-17T00:00:00+00:00:p04:10 - GEFS:2019-06-17T00:00:00+00:00:p04:9) + GEFS:2019-06-17T00:00:00+00:00:p04:12 + GEFS:2019-06-17T00:00:00+00:00:p04:14 + GEFS:2019-06-17T00:00:00+00:00:p04:16 + GEFS:2019-06-17T00:00:00+00:00:p04:17,1.4210854715202004e-14,3.3630370920861157e-16,data/manifests/phase1e/2019-06/daily/source_2019061700.json,74056ad8c7c56a8d44f1f361d61f8ed499d5c9a7d1ae6a300b8e124efd5512ad
2019061700,2019-06,day3_24h,p04,FAIL,ValueError: materially negative reconstructed precipitation for 51--54,FAIL,ValueError: negative difference exceeds packing bound for 51--54,,,,,,,,data/manifests/phase1e/2019-06/daily/source_2019061700.json,74056ad8c7c56a8d44f1f361d61f8ed499d5c9a7d1ae6a300b8e124efd5512ad
2019061800,2019-06,day1_24h,c00,FAIL,ValueError: materially negative reconstructed precipitation for 9--12,PASS,,1,5,0,,(GEFS:2019-06-18T00:00:00+00:00:c00:2 - GEFS:2019-06-18T00:00:00+00:00:c00:1) + GEFS:2019-06-18T00:00:00+00:00:c00:4 + GEFS:2019-06-18T00:00:00+00:00:c00:6 + GEFS:2019-06-18T00:00:00+00:00:c00:8 + GEFS:2019-06-18T00:00:00+00:00:c00:9,,,data/manifests/phase1e/2019-06/daily/source_2019061800.json,9f6bbc7e58fad0a7b8d5a9315dec2429350380e24d1bed818945e5f10b0ef4fd
2019061800,2019-06,day2_24h,c00,FAIL,ValueError: materially negative reconstructed precipitation for 27--30,FAIL,ValueError: negative difference exceeds packing bound for 27--30,,,,,,,,data/manifests/phase1e/2019-06/daily/source_2019061800.json,9f6bbc7e58fad0a7b8d5a9315dec2429350380e24d1bed818945e5f10b0ef4fd
2019061800,2019-06,day3_24h,c00,FAIL,ValueError: materially negative reconstructed precipitation for 57--60,PASS,,1,5,0,,(GEFS:2019-06-18T00:00:00+00:00:c00:18 - GEFS:2019-06-18T00:00:00+00:00:c00:17) + GEFS:2019-06-18T00:00:00+00:00:c00:20 + GEFS:2019-06-18T00:00:00+00:00:c00:22 + GEFS:2019-06-18T00:00:00+00:00:c00:24 + GEFS:2019-06-18T00:00:00+00:00:c00:25,,,data/manifests/phase1e/2019-06/daily/source_2019061800.json,9f6bbc7e58fad0a7b8d5a9315dec2429350380e24d1bed818945e5f10b0ef4fd
2019061800,2019-06,day1_24h,p01,FAIL,ValueError: materially negative reconstructed precipitation for 9--12,PASS,,1,5,15,-0.04,(GEFS:2019-06-18T00:00:00+00:00:p01:2 - GEFS:2019-06-18T00:00:00+00:00:p01:1) + GEFS:2019-06-18T00:00:00+00:00:p01:4 + GEFS:2019-06-18T00:00:00+00:00:p01:6 + GEFS:2019-06-18T00:00:00+00:00:p01:8 + GEFS:2019-06-18T00:00:00+00:00:p01:9,,,data/manifests/phase1e/2019-06/daily/source_2019061800.json,9f6bbc7e58fad0a7b8d5a9315dec2429350380e24d1bed818945e5f10b0ef4fd
2019061800,2019-06,day2_24h,p01,FAIL,ValueError: materially negative reconstructed precipitation for 39--42,PASS,,1,5,0,,(GEFS:2019-06-18T00:00:00+00:00:p01:10 - GEFS:2019-06-18T00:00:00+00:00:p01:9) + GEFS:2019-06-18T00:00:00+00:00:p01:12 + GEFS:2019-06-18T00:00:00+00:00:p01:14 + GEFS:2019-06-18T00:00:00+00:00:p01:16 + GEFS:2019-06-18T00:00:00+00:00:p01:17,,,data/manifests/phase1e/2019-06/daily/source_2019061800.json,9f6bbc7e58fad0a7b8d5a9315dec2429350380e24d1bed818945e5f10b0ef4fd
2019061800,2019-06,day3_24h,p01,FAIL,ValueError: materially negative reconstructed precipitation for 57--60,PASS,,1,5,0,,(GEFS:2019-06-18T00:00:00+00:00:p01:18 - GEFS:2019-06-18T00:00:00+00:00:p01:17) + GEFS:2019-06-18T00:00:00+00:00:p01:20 + GEFS:2019-06-18T00:00:00+00:00:p01:22 + GEFS:2019-06-18T00:00:00+00:00:p01:24 + GEFS:2019-06-18T00:00:00+00:00:p01:25,,,data/manifests/phase1e/2019-06/daily/source_2019061800.json,9f6bbc7e58fad0a7b8d5a9315dec2429350380e24d1bed818945e5f10b0ef4fd
2019061800,2019-06,day1_24h,p02,PASS,,PASS,,1,5,51,-0.050000000000000044,(GEFS:2019-06-18T00:00:00+00:00:p02:2 - GEFS:2019-06-18T00:00:00+00:00:p02:1) + GEFS:2019-06-18T00:00:00+00:00:p02:4 + GEFS:2019-06-18T00:00:00+00:00:p02:6 + GEFS:2019-06-18T00:00:00+00:00:p02:8 + GEFS:2019-06-18T00:00:00+00:00:p02:9,7.105427357601002e-15,2.1531668113981846e-16,data/manifests/phase1e/2019-06/daily/source_2019061800.json,9f6bbc7e58fad0a7b8d5a9315dec2429350380e24d1bed818945e5f10b0ef4fd
2019061800,2019-06,day2_24h,p02,FAIL,ValueError: materially negative reconstructed precipitation for 39--42,PASS,,1,5,0,,(GEFS:2019-06-18T00:00:00+00:00:p02:10 - GEFS:2019-06-18T00:00:00+00:00:p02:9) + GEFS:2019-06-18T00:00:00+00:00:p02:12 + GEFS:2019-06-18T00:00:00+00:00:p02:14 + GEFS:2019-06-18T00:00:00+00:00:p02:16 + GEFS:2019-06-18T00:00:00+00:00:p02:17,,,data/manifests/phase1e/2019-06/daily/source_2019061800.json,9f6bbc7e58fad0a7b8d5a9315dec2429350380e24d1bed818945e5f10b0ef4fd
2019061800,2019-06,day3_24h,p02,FAIL,ValueError: materially negative reconstructed precipitation for 57--60,PASS,,1,5,0,,(GEFS:2019-06-18T00:00:00+00:00:p02:18 - GEFS:2019-06-18T00:00:00+00:00:p02:17) + GEFS:2019-06-18T00:00:00+00:00:p02:20 + GEFS:2019-06-18T00:00:00+00:00:p02:22 + GEFS:2019-06-18T00:00:00+00:00:p02:24 + GEFS:2019-06-18T00:00:00+00:00:p02:25,,,data/manifests/phase1e/2019-06/daily/source_2019061800.json,9f6bbc7e58fad0a7b8d5a9315dec2429350380e24d1bed818945e5f10b0ef4fd
2019061800,2019-06,day1_24h,p03,FAIL,ValueError: materially negative reconstructed precipitation for 15--18,PASS,,1,5,0,,(GEFS:2019-06-18T00:00:00+00:00:p03:2 - GEFS:2019-06-18T00:00:00+00:00:p03:1) + GEFS:2019-06-18T00:00:00+00:00:p03:4 + GEFS:2019-06-18T00:00:00+00:00:p03:6 + GEFS:2019-06-18T00:00:00+00:00:p03:8 + GEFS:2019-06-18T00:00:00+00:00:p03:9,,,data/manifests/phase1e/2019-06/daily/source_2019061800.json,9f6bbc7e58fad0a7b8d5a9315dec2429350380e24d1bed818945e5f10b0ef4fd
2019061800,2019-06,day2_24h,p03,FAIL,ValueError: materially negative reconstructed precipitation for 27--30,FAIL,ValueError: negative difference exceeds packing bound for 27--30,,,,,,,,data/manifests/phase1e/2019-06/daily/source_2019061800.json,9f6bbc7e58fad0a7b8d5a9315dec2429350380e24d1bed818945e5f10b0ef4fd
2019061800,2019-06,day3_24h,p03,FAIL,ValueError: materially negative reconstructed precipitation for 63--66,PASS,,1,5,0,,(GEFS:2019-06-18T00:00:00+00:00:p03:18 - GEFS:2019-06-18T00:00:00+00:00:p03:17) + GEFS:2019-06-18T00:00:00+00:00:p03:20 + GEFS:2019-06-18T00:00:00+00:00:p03:22 + GEFS:2019-06-18T00:00:00+00:00:p03:24 + GEFS:2019-06-18T00:00:00+00:00:p03:25,,,data/manifests/phase1e/2019-06/daily/source_2019061800.json,9f6bbc7e58fad0a7b8d5a9315dec2429350380e24d1bed818945e5f10b0ef4fd
2019061800,2019-06,day1_24h,p04,PASS,,PASS,,1,5,52,-0.04999999999999999,(GEFS:2019-06-18T00:00:00+00:00:p04:2 - GEFS:2019-06-18T00:00:00+00:00:p04:1) + GEFS:2019-06-18T00:00:00+00:00:p04:4 + GEFS:2019-06-18T00:00:00+00:00:p04:6 + GEFS:2019-06-18T00:00:00+00:00:p04:8 + GEFS:2019-06-18T00:00:00+00:00:p04:9,7.105427357601002e-15,2.3857541422546837e-16,data/manifests/phase1e/2019-06/daily/source_2019061800.json,9f6bbc7e58fad0a7b8d5a9315dec2429350380e24d1bed818945e5f10b0ef4fd
2019061800,2019-06,day2_24h,p04,FAIL,ValueError: materially negative reconstructed precipitation for 39--42,PASS,,1,5,0,,(GEFS:2019-06-18T00:00:00+00:00:p04:10 - GEFS:2019-06-18T00:00:00+00:00:p04:9) + GEFS:2019-06-18T00:00:00+00:00:p04:12 + GEFS:2019-06-18T00:00:00+00:00:p04:14 + GEFS:2019-06-18T00:00:00+00:00:p04:16 + GEFS:2019-06-18T00:00:00+00:00:p04:17,,,data/manifests/phase1e/2019-06/daily/source_2019061800.json,9f6bbc7e58fad0a7b8d5a9315dec2429350380e24d1bed818945e5f10b0ef4fd
2019061800,2019-06,day3_24h,p04,FAIL,ValueError: materially negative reconstructed precipitation for 57--60,PASS,,1,5,0,,(GEFS:2019-06-18T00:00:00+00:00:p04:18 - GEFS:2019-06-18T00:00:00+00:00:p04:17) + GEFS:2019-06-18T00:00:00+00:00:p04:20 + GEFS:2019-06-18T00:00:00+00:00:p04:22 + GEFS:2019-06-18T00:00:00+00:00:p04:24 + GEFS:2019-06-18T00:00:00+00:00:p04:25,,,data/manifests/phase1e/2019-06/daily/source_2019061800.json,9f6bbc7e58fad0a7b8d5a9315dec2429350380e24d1bed818945e5f10b0ef4fd
2019061900,2019-06,day1_24h,c00,FAIL,ValueError: materially negative reconstructed precipitation for 9--12,PASS,,1,5,0,,(GEFS:2019-06-19T00:00:00+00:00:c00:2 - GEFS:2019-06-19T00:00:00+00:00:c00:1) + GEFS:2019-06-19T00:00:00+00:00:c00:4 + GEFS:2019-06-19T00:00:00+00:00:c00:6 + GEFS:2019-06-19T00:00:00+00:00:c00:8 + GEFS:2019-06-19T00:00:00+00:00:c00:9,,,data/manifests/phase1e/2019-06/daily/source_2019061900.json,8bce74f30aa8bb8dfdd33c483a0975fb9801a74db4175ed73bb4e1c4e44337f3
2019061900,2019-06,day2_24h,c00,FAIL,ValueError: materially negative reconstructed precipitation for 39--42,PASS,,1,5,0,,(GEFS:2019-06-19T00:00:00+00:00:c00:10 - GEFS:2019-06-19T00:00:00+00:00:c00:9) + GEFS:2019-06-19T00:00:00+00:00:c00:12 + GEFS:2019-06-19T00:00:00+00:00:c00:14 + GEFS:2019-06-19T00:00:00+00:00:c00:16 + GEFS:2019-06-19T00:00:00+00:00:c00:17,,,data/manifests/phase1e/2019-06/daily/source_2019061900.json,8bce74f30aa8bb8dfdd33c483a0975fb9801a74db4175ed73bb4e1c4e44337f3
2019061900,2019-06,day3_24h,c00,FAIL,ValueError: materially negative reconstructed precipitation for 63--66,PASS,,1,5,0,,(GEFS:2019-06-19T00:00:00+00:00:c00:18 - GEFS:2019-06-19T00:00:00+00:00:c00:17) + GEFS:2019-06-19T00:00:00+00:00:c00:20 + GEFS:2019-06-19T00:00:00+00:00:c00:22 + GEFS:2019-06-19T00:00:00+00:00:c00:24 + GEFS:2019-06-19T00:00:00+00:00:c00:25,,,data/manifests/phase1e/2019-06/daily/source_2019061900.json,8bce74f30aa8bb8dfdd33c483a0975fb9801a74db4175ed73bb4e1c4e44337f3
2019061900,2019-06,day1_24h,p01,PASS,,PASS,,1,5,70,-0.04000000000000001,(GEFS:2019-06-19T00:00:00+00:00:p01:2 - GEFS:2019-06-19T00:00:00+00:00:p01:1) + GEFS:2019-06-19T00:00:00+00:00:p01:4 + GEFS:2019-06-19T00:00:00+00:00:p01:6 + GEFS:2019-06-19T00:00:00+00:00:p01:8 + GEFS:2019-06-19T00:00:00+00:00:p01:9,1.4210854715202004e-14,2.76977755831099e-16,data/manifests/phase1e/2019-06/daily/source_2019061900.json,8bce74f30aa8bb8dfdd33c483a0975fb9801a74db4175ed73bb4e1c4e44337f3
2019061900,2019-06,day2_24h,p01,FAIL,ValueError: materially negative reconstructed precipitation for 27--30,FAIL,ValueError: negative difference exceeds packing bound for 27--30,,,,,,,,data/manifests/phase1e/2019-06/daily/source_2019061900.json,8bce74f30aa8bb8dfdd33c483a0975fb9801a74db4175ed73bb4e1c4e44337f3
2019061900,2019-06,day3_24h,p01,PASS,,PASS,,1,5,0,,(GEFS:2019-06-19T00:00:00+00:00:p01:18 - GEFS:2019-06-19T00:00:00+00:00:p01:17) + GEFS:2019-06-19T00:00:00+00:00:p01:20 + GEFS:2019-06-19T00:00:00+00:00:p01:22 + GEFS:2019-06-19T00:00:00+00:00:p01:24 + GEFS:2019-06-19T00:00:00+00:00:p01:25,2.842170943040401e-14,6.662956548661472e-16,data/manifests/phase1e/2019-06/daily/source_2019061900.json,8bce74f30aa8bb8dfdd33c483a0975fb9801a74db4175ed73bb4e1c4e44337f3
2019061900,2019-06,day1_24h,p02,PASS,,PASS,,1,5,86,-0.040000000000000036,(GEFS:2019-06-19T00:00:00+00:00:p02:2 - GEFS:2019-06-19T00:00:00+00:00:p02:1) + GEFS:2019-06-19T00:00:00+00:00:p02:4 + GEFS:2019-06-19T00:00:00+00:00:p02:6 + GEFS:2019-06-19T00:00:00+00:00:p02:8 + GEFS:2019-06-19T00:00:00+00:00:p02:9,7.105427357601002e-15,2.445634975944379e-16,data/manifests/phase1e/2019-06/daily/source_2019061900.json,8bce74f30aa8bb8dfdd33c483a0975fb9801a74db4175ed73bb4e1c4e44337f3
2019061900,2019-06,day2_24h,p02,PASS,,PASS,,1,5,0,,(GEFS:2019-06-19T00:00:00+00:00:p02:10 - GEFS:2019-06-19T00:00:00+00:00:p02:9) + GEFS:2019-06-19T00:00:00+00:00:p02:12 + GEFS:2019-06-19T00:00:00+00:00:p02:14 + GEFS:2019-06-19T00:00:00+00:00:p02:16 + GEFS:2019-06-19T00:00:00+00:00:p02:17,7.105427357601002e-15,3.3355242766070667e-16,data/manifests/phase1e/2019-06/daily/source_2019061900.json,8bce74f30aa8bb8dfdd33c483a0975fb9801a74db4175ed73bb4e1c4e44337f3
2019061900,2019-06,day3_24h,p02,FAIL,ValueError: materially negative reconstructed precipitation for 69--72,PASS,,1,5,0,,(GEFS:2019-06-19T00:00:00+00:00:p02:18 - GEFS:2019-06-19T00:00:00+00:00:p02:17) + GEFS:2019-06-19T00:00:00+00:00:p02:20 + GEFS:2019-06-19T00:00:00+00:00:p02:22 + GEFS:2019-06-19T00:00:00+00:00:p02:24 + GEFS:2019-06-19T00:00:00+00:00:p02:25,,,data/manifests/phase1e/2019-06/daily/source_2019061900.json,8bce74f30aa8bb8dfdd33c483a0975fb9801a74db4175ed73bb4e1c4e44337f3
2019061900,2019-06,day1_24h,p03,PASS,,PASS,,1,5,111,-0.040000000000000036,(GEFS:2019-06-19T00:00:00+00:00:p03:2 - GEFS:2019-06-19T00:00:00+00:00:p03:1) + GEFS:2019-06-19T00:00:00+00:00:p03:4 + GEFS:2019-06-19T00:00:00+00:00:p03:6 + GEFS:2019-06-19T00:00:00+00:00:p03:8 + GEFS:2019-06-19T00:00:00+00:00:p03:9,0.050000000000000266,0.0015576842982092472,data/manifests/phase1e/2019-06/daily/source_2019061900.json,8bce74f30aa8bb8dfdd33c483a0975fb9801a74db4175ed73bb4e1c4e44337f3
2019061900,2019-06,day2_24h,p03,PASS,,PASS,,1,5,0,,(GEFS:2019-06-19T00:00:00+00:00:p03:10 - GEFS:2019-06-19T00:00:00+00:00:p03:9) + GEFS:2019-06-19T00:00:00+00:00:p03:12 + GEFS:2019-06-19T00:00:00+00:00:p03:14 + GEFS:2019-06-19T00:00:00+00:00:p03:16 + GEFS:2019-06-19T00:00:00+00:00:p03:17,1.4210854715202004e-14,2.4759221929843404e-16,data/manifests/phase1e/2019-06/daily/source_2019061900.json,8bce74f30aa8bb8dfdd33c483a0975fb9801a74db4175ed73bb4e1c4e44337f3
2019061900,2019-06,day3_24h,p03,FAIL,ValueError: materially negative reconstructed precipitation for 51--54,FAIL,ValueError: negative difference exceeds packing bound for 51--54,,,,,,,,data/manifests/phase1e/2019-06/daily/source_2019061900.json,8bce74f30aa8bb8dfdd33c483a0975fb9801a74db4175ed73bb4e1c4e44337f3
2019061900,2019-06,day1_24h,p04,PASS,,PASS,,1,5,0,,(GEFS:2019-06-19T00:00:00+00:00:p04:2 - GEFS:2019-06-19T00:00:00+00:00:p04:1) + GEFS:2019-06-19T00:00:00+00:00:p04:4 + GEFS:2019-06-19T00:00:00+00:00:p04:6 + GEFS:2019-06-19T00:00:00+00:00:p04:8 + GEFS:2019-06-19T00:00:00+00:00:p04:9,1.4210854715202004e-14,2.0932859777084896e-16,data/manifests/phase1e/2019-06/daily/source_2019061900.json,8bce74f30aa8bb8dfdd33c483a0975fb9801a74db4175ed73bb4e1c4e44337f3
2019061900,2019-06,day2_24h,p04,FAIL,ValueError: materially negative reconstructed precipitation for 33--36,PASS,,1,5,0,,(GEFS:2019-06-19T00:00:00+00:00:p04:10 - GEFS:2019-06-19T00:00:00+00:00:p04:9) + GEFS:2019-06-19T00:00:00+00:00:p04:12 + GEFS:2019-06-19T00:00:00+00:00:p04:14 + GEFS:2019-06-19T00:00:00+00:00:p04:16 + GEFS:2019-06-19T00:00:00+00:00:p04:17,,,data/manifests/phase1e/2019-06/daily/source_2019061900.json,8bce74f30aa8bb8dfdd33c483a0975fb9801a74db4175ed73bb4e1c4e44337f3
2019061900,2019-06,day3_24h,p04,FAIL,ValueError: materially negative reconstructed precipitation for 51--54,FAIL,ValueError: negative difference exceeds packing bound for 51--54,,,,,,,,data/manifests/phase1e/2019-06/daily/source_2019061900.json,8bce74f30aa8bb8dfdd33c483a0975fb9801a74db4175ed73bb4e1c4e44337f3
2019062000,2019-06,day1_24h,c00,FAIL,ValueError: materially negative reconstructed precipitation for 9--12,PASS,,1,5,0,,(GEFS:2019-06-20T00:00:00+00:00:c00:2 - GEFS:2019-06-20T00:00:00+00:00:c00:1) + GEFS:2019-06-20T00:00:00+00:00:c00:4 + GEFS:2019-06-20T00:00:00+00:00:c00:6 + GEFS:2019-06-20T00:00:00+00:00:c00:8 + GEFS:2019-06-20T00:00:00+00:00:c00:9,,,data/manifests/phase1e/2019-06/daily/source_2019062000.json,f0631a61632775b321fcbcb37a1fa9ce583436e281f08cb5670c5bb9c0dd2422
2019062000,2019-06,day2_24h,c00,FAIL,ValueError: materially negative reconstructed precipitation for 33--36,PASS,,1,5,0,,(GEFS:2019-06-20T00:00:00+00:00:c00:10 - GEFS:2019-06-20T00:00:00+00:00:c00:9) + GEFS:2019-06-20T00:00:00+00:00:c00:12 + GEFS:2019-06-20T00:00:00+00:00:c00:14 + GEFS:2019-06-20T00:00:00+00:00:c00:16 + GEFS:2019-06-20T00:00:00+00:00:c00:17,,,data/manifests/phase1e/2019-06/daily/source_2019062000.json,f0631a61632775b321fcbcb37a1fa9ce583436e281f08cb5670c5bb9c0dd2422
2019062000,2019-06,day3_24h,c00,FAIL,ValueError: materially negative reconstructed precipitation for 51--54,FAIL,ValueError: negative difference exceeds packing bound for 51--54,,,,,,,,data/manifests/phase1e/2019-06/daily/source_2019062000.json,f0631a61632775b321fcbcb37a1fa9ce583436e281f08cb5670c5bb9c0dd2422
2019062000,2019-06,day1_24h,p01,FAIL,ValueError: materially negative reconstructed precipitation for 21--24,PASS,,1,5,146,-0.050000000000000044,(GEFS:2019-06-20T00:00:00+00:00:p01:2 - GEFS:2019-06-20T00:00:00+00:00:p01:1) + GEFS:2019-06-20T00:00:00+00:00:p01:4 + GEFS:2019-06-20T00:00:00+00:00:p01:6 + GEFS:2019-06-20T00:00:00+00:00:p01:8 + GEFS:2019-06-20T00:00:00+00:00:p01:9,,,data/manifests/phase1e/2019-06/daily/source_2019062000.json,f0631a61632775b321fcbcb37a1fa9ce583436e281f08cb5670c5bb9c0dd2422
2019062000,2019-06,day2_24h,p01,PASS,,PASS,,1,5,0,,(GEFS:2019-06-20T00:00:00+00:00:p01:10 - GEFS:2019-06-20T00:00:00+00:00:p01:9) + GEFS:2019-06-20T00:00:00+00:00:p01:12 + GEFS:2019-06-20T00:00:00+00:00:p01:14 + GEFS:2019-06-20T00:00:00+00:00:p01:16 + GEFS:2019-06-20T00:00:00+00:00:p01:17,1.4210854715202004e-14,6.424126814292919e-16,data/manifests/phase1e/2019-06/daily/source_2019062000.json,f0631a61632775b321fcbcb37a1fa9ce583436e281f08cb5670c5bb9c0dd2422
2019062000,2019-06,day3_24h,p01,FAIL,ValueError: materially negative reconstructed precipitation for 63--66,PASS,,1,5,0,,(GEFS:2019-06-20T00:00:00+00:00:p01:18 - GEFS:2019-06-20T00:00:00+00:00:p01:17) + GEFS:2019-06-20T00:00:00+00:00:p01:20 + GEFS:2019-06-20T00:00:00+00:00:p01:22 + GEFS:2019-06-20T00:00:00+00:00:p01:24 + GEFS:2019-06-20T00:00:00+00:00:p01:25,,,data/manifests/phase1e/2019-06/daily/source_2019062000.json,f0631a61632775b321fcbcb37a1fa9ce583436e281f08cb5670c5bb9c0dd2422
2019062000,2019-06,day1_24h,p02,FAIL,ValueError: materially negative reconstructed precipitation for 15--18,PASS,,1,5,137,-0.050000000000000044,(GEFS:2019-06-20T00:00:00+00:00:p02:2 - GEFS:2019-06-20T00:00:00+00:00:p02:1) + GEFS:2019-06-20T00:00:00+00:00:p02:4 + GEFS:2019-06-20T00:00:00+00:00:p02:6 + GEFS:2019-06-20T00:00:00+00:00:p02:8 + GEFS:2019-06-20T00:00:00+00:00:p02:9,,,data/manifests/phase1e/2019-06/daily/source_2019062000.json,f0631a61632775b321fcbcb37a1fa9ce583436e281f08cb5670c5bb9c0dd2422
2019062000,2019-06,day2_24h,p02,FAIL,ValueError: materially negative reconstructed precipitation for 33--36,PASS,,1,5,0,,(GEFS:2019-06-20T00:00:00+00:00:p02:10 - GEFS:2019-06-20T00:00:00+00:00:p02:9) + GEFS:2019-06-20T00:00:00+00:00:p02:12 + GEFS:2019-06-20T00:00:00+00:00:p02:14 + GEFS:2019-06-20T00:00:00+00:00:p02:16 + GEFS:2019-06-20T00:00:00+00:00:p02:17,,,data/manifests/phase1e/2019-06/daily/source_2019062000.json,f0631a61632775b321fcbcb37a1fa9ce583436e281f08cb5670c5bb9c0dd2422
2019062000,2019-06,day3_24h,p02,FAIL,ValueError: materially negative reconstructed precipitation for 57--60,PASS,,1,5,0,,(GEFS:2019-06-20T00:00:00+00:00:p02:18 - GEFS:2019-06-20T00:00:00+00:00:p02:17) + GEFS:2019-06-20T00:00:00+00:00:p02:20 + GEFS:2019-06-20T00:00:00+00:00:p02:22 + GEFS:2019-06-20T00:00:00+00:00:p02:24 + GEFS:2019-06-20T00:00:00+00:00:p02:25,,,data/manifests/phase1e/2019-06/daily/source_2019062000.json,f0631a61632775b321fcbcb37a1fa9ce583436e281f08cb5670c5bb9c0dd2422
2019062000,2019-06,day1_24h,p03,FAIL,ValueError: materially negative reconstructed precipitation for 21--24,PASS,,1,5,0,,(GEFS:2019-06-20T00:00:00+00:00:p03:2 - GEFS:2019-06-20T00:00:00+00:00:p03:1) + GEFS:2019-06-20T00:00:00+00:00:p03:4 + GEFS:2019-06-20T00:00:00+00:00:p03:6 + GEFS:2019-06-20T00:00:00+00:00:p03:8 + GEFS:2019-06-20T00:00:00+00:00:p03:9,,,data/manifests/phase1e/2019-06/daily/source_2019062000.json,f0631a61632775b321fcbcb37a1fa9ce583436e281f08cb5670c5bb9c0dd2422
2019062000,2019-06,day2_24h,p03,FAIL,ValueError: materially negative reconstructed precipitation for 27--30,FAIL,ValueError: negative difference exceeds packing bound for 27--30,,,,,,,,data/manifests/phase1e/2019-06/daily/source_2019062000.json,f0631a61632775b321fcbcb37a1fa9ce583436e281f08cb5670c5bb9c0dd2422
2019062000,2019-06,day3_24h,p03,PASS,,PASS,,1,5,0,,(GEFS:2019-06-20T00:00:00+00:00:p03:18 - GEFS:2019-06-20T00:00:00+00:00:p03:17) + GEFS:2019-06-20T00:00:00+00:00:p03:20 + GEFS:2019-06-20T00:00:00+00:00:p03:22 + GEFS:2019-06-20T00:00:00+00:00:p03:24 + GEFS:2019-06-20T00:00:00+00:00:p03:25,0.05000000000000071,0.0009037900874650905,data/manifests/phase1e/2019-06/daily/source_2019062000.json,f0631a61632775b321fcbcb37a1fa9ce583436e281f08cb5670c5bb9c0dd2422
2019062000,2019-06,day1_24h,p04,FAIL,ValueError: materially negative reconstructed precipitation for 9--12,PASS,,1,5,0,,(GEFS:2019-06-20T00:00:00+00:00:p04:2 - GEFS:2019-06-20T00:00:00+00:00:p04:1) + GEFS:2019-06-20T00:00:00+00:00:p04:4 + GEFS:2019-06-20T00:00:00+00:00:p04:6 + GEFS:2019-06-20T00:00:00+00:00:p04:8 + GEFS:2019-06-20T00:00:00+00:00:p04:9,,,data/manifests/phase1e/2019-06/daily/source_2019062000.json,f0631a61632775b321fcbcb37a1fa9ce583436e281f08cb5670c5bb9c0dd2422
2019062000,2019-06,day2_24h,p04,FAIL,ValueError: materially negative reconstructed precipitation for 33--36,PASS,,1,5,0,,(GEFS:2019-06-20T00:00:00+00:00:p04:10 - GEFS:2019-06-20T00:00:00+00:00:p04:9) + GEFS:2019-06-20T00:00:00+00:00:p04:12 + GEFS:2019-06-20T00:00:00+00:00:p04:14 + GEFS:2019-06-20T00:00:00+00:00:p04:16 + GEFS:2019-06-20T00:00:00+00:00:p04:17,,,data/manifests/phase1e/2019-06/daily/source_2019062000.json,f0631a61632775b321fcbcb37a1fa9ce583436e281f08cb5670c5bb9c0dd2422
2019062000,2019-06,day3_24h,p04,FAIL,ValueError: materially negative reconstructed precipitation for 57--60,PASS,,1,5,0,,(GEFS:2019-06-20T00:00:00+00:00:p04:18 - GEFS:2019-06-20T00:00:00+00:00:p04:17) + GEFS:2019-06-20T00:00:00+00:00:p04:20 + GEFS:2019-06-20T00:00:00+00:00:p04:22 + GEFS:2019-06-20T00:00:00+00:00:p04:24 + GEFS:2019-06-20T00:00:00+00:00:p04:25,,,data/manifests/phase1e/2019-06/daily/source_2019062000.json,f0631a61632775b321fcbcb37a1fa9ce583436e281f08cb5670c5bb9c0dd2422
2019062100,2019-06,day1_24h,c00,FAIL,ValueError: materially negative reconstructed precipitation for 9--12,PASS,,1,5,0,,(GEFS:2019-06-21T00:00:00+00:00:c00:2 - GEFS:2019-06-21T00:00:00+00:00:c00:1) + GEFS:2019-06-21T00:00:00+00:00:c00:4 + GEFS:2019-06-21T00:00:00+00:00:c00:6 + GEFS:2019-06-21T00:00:00+00:00:c00:8 + GEFS:2019-06-21T00:00:00+00:00:c00:9,,,data/manifests/phase1e/2019-06/daily/source_2019062100.json,f41a1f9f6b209a28f428541aabb3326ce0d0cef2cdaffc2d312f0c4d6fedf270
2019062100,2019-06,day2_24h,c00,FAIL,ValueError: materially negative reconstructed precipitation for 33--36,PASS,,1,5,0,,(GEFS:2019-06-21T00:00:00+00:00:c00:10 - GEFS:2019-06-21T00:00:00+00:00:c00:9) + GEFS:2019-06-21T00:00:00+00:00:c00:12 + GEFS:2019-06-21T00:00:00+00:00:c00:14 + GEFS:2019-06-21T00:00:00+00:00:c00:16 + GEFS:2019-06-21T00:00:00+00:00:c00:17,,,data/manifests/phase1e/2019-06/daily/source_2019062100.json,f41a1f9f6b209a28f428541aabb3326ce0d0cef2cdaffc2d312f0c4d6fedf270
2019062100,2019-06,day3_24h,c00,FAIL,ValueError: materially negative reconstructed precipitation for 57--60,PASS,,1,5,0,,(GEFS:2019-06-21T00:00:00+00:00:c00:18 - GEFS:2019-06-21T00:00:00+00:00:c00:17) + GEFS:2019-06-21T00:00:00+00:00:c00:20 + GEFS:2019-06-21T00:00:00+00:00:c00:22 + GEFS:2019-06-21T00:00:00+00:00:c00:24 + GEFS:2019-06-21T00:00:00+00:00:c00:25,,,data/manifests/phase1e/2019-06/daily/source_2019062100.json,f41a1f9f6b209a28f428541aabb3326ce0d0cef2cdaffc2d312f0c4d6fedf270
2019062100,2019-06,day1_24h,p01,FAIL,ValueError: materially negative reconstructed precipitation for 9--12,PASS,,1,5,0,,(GEFS:2019-06-21T00:00:00+00:00:p01:2 - GEFS:2019-06-21T00:00:00+00:00:p01:1) + GEFS:2019-06-21T00:00:00+00:00:p01:4 + GEFS:2019-06-21T00:00:00+00:00:p01:6 + GEFS:2019-06-21T00:00:00+00:00:p01:8 + GEFS:2019-06-21T00:00:00+00:00:p01:9,,,data/manifests/phase1e/2019-06/daily/source_2019062100.json,f41a1f9f6b209a28f428541aabb3326ce0d0cef2cdaffc2d312f0c4d6fedf270
2019062100,2019-06,day2_24h,p01,FAIL,ValueError: materially negative reconstructed precipitation for 33--36,PASS,,1,5,0,,(GEFS:2019-06-21T00:00:00+00:00:p01:10 - GEFS:2019-06-21T00:00:00+00:00:p01:9) + GEFS:2019-06-21T00:00:00+00:00:p01:12 + GEFS:2019-06-21T00:00:00+00:00:p01:14 + GEFS:2019-06-21T00:00:00+00:00:p01:16 + GEFS:2019-06-21T00:00:00+00:00:p01:17,,,data/manifests/phase1e/2019-06/daily/source_2019062100.json,f41a1f9f6b209a28f428541aabb3326ce0d0cef2cdaffc2d312f0c4d6fedf270
2019062100,2019-06,day3_24h,p01,FAIL,ValueError: materially negative reconstructed precipitation for 51--54,FAIL,ValueError: negative difference exceeds packing bound for 51--54,,,,,,,,data/manifests/phase1e/2019-06/daily/source_2019062100.json,f41a1f9f6b209a28f428541aabb3326ce0d0cef2cdaffc2d312f0c4d6fedf270
2019062100,2019-06,day1_24h,p02,PASS,,PASS,,1,5,0,,(GEFS:2019-06-21T00:00:00+00:00:p02:2 - GEFS:2019-06-21T00:00:00+00:00:p02:1) + GEFS:2019-06-21T00:00:00+00:00:p02:4 + GEFS:2019-06-21T00:00:00+00:00:p02:6 + GEFS:2019-06-21T00:00:00+00:00:p02:8 + GEFS:2019-06-21T00:00:00+00:00:p02:9,1.4210854715202004e-14,5.598279949661295e-16,data/manifests/phase1e/2019-06/daily/source_2019062100.json,f41a1f9f6b209a28f428541aabb3326ce0d0cef2cdaffc2d312f0c4d6fedf270
2019062100,2019-06,day2_24h,p02,FAIL,ValueError: materially negative reconstructed precipitation for 27--30,FAIL,ValueError: negative difference exceeds packing bound for 27--30,,,,,,,,data/manifests/phase1e/2019-06/daily/source_2019062100.json,f41a1f9f6b209a28f428541aabb3326ce0d0cef2cdaffc2d312f0c4d6fedf270
2019062100,2019-06,day3_24h,p02,FAIL,ValueError: materially negative reconstructed precipitation for 57--60,PASS,,1,5,0,,(GEFS:2019-06-21T00:00:00+00:00:p02:18 - GEFS:2019-06-21T00:00:00+00:00:p02:17) + GEFS:2019-06-21T00:00:00+00:00:p02:20 + GEFS:2019-06-21T00:00:00+00:00:p02:22 + GEFS:2019-06-21T00:00:00+00:00:p02:24 + GEFS:2019-06-21T00:00:00+00:00:p02:25,,,data/manifests/phase1e/2019-06/daily/source_2019062100.json,f41a1f9f6b209a28f428541aabb3326ce0d0cef2cdaffc2d312f0c4d6fedf270
2019062100,2019-06,day1_24h,p03,FAIL,ValueError: materially negative reconstructed precipitation for 9--12,PASS,,1,5,0,,(GEFS:2019-06-21T00:00:00+00:00:p03:2 - GEFS:2019-06-21T00:00:00+00:00:p03:1) + GEFS:2019-06-21T00:00:00+00:00:p03:4 + GEFS:2019-06-21T00:00:00+00:00:p03:6 + GEFS:2019-06-21T00:00:00+00:00:p03:8 + GEFS:2019-06-21T00:00:00+00:00:p03:9,,,data/manifests/phase1e/2019-06/daily/source_2019062100.json,f41a1f9f6b209a28f428541aabb3326ce0d0cef2cdaffc2d312f0c4d6fedf270
2019062100,2019-06,day2_24h,p03,FAIL,ValueError: materially negative reconstructed precipitation for 33--36,PASS,,1,5,0,,(GEFS:2019-06-21T00:00:00+00:00:p03:10 - GEFS:2019-06-21T00:00:00+00:00:p03:9) + GEFS:2019-06-21T00:00:00+00:00:p03:12 + GEFS:2019-06-21T00:00:00+00:00:p03:14 + GEFS:2019-06-21T00:00:00+00:00:p03:16 + GEFS:2019-06-21T00:00:00+00:00:p03:17,,,data/manifests/phase1e/2019-06/daily/source_2019062100.json,f41a1f9f6b209a28f428541aabb3326ce0d0cef2cdaffc2d312f0c4d6fedf270
2019062100,2019-06,day3_24h,p03,FAIL,ValueError: materially negative reconstructed precipitation for 63--66,PASS,,1,5,0,,(GEFS:2019-06-21T00:00:00+00:00:p03:18 - GEFS:2019-06-21T00:00:00+00:00:p03:17) + GEFS:2019-06-21T00:00:00+00:00:p03:20 + GEFS:2019-06-21T00:00:00+00:00:p03:22 + GEFS:2019-06-21T00:00:00+00:00:p03:24 + GEFS:2019-06-21T00:00:00+00:00:p03:25,,,data/manifests/phase1e/2019-06/daily/source_2019062100.json,f41a1f9f6b209a28f428541aabb3326ce0d0cef2cdaffc2d312f0c4d6fedf270
2019062100,2019-06,day1_24h,p04,FAIL,ValueError: materially negative reconstructed precipitation for 15--18,PASS,,1,5,0,,(GEFS:2019-06-21T00:00:00+00:00:p04:2 - GEFS:2019-06-21T00:00:00+00:00:p04:1) + GEFS:2019-06-21T00:00:00+00:00:p04:4 + GEFS:2019-06-21T00:00:00+00:00:p04:6 + GEFS:2019-06-21T00:00:00+00:00:p04:8 + GEFS:2019-06-21T00:00:00+00:00:p04:9,,,data/manifests/phase1e/2019-06/daily/source_2019062100.json,f41a1f9f6b209a28f428541aabb3326ce0d0cef2cdaffc2d312f0c4d6fedf270
2019062100,2019-06,day2_24h,p04,FAIL,ValueError: materially negative reconstructed precipitation for 27--30,FAIL,ValueError: negative difference exceeds packing bound for 27--30,,,,,,,,data/manifests/phase1e/2019-06/daily/source_2019062100.json,f41a1f9f6b209a28f428541aabb3326ce0d0cef2cdaffc2d312f0c4d6fedf270
2019062100,2019-06,day3_24h,p04,PASS,,PASS,,1,5,0,,(GEFS:2019-06-21T00:00:00+00:00:p04:18 - GEFS:2019-06-21T00:00:00+00:00:p04:17) + GEFS:2019-06-21T00:00:00+00:00:p04:20 + GEFS:2019-06-21T00:00:00+00:00:p04:22 + GEFS:2019-06-21T00:00:00+00:00:p04:24 + GEFS:2019-06-21T00:00:00+00:00:p04:25,5.684341886080802e-14,7.846007614260581e-16,data/manifests/phase1e/2019-06/daily/source_2019062100.json,f41a1f9f6b209a28f428541aabb3326ce0d0cef2cdaffc2d312f0c4d6fedf270
2019062200,2019-06,day1_24h,c00,FAIL,ValueError: materially negative reconstructed precipitation for 9--12,PASS,,1,5,0,,(GEFS:2019-06-22T00:00:00+00:00:c00:2 - GEFS:2019-06-22T00:00:00+00:00:c00:1) + GEFS:2019-06-22T00:00:00+00:00:c00:4 + GEFS:2019-06-22T00:00:00+00:00:c00:6 + GEFS:2019-06-22T00:00:00+00:00:c00:8 + GEFS:2019-06-22T00:00:00+00:00:c00:9,,,data/manifests/phase1e/2019-06/daily/source_2019062200.json,6536d3d59c610a4d1955f621f9d936353ca54f3ade964bffacbfac0df73ca9c3
2019062200,2019-06,day2_24h,c00,FAIL,ValueError: materially negative reconstructed precipitation for 27--30,FAIL,ValueError: negative difference exceeds packing bound for 27--30,,,,,,,,data/manifests/phase1e/2019-06/daily/source_2019062200.json,6536d3d59c610a4d1955f621f9d936353ca54f3ade964bffacbfac0df73ca9c3
2019062200,2019-06,day3_24h,c00,FAIL,ValueError: materially negative reconstructed precipitation for 51--54,FAIL,ValueError: negative difference exceeds packing bound for 51--54,,,,,,,,data/manifests/phase1e/2019-06/daily/source_2019062200.json,6536d3d59c610a4d1955f621f9d936353ca54f3ade964bffacbfac0df73ca9c3
2019062200,2019-06,day1_24h,p01,FAIL,ValueError: materially negative reconstructed precipitation for 15--18,PASS,,1,5,120,-0.04999999999999999,(GEFS:2019-06-22T00:00:00+00:00:p01:2 - GEFS:2019-06-22T00:00:00+00:00:p01:1) + GEFS:2019-06-22T00:00:00+00:00:p01:4 + GEFS:2019-06-22T00:00:00+00:00:p01:6 + GEFS:2019-06-22T00:00:00+00:00:p01:8 + GEFS:2019-06-22T00:00:00+00:00:p01:9,,,data/manifests/phase1e/2019-06/daily/source_2019062200.json,6536d3d59c610a4d1955f621f9d936353ca54f3ade964bffacbfac0df73ca9c3
2019062200,2019-06,day2_24h,p01,PASS,,PASS,,1,5,0,,(GEFS:2019-06-22T00:00:00+00:00:p01:10 - GEFS:2019-06-22T00:00:00+00:00:p01:9) + GEFS:2019-06-22T00:00:00+00:00:p01:12 + GEFS:2019-06-22T00:00:00+00:00:p01:14 + GEFS:2019-06-22T00:00:00+00:00:p01:16 + GEFS:2019-06-22T00:00:00+00:00:p01:17,7.105427357601002e-15,4.2048367656929866e-16,data/manifests/phase1e/2019-06/daily/source_2019062200.json,6536d3d59c610a4d1955f621f9d936353ca54f3ade964bffacbfac0df73ca9c3
2019062200,2019-06,day3_24h,p01,FAIL,ValueError: materially negative reconstructed precipitation for 69--72,PASS,,1,5,0,,(GEFS:2019-06-22T00:00:00+00:00:p01:18 - GEFS:2019-06-22T00:00:00+00:00:p01:17) + GEFS:2019-06-22T00:00:00+00:00:p01:20 + GEFS:2019-06-22T00:00:00+00:00:p01:22 + GEFS:2019-06-22T00:00:00+00:00:p01:24 + GEFS:2019-06-22T00:00:00+00:00:p01:25,,,data/manifests/phase1e/2019-06/daily/source_2019062200.json,6536d3d59c610a4d1955f621f9d936353ca54f3ade964bffacbfac0df73ca9c3
2019062200,2019-06,day1_24h,p02,PASS,,PASS,,1,5,0,,(GEFS:2019-06-22T00:00:00+00:00:p02:2 - GEFS:2019-06-22T00:00:00+00:00:p02:1) + GEFS:2019-06-22T00:00:00+00:00:p02:4 + GEFS:2019-06-22T00:00:00+00:00:p02:6 + GEFS:2019-06-22T00:00:00+00:00:p02:8 + GEFS:2019-06-22T00:00:00+00:00:p02:9,2.1316282072803006e-14,5.350317810154739e-16,data/manifests/phase1e/2019-06/daily/source_2019062200.json,6536d3d59c610a4d1955f621f9d936353ca54f3ade964bffacbfac0df73ca9c3
2019062200,2019-06,day2_24h,p02,FAIL,ValueError: materially negative reconstructed precipitation for 27--30,FAIL,ValueError: negative difference exceeds packing bound for 27--30,,,,,,,,data/manifests/phase1e/2019-06/daily/source_2019062200.json,6536d3d59c610a4d1955f621f9d936353ca54f3ade964bffacbfac0df73ca9c3
2019062200,2019-06,day3_24h,p02,FAIL,ValueError: materially negative reconstructed precipitation for 63--66,PASS,,1,5,0,,(GEFS:2019-06-22T00:00:00+00:00:p02:18 - GEFS:2019-06-22T00:00:00+00:00:p02:17) + GEFS:2019-06-22T00:00:00+00:00:p02:20 + GEFS:2019-06-22T00:00:00+00:00:p02:22 + GEFS:2019-06-22T00:00:00+00:00:p02:24 + GEFS:2019-06-22T00:00:00+00:00:p02:25,,,data/manifests/phase1e/2019-06/daily/source_2019062200.json,6536d3d59c610a4d1955f621f9d936353ca54f3ade964bffacbfac0df73ca9c3
2019062200,2019-06,day1_24h,p03,FAIL,ValueError: materially negative reconstructed precipitation for 9--12,PASS,,1,5,99,-0.050000000000000044,(GEFS:2019-06-22T00:00:00+00:00:p03:2 - GEFS:2019-06-22T00:00:00+00:00:p03:1) + GEFS:2019-06-22T00:00:00+00:00:p03:4 + GEFS:2019-06-22T00:00:00+00:00:p03:6 + GEFS:2019-06-22T00:00:00+00:00:p03:8 + GEFS:2019-06-22T00:00:00+00:00:p03:9,,,data/manifests/phase1e/2019-06/daily/source_2019062200.json,6536d3d59c610a4d1955f621f9d936353ca54f3ade964bffacbfac0df73ca9c3
2019062200,2019-06,day2_24h,p03,FAIL,ValueError: materially negative reconstructed precipitation for 45--48,PASS,,1,5,0,,(GEFS:2019-06-22T00:00:00+00:00:p03:10 - GEFS:2019-06-22T00:00:00+00:00:p03:9) + GEFS:2019-06-22T00:00:00+00:00:p03:12 + GEFS:2019-06-22T00:00:00+00:00:p03:14 + GEFS:2019-06-22T00:00:00+00:00:p03:16 + GEFS:2019-06-22T00:00:00+00:00:p03:17,,,data/manifests/phase1e/2019-06/daily/source_2019062200.json,6536d3d59c610a4d1955f621f9d936353ca54f3ade964bffacbfac0df73ca9c3
2019062200,2019-06,day3_24h,p03,PASS,,PASS,,1,5,0,,(GEFS:2019-06-22T00:00:00+00:00:p03:18 - GEFS:2019-06-22T00:00:00+00:00:p03:17) + GEFS:2019-06-22T00:00:00+00:00:p03:20 + GEFS:2019-06-22T00:00:00+00:00:p03:22 + GEFS:2019-06-22T00:00:00+00:00:p03:24 + GEFS:2019-06-22T00:00:00+00:00:p03:25,1.4210854715202004e-14,5.778847251250684e-16,data/manifests/phase1e/2019-06/daily/source_2019062200.json,6536d3d59c610a4d1955f621f9d936353ca54f3ade964bffacbfac0df73ca9c3
2019062200,2019-06,day1_24h,p04,FAIL,ValueError: materially negative reconstructed precipitation for 9--12,PASS,,1,5,74,-0.04000000000000001,(GEFS:2019-06-22T00:00:00+00:00:p04:2 - GEFS:2019-06-22T00:00:00+00:00:p04:1) + GEFS:2019-06-22T00:00:00+00:00:p04:4 + GEFS:2019-06-22T00:00:00+00:00:p04:6 + GEFS:2019-06-22T00:00:00+00:00:p04:8 + GEFS:2019-06-22T00:00:00+00:00:p04:9,,,data/manifests/phase1e/2019-06/daily/source_2019062200.json,6536d3d59c610a4d1955f621f9d936353ca54f3ade964bffacbfac0df73ca9c3
2019062200,2019-06,day2_24h,p04,FAIL,ValueError: materially negative reconstructed precipitation for 27--30,FAIL,ValueError: negative difference exceeds packing bound for 27--30,,,,,,,,data/manifests/phase1e/2019-06/daily/source_2019062200.json,6536d3d59c610a4d1955f621f9d936353ca54f3ade964bffacbfac0df73ca9c3
2019062200,2019-06,day3_24h,p04,FAIL,ValueError: materially negative reconstructed precipitation for 51--54,FAIL,ValueError: negative difference exceeds packing bound for 51--54,,,,,,,,data/manifests/phase1e/2019-06/daily/source_2019062200.json,6536d3d59c610a4d1955f621f9d936353ca54f3ade964bffacbfac0df73ca9c3
2019062300,2019-06,day1_24h,c00,FAIL,ValueError: materially negative reconstructed precipitation for 15--18,PASS,,1,5,0,,(GEFS:2019-06-23T00:00:00+00:00:c00:2 - GEFS:2019-06-23T00:00:00+00:00:c00:1) + GEFS:2019-06-23T00:00:00+00:00:c00:4 + GEFS:2019-06-23T00:00:00+00:00:c00:6 + GEFS:2019-06-23T00:00:00+00:00:c00:8 + GEFS:2019-06-23T00:00:00+00:00:c00:9,,,data/manifests/phase1e/2019-06/daily/source_2019062300.json,e9a7f389c1fae7d2e718bad71e949fd89a665e47c0f4ed9181a92c0e0deda357
2019062300,2019-06,day2_24h,c00,FAIL,ValueError: materially negative reconstructed precipitation for 27--30,FAIL,ValueError: negative difference exceeds packing bound for 27--30,,,,,,,,data/manifests/phase1e/2019-06/daily/source_2019062300.json,e9a7f389c1fae7d2e718bad71e949fd89a665e47c0f4ed9181a92c0e0deda357
2019062300,2019-06,day3_24h,c00,FAIL,ValueError: materially negative reconstructed precipitation for 57--60,PASS,,1,5,93,-0.05,(GEFS:2019-06-23T00:00:00+00:00:c00:18 - GEFS:2019-06-23T00:00:00+00:00:c00:17) + GEFS:2019-06-23T00:00:00+00:00:c00:20 + GEFS:2019-06-23T00:00:00+00:00:c00:22 + GEFS:2019-06-23T00:00:00+00:00:c00:24 + GEFS:2019-06-23T00:00:00+00:00:c00:25,,,data/manifests/phase1e/2019-06/daily/source_2019062300.json,e9a7f389c1fae7d2e718bad71e949fd89a665e47c0f4ed9181a92c0e0deda357
2019062300,2019-06,day1_24h,p01,FAIL,ValueError: materially negative reconstructed precipitation for 21--24,PASS,,1,5,0,,(GEFS:2019-06-23T00:00:00+00:00:p01:2 - GEFS:2019-06-23T00:00:00+00:00:p01:1) + GEFS:2019-06-23T00:00:00+00:00:p01:4 + GEFS:2019-06-23T00:00:00+00:00:p01:6 + GEFS:2019-06-23T00:00:00+00:00:p01:8 + GEFS:2019-06-23T00:00:00+00:00:p01:9,,,data/manifests/phase1e/2019-06/daily/source_2019062300.json,e9a7f389c1fae7d2e718bad71e949fd89a665e47c0f4ed9181a92c0e0deda357
2019062300,2019-06,day2_24h,p01,FAIL,ValueError: materially negative reconstructed precipitation for 27--30,FAIL,ValueError: negative difference exceeds packing bound for 27--30,,,,,,,,data/manifests/phase1e/2019-06/daily/source_2019062300.json,e9a7f389c1fae7d2e718bad71e949fd89a665e47c0f4ed9181a92c0e0deda357
2019062300,2019-06,day3_24h,p01,FAIL,ValueError: materially negative reconstructed precipitation for 51--54,FAIL,ValueError: negative difference exceeds packing bound for 51--54,,,,,,,,data/manifests/phase1e/2019-06/daily/source_2019062300.json,e9a7f389c1fae7d2e718bad71e949fd89a665e47c0f4ed9181a92c0e0deda357
2019062300,2019-06,day1_24h,p02,FAIL,ValueError: materially negative reconstructed precipitation for 9--12,PASS,,1,5,0,,(GEFS:2019-06-23T00:00:00+00:00:p02:2 - GEFS:2019-06-23T00:00:00+00:00:p02:1) + GEFS:2019-06-23T00:00:00+00:00:p02:4 + GEFS:2019-06-23T00:00:00+00:00:p02:6 + GEFS:2019-06-23T00:00:00+00:00:p02:8 + GEFS:2019-06-23T00:00:00+00:00:p02:9,,,data/manifests/phase1e/2019-06/daily/source_2019062300.json,e9a7f389c1fae7d2e718bad71e949fd89a665e47c0f4ed9181a92c0e0deda357
2019062300,2019-06,day2_24h,p02,PASS,,PASS,,1,5,0,,(GEFS:2019-06-23T00:00:00+00:00:p02:10 - GEFS:2019-06-23T00:00:00+00:00:p02:9) + GEFS:2019-06-23T00:00:00+00:00:p02:12 + GEFS:2019-06-23T00:00:00+00:00:p02:14 + GEFS:2019-06-23T00:00:00+00:00:p02:16 + GEFS:2019-06-23T00:00:00+00:00:p02:17,2.842170943040401e-14,9.861147948003368e-16,data/manifests/phase1e/2019-06/daily/source_2019062300.json,e9a7f389c1fae7d2e718bad71e949fd89a665e47c0f4ed9181a92c0e0deda357
2019062300,2019-06,day3_24h,p02,FAIL,ValueError: materially negative reconstructed precipitation for 63--66,PASS,,1,5,0,,(GEFS:2019-06-23T00:00:00+00:00:p02:18 - GEFS:2019-06-23T00:00:00+00:00:p02:17) + GEFS:2019-06-23T00:00:00+00:00:p02:20 + GEFS:2019-06-23T00:00:00+00:00:p02:22 + GEFS:2019-06-23T00:00:00+00:00:p02:24 + GEFS:2019-06-23T00:00:00+00:00:p02:25,,,data/manifests/phase1e/2019-06/daily/source_2019062300.json,e9a7f389c1fae7d2e718bad71e949fd89a665e47c0f4ed9181a92c0e0deda357
2019062300,2019-06,day1_24h,p03,FAIL,ValueError: materially negative reconstructed precipitation for 9--12,PASS,,1,5,0,,(GEFS:2019-06-23T00:00:00+00:00:p03:2 - GEFS:2019-06-23T00:00:00+00:00:p03:1) + GEFS:2019-06-23T00:00:00+00:00:p03:4 + GEFS:2019-06-23T00:00:00+00:00:p03:6 + GEFS:2019-06-23T00:00:00+00:00:p03:8 + GEFS:2019-06-23T00:00:00+00:00:p03:9,,,data/manifests/phase1e/2019-06/daily/source_2019062300.json,e9a7f389c1fae7d2e718bad71e949fd89a665e47c0f4ed9181a92c0e0deda357
2019062300,2019-06,day2_24h,p03,PASS,,PASS,,1,5,0,,(GEFS:2019-06-23T00:00:00+00:00:p03:10 - GEFS:2019-06-23T00:00:00+00:00:p03:9) + GEFS:2019-06-23T00:00:00+00:00:p03:12 + GEFS:2019-06-23T00:00:00+00:00:p03:14 + GEFS:2019-06-23T00:00:00+00:00:p03:16 + GEFS:2019-06-23T00:00:00+00:00:p03:17,1.4210854715202004e-14,4.0226510631930653e-16,data/manifests/phase1e/2019-06/daily/source_2019062300.json,e9a7f389c1fae7d2e718bad71e949fd89a665e47c0f4ed9181a92c0e0deda357
2019062300,2019-06,day3_24h,p03,FAIL,ValueError: materially negative reconstructed precipitation for 51--54,FAIL,ValueError: negative difference exceeds packing bound for 51--54,,,,,,,,data/manifests/phase1e/2019-06/daily/source_2019062300.json,e9a7f389c1fae7d2e718bad71e949fd89a665e47c0f4ed9181a92c0e0deda357
2019062300,2019-06,day1_24h,p04,FAIL,ValueError: materially negative reconstructed precipitation for 9--12,PASS,,1,5,0,,(GEFS:2019-06-23T00:00:00+00:00:p04:2 - GEFS:2019-06-23T00:00:00+00:00:p04:1) + GEFS:2019-06-23T00:00:00+00:00:p04:4 + GEFS:2019-06-23T00:00:00+00:00:p04:6 + GEFS:2019-06-23T00:00:00+00:00:p04:8 + GEFS:2019-06-23T00:00:00+00:00:p04:9,,,data/manifests/phase1e/2019-06/daily/source_2019062300.json,e9a7f389c1fae7d2e718bad71e949fd89a665e47c0f4ed9181a92c0e0deda357
2019062300,2019-06,day2_24h,p04,FAIL,ValueError: materially negative reconstructed precipitation for 39--42,PASS,,1,5,0,,(GEFS:2019-06-23T00:00:00+00:00:p04:10 - GEFS:2019-06-23T00:00:00+00:00:p04:9) + GEFS:2019-06-23T00:00:00+00:00:p04:12 + GEFS:2019-06-23T00:00:00+00:00:p04:14 + GEFS:2019-06-23T00:00:00+00:00:p04:16 + GEFS:2019-06-23T00:00:00+00:00:p04:17,,,data/manifests/phase1e/2019-06/daily/source_2019062300.json,e9a7f389c1fae7d2e718bad71e949fd89a665e47c0f4ed9181a92c0e0deda357
2019062300,2019-06,day3_24h,p04,FAIL,ValueError: materially negative reconstructed precipitation for 51--54,FAIL,ValueError: negative difference exceeds packing bound for 51--54,,,,,,,,data/manifests/phase1e/2019-06/daily/source_2019062300.json,e9a7f389c1fae7d2e718bad71e949fd89a665e47c0f4ed9181a92c0e0deda357
2019062400,2019-06,day1_24h,c00,FAIL,ValueError: materially negative reconstructed precipitation for 21--24,PASS,,1,5,0,,(GEFS:2019-06-24T00:00:00+00:00:c00:2 - GEFS:2019-06-24T00:00:00+00:00:c00:1) + GEFS:2019-06-24T00:00:00+00:00:c00:4 + GEFS:2019-06-24T00:00:00+00:00:c00:6 + GEFS:2019-06-24T00:00:00+00:00:c00:8 + GEFS:2019-06-24T00:00:00+00:00:c00:9,,,data/manifests/phase1e/2019-06/daily/source_2019062400.json,ce641fb3ef9c2dbfd9120861b88e05bc9c68d48a6ac417ed5495e404c67fb958
2019062400,2019-06,day2_24h,c00,FAIL,ValueError: materially negative reconstructed precipitation for 27--30,FAIL,ValueError: negative difference exceeds packing bound for 27--30,,,,,,,,data/manifests/phase1e/2019-06/daily/source_2019062400.json,ce641fb3ef9c2dbfd9120861b88e05bc9c68d48a6ac417ed5495e404c67fb958
2019062400,2019-06,day3_24h,c00,FAIL,ValueError: materially negative reconstructed precipitation for 57--60,PASS,,1,5,0,,(GEFS:2019-06-24T00:00:00+00:00:c00:18 - GEFS:2019-06-24T00:00:00+00:00:c00:17) + GEFS:2019-06-24T00:00:00+00:00:c00:20 + GEFS:2019-06-24T00:00:00+00:00:c00:22 + GEFS:2019-06-24T00:00:00+00:00:c00:24 + GEFS:2019-06-24T00:00:00+00:00:c00:25,,,data/manifests/phase1e/2019-06/daily/source_2019062400.json,ce641fb3ef9c2dbfd9120861b88e05bc9c68d48a6ac417ed5495e404c67fb958
2019062400,2019-06,day1_24h,p01,FAIL,ValueError: materially negative reconstructed precipitation for 9--12,PASS,,1,5,0,,(GEFS:2019-06-24T00:00:00+00:00:p01:2 - GEFS:2019-06-24T00:00:00+00:00:p01:1) + GEFS:2019-06-24T00:00:00+00:00:p01:4 + GEFS:2019-06-24T00:00:00+00:00:p01:6 + GEFS:2019-06-24T00:00:00+00:00:p01:8 + GEFS:2019-06-24T00:00:00+00:00:p01:9,,,data/manifests/phase1e/2019-06/daily/source_2019062400.json,ce641fb3ef9c2dbfd9120861b88e05bc9c68d48a6ac417ed5495e404c67fb958
2019062400,2019-06,day2_24h,p01,FAIL,ValueError: materially negative reconstructed precipitation for 27--30,FAIL,ValueError: negative difference exceeds packing bound for 27--30,,,,,,,,data/manifests/phase1e/2019-06/daily/source_2019062400.json,ce641fb3ef9c2dbfd9120861b88e05bc9c68d48a6ac417ed5495e404c67fb958
2019062400,2019-06,day3_24h,p01,FAIL,ValueError: materially negative reconstructed precipitation for 57--60,PASS,,1,5,0,,(GEFS:2019-06-24T00:00:00+00:00:p01:18 - GEFS:2019-06-24T00:00:00+00:00:p01:17) + GEFS:2019-06-24T00:00:00+00:00:p01:20 + GEFS:2019-06-24T00:00:00+00:00:p01:22 + GEFS:2019-06-24T00:00:00+00:00:p01:24 + GEFS:2019-06-24T00:00:00+00:00:p01:25,,,data/manifests/phase1e/2019-06/daily/source_2019062400.json,ce641fb3ef9c2dbfd9120861b88e05bc9c68d48a6ac417ed5495e404c67fb958
2019062400,2019-06,day1_24h,p02,FAIL,ValueError: materially negative reconstructed precipitation for 15--18,PASS,,1,5,63,-0.04999999999999999,(GEFS:2019-06-24T00:00:00+00:00:p02:2 - GEFS:2019-06-24T00:00:00+00:00:p02:1) + GEFS:2019-06-24T00:00:00+00:00:p02:4 + GEFS:2019-06-24T00:00:00+00:00:p02:6 + GEFS:2019-06-24T00:00:00+00:00:p02:8 + GEFS:2019-06-24T00:00:00+00:00:p02:9,,,data/manifests/phase1e/2019-06/daily/source_2019062400.json,ce641fb3ef9c2dbfd9120861b88e05bc9c68d48a6ac417ed5495e404c67fb958
2019062400,2019-06,day2_24h,p02,FAIL,ValueError: materially negative reconstructed precipitation for 27--30,FAIL,ValueError: negative difference exceeds packing bound for 27--30,,,,,,,,data/manifests/phase1e/2019-06/daily/source_2019062400.json,ce641fb3ef9c2dbfd9120861b88e05bc9c68d48a6ac417ed5495e404c67fb958
2019062400,2019-06,day3_24h,p02,PASS,,PASS,,1,5,0,,(GEFS:2019-06-24T00:00:00+00:00:p02:18 - GEFS:2019-06-24T00:00:00+00:00:p02:17) + GEFS:2019-06-24T00:00:00+00:00:p02:20 + GEFS:2019-06-24T00:00:00+00:00:p02:22 + GEFS:2019-06-24T00:00:00+00:00:p02:24 + GEFS:2019-06-24T00:00:00+00:00:p02:25,7.105427357601002e-15,3.9285526102521157e-16,data/manifests/phase1e/2019-06/daily/source_2019062400.json,ce641fb3ef9c2dbfd9120861b88e05bc9c68d48a6ac417ed5495e404c67fb958
2019062400,2019-06,day1_24h,p03,PASS,,PASS,,1,5,82,-0.04999999999999999,(GEFS:2019-06-24T00:00:00+00:00:p03:2 - GEFS:2019-06-24T00:00:00+00:00:p03:1) + GEFS:2019-06-24T00:00:00+00:00:p03:4 + GEFS:2019-06-24T00:00:00+00:00:p03:6 + GEFS:2019-06-24T00:00:00+00:00:p03:8 + GEFS:2019-06-24T00:00:00+00:00:p03:9,1.4210854715202004e-14,4.55811056444918e-16,data/manifests/phase1e/2019-06/daily/source_2019062400.json,ce641fb3ef9c2dbfd9120861b88e05bc9c68d48a6ac417ed5495e404c67fb958
2019062400,2019-06,day2_24h,p03,FAIL,ValueError: materially negative reconstructed precipitation for 39--42,PASS,,1,5,0,,(GEFS:2019-06-24T00:00:00+00:00:p03:10 - GEFS:2019-06-24T00:00:00+00:00:p03:9) + GEFS:2019-06-24T00:00:00+00:00:p03:12 + GEFS:2019-06-24T00:00:00+00:00:p03:14 + GEFS:2019-06-24T00:00:00+00:00:p03:16 + GEFS:2019-06-24T00:00:00+00:00:p03:17,,,data/manifests/phase1e/2019-06/daily/source_2019062400.json,ce641fb3ef9c2dbfd9120861b88e05bc9c68d48a6ac417ed5495e404c67fb958
2019062400,2019-06,day3_24h,p03,FAIL,ValueError: materially negative reconstructed precipitation for 51--54,FAIL,ValueError: negative difference exceeds packing bound for 51--54,,,,,,,,data/manifests/phase1e/2019-06/daily/source_2019062400.json,ce641fb3ef9c2dbfd9120861b88e05bc9c68d48a6ac417ed5495e404c67fb958
2019062400,2019-06,day1_24h,p04,FAIL,ValueError: materially negative reconstructed precipitation for 9--12,PASS,,1,5,0,,(GEFS:2019-06-24T00:00:00+00:00:p04:2 - GEFS:2019-06-24T00:00:00+00:00:p04:1) + GEFS:2019-06-24T00:00:00+00:00:p04:4 + GEFS:2019-06-24T00:00:00+00:00:p04:6 + GEFS:2019-06-24T00:00:00+00:00:p04:8 + GEFS:2019-06-24T00:00:00+00:00:p04:9,,,data/manifests/phase1e/2019-06/daily/source_2019062400.json,ce641fb3ef9c2dbfd9120861b88e05bc9c68d48a6ac417ed5495e404c67fb958
2019062400,2019-06,day2_24h,p04,FAIL,ValueError: materially negative reconstructed precipitation for 45--48,PASS,,1,5,0,,(GEFS:2019-06-24T00:00:00+00:00:p04:10 - GEFS:2019-06-24T00:00:00+00:00:p04:9) + GEFS:2019-06-24T00:00:00+00:00:p04:12 + GEFS:2019-06-24T00:00:00+00:00:p04:14 + GEFS:2019-06-24T00:00:00+00:00:p04:16 + GEFS:2019-06-24T00:00:00+00:00:p04:17,,,data/manifests/phase1e/2019-06/daily/source_2019062400.json,ce641fb3ef9c2dbfd9120861b88e05bc9c68d48a6ac417ed5495e404c67fb958
2019062400,2019-06,day3_24h,p04,FAIL,ValueError: materially negative reconstructed precipitation for 57--60,PASS,,1,5,0,,(GEFS:2019-06-24T00:00:00+00:00:p04:18 - GEFS:2019-06-24T00:00:00+00:00:p04:17) + GEFS:2019-06-24T00:00:00+00:00:p04:20 + GEFS:2019-06-24T00:00:00+00:00:p04:22 + GEFS:2019-06-24T00:00:00+00:00:p04:24 + GEFS:2019-06-24T00:00:00+00:00:p04:25,,,data/manifests/phase1e/2019-06/daily/source_2019062400.json,ce641fb3ef9c2dbfd9120861b88e05bc9c68d48a6ac417ed5495e404c67fb958
2019062500,2019-06,day1_24h,c00,FAIL,ValueError: materially negative reconstructed precipitation for 15--18,PASS,,1,5,0,,(GEFS:2019-06-25T00:00:00+00:00:c00:2 - GEFS:2019-06-25T00:00:00+00:00:c00:1) + GEFS:2019-06-25T00:00:00+00:00:c00:4 + GEFS:2019-06-25T00:00:00+00:00:c00:6 + GEFS:2019-06-25T00:00:00+00:00:c00:8 + GEFS:2019-06-25T00:00:00+00:00:c00:9,,,data/manifests/phase1e/2019-06/daily/source_2019062500.json,c25088a0e3a23062a0b381110e66d70db9b5fafc8f44c72e32b414e22a9d1e1a
2019062500,2019-06,day2_24h,c00,FAIL,ValueError: materially negative reconstructed precipitation for 27--30,FAIL,ValueError: negative difference exceeds packing bound for 27--30,,,,,,,,data/manifests/phase1e/2019-06/daily/source_2019062500.json,c25088a0e3a23062a0b381110e66d70db9b5fafc8f44c72e32b414e22a9d1e1a
2019062500,2019-06,day3_24h,c00,FAIL,ValueError: materially negative reconstructed precipitation for 51--54,FAIL,ValueError: negative difference exceeds packing bound for 51--54,,,,,,,,data/manifests/phase1e/2019-06/daily/source_2019062500.json,c25088a0e3a23062a0b381110e66d70db9b5fafc8f44c72e32b414e22a9d1e1a
2019062500,2019-06,day1_24h,p01,PASS,,PASS,,1,5,0,,(GEFS:2019-06-25T00:00:00+00:00:p01:2 - GEFS:2019-06-25T00:00:00+00:00:p01:1) + GEFS:2019-06-25T00:00:00+00:00:p01:4 + GEFS:2019-06-25T00:00:00+00:00:p01:6 + GEFS:2019-06-25T00:00:00+00:00:p01:8 + GEFS:2019-06-25T00:00:00+00:00:p01:9,1.4210854715202004e-14,2.833126393951826e-16,data/manifests/phase1e/2019-06/daily/source_2019062500.json,c25088a0e3a23062a0b381110e66d70db9b5fafc8f44c72e32b414e22a9d1e1a
2019062500,2019-06,day2_24h,p01,FAIL,ValueError: materially negative reconstructed precipitation for 27--30,FAIL,ValueError: negative difference exceeds packing bound for 27--30,,,,,,,,data/manifests/phase1e/2019-06/daily/source_2019062500.json,c25088a0e3a23062a0b381110e66d70db9b5fafc8f44c72e32b414e22a9d1e1a
2019062500,2019-06,day3_24h,p01,FAIL,ValueError: materially negative reconstructed precipitation for 57--60,PASS,,1,5,0,,(GEFS:2019-06-25T00:00:00+00:00:p01:18 - GEFS:2019-06-25T00:00:00+00:00:p01:17) + GEFS:2019-06-25T00:00:00+00:00:p01:20 + GEFS:2019-06-25T00:00:00+00:00:p01:22 + GEFS:2019-06-25T00:00:00+00:00:p01:24 + GEFS:2019-06-25T00:00:00+00:00:p01:25,,,data/manifests/phase1e/2019-06/daily/source_2019062500.json,c25088a0e3a23062a0b381110e66d70db9b5fafc8f44c72e32b414e22a9d1e1a
2019062500,2019-06,day1_24h,p02,FAIL,ValueError: materially negative reconstructed precipitation for 9--12,PASS,,1,5,0,,(GEFS:2019-06-25T00:00:00+00:00:p02:2 - GEFS:2019-06-25T00:00:00+00:00:p02:1) + GEFS:2019-06-25T00:00:00+00:00:p02:4 + GEFS:2019-06-25T00:00:00+00:00:p02:6 + GEFS:2019-06-25T00:00:00+00:00:p02:8 + GEFS:2019-06-25T00:00:00+00:00:p02:9,,,data/manifests/phase1e/2019-06/daily/source_2019062500.json,c25088a0e3a23062a0b381110e66d70db9b5fafc8f44c72e32b414e22a9d1e1a
2019062500,2019-06,day2_24h,p02,FAIL,ValueError: materially negative reconstructed precipitation for 39--42,PASS,,1,5,0,,(GEFS:2019-06-25T00:00:00+00:00:p02:10 - GEFS:2019-06-25T00:00:00+00:00:p02:9) + GEFS:2019-06-25T00:00:00+00:00:p02:12 + GEFS:2019-06-25T00:00:00+00:00:p02:14 + GEFS:2019-06-25T00:00:00+00:00:p02:16 + GEFS:2019-06-25T00:00:00+00:00:p02:17,,,data/manifests/phase1e/2019-06/daily/source_2019062500.json,c25088a0e3a23062a0b381110e66d70db9b5fafc8f44c72e32b414e22a9d1e1a
2019062500,2019-06,day3_24h,p02,FAIL,ValueError: materially negative reconstructed precipitation for 51--54,FAIL,ValueError: negative difference exceeds packing bound for 51--54,,,,,,,,data/manifests/phase1e/2019-06/daily/source_2019062500.json,c25088a0e3a23062a0b381110e66d70db9b5fafc8f44c72e32b414e22a9d1e1a
2019062500,2019-06,day1_24h,p03,PASS,,PASS,,1,5,0,,(GEFS:2019-06-25T00:00:00+00:00:p03:2 - GEFS:2019-06-25T00:00:00+00:00:p03:1) + GEFS:2019-06-25T00:00:00+00:00:p03:4 + GEFS:2019-06-25T00:00:00+00:00:p03:6 + GEFS:2019-06-25T00:00:00+00:00:p03:8 + GEFS:2019-06-25T00:00:00+00:00:p03:9,2.842170943040401e-14,5.323614195130957e-16,data/manifests/phase1e/2019-06/daily/source_2019062500.json,c25088a0e3a23062a0b381110e66d70db9b5fafc8f44c72e32b414e22a9d1e1a
2019062500,2019-06,day2_24h,p03,FAIL,ValueError: materially negative reconstructed precipitation for 39--42,PASS,,1,5,0,,(GEFS:2019-06-25T00:00:00+00:00:p03:10 - GEFS:2019-06-25T00:00:00+00:00:p03:9) + GEFS:2019-06-25T00:00:00+00:00:p03:12 + GEFS:2019-06-25T00:00:00+00:00:p03:14 + GEFS:2019-06-25T00:00:00+00:00:p03:16 + GEFS:2019-06-25T00:00:00+00:00:p03:17,,,data/manifests/phase1e/2019-06/daily/source_2019062500.json,c25088a0e3a23062a0b381110e66d70db9b5fafc8f44c72e32b414e22a9d1e1a
2019062500,2019-06,day3_24h,p03,FAIL,ValueError: materially negative reconstructed precipitation for 51--54,FAIL,ValueError: negative difference exceeds packing bound for 51--54,,,,,,,,data/manifests/phase1e/2019-06/daily/source_2019062500.json,c25088a0e3a23062a0b381110e66d70db9b5fafc8f44c72e32b414e22a9d1e1a
2019062500,2019-06,day1_24h,p04,FAIL,ValueError: materially negative reconstructed precipitation for 9--12,PASS,,1,5,86,-0.04,(GEFS:2019-06-25T00:00:00+00:00:p04:2 - GEFS:2019-06-25T00:00:00+00:00:p04:1) + GEFS:2019-06-25T00:00:00+00:00:p04:4 + GEFS:2019-06-25T00:00:00+00:00:p04:6 + GEFS:2019-06-25T00:00:00+00:00:p04:8 + GEFS:2019-06-25T00:00:00+00:00:p04:9,,,data/manifests/phase1e/2019-06/daily/source_2019062500.json,c25088a0e3a23062a0b381110e66d70db9b5fafc8f44c72e32b414e22a9d1e1a
2019062500,2019-06,day2_24h,p04,FAIL,ValueError: materially negative reconstructed precipitation for 27--30,FAIL,ValueError: negative difference exceeds packing bound for 27--30,,,,,,,,data/manifests/phase1e/2019-06/daily/source_2019062500.json,c25088a0e3a23062a0b381110e66d70db9b5fafc8f44c72e32b414e22a9d1e1a
2019062500,2019-06,day3_24h,p04,FAIL,ValueError: materially negative reconstructed precipitation for 69--72,PASS,,1,5,0,,(GEFS:2019-06-25T00:00:00+00:00:p04:18 - GEFS:2019-06-25T00:00:00+00:00:p04:17) + GEFS:2019-06-25T00:00:00+00:00:p04:20 + GEFS:2019-06-25T00:00:00+00:00:p04:22 + GEFS:2019-06-25T00:00:00+00:00:p04:24 + GEFS:2019-06-25T00:00:00+00:00:p04:25,,,data/manifests/phase1e/2019-06/daily/source_2019062500.json,c25088a0e3a23062a0b381110e66d70db9b5fafc8f44c72e32b414e22a9d1e1a
2019062600,2019-06,day1_24h,c00,FAIL,ValueError: materially negative reconstructed precipitation for 9--12,PASS,,1,5,0,,(GEFS:2019-06-26T00:00:00+00:00:c00:2 - GEFS:2019-06-26T00:00:00+00:00:c00:1) + GEFS:2019-06-26T00:00:00+00:00:c00:4 + GEFS:2019-06-26T00:00:00+00:00:c00:6 + GEFS:2019-06-26T00:00:00+00:00:c00:8 + GEFS:2019-06-26T00:00:00+00:00:c00:9,,,data/manifests/phase1e/2019-06/daily/source_2019062600.json,9b7424e3c2873854fba11b849fccc9e3039c5e1b736060244f93688f9e58adbf
2019062600,2019-06,day2_24h,c00,FAIL,ValueError: materially negative reconstructed precipitation for 27--30,FAIL,ValueError: negative difference exceeds packing bound for 27--30,,,,,,,,data/manifests/phase1e/2019-06/daily/source_2019062600.json,9b7424e3c2873854fba11b849fccc9e3039c5e1b736060244f93688f9e58adbf
2019062600,2019-06,day3_24h,c00,FAIL,ValueError: materially negative reconstructed precipitation for 51--54,FAIL,ValueError: negative difference exceeds packing bound for 51--54,,,,,,,,data/manifests/phase1e/2019-06/daily/source_2019062600.json,9b7424e3c2873854fba11b849fccc9e3039c5e1b736060244f93688f9e58adbf
2019062600,2019-06,day1_24h,p01,PASS,,PASS,,1,5,67,-0.04999999999999999,(GEFS:2019-06-26T00:00:00+00:00:p01:2 - GEFS:2019-06-26T00:00:00+00:00:p01:1) + GEFS:2019-06-26T00:00:00+00:00:p01:4 + GEFS:2019-06-26T00:00:00+00:00:p01:6 + GEFS:2019-06-26T00:00:00+00:00:p01:8 + GEFS:2019-06-26T00:00:00+00:00:p01:9,1.4210854715202004e-14,4.81982911169526e-16,data/manifests/phase1e/2019-06/daily/source_2019062600.json,9b7424e3c2873854fba11b849fccc9e3039c5e1b736060244f93688f9e58adbf
2019062600,2019-06,day2_24h,p01,FAIL,ValueError: materially negative reconstructed precipitation for 33--36,PASS,,1,5,0,,(GEFS:2019-06-26T00:00:00+00:00:p01:10 - GEFS:2019-06-26T00:00:00+00:00:p01:9) + GEFS:2019-06-26T00:00:00+00:00:p01:12 + GEFS:2019-06-26T00:00:00+00:00:p01:14 + GEFS:2019-06-26T00:00:00+00:00:p01:16 + GEFS:2019-06-26T00:00:00+00:00:p01:17,,,data/manifests/phase1e/2019-06/daily/source_2019062600.json,9b7424e3c2873854fba11b849fccc9e3039c5e1b736060244f93688f9e58adbf
2019062600,2019-06,day3_24h,p01,FAIL,ValueError: materially negative reconstructed precipitation for 57--60,PASS,,1,5,0,,(GEFS:2019-06-26T00:00:00+00:00:p01:18 - GEFS:2019-06-26T00:00:00+00:00:p01:17) + GEFS:2019-06-26T00:00:00+00:00:p01:20 + GEFS:2019-06-26T00:00:00+00:00:p01:22 + GEFS:2019-06-26T00:00:00+00:00:p01:24 + GEFS:2019-06-26T00:00:00+00:00:p01:25,,,data/manifests/phase1e/2019-06/daily/source_2019062600.json,9b7424e3c2873854fba11b849fccc9e3039c5e1b736060244f93688f9e58adbf
2019062600,2019-06,day1_24h,p02,FAIL,ValueError: materially negative reconstructed precipitation for 15--18,PASS,,1,5,0,,(GEFS:2019-06-26T00:00:00+00:00:p02:2 - GEFS:2019-06-26T00:00:00+00:00:p02:1) + GEFS:2019-06-26T00:00:00+00:00:p02:4 + GEFS:2019-06-26T00:00:00+00:00:p02:6 + GEFS:2019-06-26T00:00:00+00:00:p02:8 + GEFS:2019-06-26T00:00:00+00:00:p02:9,,,data/manifests/phase1e/2019-06/daily/source_2019062600.json,9b7424e3c2873854fba11b849fccc9e3039c5e1b736060244f93688f9e58adbf
2019062600,2019-06,day2_24h,p02,FAIL,ValueError: materially negative reconstructed precipitation for 39--42,PASS,,1,5,0,,(GEFS:2019-06-26T00:00:00+00:00:p02:10 - GEFS:2019-06-26T00:00:00+00:00:p02:9) + GEFS:2019-06-26T00:00:00+00:00:p02:12 + GEFS:2019-06-26T00:00:00+00:00:p02:14 + GEFS:2019-06-26T00:00:00+00:00:p02:16 + GEFS:2019-06-26T00:00:00+00:00:p02:17,,,data/manifests/phase1e/2019-06/daily/source_2019062600.json,9b7424e3c2873854fba11b849fccc9e3039c5e1b736060244f93688f9e58adbf
2019062600,2019-06,day3_24h,p02,PASS,,PASS,,1,5,0,,(GEFS:2019-06-26T00:00:00+00:00:p02:18 - GEFS:2019-06-26T00:00:00+00:00:p02:17) + GEFS:2019-06-26T00:00:00+00:00:p02:20 + GEFS:2019-06-26T00:00:00+00:00:p02:22 + GEFS:2019-06-26T00:00:00+00:00:p02:24 + GEFS:2019-06-26T00:00:00+00:00:p02:25,2.842170943040401e-14,5.681280796358595e-16,data/manifests/phase1e/2019-06/daily/source_2019062600.json,9b7424e3c2873854fba11b849fccc9e3039c5e1b736060244f93688f9e58adbf
2019062600,2019-06,day1_24h,p03,FAIL,ValueError: materially negative reconstructed precipitation for 9--12,PASS,,1,5,60,-0.050000000000000044,(GEFS:2019-06-26T00:00:00+00:00:p03:2 - GEFS:2019-06-26T00:00:00+00:00:p03:1) + GEFS:2019-06-26T00:00:00+00:00:p03:4 + GEFS:2019-06-26T00:00:00+00:00:p03:6 + GEFS:2019-06-26T00:00:00+00:00:p03:8 + GEFS:2019-06-26T00:00:00+00:00:p03:9,,,data/manifests/phase1e/2019-06/daily/source_2019062600.json,9b7424e3c2873854fba11b849fccc9e3039c5e1b736060244f93688f9e58adbf
2019062600,2019-06,day2_24h,p03,FAIL,ValueError: materially negative reconstructed precipitation for 27--30,FAIL,ValueError: negative difference exceeds packing bound for 27--30,,,,,,,,data/manifests/phase1e/2019-06/daily/source_2019062600.json,9b7424e3c2873854fba11b849fccc9e3039c5e1b736060244f93688f9e58adbf
2019062600,2019-06,day3_24h,p03,FAIL,ValueError: materially negative reconstructed precipitation for 57--60,PASS,,1,5,0,,(GEFS:2019-06-26T00:00:00+00:00:p03:18 - GEFS:2019-06-26T00:00:00+00:00:p03:17) + GEFS:2019-06-26T00:00:00+00:00:p03:20 + GEFS:2019-06-26T00:00:00+00:00:p03:22 + GEFS:2019-06-26T00:00:00+00:00:p03:24 + GEFS:2019-06-26T00:00:00+00:00:p03:25,,,data/manifests/phase1e/2019-06/daily/source_2019062600.json,9b7424e3c2873854fba11b849fccc9e3039c5e1b736060244f93688f9e58adbf
2019062600,2019-06,day1_24h,p04,FAIL,ValueError: materially negative reconstructed precipitation for 9--12,PASS,,1,5,45,-0.050000000000000044,(GEFS:2019-06-26T00:00:00+00:00:p04:2 - GEFS:2019-06-26T00:00:00+00:00:p04:1) + GEFS:2019-06-26T00:00:00+00:00:p04:4 + GEFS:2019-06-26T00:00:00+00:00:p04:6 + GEFS:2019-06-26T00:00:00+00:00:p04:8 + GEFS:2019-06-26T00:00:00+00:00:p04:9,,,data/manifests/phase1e/2019-06/daily/source_2019062600.json,9b7424e3c2873854fba11b849fccc9e3039c5e1b736060244f93688f9e58adbf
2019062600,2019-06,day2_24h,p04,FAIL,ValueError: materially negative reconstructed precipitation for 27--30,FAIL,ValueError: negative difference exceeds packing bound for 27--30,,,,,,,,data/manifests/phase1e/2019-06/daily/source_2019062600.json,9b7424e3c2873854fba11b849fccc9e3039c5e1b736060244f93688f9e58adbf
2019062600,2019-06,day3_24h,p04,FAIL,ValueError: materially negative reconstructed precipitation for 57--60,PASS,,1,5,0,,(GEFS:2019-06-26T00:00:00+00:00:p04:18 - GEFS:2019-06-26T00:00:00+00:00:p04:17) + GEFS:2019-06-26T00:00:00+00:00:p04:20 + GEFS:2019-06-26T00:00:00+00:00:p04:22 + GEFS:2019-06-26T00:00:00+00:00:p04:24 + GEFS:2019-06-26T00:00:00+00:00:p04:25,,,data/manifests/phase1e/2019-06/daily/source_2019062600.json,9b7424e3c2873854fba11b849fccc9e3039c5e1b736060244f93688f9e58adbf
2019062700,2019-06,day1_24h,c00,PASS,,PASS,,1,5,0,,(GEFS:2019-06-27T00:00:00+00:00:c00:2 - GEFS:2019-06-27T00:00:00+00:00:c00:1) + GEFS:2019-06-27T00:00:00+00:00:c00:4 + GEFS:2019-06-27T00:00:00+00:00:c00:6 + GEFS:2019-06-27T00:00:00+00:00:c00:8 + GEFS:2019-06-27T00:00:00+00:00:c00:9,0.05000000000000071,0.0015535193669310103,data/manifests/phase1e/2019-06/daily/source_2019062700.json,7f821b949f2f1918718e9b4e9b15d04817786b5804af1a1795ce939abb199344
2019062700,2019-06,day2_24h,c00,FAIL,ValueError: materially negative reconstructed precipitation for 33--36,PASS,,1,5,0,,(GEFS:2019-06-27T00:00:00+00:00:c00:10 - GEFS:2019-06-27T00:00:00+00:00:c00:9) + GEFS:2019-06-27T00:00:00+00:00:c00:12 + GEFS:2019-06-27T00:00:00+00:00:c00:14 + GEFS:2019-06-27T00:00:00+00:00:c00:16 + GEFS:2019-06-27T00:00:00+00:00:c00:17,,,data/manifests/phase1e/2019-06/daily/source_2019062700.json,7f821b949f2f1918718e9b4e9b15d04817786b5804af1a1795ce939abb199344
2019062700,2019-06,day3_24h,c00,PASS,,PASS,,1,5,0,,(GEFS:2019-06-27T00:00:00+00:00:c00:18 - GEFS:2019-06-27T00:00:00+00:00:c00:17) + GEFS:2019-06-27T00:00:00+00:00:c00:20 + GEFS:2019-06-27T00:00:00+00:00:c00:22 + GEFS:2019-06-27T00:00:00+00:00:c00:24 + GEFS:2019-06-27T00:00:00+00:00:c00:25,2.842170943040401e-14,6.691625364790901e-16,data/manifests/phase1e/2019-06/daily/source_2019062700.json,7f821b949f2f1918718e9b4e9b15d04817786b5804af1a1795ce939abb199344
2019062700,2019-06,day1_24h,p01,PASS,,PASS,,1,5,82,-0.04999999999999999,(GEFS:2019-06-27T00:00:00+00:00:p01:2 - GEFS:2019-06-27T00:00:00+00:00:p01:1) + GEFS:2019-06-27T00:00:00+00:00:p01:4 + GEFS:2019-06-27T00:00:00+00:00:p01:6 + GEFS:2019-06-27T00:00:00+00:00:p01:8 + GEFS:2019-06-27T00:00:00+00:00:p01:9,1.4210854715202004e-14,6.764453405764854e-16,data/manifests/phase1e/2019-06/daily/source_2019062700.json,7f821b949f2f1918718e9b4e9b15d04817786b5804af1a1795ce939abb199344
2019062700,2019-06,day2_24h,p01,FAIL,ValueError: materially negative reconstructed precipitation for 33--36,PASS,,1,5,0,,(GEFS:2019-06-27T00:00:00+00:00:p01:10 - GEFS:2019-06-27T00:00:00+00:00:p01:9) + GEFS:2019-06-27T00:00:00+00:00:p01:12 + GEFS:2019-06-27T00:00:00+00:00:p01:14 + GEFS:2019-06-27T00:00:00+00:00:p01:16 + GEFS:2019-06-27T00:00:00+00:00:p01:17,,,data/manifests/phase1e/2019-06/daily/source_2019062700.json,7f821b949f2f1918718e9b4e9b15d04817786b5804af1a1795ce939abb199344
2019062700,2019-06,day3_24h,p01,PASS,,PASS,,1,5,0,,(GEFS:2019-06-27T00:00:00+00:00:p01:18 - GEFS:2019-06-27T00:00:00+00:00:p01:17) + GEFS:2019-06-27T00:00:00+00:00:p01:20 + GEFS:2019-06-27T00:00:00+00:00:p01:22 + GEFS:2019-06-27T00:00:00+00:00:p01:24 + GEFS:2019-06-27T00:00:00+00:00:p01:25,1.4210854715202004e-14,6.329334760961742e-16,data/manifests/phase1e/2019-06/daily/source_2019062700.json,7f821b949f2f1918718e9b4e9b15d04817786b5804af1a1795ce939abb199344
2019062700,2019-06,day1_24h,p02,FAIL,ValueError: materially negative reconstructed precipitation for 15--18,PASS,,1,5,0,,(GEFS:2019-06-27T00:00:00+00:00:p02:2 - GEFS:2019-06-27T00:00:00+00:00:p02:1) + GEFS:2019-06-27T00:00:00+00:00:p02:4 + GEFS:2019-06-27T00:00:00+00:00:p02:6 + GEFS:2019-06-27T00:00:00+00:00:p02:8 + GEFS:2019-06-27T00:00:00+00:00:p02:9,,,data/manifests/phase1e/2019-06/daily/source_2019062700.json,7f821b949f2f1918718e9b4e9b15d04817786b5804af1a1795ce939abb199344
2019062700,2019-06,day2_24h,p02,FAIL,ValueError: materially negative reconstructed precipitation for 27--30,FAIL,ValueError: negative difference exceeds packing bound for 27--30,,,,,,,,data/manifests/phase1e/2019-06/daily/source_2019062700.json,7f821b949f2f1918718e9b4e9b15d04817786b5804af1a1795ce939abb199344
2019062700,2019-06,day3_24h,p02,PASS,,PASS,,1,5,0,,(GEFS:2019-06-27T00:00:00+00:00:p02:18 - GEFS:2019-06-27T00:00:00+00:00:p02:17) + GEFS:2019-06-27T00:00:00+00:00:p02:20 + GEFS:2019-06-27T00:00:00+00:00:p02:22 + GEFS:2019-06-27T00:00:00+00:00:p02:24 + GEFS:2019-06-27T00:00:00+00:00:p02:25,0.05000000000000071,0.0005497709287804702,data/manifests/phase1e/2019-06/daily/source_2019062700.json,7f821b949f2f1918718e9b4e9b15d04817786b5804af1a1795ce939abb199344
2019062700,2019-06,day1_24h,p03,FAIL,ValueError: materially negative reconstructed precipitation for 9--12,PASS,,1,5,0,,(GEFS:2019-06-27T00:00:00+00:00:p03:2 - GEFS:2019-06-27T00:00:00+00:00:p03:1) + GEFS:2019-06-27T00:00:00+00:00:p03:4 + GEFS:2019-06-27T00:00:00+00:00:p03:6 + GEFS:2019-06-27T00:00:00+00:00:p03:8 + GEFS:2019-06-27T00:00:00+00:00:p03:9,,,data/manifests/phase1e/2019-06/daily/source_2019062700.json,7f821b949f2f1918718e9b4e9b15d04817786b5804af1a1795ce939abb199344
2019062700,2019-06,day2_24h,p03,FAIL,ValueError: materially negative reconstructed precipitation for 27--30,FAIL,ValueError: negative difference exceeds packing bound for 27--30,,,,,,,,data/manifests/phase1e/2019-06/daily/source_2019062700.json,7f821b949f2f1918718e9b4e9b15d04817786b5804af1a1795ce939abb199344
2019062700,2019-06,day3_24h,p03,FAIL,ValueError: materially negative reconstructed precipitation for 51--54,FAIL,ValueError: negative difference exceeds packing bound for 51--54,,,,,,,,data/manifests/phase1e/2019-06/daily/source_2019062700.json,7f821b949f2f1918718e9b4e9b15d04817786b5804af1a1795ce939abb199344
2019062700,2019-06,day1_24h,p04,FAIL,ValueError: materially negative reconstructed precipitation for 21--24,PASS,,1,5,0,,(GEFS:2019-06-27T00:00:00+00:00:p04:2 - GEFS:2019-06-27T00:00:00+00:00:p04:1) + GEFS:2019-06-27T00:00:00+00:00:p04:4 + GEFS:2019-06-27T00:00:00+00:00:p04:6 + GEFS:2019-06-27T00:00:00+00:00:p04:8 + GEFS:2019-06-27T00:00:00+00:00:p04:9,,,data/manifests/phase1e/2019-06/daily/source_2019062700.json,7f821b949f2f1918718e9b4e9b15d04817786b5804af1a1795ce939abb199344
2019062700,2019-06,day2_24h,p04,FAIL,ValueError: materially negative reconstructed precipitation for 33--36,PASS,,1,5,0,,(GEFS:2019-06-27T00:00:00+00:00:p04:10 - GEFS:2019-06-27T00:00:00+00:00:p04:9) + GEFS:2019-06-27T00:00:00+00:00:p04:12 + GEFS:2019-06-27T00:00:00+00:00:p04:14 + GEFS:2019-06-27T00:00:00+00:00:p04:16 + GEFS:2019-06-27T00:00:00+00:00:p04:17,,,data/manifests/phase1e/2019-06/daily/source_2019062700.json,7f821b949f2f1918718e9b4e9b15d04817786b5804af1a1795ce939abb199344
2019062700,2019-06,day3_24h,p04,PASS,,PASS,,1,5,0,,(GEFS:2019-06-27T00:00:00+00:00:p04:18 - GEFS:2019-06-27T00:00:00+00:00:p04:17) + GEFS:2019-06-27T00:00:00+00:00:p04:20 + GEFS:2019-06-27T00:00:00+00:00:p04:22 + GEFS:2019-06-27T00:00:00+00:00:p04:24 + GEFS:2019-06-27T00:00:00+00:00:p04:25,2.842170943040401e-14,6.235698708280945e-16,data/manifests/phase1e/2019-06/daily/source_2019062700.json,7f821b949f2f1918718e9b4e9b15d04817786b5804af1a1795ce939abb199344
2019062800,2019-06,day1_24h,c00,FAIL,ValueError: materially negative reconstructed precipitation for 9--12,PASS,,1,5,0,,(GEFS:2019-06-28T00:00:00+00:00:c00:2 - GEFS:2019-06-28T00:00:00+00:00:c00:1) + GEFS:2019-06-28T00:00:00+00:00:c00:4 + GEFS:2019-06-28T00:00:00+00:00:c00:6 + GEFS:2019-06-28T00:00:00+00:00:c00:8 + GEFS:2019-06-28T00:00:00+00:00:c00:9,,,data/manifests/phase1e/2019-06/daily/source_2019062800.json,a766c9e91683c21617b19ea72ea453bf9840361aa4b9ba9f342799eced893fd4
2019062800,2019-06,day2_24h,c00,PASS,,PASS,,1,5,0,,(GEFS:2019-06-28T00:00:00+00:00:c00:10 - GEFS:2019-06-28T00:00:00+00:00:c00:9) + GEFS:2019-06-28T00:00:00+00:00:c00:12 + GEFS:2019-06-28T00:00:00+00:00:c00:14 + GEFS:2019-06-28T00:00:00+00:00:c00:16 + GEFS:2019-06-28T00:00:00+00:00:c00:17,0.04999999999999982,0.00032069970845570656,data/manifests/phase1e/2019-06/daily/source_2019062800.json,a766c9e91683c21617b19ea72ea453bf9840361aa4b9ba9f342799eced893fd4
2019062800,2019-06,day3_24h,c00,FAIL,ValueError: materially negative reconstructed precipitation for 51--54,FAIL,ValueError: negative difference exceeds packing bound for 51--54,,,,,,,,data/manifests/phase1e/2019-06/daily/source_2019062800.json,a766c9e91683c21617b19ea72ea453bf9840361aa4b9ba9f342799eced893fd4
2019062800,2019-06,day1_24h,p01,PASS,,PASS,,1,5,0,,(GEFS:2019-06-28T00:00:00+00:00:p01:2 - GEFS:2019-06-28T00:00:00+00:00:p01:1) + GEFS:2019-06-28T00:00:00+00:00:p01:4 + GEFS:2019-06-28T00:00:00+00:00:p01:6 + GEFS:2019-06-28T00:00:00+00:00:p01:8 + GEFS:2019-06-28T00:00:00+00:00:p01:9,2.842170943040401e-14,7.62174348808682e-16,data/manifests/phase1e/2019-06/daily/source_2019062800.json,a766c9e91683c21617b19ea72ea453bf9840361aa4b9ba9f342799eced893fd4
2019062800,2019-06,day2_24h,p01,FAIL,ValueError: materially negative reconstructed precipitation for 27--30,FAIL,ValueError: negative difference exceeds packing bound for 27--30,,,,,,,,data/manifests/phase1e/2019-06/daily/source_2019062800.json,a766c9e91683c21617b19ea72ea453bf9840361aa4b9ba9f342799eced893fd4
2019062800,2019-06,day3_24h,p01,PASS,,PASS,,1,5,0,,(GEFS:2019-06-28T00:00:00+00:00:p01:18 - GEFS:2019-06-28T00:00:00+00:00:p01:17) + GEFS:2019-06-28T00:00:00+00:00:p01:20 + GEFS:2019-06-28T00:00:00+00:00:p01:22 + GEFS:2019-06-28T00:00:00+00:00:p01:24 + GEFS:2019-06-28T00:00:00+00:00:p01:25,2.842170943040401e-14,3.945199019617591e-16,data/manifests/phase1e/2019-06/daily/source_2019062800.json,a766c9e91683c21617b19ea72ea453bf9840361aa4b9ba9f342799eced893fd4
2019062800,2019-06,day1_24h,p02,FAIL,ValueError: materially negative reconstructed precipitation for 9--12,PASS,,1,5,0,,(GEFS:2019-06-28T00:00:00+00:00:p02:2 - GEFS:2019-06-28T00:00:00+00:00:p02:1) + GEFS:2019-06-28T00:00:00+00:00:p02:4 + GEFS:2019-06-28T00:00:00+00:00:p02:6 + GEFS:2019-06-28T00:00:00+00:00:p02:8 + GEFS:2019-06-28T00:00:00+00:00:p02:9,,,data/manifests/phase1e/2019-06/daily/source_2019062800.json,a766c9e91683c21617b19ea72ea453bf9840361aa4b9ba9f342799eced893fd4
2019062800,2019-06,day2_24h,p02,PASS,,PASS,,1,5,0,,(GEFS:2019-06-28T00:00:00+00:00:p02:10 - GEFS:2019-06-28T00:00:00+00:00:p02:9) + GEFS:2019-06-28T00:00:00+00:00:p02:12 + GEFS:2019-06-28T00:00:00+00:00:p02:14 + GEFS:2019-06-28T00:00:00+00:00:p02:16 + GEFS:2019-06-28T00:00:00+00:00:p02:17,2.842170943040401e-14,1.0130727299672035e-15,data/manifests/phase1e/2019-06/daily/source_2019062800.json,a766c9e91683c21617b19ea72ea453bf9840361aa4b9ba9f342799eced893fd4
2019062800,2019-06,day3_24h,p02,PASS,,PASS,,1,5,0,,(GEFS:2019-06-28T00:00:00+00:00:p02:18 - GEFS:2019-06-28T00:00:00+00:00:p02:17) + GEFS:2019-06-28T00:00:00+00:00:p02:20 + GEFS:2019-06-28T00:00:00+00:00:p02:22 + GEFS:2019-06-28T00:00:00+00:00:p02:24 + GEFS:2019-06-28T00:00:00+00:00:p02:25,2.842170943040401e-14,5.600591950962056e-16,data/manifests/phase1e/2019-06/daily/source_2019062800.json,a766c9e91683c21617b19ea72ea453bf9840361aa4b9ba9f342799eced893fd4
2019062800,2019-06,day1_24h,p03,PASS,,PASS,,1,5,0,,(GEFS:2019-06-28T00:00:00+00:00:p03:2 - GEFS:2019-06-28T00:00:00+00:00:p03:1) + GEFS:2019-06-28T00:00:00+00:00:p03:4 + GEFS:2019-06-28T00:00:00+00:00:p03:6 + GEFS:2019-06-28T00:00:00+00:00:p03:8 + GEFS:2019-06-28T00:00:00+00:00:p03:9,2.842170943040401e-14,9.042468287404102e-16,data/manifests/phase1e/2019-06/daily/source_2019062800.json,a766c9e91683c21617b19ea72ea453bf9840361aa4b9ba9f342799eced893fd4
2019062800,2019-06,day2_24h,p03,FAIL,ValueError: materially negative reconstructed precipitation for 45--48,PASS,,1,5,0,,(GEFS:2019-06-28T00:00:00+00:00:p03:10 - GEFS:2019-06-28T00:00:00+00:00:p03:9) + GEFS:2019-06-28T00:00:00+00:00:p03:12 + GEFS:2019-06-28T00:00:00+00:00:p03:14 + GEFS:2019-06-28T00:00:00+00:00:p03:16 + GEFS:2019-06-28T00:00:00+00:00:p03:17,,,data/manifests/phase1e/2019-06/daily/source_2019062800.json,a766c9e91683c21617b19ea72ea453bf9840361aa4b9ba9f342799eced893fd4
2019062800,2019-06,day3_24h,p03,FAIL,ValueError: materially negative reconstructed precipitation for 57--60,PASS,,1,5,0,,(GEFS:2019-06-28T00:00:00+00:00:p03:18 - GEFS:2019-06-28T00:00:00+00:00:p03:17) + GEFS:2019-06-28T00:00:00+00:00:p03:20 + GEFS:2019-06-28T00:00:00+00:00:p03:22 + GEFS:2019-06-28T00:00:00+00:00:p03:24 + GEFS:2019-06-28T00:00:00+00:00:p03:25,,,data/manifests/phase1e/2019-06/daily/source_2019062800.json,a766c9e91683c21617b19ea72ea453bf9840361aa4b9ba9f342799eced893fd4
2019062800,2019-06,day1_24h,p04,FAIL,ValueError: materially negative reconstructed precipitation for 9--12,PASS,,1,5,0,,(GEFS:2019-06-28T00:00:00+00:00:p04:2 - GEFS:2019-06-28T00:00:00+00:00:p04:1) + GEFS:2019-06-28T00:00:00+00:00:p04:4 + GEFS:2019-06-28T00:00:00+00:00:p04:6 + GEFS:2019-06-28T00:00:00+00:00:p04:8 + GEFS:2019-06-28T00:00:00+00:00:p04:9,,,data/manifests/phase1e/2019-06/daily/source_2019062800.json,a766c9e91683c21617b19ea72ea453bf9840361aa4b9ba9f342799eced893fd4
2019062800,2019-06,day2_24h,p04,FAIL,ValueError: materially negative reconstructed precipitation for 39--42,PASS,,1,5,0,,(GEFS:2019-06-28T00:00:00+00:00:p04:10 - GEFS:2019-06-28T00:00:00+00:00:p04:9) + GEFS:2019-06-28T00:00:00+00:00:p04:12 + GEFS:2019-06-28T00:00:00+00:00:p04:14 + GEFS:2019-06-28T00:00:00+00:00:p04:16 + GEFS:2019-06-28T00:00:00+00:00:p04:17,,,data/manifests/phase1e/2019-06/daily/source_2019062800.json,a766c9e91683c21617b19ea72ea453bf9840361aa4b9ba9f342799eced893fd4
2019062800,2019-06,day3_24h,p04,FAIL,ValueError: materially negative reconstructed precipitation for 51--54,FAIL,ValueError: negative difference exceeds packing bound for 51--54,,,,,,,,data/manifests/phase1e/2019-06/daily/source_2019062800.json,a766c9e91683c21617b19ea72ea453bf9840361aa4b9ba9f342799eced893fd4
2019062900,2019-06,day1_24h,c00,PASS,,PASS,,1,5,0,,(GEFS:2019-06-29T00:00:00+00:00:c00:2 - GEFS:2019-06-29T00:00:00+00:00:c00:1) + GEFS:2019-06-29T00:00:00+00:00:c00:4 + GEFS:2019-06-29T00:00:00+00:00:c00:6 + GEFS:2019-06-29T00:00:00+00:00:c00:8 + GEFS:2019-06-29T00:00:00+00:00:c00:9,1.4210854715202004e-14,6.605387716272537e-16,data/manifests/phase1e/2019-06/daily/source_2019062900.json,396627eb4c6c3f16a84cc4f8c25e7fbd3e810d4f2684ec1df5ca8fb9c020b870
2019062900,2019-06,day2_24h,c00,PASS,,PASS,,1,5,0,,(GEFS:2019-06-29T00:00:00+00:00:c00:10 - GEFS:2019-06-29T00:00:00+00:00:c00:9) + GEFS:2019-06-29T00:00:00+00:00:c00:12 + GEFS:2019-06-29T00:00:00+00:00:c00:14 + GEFS:2019-06-29T00:00:00+00:00:c00:16 + GEFS:2019-06-29T00:00:00+00:00:c00:17,1.4210854715202004e-14,4.3877160685831365e-16,data/manifests/phase1e/2019-06/daily/source_2019062900.json,396627eb4c6c3f16a84cc4f8c25e7fbd3e810d4f2684ec1df5ca8fb9c020b870
2019062900,2019-06,day3_24h,c00,FAIL,ValueError: materially negative reconstructed precipitation for 51--54,FAIL,ValueError: negative difference exceeds packing bound for 51--54,,,,,,,,data/manifests/phase1e/2019-06/daily/source_2019062900.json,396627eb4c6c3f16a84cc4f8c25e7fbd3e810d4f2684ec1df5ca8fb9c020b870
2019062900,2019-06,day1_24h,p01,PASS,,PASS,,1,5,0,,(GEFS:2019-06-29T00:00:00+00:00:p01:2 - GEFS:2019-06-29T00:00:00+00:00:p01:1) + GEFS:2019-06-29T00:00:00+00:00:p01:4 + GEFS:2019-06-29T00:00:00+00:00:p01:6 + GEFS:2019-06-29T00:00:00+00:00:p01:8 + GEFS:2019-06-29T00:00:00+00:00:p01:9,2.842170943040401e-14,1.0281469784481614e-15,data/manifests/phase1e/2019-06/daily/source_2019062900.json,396627eb4c6c3f16a84cc4f8c25e7fbd3e810d4f2684ec1df5ca8fb9c020b870
2019062900,2019-06,day2_24h,p01,PASS,,PASS,,1,5,0,,(GEFS:2019-06-29T00:00:00+00:00:p01:10 - GEFS:2019-06-29T00:00:00+00:00:p01:9) + GEFS:2019-06-29T00:00:00+00:00:p01:12 + GEFS:2019-06-29T00:00:00+00:00:p01:14 + GEFS:2019-06-29T00:00:00+00:00:p01:16 + GEFS:2019-06-29T00:00:00+00:00:p01:17,2.842170943040401e-14,6.871961466250214e-16,data/manifests/phase1e/2019-06/daily/source_2019062900.json,396627eb4c6c3f16a84cc4f8c25e7fbd3e810d4f2684ec1df5ca8fb9c020b870
2019062900,2019-06,day3_24h,p01,PASS,,PASS,,1,5,0,,(GEFS:2019-06-29T00:00:00+00:00:p01:18 - GEFS:2019-06-29T00:00:00+00:00:p01:17) + GEFS:2019-06-29T00:00:00+00:00:p01:20 + GEFS:2019-06-29T00:00:00+00:00:p01:22 + GEFS:2019-06-29T00:00:00+00:00:p01:24 + GEFS:2019-06-29T00:00:00+00:00:p01:25,1.4210854715202004e-14,4.400894475997471e-16,data/manifests/phase1e/2019-06/daily/source_2019062900.json,396627eb4c6c3f16a84cc4f8c25e7fbd3e810d4f2684ec1df5ca8fb9c020b870
2019062900,2019-06,day1_24h,p02,PASS,,PASS,,1,5,0,,(GEFS:2019-06-29T00:00:00+00:00:p02:2 - GEFS:2019-06-29T00:00:00+00:00:p02:1) + GEFS:2019-06-29T00:00:00+00:00:p02:4 + GEFS:2019-06-29T00:00:00+00:00:p02:6 + GEFS:2019-06-29T00:00:00+00:00:p02:8 + GEFS:2019-06-29T00:00:00+00:00:p02:9,5.684341886080802e-14,8.781905740808402e-16,data/manifests/phase1e/2019-06/daily/source_2019062900.json,396627eb4c6c3f16a84cc4f8c25e7fbd3e810d4f2684ec1df5ca8fb9c020b870
2019062900,2019-06,day2_24h,p02,FAIL,ValueError: materially negative reconstructed precipitation for 45--48,PASS,,1,5,0,,(GEFS:2019-06-29T00:00:00+00:00:p02:10 - GEFS:2019-06-29T00:00:00+00:00:p02:9) + GEFS:2019-06-29T00:00:00+00:00:p02:12 + GEFS:2019-06-29T00:00:00+00:00:p02:14 + GEFS:2019-06-29T00:00:00+00:00:p02:16 + GEFS:2019-06-29T00:00:00+00:00:p02:17,,,data/manifests/phase1e/2019-06/daily/source_2019062900.json,396627eb4c6c3f16a84cc4f8c25e7fbd3e810d4f2684ec1df5ca8fb9c020b870
2019062900,2019-06,day3_24h,p02,FAIL,ValueError: materially negative reconstructed precipitation for 51--54,FAIL,ValueError: negative difference exceeds packing bound for 51--54,,,,,,,,data/manifests/phase1e/2019-06/daily/source_2019062900.json,396627eb4c6c3f16a84cc4f8c25e7fbd3e810d4f2684ec1df5ca8fb9c020b870
2019062900,2019-06,day1_24h,p03,FAIL,ValueError: materially negative reconstructed precipitation for 15--18,PASS,,1,5,0,,(GEFS:2019-06-29T00:00:00+00:00:p03:2 - GEFS:2019-06-29T00:00:00+00:00:p03:1) + GEFS:2019-06-29T00:00:00+00:00:p03:4 + GEFS:2019-06-29T00:00:00+00:00:p03:6 + GEFS:2019-06-29T00:00:00+00:00:p03:8 + GEFS:2019-06-29T00:00:00+00:00:p03:9,,,data/manifests/phase1e/2019-06/daily/source_2019062900.json,396627eb4c6c3f16a84cc4f8c25e7fbd3e810d4f2684ec1df5ca8fb9c020b870
2019062900,2019-06,day2_24h,p03,FAIL,ValueError: materially negative reconstructed precipitation for 45--48,PASS,,1,5,0,,(GEFS:2019-06-29T00:00:00+00:00:p03:10 - GEFS:2019-06-29T00:00:00+00:00:p03:9) + GEFS:2019-06-29T00:00:00+00:00:p03:12 + GEFS:2019-06-29T00:00:00+00:00:p03:14 + GEFS:2019-06-29T00:00:00+00:00:p03:16 + GEFS:2019-06-29T00:00:00+00:00:p03:17,,,data/manifests/phase1e/2019-06/daily/source_2019062900.json,396627eb4c6c3f16a84cc4f8c25e7fbd3e810d4f2684ec1df5ca8fb9c020b870
2019062900,2019-06,day3_24h,p03,PASS,,PASS,,1,5,0,,(GEFS:2019-06-29T00:00:00+00:00:p03:18 - GEFS:2019-06-29T00:00:00+00:00:p03:17) + GEFS:2019-06-29T00:00:00+00:00:p03:20 + GEFS:2019-06-29T00:00:00+00:00:p03:22 + GEFS:2019-06-29T00:00:00+00:00:p03:24 + GEFS:2019-06-29T00:00:00+00:00:p03:25,2.842170943040401e-14,2.7760199618230435e-16,data/manifests/phase1e/2019-06/daily/source_2019062900.json,396627eb4c6c3f16a84cc4f8c25e7fbd3e810d4f2684ec1df5ca8fb9c020b870
2019062900,2019-06,day1_24h,p04,PASS,,PASS,,1,5,0,,(GEFS:2019-06-29T00:00:00+00:00:p04:2 - GEFS:2019-06-29T00:00:00+00:00:p04:1) + GEFS:2019-06-29T00:00:00+00:00:p04:4 + GEFS:2019-06-29T00:00:00+00:00:p04:6 + GEFS:2019-06-29T00:00:00+00:00:p04:8 + GEFS:2019-06-29T00:00:00+00:00:p04:9,5.684341886080802e-14,5.992013771180796e-16,data/manifests/phase1e/2019-06/daily/source_2019062900.json,396627eb4c6c3f16a84cc4f8c25e7fbd3e810d4f2684ec1df5ca8fb9c020b870
2019062900,2019-06,day2_24h,p04,PASS,,PASS,,1,5,0,,(GEFS:2019-06-29T00:00:00+00:00:p04:10 - GEFS:2019-06-29T00:00:00+00:00:p04:9) + GEFS:2019-06-29T00:00:00+00:00:p04:12 + GEFS:2019-06-29T00:00:00+00:00:p04:14 + GEFS:2019-06-29T00:00:00+00:00:p04:16 + GEFS:2019-06-29T00:00:00+00:00:p04:17,2.842170943040401e-14,5.67573199323677e-16,data/manifests/phase1e/2019-06/daily/source_2019062900.json,396627eb4c6c3f16a84cc4f8c25e7fbd3e810d4f2684ec1df5ca8fb9c020b870
2019062900,2019-06,day3_24h,p04,FAIL,ValueError: materially negative reconstructed precipitation for 57--60,PASS,,1,5,0,,(GEFS:2019-06-29T00:00:00+00:00:p04:18 - GEFS:2019-06-29T00:00:00+00:00:p04:17) + GEFS:2019-06-29T00:00:00+00:00:p04:20 + GEFS:2019-06-29T00:00:00+00:00:p04:22 + GEFS:2019-06-29T00:00:00+00:00:p04:24 + GEFS:2019-06-29T00:00:00+00:00:p04:25,,,data/manifests/phase1e/2019-06/daily/source_2019062900.json,396627eb4c6c3f16a84cc4f8c25e7fbd3e810d4f2684ec1df5ca8fb9c020b870
2019063000,2019-06,day1_24h,c00,FAIL,ValueError: materially negative reconstructed precipitation for 9--12,PASS,,1,5,0,,(GEFS:2019-06-30T00:00:00+00:00:c00:2 - GEFS:2019-06-30T00:00:00+00:00:c00:1) + GEFS:2019-06-30T00:00:00+00:00:c00:4 + GEFS:2019-06-30T00:00:00+00:00:c00:6 + GEFS:2019-06-30T00:00:00+00:00:c00:8 + GEFS:2019-06-30T00:00:00+00:00:c00:9,,,data/manifests/phase1e/2019-06/daily/source_2019063000.json,83c0f51b1821e92562dd5f3c5258f7e27836d7e7414d8ba355539c167485daf8
2019063000,2019-06,day2_24h,c00,FAIL,ValueError: materially negative reconstructed precipitation for 33--36,PASS,,1,5,0,,(GEFS:2019-06-30T00:00:00+00:00:c00:10 - GEFS:2019-06-30T00:00:00+00:00:c00:9) + GEFS:2019-06-30T00:00:00+00:00:c00:12 + GEFS:2019-06-30T00:00:00+00:00:c00:14 + GEFS:2019-06-30T00:00:00+00:00:c00:16 + GEFS:2019-06-30T00:00:00+00:00:c00:17,,,data/manifests/phase1e/2019-06/daily/source_2019063000.json,83c0f51b1821e92562dd5f3c5258f7e27836d7e7414d8ba355539c167485daf8
2019063000,2019-06,day3_24h,c00,PASS,,PASS,,1,5,0,,(GEFS:2019-06-30T00:00:00+00:00:c00:18 - GEFS:2019-06-30T00:00:00+00:00:c00:17) + GEFS:2019-06-30T00:00:00+00:00:c00:20 + GEFS:2019-06-30T00:00:00+00:00:c00:22 + GEFS:2019-06-30T00:00:00+00:00:c00:24 + GEFS:2019-06-30T00:00:00+00:00:c00:25,1.4210854715202004e-14,5.460947072396126e-16,data/manifests/phase1e/2019-06/daily/source_2019063000.json,83c0f51b1821e92562dd5f3c5258f7e27836d7e7414d8ba355539c167485daf8
2019063000,2019-06,day1_24h,p01,PASS,,PASS,,1,5,0,,(GEFS:2019-06-30T00:00:00+00:00:p01:2 - GEFS:2019-06-30T00:00:00+00:00:p01:1) + GEFS:2019-06-30T00:00:00+00:00:p01:4 + GEFS:2019-06-30T00:00:00+00:00:p01:6 + GEFS:2019-06-30T00:00:00+00:00:p01:8 + GEFS:2019-06-30T00:00:00+00:00:p01:9,7.105427357601002e-15,2.9390160535266536e-16,data/manifests/phase1e/2019-06/daily/source_2019063000.json,83c0f51b1821e92562dd5f3c5258f7e27836d7e7414d8ba355539c167485daf8
2019063000,2019-06,day2_24h,p01,FAIL,ValueError: materially negative reconstructed precipitation for 33--36,PASS,,1,5,0,,(GEFS:2019-06-30T00:00:00+00:00:p01:10 - GEFS:2019-06-30T00:00:00+00:00:p01:9) + GEFS:2019-06-30T00:00:00+00:00:p01:12 + GEFS:2019-06-30T00:00:00+00:00:p01:14 + GEFS:2019-06-30T00:00:00+00:00:p01:16 + GEFS:2019-06-30T00:00:00+00:00:p01:17,,,data/manifests/phase1e/2019-06/daily/source_2019063000.json,83c0f51b1821e92562dd5f3c5258f7e27836d7e7414d8ba355539c167485daf8
2019063000,2019-06,day3_24h,p01,FAIL,ValueError: materially negative reconstructed precipitation for 51--54,FAIL,ValueError: negative difference exceeds packing bound for 51--54,,,,,,,,data/manifests/phase1e/2019-06/daily/source_2019063000.json,83c0f51b1821e92562dd5f3c5258f7e27836d7e7414d8ba355539c167485daf8
2019063000,2019-06,day1_24h,p02,PASS,,PASS,,1,5,0,,(GEFS:2019-06-30T00:00:00+00:00:p02:2 - GEFS:2019-06-30T00:00:00+00:00:p02:1) + GEFS:2019-06-30T00:00:00+00:00:p02:4 + GEFS:2019-06-30T00:00:00+00:00:p02:6 + GEFS:2019-06-30T00:00:00+00:00:p02:8 + GEFS:2019-06-30T00:00:00+00:00:p02:9,2.842170943040401e-14,5.718966417560989e-16,data/manifests/phase1e/2019-06/daily/source_2019063000.json,83c0f51b1821e92562dd5f3c5258f7e27836d7e7414d8ba355539c167485daf8
2019063000,2019-06,day2_24h,p02,FAIL,ValueError: materially negative reconstructed precipitation for 33--36,PASS,,1,5,0,,(GEFS:2019-06-30T00:00:00+00:00:p02:10 - GEFS:2019-06-30T00:00:00+00:00:p02:9) + GEFS:2019-06-30T00:00:00+00:00:p02:12 + GEFS:2019-06-30T00:00:00+00:00:p02:14 + GEFS:2019-06-30T00:00:00+00:00:p02:16 + GEFS:2019-06-30T00:00:00+00:00:p02:17,,,data/manifests/phase1e/2019-06/daily/source_2019063000.json,83c0f51b1821e92562dd5f3c5258f7e27836d7e7414d8ba355539c167485daf8
2019063000,2019-06,day3_24h,p02,FAIL,ValueError: materially negative reconstructed precipitation for 57--60,PASS,,1,5,0,,(GEFS:2019-06-30T00:00:00+00:00:p02:18 - GEFS:2019-06-30T00:00:00+00:00:p02:17) + GEFS:2019-06-30T00:00:00+00:00:p02:20 + GEFS:2019-06-30T00:00:00+00:00:p02:22 + GEFS:2019-06-30T00:00:00+00:00:p02:24 + GEFS:2019-06-30T00:00:00+00:00:p02:25,,,data/manifests/phase1e/2019-06/daily/source_2019063000.json,83c0f51b1821e92562dd5f3c5258f7e27836d7e7414d8ba355539c167485daf8
2019063000,2019-06,day1_24h,p03,FAIL,ValueError: materially negative reconstructed precipitation for 21--24,PASS,,1,5,38,-0.04999999999999999,(GEFS:2019-06-30T00:00:00+00:00:p03:2 - GEFS:2019-06-30T00:00:00+00:00:p03:1) + GEFS:2019-06-30T00:00:00+00:00:p03:4 + GEFS:2019-06-30T00:00:00+00:00:p03:6 + GEFS:2019-06-30T00:00:00+00:00:p03:8 + GEFS:2019-06-30T00:00:00+00:00:p03:9,,,data/manifests/phase1e/2019-06/daily/source_2019063000.json,83c0f51b1821e92562dd5f3c5258f7e27836d7e7414d8ba355539c167485daf8
2019063000,2019-06,day2_24h,p03,FAIL,ValueError: materially negative reconstructed precipitation for 27--30,FAIL,ValueError: negative difference exceeds packing bound for 27--30,,,,,,,,data/manifests/phase1e/2019-06/daily/source_2019063000.json,83c0f51b1821e92562dd5f3c5258f7e27836d7e7414d8ba355539c167485daf8
2019063000,2019-06,day3_24h,p03,FAIL,ValueError: materially negative reconstructed precipitation for 57--60,PASS,,1,5,0,,(GEFS:2019-06-30T00:00:00+00:00:p03:18 - GEFS:2019-06-30T00:00:00+00:00:p03:17) + GEFS:2019-06-30T00:00:00+00:00:p03:20 + GEFS:2019-06-30T00:00:00+00:00:p03:22 + GEFS:2019-06-30T00:00:00+00:00:p03:24 + GEFS:2019-06-30T00:00:00+00:00:p03:25,,,data/manifests/phase1e/2019-06/daily/source_2019063000.json,83c0f51b1821e92562dd5f3c5258f7e27836d7e7414d8ba355539c167485daf8
2019063000,2019-06,day1_24h,p04,PASS,,PASS,,1,5,0,,(GEFS:2019-06-30T00:00:00+00:00:p04:2 - GEFS:2019-06-30T00:00:00+00:00:p04:1) + GEFS:2019-06-30T00:00:00+00:00:p04:4 + GEFS:2019-06-30T00:00:00+00:00:p04:6 + GEFS:2019-06-30T00:00:00+00:00:p04:8 + GEFS:2019-06-30T00:00:00+00:00:p04:9,0.050000000000000266,0.001316118284048793,data/manifests/phase1e/2019-06/daily/source_2019063000.json,83c0f51b1821e92562dd5f3c5258f7e27836d7e7414d8ba355539c167485daf8
2019063000,2019-06,day2_24h,p04,FAIL,ValueError: materially negative reconstructed precipitation for 27--30,FAIL,ValueError: negative difference exceeds packing bound for 27--30,,,,,,,,data/manifests/phase1e/2019-06/daily/source_2019063000.json,83c0f51b1821e92562dd5f3c5258f7e27836d7e7414d8ba355539c167485daf8
2019063000,2019-06,day3_24h,p04,PASS,,PASS,,1,5,0,,(GEFS:2019-06-30T00:00:00+00:00:p04:18 - GEFS:2019-06-30T00:00:00+00:00:p04:17) + GEFS:2019-06-30T00:00:00+00:00:p04:20 + GEFS:2019-06-30T00:00:00+00:00:p04:22 + GEFS:2019-06-30T00:00:00+00:00:p04:24 + GEFS:2019-06-30T00:00:00+00:00:p04:25,1.4210854715202004e-14,5.147902096273165e-16,data/manifests/phase1e/2019-06/daily/source_2019063000.json,83c0f51b1821e92562dd5f3c5258f7e27836d7e7414d8ba355539c167485daf8
2019070100,2019-07,day1_24h,c00,FAIL,ValueError: materially negative reconstructed precipitation for 21--24,PASS,,1,5,0,,(GEFS:2019-07-01T00:00:00+00:00:c00:2 - GEFS:2019-07-01T00:00:00+00:00:c00:1) + GEFS:2019-07-01T00:00:00+00:00:c00:4 + GEFS:2019-07-01T00:00:00+00:00:c00:6 + GEFS:2019-07-01T00:00:00+00:00:c00:8 + GEFS:2019-07-01T00:00:00+00:00:c00:9,,,data/manifests/phase1e/2019-07/daily/source_2019070100.json,9e8345dd908388f9b297c1dad5a267485db6e00be92e9cb41cfec502d4f5c419
2019070100,2019-07,day2_24h,c00,FAIL,ValueError: materially negative reconstructed precipitation for 33--36,PASS,,1,5,0,,(GEFS:2019-07-01T00:00:00+00:00:c00:10 - GEFS:2019-07-01T00:00:00+00:00:c00:9) + GEFS:2019-07-01T00:00:00+00:00:c00:12 + GEFS:2019-07-01T00:00:00+00:00:c00:14 + GEFS:2019-07-01T00:00:00+00:00:c00:16 + GEFS:2019-07-01T00:00:00+00:00:c00:17,,,data/manifests/phase1e/2019-07/daily/source_2019070100.json,9e8345dd908388f9b297c1dad5a267485db6e00be92e9cb41cfec502d4f5c419
2019070100,2019-07,day3_24h,c00,FAIL,ValueError: materially negative reconstructed precipitation for 51--54,FAIL,ValueError: negative difference exceeds packing bound for 51--54,,,,,,,,data/manifests/phase1e/2019-07/daily/source_2019070100.json,9e8345dd908388f9b297c1dad5a267485db6e00be92e9cb41cfec502d4f5c419
2019070100,2019-07,day1_24h,p01,PASS,,PASS,,1,5,0,,(GEFS:2019-07-01T00:00:00+00:00:p01:2 - GEFS:2019-07-01T00:00:00+00:00:p01:1) + GEFS:2019-07-01T00:00:00+00:00:p01:4 + GEFS:2019-07-01T00:00:00+00:00:p01:6 + GEFS:2019-07-01T00:00:00+00:00:p01:8 + GEFS:2019-07-01T00:00:00+00:00:p01:9,2.842170943040401e-14,4.477421719052641e-16,data/manifests/phase1e/2019-07/daily/source_2019070100.json,9e8345dd908388f9b297c1dad5a267485db6e00be92e9cb41cfec502d4f5c419
2019070100,2019-07,day2_24h,p01,PASS,,PASS,,1,5,0,,(GEFS:2019-07-01T00:00:00+00:00:p01:10 - GEFS:2019-07-01T00:00:00+00:00:p01:9) + GEFS:2019-07-01T00:00:00+00:00:p01:12 + GEFS:2019-07-01T00:00:00+00:00:p01:14 + GEFS:2019-07-01T00:00:00+00:00:p01:16 + GEFS:2019-07-01T00:00:00+00:00:p01:17,1.4210854715202004e-14,3.4569043448969887e-16,data/manifests/phase1e/2019-07/daily/source_2019070100.json,9e8345dd908388f9b297c1dad5a267485db6e00be92e9cb41cfec502d4f5c419
2019070100,2019-07,day3_24h,p01,PASS,,PASS,,1,5,0,,(GEFS:2019-07-01T00:00:00+00:00:p01:18 - GEFS:2019-07-01T00:00:00+00:00:p01:17) + GEFS:2019-07-01T00:00:00+00:00:p01:20 + GEFS:2019-07-01T00:00:00+00:00:p01:22 + GEFS:2019-07-01T00:00:00+00:00:p01:24 + GEFS:2019-07-01T00:00:00+00:00:p01:25,7.105427357601002e-15,2.767927957270382e-16,data/manifests/phase1e/2019-07/daily/source_2019070100.json,9e8345dd908388f9b297c1dad5a267485db6e00be92e9cb41cfec502d4f5c419
2019070100,2019-07,day1_24h,p02,PASS,,PASS,,1,5,0,,(GEFS:2019-07-01T00:00:00+00:00:p02:2 - GEFS:2019-07-01T00:00:00+00:00:p02:1) + GEFS:2019-07-01T00:00:00+00:00:p02:4 + GEFS:2019-07-01T00:00:00+00:00:p02:6 + GEFS:2019-07-01T00:00:00+00:00:p02:8 + GEFS:2019-07-01T00:00:00+00:00:p02:9,5.684341886080802e-14,6.263905124150222e-16,data/manifests/phase1e/2019-07/daily/source_2019070100.json,9e8345dd908388f9b297c1dad5a267485db6e00be92e9cb41cfec502d4f5c419
2019070100,2019-07,day2_24h,p02,FAIL,ValueError: materially negative reconstructed precipitation for 33--36,PASS,,1,5,0,,(GEFS:2019-07-01T00:00:00+00:00:p02:10 - GEFS:2019-07-01T00:00:00+00:00:p02:9) + GEFS:2019-07-01T00:00:00+00:00:p02:12 + GEFS:2019-07-01T00:00:00+00:00:p02:14 + GEFS:2019-07-01T00:00:00+00:00:p02:16 + GEFS:2019-07-01T00:00:00+00:00:p02:17,,,data/manifests/phase1e/2019-07/daily/source_2019070100.json,9e8345dd908388f9b297c1dad5a267485db6e00be92e9cb41cfec502d4f5c419
2019070100,2019-07,day3_24h,p02,PASS,,PASS,,1,5,0,,(GEFS:2019-07-01T00:00:00+00:00:p02:18 - GEFS:2019-07-01T00:00:00+00:00:p02:17) + GEFS:2019-07-01T00:00:00+00:00:p02:20 + GEFS:2019-07-01T00:00:00+00:00:p02:22 + GEFS:2019-07-01T00:00:00+00:00:p02:24 + GEFS:2019-07-01T00:00:00+00:00:p02:25,1.4210854715202004e-14,4.2566255948300204e-16,data/manifests/phase1e/2019-07/daily/source_2019070100.json,9e8345dd908388f9b297c1dad5a267485db6e00be92e9cb41cfec502d4f5c419
2019070100,2019-07,day1_24h,p03,PASS,,PASS,,1,5,0,,(GEFS:2019-07-01T00:00:00+00:00:p03:2 - GEFS:2019-07-01T00:00:00+00:00:p03:1) + GEFS:2019-07-01T00:00:00+00:00:p03:4 + GEFS:2019-07-01T00:00:00+00:00:p03:6 + GEFS:2019-07-01T00:00:00+00:00:p03:8 + GEFS:2019-07-01T00:00:00+00:00:p03:9,2.842170943040401e-14,4.2154719716764844e-16,data/manifests/phase1e/2019-07/daily/source_2019070100.json,9e8345dd908388f9b297c1dad5a267485db6e00be92e9cb41cfec502d4f5c419
2019070100,2019-07,day2_24h,p03,PASS,,PASS,,1,5,0,,(GEFS:2019-07-01T00:00:00+00:00:p03:10 - GEFS:2019-07-01T00:00:00+00:00:p03:9) + GEFS:2019-07-01T00:00:00+00:00:p03:12 + GEFS:2019-07-01T00:00:00+00:00:p03:14 + GEFS:2019-07-01T00:00:00+00:00:p03:16 + GEFS:2019-07-01T00:00:00+00:00:p03:17,2.842170943040401e-14,6.12379784532414e-16,data/manifests/phase1e/2019-07/daily/source_2019070100.json,9e8345dd908388f9b297c1dad5a267485db6e00be92e9cb41cfec502d4f5c419
2019070100,2019-07,day3_24h,p03,FAIL,ValueError: materially negative reconstructed precipitation for 63--66,PASS,,1,5,78,-0.05,(GEFS:2019-07-01T00:00:00+00:00:p03:18 - GEFS:2019-07-01T00:00:00+00:00:p03:17) + GEFS:2019-07-01T00:00:00+00:00:p03:20 + GEFS:2019-07-01T00:00:00+00:00:p03:22 + GEFS:2019-07-01T00:00:00+00:00:p03:24 + GEFS:2019-07-01T00:00:00+00:00:p03:25,,,data/manifests/phase1e/2019-07/daily/source_2019070100.json,9e8345dd908388f9b297c1dad5a267485db6e00be92e9cb41cfec502d4f5c419
2019070100,2019-07,day1_24h,p04,PASS,,PASS,,1,5,0,,(GEFS:2019-07-01T00:00:00+00:00:p04:2 - GEFS:2019-07-01T00:00:00+00:00:p04:1) + GEFS:2019-07-01T00:00:00+00:00:p04:4 + GEFS:2019-07-01T00:00:00+00:00:p04:6 + GEFS:2019-07-01T00:00:00+00:00:p04:8 + GEFS:2019-07-01T00:00:00+00:00:p04:9,5.684341886080802e-14,4.342863243348384e-16,data/manifests/phase1e/2019-07/daily/source_2019070100.json,9e8345dd908388f9b297c1dad5a267485db6e00be92e9cb41cfec502d4f5c419
2019070100,2019-07,day2_24h,p04,PASS,,PASS,,1,5,0,,(GEFS:2019-07-01T00:00:00+00:00:p04:10 - GEFS:2019-07-01T00:00:00+00:00:p04:9) + GEFS:2019-07-01T00:00:00+00:00:p04:12 + GEFS:2019-07-01T00:00:00+00:00:p04:14 + GEFS:2019-07-01T00:00:00+00:00:p04:16 + GEFS:2019-07-01T00:00:00+00:00:p04:17,7.105427357601002e-15,4.230037579871275e-16,data/manifests/phase1e/2019-07/daily/source_2019070100.json,9e8345dd908388f9b297c1dad5a267485db6e00be92e9cb41cfec502d4f5c419
2019070100,2019-07,day3_24h,p04,FAIL,ValueError: materially negative reconstructed precipitation for 57--60,PASS,,1,5,0,,(GEFS:2019-07-01T00:00:00+00:00:p04:18 - GEFS:2019-07-01T00:00:00+00:00:p04:17) + GEFS:2019-07-01T00:00:00+00:00:p04:20 + GEFS:2019-07-01T00:00:00+00:00:p04:22 + GEFS:2019-07-01T00:00:00+00:00:p04:24 + GEFS:2019-07-01T00:00:00+00:00:p04:25,,,data/manifests/phase1e/2019-07/daily/source_2019070100.json,9e8345dd908388f9b297c1dad5a267485db6e00be92e9cb41cfec502d4f5c419
2019070200,2019-07,day1_24h,c00,FAIL,ValueError: materially negative reconstructed precipitation for 9--12,PASS,,1,5,0,,(GEFS:2019-07-02T00:00:00+00:00:c00:2 - GEFS:2019-07-02T00:00:00+00:00:c00:1) + GEFS:2019-07-02T00:00:00+00:00:c00:4 + GEFS:2019-07-02T00:00:00+00:00:c00:6 + GEFS:2019-07-02T00:00:00+00:00:c00:8 + GEFS:2019-07-02T00:00:00+00:00:c00:9,,,data/manifests/phase1e/2019-07/daily/source_2019070200.json,de37f8bd580c70a037d17a61b913d0dce92250a377f253f4879a5efb4baccc94
2019070200,2019-07,day2_24h,c00,FAIL,ValueError: materially negative reconstructed precipitation for 45--48,PASS,,1,5,0,,(GEFS:2019-07-02T00:00:00+00:00:c00:10 - GEFS:2019-07-02T00:00:00+00:00:c00:9) + GEFS:2019-07-02T00:00:00+00:00:c00:12 + GEFS:2019-07-02T00:00:00+00:00:c00:14 + GEFS:2019-07-02T00:00:00+00:00:c00:16 + GEFS:2019-07-02T00:00:00+00:00:c00:17,,,data/manifests/phase1e/2019-07/daily/source_2019070200.json,de37f8bd580c70a037d17a61b913d0dce92250a377f253f4879a5efb4baccc94
2019070200,2019-07,day3_24h,c00,FAIL,ValueError: materially negative reconstructed precipitation for 57--60,PASS,,1,5,0,,(GEFS:2019-07-02T00:00:00+00:00:c00:18 - GEFS:2019-07-02T00:00:00+00:00:c00:17) + GEFS:2019-07-02T00:00:00+00:00:c00:20 + GEFS:2019-07-02T00:00:00+00:00:c00:22 + GEFS:2019-07-02T00:00:00+00:00:c00:24 + GEFS:2019-07-02T00:00:00+00:00:c00:25,,,data/manifests/phase1e/2019-07/daily/source_2019070200.json,de37f8bd580c70a037d17a61b913d0dce92250a377f253f4879a5efb4baccc94
2019070200,2019-07,day1_24h,p01,FAIL,ValueError: materially negative reconstructed precipitation for 9--12,PASS,,1,5,0,,(GEFS:2019-07-02T00:00:00+00:00:p01:2 - GEFS:2019-07-02T00:00:00+00:00:p01:1) + GEFS:2019-07-02T00:00:00+00:00:p01:4 + GEFS:2019-07-02T00:00:00+00:00:p01:6 + GEFS:2019-07-02T00:00:00+00:00:p01:8 + GEFS:2019-07-02T00:00:00+00:00:p01:9,,,data/manifests/phase1e/2019-07/daily/source_2019070200.json,de37f8bd580c70a037d17a61b913d0dce92250a377f253f4879a5efb4baccc94
2019070200,2019-07,day2_24h,p01,FAIL,ValueError: materially negative reconstructed precipitation for 27--30,FAIL,ValueError: negative difference exceeds packing bound for 27--30,,,,,,,,data/manifests/phase1e/2019-07/daily/source_2019070200.json,de37f8bd580c70a037d17a61b913d0dce92250a377f253f4879a5efb4baccc94
2019070200,2019-07,day3_24h,p01,FAIL,ValueError: materially negative reconstructed precipitation for 51--54,FAIL,ValueError: negative difference exceeds packing bound for 51--54,,,,,,,,data/manifests/phase1e/2019-07/daily/source_2019070200.json,de37f8bd580c70a037d17a61b913d0dce92250a377f253f4879a5efb4baccc94
2019070200,2019-07,day1_24h,p02,PASS,,PASS,,1,5,0,,(GEFS:2019-07-02T00:00:00+00:00:p02:2 - GEFS:2019-07-02T00:00:00+00:00:p02:1) + GEFS:2019-07-02T00:00:00+00:00:p02:4 + GEFS:2019-07-02T00:00:00+00:00:p02:6 + GEFS:2019-07-02T00:00:00+00:00:p02:8 + GEFS:2019-07-02T00:00:00+00:00:p02:9,0.04999999999999993,0.0004706372344862517,data/manifests/phase1e/2019-07/daily/source_2019070200.json,de37f8bd580c70a037d17a61b913d0dce92250a377f253f4879a5efb4baccc94
2019070200,2019-07,day2_24h,p02,FAIL,ValueError: materially negative reconstructed precipitation for 27--30,FAIL,ValueError: negative difference exceeds packing bound for 27--30,,,,,,,,data/manifests/phase1e/2019-07/daily/source_2019070200.json,de37f8bd580c70a037d17a61b913d0dce92250a377f253f4879a5efb4baccc94
2019070200,2019-07,day3_24h,p02,FAIL,ValueError: materially negative reconstructed precipitation for 57--60,PASS,,1,5,0,,(GEFS:2019-07-02T00:00:00+00:00:p02:18 - GEFS:2019-07-02T00:00:00+00:00:p02:17) + GEFS:2019-07-02T00:00:00+00:00:p02:20 + GEFS:2019-07-02T00:00:00+00:00:p02:22 + GEFS:2019-07-02T00:00:00+00:00:p02:24 + GEFS:2019-07-02T00:00:00+00:00:p02:25,,,data/manifests/phase1e/2019-07/daily/source_2019070200.json,de37f8bd580c70a037d17a61b913d0dce92250a377f253f4879a5efb4baccc94
2019070200,2019-07,day1_24h,p03,PASS,,PASS,,1,5,59,-0.04999999999999999,(GEFS:2019-07-02T00:00:00+00:00:p03:2 - GEFS:2019-07-02T00:00:00+00:00:p03:1) + GEFS:2019-07-02T00:00:00+00:00:p03:4 + GEFS:2019-07-02T00:00:00+00:00:p03:6 + GEFS:2019-07-02T00:00:00+00:00:p03:8 + GEFS:2019-07-02T00:00:00+00:00:p03:9,5.684341886080802e-14,9.08177230951703e-16,data/manifests/phase1e/2019-07/daily/source_2019070200.json,de37f8bd580c70a037d17a61b913d0dce92250a377f253f4879a5efb4baccc94
2019070200,2019-07,day2_24h,p03,FAIL,ValueError: materially negative reconstructed precipitation for 39--42,PASS,,1,5,0,,(GEFS:2019-07-02T00:00:00+00:00:p03:10 - GEFS:2019-07-02T00:00:00+00:00:p03:9) + GEFS:2019-07-02T00:00:00+00:00:p03:12 + GEFS:2019-07-02T00:00:00+00:00:p03:14 + GEFS:2019-07-02T00:00:00+00:00:p03:16 + GEFS:2019-07-02T00:00:00+00:00:p03:17,,,data/manifests/phase1e/2019-07/daily/source_2019070200.json,de37f8bd580c70a037d17a61b913d0dce92250a377f253f4879a5efb4baccc94
2019070200,2019-07,day3_24h,p03,PASS,,PASS,,1,5,0,,(GEFS:2019-07-02T00:00:00+00:00:p03:18 - GEFS:2019-07-02T00:00:00+00:00:p03:17) + GEFS:2019-07-02T00:00:00+00:00:p03:20 + GEFS:2019-07-02T00:00:00+00:00:p03:22 + GEFS:2019-07-02T00:00:00+00:00:p03:24 + GEFS:2019-07-02T00:00:00+00:00:p03:25,1.4210854715202004e-14,4.0261190651442056e-16,data/manifests/phase1e/2019-07/daily/source_2019070200.json,de37f8bd580c70a037d17a61b913d0dce92250a377f253f4879a5efb4baccc94
2019070200,2019-07,day1_24h,p04,FAIL,ValueError: materially negative reconstructed precipitation for 15--18,PASS,,1,5,0,,(GEFS:2019-07-02T00:00:00+00:00:p04:2 - GEFS:2019-07-02T00:00:00+00:00:p04:1) + GEFS:2019-07-02T00:00:00+00:00:p04:4 + GEFS:2019-07-02T00:00:00+00:00:p04:6 + GEFS:2019-07-02T00:00:00+00:00:p04:8 + GEFS:2019-07-02T00:00:00+00:00:p04:9,,,data/manifests/phase1e/2019-07/daily/source_2019070200.json,de37f8bd580c70a037d17a61b913d0dce92250a377f253f4879a5efb4baccc94
2019070200,2019-07,day2_24h,p04,PASS,,PASS,,1,5,0,,(GEFS:2019-07-02T00:00:00+00:00:p04:10 - GEFS:2019-07-02T00:00:00+00:00:p04:9) + GEFS:2019-07-02T00:00:00+00:00:p04:12 + GEFS:2019-07-02T00:00:00+00:00:p04:14 + GEFS:2019-07-02T00:00:00+00:00:p04:16 + GEFS:2019-07-02T00:00:00+00:00:p04:17,0.050000000000000044,0.0007122032486471529,data/manifests/phase1e/2019-07/daily/source_2019070200.json,de37f8bd580c70a037d17a61b913d0dce92250a377f253f4879a5efb4baccc94
2019070200,2019-07,day3_24h,p04,PASS,,PASS,,1,5,0,,(GEFS:2019-07-02T00:00:00+00:00:p04:18 - GEFS:2019-07-02T00:00:00+00:00:p04:17) + GEFS:2019-07-02T00:00:00+00:00:p04:20 + GEFS:2019-07-02T00:00:00+00:00:p04:22 + GEFS:2019-07-02T00:00:00+00:00:p04:24 + GEFS:2019-07-02T00:00:00+00:00:p04:25,1.4210854715202004e-14,3.485804361156494e-16,data/manifests/phase1e/2019-07/daily/source_2019070200.json,de37f8bd580c70a037d17a61b913d0dce92250a377f253f4879a5efb4baccc94
2019070300,2019-07,day1_24h,c00,PASS,,PASS,,1,5,0,,(GEFS:2019-07-03T00:00:00+00:00:c00:2 - GEFS:2019-07-03T00:00:00+00:00:c00:1) + GEFS:2019-07-03T00:00:00+00:00:c00:4 + GEFS:2019-07-03T00:00:00+00:00:c00:6 + GEFS:2019-07-03T00:00:00+00:00:c00:8 + GEFS:2019-07-03T00:00:00+00:00:c00:9,1.4210854715202004e-14,4.476496918532337e-16,data/manifests/phase1e/2019-07/daily/source_2019070300.json,1a38151ffe8718678b1e89f25108d451564ad77ff1d8179516ec7c943f4a34ac
2019070300,2019-07,day2_24h,c00,FAIL,ValueError: materially negative reconstructed precipitation for 45--48,PASS,,1,5,89,-0.050000000000000044,(GEFS:2019-07-03T00:00:00+00:00:c00:10 - GEFS:2019-07-03T00:00:00+00:00:c00:9) + GEFS:2019-07-03T00:00:00+00:00:c00:12 + GEFS:2019-07-03T00:00:00+00:00:c00:14 + GEFS:2019-07-03T00:00:00+00:00:c00:16 + GEFS:2019-07-03T00:00:00+00:00:c00:17,,,data/manifests/phase1e/2019-07/daily/source_2019070300.json,1a38151ffe8718678b1e89f25108d451564ad77ff1d8179516ec7c943f4a34ac
2019070300,2019-07,day3_24h,c00,FAIL,ValueError: materially negative reconstructed precipitation for 51--54,FAIL,ValueError: negative difference exceeds packing bound for 51--54,,,,,,,,data/manifests/phase1e/2019-07/daily/source_2019070300.json,1a38151ffe8718678b1e89f25108d451564ad77ff1d8179516ec7c943f4a34ac
2019070300,2019-07,day1_24h,p01,PASS,,PASS,,1,5,0,,(GEFS:2019-07-03T00:00:00+00:00:p01:2 - GEFS:2019-07-03T00:00:00+00:00:p01:1) + GEFS:2019-07-03T00:00:00+00:00:p01:4 + GEFS:2019-07-03T00:00:00+00:00:p01:6 + GEFS:2019-07-03T00:00:00+00:00:p01:8 + GEFS:2019-07-03T00:00:00+00:00:p01:9,2.842170943040401e-14,4.59903298747264e-16,data/manifests/phase1e/2019-07/daily/source_2019070300.json,1a38151ffe8718678b1e89f25108d451564ad77ff1d8179516ec7c943f4a34ac
2019070300,2019-07,day2_24h,p01,PASS,,PASS,,1,5,0,,(GEFS:2019-07-03T00:00:00+00:00:p01:10 - GEFS:2019-07-03T00:00:00+00:00:p01:9) + GEFS:2019-07-03T00:00:00+00:00:p01:12 + GEFS:2019-07-03T00:00:00+00:00:p01:14 + GEFS:2019-07-03T00:00:00+00:00:p01:16 + GEFS:2019-07-03T00:00:00+00:00:p01:17,1.4210854715202004e-14,5.382570228300348e-16,data/manifests/phase1e/2019-07/daily/source_2019070300.json,1a38151ffe8718678b1e89f25108d451564ad77ff1d8179516ec7c943f4a34ac
2019070300,2019-07,day3_24h,p01,PASS,,PASS,,1,5,0,,(GEFS:2019-07-03T00:00:00+00:00:p01:18 - GEFS:2019-07-03T00:00:00+00:00:p01:17) + GEFS:2019-07-03T00:00:00+00:00:p01:20 + GEFS:2019-07-03T00:00:00+00:00:p01:22 + GEFS:2019-07-03T00:00:00+00:00:p01:24 + GEFS:2019-07-03T00:00:00+00:00:p01:25,7.105427357601002e-15,2.969303270566615e-16,data/manifests/phase1e/2019-07/daily/source_2019070300.json,1a38151ffe8718678b1e89f25108d451564ad77ff1d8179516ec7c943f4a34ac
2019070300,2019-07,day1_24h,p02,PASS,,PASS,,1,5,28,-0.040000000000000036,(GEFS:2019-07-03T00:00:00+00:00:p02:2 - GEFS:2019-07-03T00:00:00+00:00:p02:1) + GEFS:2019-07-03T00:00:00+00:00:p02:4 + GEFS:2019-07-03T00:00:00+00:00:p02:6 + GEFS:2019-07-03T00:00:00+00:00:p02:8 + GEFS:2019-07-03T00:00:00+00:00:p02:9,0.050000000000000266,0.0012578092461478917,data/manifests/phase1e/2019-07/daily/source_2019070300.json,1a38151ffe8718678b1e89f25108d451564ad77ff1d8179516ec7c943f4a34ac
2019070300,2019-07,day2_24h,p02,PASS,,PASS,,1,5,0,,(GEFS:2019-07-03T00:00:00+00:00:p02:10 - GEFS:2019-07-03T00:00:00+00:00:p02:9) + GEFS:2019-07-03T00:00:00+00:00:p02:12 + GEFS:2019-07-03T00:00:00+00:00:p02:14 + GEFS:2019-07-03T00:00:00+00:00:p02:16 + GEFS:2019-07-03T00:00:00+00:00:p02:17,1.4210854715202004e-14,3.5593260025206756e-16,data/manifests/phase1e/2019-07/daily/source_2019070300.json,1a38151ffe8718678b1e89f25108d451564ad77ff1d8179516ec7c943f4a34ac
2019070300,2019-07,day3_24h,p02,FAIL,ValueError: materially negative reconstructed precipitation for 63--66,PASS,,1,5,0,,(GEFS:2019-07-03T00:00:00+00:00:p02:18 - GEFS:2019-07-03T00:00:00+00:00:p02:17) + GEFS:2019-07-03T00:00:00+00:00:p02:20 + GEFS:2019-07-03T00:00:00+00:00:p02:22 + GEFS:2019-07-03T00:00:00+00:00:p02:24 + GEFS:2019-07-03T00:00:00+00:00:p02:25,,,data/manifests/phase1e/2019-07/daily/source_2019070300.json,1a38151ffe8718678b1e89f25108d451564ad77ff1d8179516ec7c943f4a34ac
2019070300,2019-07,day1_24h,p03,PASS,,PASS,,1,5,0,,(GEFS:2019-07-03T00:00:00+00:00:p03:2 - GEFS:2019-07-03T00:00:00+00:00:p03:1) + GEFS:2019-07-03T00:00:00+00:00:p03:4 + GEFS:2019-07-03T00:00:00+00:00:p03:6 + GEFS:2019-07-03T00:00:00+00:00:p03:8 + GEFS:2019-07-03T00:00:00+00:00:p03:9,0.040000000000000036,0.0005830903790091091,data/manifests/phase1e/2019-07/daily/source_2019070300.json,1a38151ffe8718678b1e89f25108d451564ad77ff1d8179516ec7c943f4a34ac
2019070300,2019-07,day2_24h,p03,FAIL,ValueError: materially negative reconstructed precipitation for 45--48,PASS,,1,5,0,,(GEFS:2019-07-03T00:00:00+00:00:p03:10 - GEFS:2019-07-03T00:00:00+00:00:p03:9) + GEFS:2019-07-03T00:00:00+00:00:p03:12 + GEFS:2019-07-03T00:00:00+00:00:p03:14 + GEFS:2019-07-03T00:00:00+00:00:p03:16 + GEFS:2019-07-03T00:00:00+00:00:p03:17,,,data/manifests/phase1e/2019-07/daily/source_2019070300.json,1a38151ffe8718678b1e89f25108d451564ad77ff1d8179516ec7c943f4a34ac
2019070300,2019-07,day3_24h,p03,FAIL,ValueError: materially negative reconstructed precipitation for 63--66,PASS,,1,5,63,-0.05,(GEFS:2019-07-03T00:00:00+00:00:p03:18 - GEFS:2019-07-03T00:00:00+00:00:p03:17) + GEFS:2019-07-03T00:00:00+00:00:p03:20 + GEFS:2019-07-03T00:00:00+00:00:p03:22 + GEFS:2019-07-03T00:00:00+00:00:p03:24 + GEFS:2019-07-03T00:00:00+00:00:p03:25,,,data/manifests/phase1e/2019-07/daily/source_2019070300.json,1a38151ffe8718678b1e89f25108d451564ad77ff1d8179516ec7c943f4a34ac
2019070300,2019-07,day1_24h,p04,PASS,,PASS,,1,5,0,,(GEFS:2019-07-03T00:00:00+00:00:p04:2 - GEFS:2019-07-03T00:00:00+00:00:p04:1) + GEFS:2019-07-03T00:00:00+00:00:p04:4 + GEFS:2019-07-03T00:00:00+00:00:p04:6 + GEFS:2019-07-03T00:00:00+00:00:p04:8 + GEFS:2019-07-03T00:00:00+00:00:p04:9,0.05000000000000071,0.0006830487296964056,data/manifests/phase1e/2019-07/daily/source_2019070300.json,1a38151ffe8718678b1e89f25108d451564ad77ff1d8179516ec7c943f4a34ac
2019070300,2019-07,day2_24h,p04,FAIL,ValueError: materially negative reconstructed precipitation for 39--42,PASS,,1,5,0,,(GEFS:2019-07-03T00:00:00+00:00:p04:10 - GEFS:2019-07-03T00:00:00+00:00:p04:9) + GEFS:2019-07-03T00:00:00+00:00:p04:12 + GEFS:2019-07-03T00:00:00+00:00:p04:14 + GEFS:2019-07-03T00:00:00+00:00:p04:16 + GEFS:2019-07-03T00:00:00+00:00:p04:17,,,data/manifests/phase1e/2019-07/daily/source_2019070300.json,1a38151ffe8718678b1e89f25108d451564ad77ff1d8179516ec7c943f4a34ac
2019070300,2019-07,day3_24h,p04,FAIL,ValueError: materially negative reconstructed precipitation for 57--60,PASS,,1,5,0,,(GEFS:2019-07-03T00:00:00+00:00:p04:18 - GEFS:2019-07-03T00:00:00+00:00:p04:17) + GEFS:2019-07-03T00:00:00+00:00:p04:20 + GEFS:2019-07-03T00:00:00+00:00:p04:22 + GEFS:2019-07-03T00:00:00+00:00:p04:24 + GEFS:2019-07-03T00:00:00+00:00:p04:25,,,data/manifests/phase1e/2019-07/daily/source_2019070300.json,1a38151ffe8718678b1e89f25108d451564ad77ff1d8179516ec7c943f4a34ac
2019070400,2019-07,day1_24h,c00,FAIL,ValueError: materially negative reconstructed precipitation for 9--12,PASS,,1,5,0,,(GEFS:2019-07-04T00:00:00+00:00:c00:2 - GEFS:2019-07-04T00:00:00+00:00:c00:1) + GEFS:2019-07-04T00:00:00+00:00:c00:4 + GEFS:2019-07-04T00:00:00+00:00:c00:6 + GEFS:2019-07-04T00:00:00+00:00:c00:8 + GEFS:2019-07-04T00:00:00+00:00:c00:9,,,data/manifests/phase1e/2019-07/daily/source_2019070400.json,7429c69bc8ddcb842bed434ba69b760b456646fe3a7bd2fcda05cecb16cecfa1
2019070400,2019-07,day2_24h,c00,FAIL,ValueError: materially negative reconstructed precipitation for 27--30,FAIL,ValueError: negative difference exceeds packing bound for 27--30,,,,,,,,data/manifests/phase1e/2019-07/daily/source_2019070400.json,7429c69bc8ddcb842bed434ba69b760b456646fe3a7bd2fcda05cecb16cecfa1
2019070400,2019-07,day3_24h,c00,FAIL,ValueError: materially negative reconstructed precipitation for 57--60,PASS,,1,5,0,,(GEFS:2019-07-04T00:00:00+00:00:c00:18 - GEFS:2019-07-04T00:00:00+00:00:c00:17) + GEFS:2019-07-04T00:00:00+00:00:c00:20 + GEFS:2019-07-04T00:00:00+00:00:c00:22 + GEFS:2019-07-04T00:00:00+00:00:c00:24 + GEFS:2019-07-04T00:00:00+00:00:c00:25,,,data/manifests/phase1e/2019-07/daily/source_2019070400.json,7429c69bc8ddcb842bed434ba69b760b456646fe3a7bd2fcda05cecb16cecfa1
2019070400,2019-07,day1_24h,p01,FAIL,ValueError: materially negative reconstructed precipitation for 21--24,PASS,,1,5,0,,(GEFS:2019-07-04T00:00:00+00:00:p01:2 - GEFS:2019-07-04T00:00:00+00:00:p01:1) + GEFS:2019-07-04T00:00:00+00:00:p01:4 + GEFS:2019-07-04T00:00:00+00:00:p01:6 + GEFS:2019-07-04T00:00:00+00:00:p01:8 + GEFS:2019-07-04T00:00:00+00:00:p01:9,,,data/manifests/phase1e/2019-07/daily/source_2019070400.json,7429c69bc8ddcb842bed434ba69b760b456646fe3a7bd2fcda05cecb16cecfa1
2019070400,2019-07,day2_24h,p01,PASS,,PASS,,1,5,0,,(GEFS:2019-07-04T00:00:00+00:00:p01:10 - GEFS:2019-07-04T00:00:00+00:00:p01:9) + GEFS:2019-07-04T00:00:00+00:00:p01:12 + GEFS:2019-07-04T00:00:00+00:00:p01:14 + GEFS:2019-07-04T00:00:00+00:00:p01:16 + GEFS:2019-07-04T00:00:00+00:00:p01:17,1.4210854715202004e-14,4.164145542799603e-16,data/manifests/phase1e/2019-07/daily/source_2019070400.json,7429c69bc8ddcb842bed434ba69b760b456646fe3a7bd2fcda05cecb16cecfa1
2019070400,2019-07,day3_24h,p01,FAIL,ValueError: materially negative reconstructed precipitation for 51--54,FAIL,ValueError: negative difference exceeds packing bound for 51--54,,,,,,,,data/manifests/phase1e/2019-07/daily/source_2019070400.json,7429c69bc8ddcb842bed434ba69b760b456646fe3a7bd2fcda05cecb16cecfa1
2019070400,2019-07,day1_24h,p02,PASS,,PASS,,1,5,0,,(GEFS:2019-07-04T00:00:00+00:00:p02:2 - GEFS:2019-07-04T00:00:00+00:00:p02:1) + GEFS:2019-07-04T00:00:00+00:00:p02:4 + GEFS:2019-07-04T00:00:00+00:00:p02:6 + GEFS:2019-07-04T00:00:00+00:00:p02:8 + GEFS:2019-07-04T00:00:00+00:00:p02:9,1.4210854715202004e-14,4.707003448218151e-16,data/manifests/phase1e/2019-07/daily/source_2019070400.json,7429c69bc8ddcb842bed434ba69b760b456646fe3a7bd2fcda05cecb16cecfa1
2019070400,2019-07,day2_24h,p02,PASS,,PASS,,1,5,0,,(GEFS:2019-07-04T00:00:00+00:00:p02:10 - GEFS:2019-07-04T00:00:00+00:00:p02:9) + GEFS:2019-07-04T00:00:00+00:00:p02:12 + GEFS:2019-07-04T00:00:00+00:00:p02:14 + GEFS:2019-07-04T00:00:00+00:00:p02:16 + GEFS:2019-07-04T00:00:00+00:00:p02:17,1.4210854715202004e-14,4.1005655070286913e-16,data/manifests/phase1e/2019-07/daily/source_2019070400.json,7429c69bc8ddcb842bed434ba69b760b456646fe3a7bd2fcda05cecb16cecfa1
2019070400,2019-07,day3_24h,p02,FAIL,ValueError: materially negative reconstructed precipitation for 69--72,PASS,,1,5,0,,(GEFS:2019-07-04T00:00:00+00:00:p02:18 - GEFS:2019-07-04T00:00:00+00:00:p02:17) + GEFS:2019-07-04T00:00:00+00:00:p02:20 + GEFS:2019-07-04T00:00:00+00:00:p02:22 + GEFS:2019-07-04T00:00:00+00:00:p02:24 + GEFS:2019-07-04T00:00:00+00:00:p02:25,,,data/manifests/phase1e/2019-07/daily/source_2019070400.json,7429c69bc8ddcb842bed434ba69b760b456646fe3a7bd2fcda05cecb16cecfa1
2019070400,2019-07,day1_24h,p03,FAIL,ValueError: materially negative reconstructed precipitation for 9--12,PASS,,1,5,53,-0.04999999999999999,(GEFS:2019-07-04T00:00:00+00:00:p03:2 - GEFS:2019-07-04T00:00:00+00:00:p03:1) + GEFS:2019-07-04T00:00:00+00:00:p03:4 + GEFS:2019-07-04T00:00:00+00:00:p03:6 + GEFS:2019-07-04T00:00:00+00:00:p03:8 + GEFS:2019-07-04T00:00:00+00:00:p03:9,,,data/manifests/phase1e/2019-07/daily/source_2019070400.json,7429c69bc8ddcb842bed434ba69b760b456646fe3a7bd2fcda05cecb16cecfa1
2019070400,2019-07,day2_24h,p03,FAIL,ValueError: materially negative reconstructed precipitation for 39--42,PASS,,1,5,0,,(GEFS:2019-07-04T00:00:00+00:00:p03:10 - GEFS:2019-07-04T00:00:00+00:00:p03:9) + GEFS:2019-07-04T00:00:00+00:00:p03:12 + GEFS:2019-07-04T00:00:00+00:00:p03:14 + GEFS:2019-07-04T00:00:00+00:00:p03:16 + GEFS:2019-07-04T00:00:00+00:00:p03:17,,,data/manifests/phase1e/2019-07/daily/source_2019070400.json,7429c69bc8ddcb842bed434ba69b760b456646fe3a7bd2fcda05cecb16cecfa1
2019070400,2019-07,day3_24h,p03,PASS,,PASS,,1,5,0,,(GEFS:2019-07-04T00:00:00+00:00:p03:18 - GEFS:2019-07-04T00:00:00+00:00:p03:17) + GEFS:2019-07-04T00:00:00+00:00:p03:20 + GEFS:2019-07-04T00:00:00+00:00:p03:22 + GEFS:2019-07-04T00:00:00+00:00:p03:24 + GEFS:2019-07-04T00:00:00+00:00:p03:25,7.105427357601002e-15,2.9024864329746386e-16,data/manifests/phase1e/2019-07/daily/source_2019070400.json,7429c69bc8ddcb842bed434ba69b760b456646fe3a7bd2fcda05cecb16cecfa1
2019070400,2019-07,day1_24h,p04,FAIL,ValueError: materially negative reconstructed precipitation for 9--12,PASS,,1,5,0,,(GEFS:2019-07-04T00:00:00+00:00:p04:2 - GEFS:2019-07-04T00:00:00+00:00:p04:1) + GEFS:2019-07-04T00:00:00+00:00:p04:4 + GEFS:2019-07-04T00:00:00+00:00:p04:6 + GEFS:2019-07-04T00:00:00+00:00:p04:8 + GEFS:2019-07-04T00:00:00+00:00:p04:9,,,data/manifests/phase1e/2019-07/daily/source_2019070400.json,7429c69bc8ddcb842bed434ba69b760b456646fe3a7bd2fcda05cecb16cecfa1
2019070400,2019-07,day2_24h,p04,PASS,,PASS,,1,5,0,,(GEFS:2019-07-04T00:00:00+00:00:p04:10 - GEFS:2019-07-04T00:00:00+00:00:p04:9) + GEFS:2019-07-04T00:00:00+00:00:p04:12 + GEFS:2019-07-04T00:00:00+00:00:p04:14 + GEFS:2019-07-04T00:00:00+00:00:p04:16 + GEFS:2019-07-04T00:00:00+00:00:p04:17,1.4210854715202004e-14,6.250726716735888e-16,data/manifests/phase1e/2019-07/daily/source_2019070400.json,7429c69bc8ddcb842bed434ba69b760b456646fe3a7bd2fcda05cecb16cecfa1
2019070400,2019-07,day3_24h,p04,FAIL,ValueError: materially negative reconstructed precipitation for 57--60,PASS,,1,5,0,,(GEFS:2019-07-04T00:00:00+00:00:p04:18 - GEFS:2019-07-04T00:00:00+00:00:p04:17) + GEFS:2019-07-04T00:00:00+00:00:p04:20 + GEFS:2019-07-04T00:00:00+00:00:p04:22 + GEFS:2019-07-04T00:00:00+00:00:p04:24 + GEFS:2019-07-04T00:00:00+00:00:p04:25,,,data/manifests/phase1e/2019-07/daily/source_2019070400.json,7429c69bc8ddcb842bed434ba69b760b456646fe3a7bd2fcda05cecb16cecfa1
2019070500,2019-07,day1_24h,c00,FAIL,ValueError: materially negative reconstructed precipitation for 9--12,PASS,,1,5,0,,(GEFS:2019-07-05T00:00:00+00:00:c00:2 - GEFS:2019-07-05T00:00:00+00:00:c00:1) + GEFS:2019-07-05T00:00:00+00:00:c00:4 + GEFS:2019-07-05T00:00:00+00:00:c00:6 + GEFS:2019-07-05T00:00:00+00:00:c00:8 + GEFS:2019-07-05T00:00:00+00:00:c00:9,,,data/manifests/phase1e/2019-07/daily/source_2019070500.json,67e63aea40039f1cb03c4a657052af2b516179eedfe4e9fc12cbe2b53622bb95
2019070500,2019-07,day2_24h,c00,FAIL,ValueError: materially negative reconstructed precipitation for 45--48,PASS,,1,5,89,-0.05,(GEFS:2019-07-05T00:00:00+00:00:c00:10 - GEFS:2019-07-05T00:00:00+00:00:c00:9) + GEFS:2019-07-05T00:00:00+00:00:c00:12 + GEFS:2019-07-05T00:00:00+00:00:c00:14 + GEFS:2019-07-05T00:00:00+00:00:c00:16 + GEFS:2019-07-05T00:00:00+00:00:c00:17,,,data/manifests/phase1e/2019-07/daily/source_2019070500.json,67e63aea40039f1cb03c4a657052af2b516179eedfe4e9fc12cbe2b53622bb95
2019070500,2019-07,day3_24h,c00,FAIL,ValueError: materially negative reconstructed precipitation for 69--72,PASS,,1,5,0,,(GEFS:2019-07-05T00:00:00+00:00:c00:18 - GEFS:2019-07-05T00:00:00+00:00:c00:17) + GEFS:2019-07-05T00:00:00+00:00:c00:20 + GEFS:2019-07-05T00:00:00+00:00:c00:22 + GEFS:2019-07-05T00:00:00+00:00:c00:24 + GEFS:2019-07-05T00:00:00+00:00:c00:25,,,data/manifests/phase1e/2019-07/daily/source_2019070500.json,67e63aea40039f1cb03c4a657052af2b516179eedfe4e9fc12cbe2b53622bb95
2019070500,2019-07,day1_24h,p01,PASS,,PASS,,1,5,40,-0.04999999999999999,(GEFS:2019-07-05T00:00:00+00:00:p01:2 - GEFS:2019-07-05T00:00:00+00:00:p01:1) + GEFS:2019-07-05T00:00:00+00:00:p01:4 + GEFS:2019-07-05T00:00:00+00:00:p01:6 + GEFS:2019-07-05T00:00:00+00:00:p01:8 + GEFS:2019-07-05T00:00:00+00:00:p01:9,1.4210854715202004e-14,5.447768664981792e-16,data/manifests/phase1e/2019-07/daily/source_2019070500.json,67e63aea40039f1cb03c4a657052af2b516179eedfe4e9fc12cbe2b53622bb95
2019070500,2019-07,day2_24h,p01,FAIL,ValueError: materially negative reconstructed precipitation for 33--36,PASS,,1,5,0,,(GEFS:2019-07-05T00:00:00+00:00:p01:10 - GEFS:2019-07-05T00:00:00+00:00:p01:9) + GEFS:2019-07-05T00:00:00+00:00:p01:12 + GEFS:2019-07-05T00:00:00+00:00:p01:14 + GEFS:2019-07-05T00:00:00+00:00:p01:16 + GEFS:2019-07-05T00:00:00+00:00:p01:17,,,data/manifests/phase1e/2019-07/daily/source_2019070500.json,67e63aea40039f1cb03c4a657052af2b516179eedfe4e9fc12cbe2b53622bb95
2019070500,2019-07,day3_24h,p01,FAIL,ValueError: materially negative reconstructed precipitation for 57--60,PASS,,1,5,0,,(GEFS:2019-07-05T00:00:00+00:00:p01:18 - GEFS:2019-07-05T00:00:00+00:00:p01:17) + GEFS:2019-07-05T00:00:00+00:00:p01:20 + GEFS:2019-07-05T00:00:00+00:00:p01:22 + GEFS:2019-07-05T00:00:00+00:00:p01:24 + GEFS:2019-07-05T00:00:00+00:00:p01:25,,,data/manifests/phase1e/2019-07/daily/source_2019070500.json,67e63aea40039f1cb03c4a657052af2b516179eedfe4e9fc12cbe2b53622bb95
2019070500,2019-07,day1_24h,p02,PASS,,PASS,,1,5,70,-0.050000000000000044,(GEFS:2019-07-05T00:00:00+00:00:p02:2 - GEFS:2019-07-05T00:00:00+00:00:p02:1) + GEFS:2019-07-05T00:00:00+00:00:p02:4 + GEFS:2019-07-05T00:00:00+00:00:p02:6 + GEFS:2019-07-05T00:00:00+00:00:p02:8 + GEFS:2019-07-05T00:00:00+00:00:p02:9,2.842170943040401e-14,4.516263340905416e-16,data/manifests/phase1e/2019-07/daily/source_2019070500.json,67e63aea40039f1cb03c4a657052af2b516179eedfe4e9fc12cbe2b53622bb95
2019070500,2019-07,day2_24h,p02,PASS,,PASS,,1,5,0,,(GEFS:2019-07-05T00:00:00+00:00:p02:10 - GEFS:2019-07-05T00:00:00+00:00:p02:9) + GEFS:2019-07-05T00:00:00+00:00:p02:12 + GEFS:2019-07-05T00:00:00+00:00:p02:14 + GEFS:2019-07-05T00:00:00+00:00:p02:16 + GEFS:2019-07-05T00:00:00+00:00:p02:17,1.4210854715202004e-14,7.035882358474128e-16,data/manifests/phase1e/2019-07/daily/source_2019070500.json,67e63aea40039f1cb03c4a657052af2b516179eedfe4e9fc12cbe2b53622bb95
2019070500,2019-07,day3_24h,p02,FAIL,ValueError: materially negative reconstructed precipitation for 51--54,FAIL,ValueError: negative difference exceeds packing bound for 51--54,,,,,,,,data/manifests/phase1e/2019-07/daily/source_2019070500.json,67e63aea40039f1cb03c4a657052af2b516179eedfe4e9fc12cbe2b53622bb95
2019070500,2019-07,day1_24h,p03,PASS,,PASS,,1,5,78,-0.04999999999999999,(GEFS:2019-07-05T00:00:00+00:00:p03:2 - GEFS:2019-07-05T00:00:00+00:00:p03:1) + GEFS:2019-07-05T00:00:00+00:00:p03:4 + GEFS:2019-07-05T00:00:00+00:00:p03:6 + GEFS:2019-07-05T00:00:00+00:00:p03:8 + GEFS:2019-07-05T00:00:00+00:00:p03:9,7.105427357601002e-15,3.2432754247067255e-16,data/manifests/phase1e/2019-07/daily/source_2019070500.json,67e63aea40039f1cb03c4a657052af2b516179eedfe4e9fc12cbe2b53622bb95
2019070500,2019-07,day2_24h,p03,PASS,,PASS,,1,5,0,,(GEFS:2019-07-05T00:00:00+00:00:p03:10 - GEFS:2019-07-05T00:00:00+00:00:p03:9) + GEFS:2019-07-05T00:00:00+00:00:p03:12 + GEFS:2019-07-05T00:00:00+00:00:p03:14 + GEFS:2019-07-05T00:00:00+00:00:p03:16 + GEFS:2019-07-05T00:00:00+00:00:p03:17,1.4210854715202004e-14,3.7750357238816237e-16,data/manifests/phase1e/2019-07/daily/source_2019070500.json,67e63aea40039f1cb03c4a657052af2b516179eedfe4e9fc12cbe2b53622bb95
2019070500,2019-07,day3_24h,p03,FAIL,ValueError: materially negative reconstructed precipitation for 57--60,PASS,,1,5,0,,(GEFS:2019-07-05T00:00:00+00:00:p03:18 - GEFS:2019-07-05T00:00:00+00:00:p03:17) + GEFS:2019-07-05T00:00:00+00:00:p03:20 + GEFS:2019-07-05T00:00:00+00:00:p03:22 + GEFS:2019-07-05T00:00:00+00:00:p03:24 + GEFS:2019-07-05T00:00:00+00:00:p03:25,,,data/manifests/phase1e/2019-07/daily/source_2019070500.json,67e63aea40039f1cb03c4a657052af2b516179eedfe4e9fc12cbe2b53622bb95
2019070500,2019-07,day1_24h,p04,FAIL,ValueError: materially negative reconstructed precipitation for 15--18,PASS,,1,5,81,-0.050000000000000044,(GEFS:2019-07-05T00:00:00+00:00:p04:2 - GEFS:2019-07-05T00:00:00+00:00:p04:1) + GEFS:2019-07-05T00:00:00+00:00:p04:4 + GEFS:2019-07-05T00:00:00+00:00:p04:6 + GEFS:2019-07-05T00:00:00+00:00:p04:8 + GEFS:2019-07-05T00:00:00+00:00:p04:9,,,data/manifests/phase1e/2019-07/daily/source_2019070500.json,67e63aea40039f1cb03c4a657052af2b516179eedfe4e9fc12cbe2b53622bb95
2019070500,2019-07,day2_24h,p04,PASS,,PASS,,1,5,0,,(GEFS:2019-07-05T00:00:00+00:00:p04:10 - GEFS:2019-07-05T00:00:00+00:00:p04:9) + GEFS:2019-07-05T00:00:00+00:00:p04:12 + GEFS:2019-07-05T00:00:00+00:00:p04:14 + GEFS:2019-07-05T00:00:00+00:00:p04:16 + GEFS:2019-07-05T00:00:00+00:00:p04:17,1.4210854715202004e-14,3.4719323533519315e-16,data/manifests/phase1e/2019-07/daily/source_2019070500.json,67e63aea40039f1cb03c4a657052af2b516179eedfe4e9fc12cbe2b53622bb95
2019070500,2019-07,day3_24h,p04,FAIL,ValueError: materially negative reconstructed precipitation for 57--60,PASS,,1,5,0,,(GEFS:2019-07-05T00:00:00+00:00:p04:18 - GEFS:2019-07-05T00:00:00+00:00:p04:17) + GEFS:2019-07-05T00:00:00+00:00:p04:20 + GEFS:2019-07-05T00:00:00+00:00:p04:22 + GEFS:2019-07-05T00:00:00+00:00:p04:24 + GEFS:2019-07-05T00:00:00+00:00:p04:25,,,data/manifests/phase1e/2019-07/daily/source_2019070500.json,67e63aea40039f1cb03c4a657052af2b516179eedfe4e9fc12cbe2b53622bb95
2019070600,2019-07,day1_24h,c00,FAIL,ValueError: materially negative reconstructed precipitation for 15--18,PASS,,1,5,0,,(GEFS:2019-07-06T00:00:00+00:00:c00:2 - GEFS:2019-07-06T00:00:00+00:00:c00:1) + GEFS:2019-07-06T00:00:00+00:00:c00:4 + GEFS:2019-07-06T00:00:00+00:00:c00:6 + GEFS:2019-07-06T00:00:00+00:00:c00:8 + GEFS:2019-07-06T00:00:00+00:00:c00:9,,,data/manifests/phase1e/2019-07/daily/source_2019070600.json,a7f7bf2ab417bca732875fa8ad219e513335c4e91add550e72bcd94cc118b52f
2019070600,2019-07,day2_24h,c00,PASS,,PASS,,1,5,31,-0.04999999999999982,(GEFS:2019-07-06T00:00:00+00:00:c00:10 - GEFS:2019-07-06T00:00:00+00:00:c00:9) + GEFS:2019-07-06T00:00:00+00:00:c00:12 + GEFS:2019-07-06T00:00:00+00:00:c00:14 + GEFS:2019-07-06T00:00:00+00:00:c00:16 + GEFS:2019-07-06T00:00:00+00:00:c00:17,0.040000000000000924,0.0004997917534365111,data/manifests/phase1e/2019-07/daily/source_2019070600.json,a7f7bf2ab417bca732875fa8ad219e513335c4e91add550e72bcd94cc118b52f
2019070600,2019-07,day3_24h,c00,FAIL,ValueError: materially negative reconstructed precipitation for 51--54,FAIL,ValueError: negative difference exceeds packing bound for 51--54,,,,,,,,data/manifests/phase1e/2019-07/daily/source_2019070600.json,a7f7bf2ab417bca732875fa8ad219e513335c4e91add550e72bcd94cc118b52f
2019070600,2019-07,day1_24h,p01,PASS,,PASS,,1,5,94,-0.04999999999999999,(GEFS:2019-07-06T00:00:00+00:00:p01:2 - GEFS:2019-07-06T00:00:00+00:00:p01:1) + GEFS:2019-07-06T00:00:00+00:00:p01:4 + GEFS:2019-07-06T00:00:00+00:00:p01:6 + GEFS:2019-07-06T00:00:00+00:00:p01:8 + GEFS:2019-07-06T00:00:00+00:00:p01:9,1.4210854715202004e-14,3.2583034331616683e-16,data/manifests/phase1e/2019-07/daily/source_2019070600.json,a7f7bf2ab417bca732875fa8ad219e513335c4e91add550e72bcd94cc118b52f
2019070600,2019-07,day2_24h,p01,FAIL,ValueError: materially negative reconstructed precipitation for 33--36,PASS,,1,5,45,-0.050000000000000044,(GEFS:2019-07-06T00:00:00+00:00:p01:10 - GEFS:2019-07-06T00:00:00+00:00:p01:9) + GEFS:2019-07-06T00:00:00+00:00:p01:12 + GEFS:2019-07-06T00:00:00+00:00:p01:14 + GEFS:2019-07-06T00:00:00+00:00:p01:16 + GEFS:2019-07-06T00:00:00+00:00:p01:17,,,data/manifests/phase1e/2019-07/daily/source_2019070600.json,a7f7bf2ab417bca732875fa8ad219e513335c4e91add550e72bcd94cc118b52f
2019070600,2019-07,day3_24h,p01,PASS,,PASS,,1,5,0,,(GEFS:2019-07-06T00:00:00+00:00:p01:18 - GEFS:2019-07-06T00:00:00+00:00:p01:17) + GEFS:2019-07-06T00:00:00+00:00:p01:20 + GEFS:2019-07-06T00:00:00+00:00:p01:22 + GEFS:2019-07-06T00:00:00+00:00:p01:24 + GEFS:2019-07-06T00:00:00+00:00:p01:25,1.4210854715202004e-14,2.595452660233654e-16,data/manifests/phase1e/2019-07/daily/source_2019070600.json,a7f7bf2ab417bca732875fa8ad219e513335c4e91add550e72bcd94cc118b52f
2019070600,2019-07,day1_24h,p02,PASS,,PASS,,1,5,22,-0.04999999999999999,(GEFS:2019-07-06T00:00:00+00:00:p02:2 - GEFS:2019-07-06T00:00:00+00:00:p02:1) + GEFS:2019-07-06T00:00:00+00:00:p02:4 + GEFS:2019-07-06T00:00:00+00:00:p02:6 + GEFS:2019-07-06T00:00:00+00:00:p02:8 + GEFS:2019-07-06T00:00:00+00:00:p02:9,2.842170943040401e-14,7.104779997236789e-16,data/manifests/phase1e/2019-07/daily/source_2019070600.json,a7f7bf2ab417bca732875fa8ad219e513335c4e91add550e72bcd94cc118b52f
2019070600,2019-07,day2_24h,p02,PASS,,PASS,,1,5,0,,(GEFS:2019-07-06T00:00:00+00:00:p02:10 - GEFS:2019-07-06T00:00:00+00:00:p02:9) + GEFS:2019-07-06T00:00:00+00:00:p02:12 + GEFS:2019-07-06T00:00:00+00:00:p02:14 + GEFS:2019-07-06T00:00:00+00:00:p02:16 + GEFS:2019-07-06T00:00:00+00:00:p02:17,1.4210854715202004e-14,5.16917250824016e-16,data/manifests/phase1e/2019-07/daily/source_2019070600.json,a7f7bf2ab417bca732875fa8ad219e513335c4e91add550e72bcd94cc118b52f
2019070600,2019-07,day3_24h,p02,FAIL,ValueError: materially negative reconstructed precipitation for 51--54,FAIL,ValueError: negative difference exceeds packing bound for 51--54,,,,,,,,data/manifests/phase1e/2019-07/daily/source_2019070600.json,a7f7bf2ab417bca732875fa8ad219e513335c4e91add550e72bcd94cc118b52f
2019070600,2019-07,day1_24h,p03,PASS,,PASS,,1,5,0,,(GEFS:2019-07-06T00:00:00+00:00:p03:2 - GEFS:2019-07-06T00:00:00+00:00:p03:1) + GEFS:2019-07-06T00:00:00+00:00:p03:4 + GEFS:2019-07-06T00:00:00+00:00:p03:6 + GEFS:2019-07-06T00:00:00+00:00:p03:8 + GEFS:2019-07-06T00:00:00+00:00:p03:9,0.05000000000000001,0.0007996668054980615,data/manifests/phase1e/2019-07/daily/source_2019070600.json,a7f7bf2ab417bca732875fa8ad219e513335c4e91add550e72bcd94cc118b52f
2019070600,2019-07,day2_24h,p03,FAIL,ValueError: materially negative reconstructed precipitation for 39--42,PASS,,1,5,74,-0.04,(GEFS:2019-07-06T00:00:00+00:00:p03:10 - GEFS:2019-07-06T00:00:00+00:00:p03:9) + GEFS:2019-07-06T00:00:00+00:00:p03:12 + GEFS:2019-07-06T00:00:00+00:00:p03:14 + GEFS:2019-07-06T00:00:00+00:00:p03:16 + GEFS:2019-07-06T00:00:00+00:00:p03:17,,,data/manifests/phase1e/2019-07/daily/source_2019070600.json,a7f7bf2ab417bca732875fa8ad219e513335c4e91add550e72bcd94cc118b52f
2019070600,2019-07,day3_24h,p03,FAIL,ValueError: materially negative reconstructed precipitation for 51--54,FAIL,ValueError: negative difference exceeds packing bound for 51--54,,,,,,,,data/manifests/phase1e/2019-07/daily/source_2019070600.json,a7f7bf2ab417bca732875fa8ad219e513335c4e91add550e72bcd94cc118b52f
2019070600,2019-07,day1_24h,p04,PASS,,PASS,,1,5,38,-0.04999999999999999,(GEFS:2019-07-06T00:00:00+00:00:p04:2 - GEFS:2019-07-06T00:00:00+00:00:p04:1) + GEFS:2019-07-06T00:00:00+00:00:p04:4 + GEFS:2019-07-06T00:00:00+00:00:p04:6 + GEFS:2019-07-06T00:00:00+00:00:p04:8 + GEFS:2019-07-06T00:00:00+00:00:p04:9,1.4210854715202004e-14,3.093920140677602e-16,data/manifests/phase1e/2019-07/daily/source_2019070600.json,a7f7bf2ab417bca732875fa8ad219e513335c4e91add550e72bcd94cc118b52f
2019070600,2019-07,day2_24h,p04,FAIL,ValueError: materially negative reconstructed precipitation for 27--30,FAIL,ValueError: negative difference exceeds packing bound for 27--30,,,,,,,,data/manifests/phase1e/2019-07/daily/source_2019070600.json,a7f7bf2ab417bca732875fa8ad219e513335c4e91add550e72bcd94cc118b52f
2019070600,2019-07,day3_24h,p04,PASS,,PASS,,1,5,0,,(GEFS:2019-07-06T00:00:00+00:00:p04:18 - GEFS:2019-07-06T00:00:00+00:00:p04:17) + GEFS:2019-07-06T00:00:00+00:00:p04:20 + GEFS:2019-07-06T00:00:00+00:00:p04:22 + GEFS:2019-07-06T00:00:00+00:00:p04:24 + GEFS:2019-07-06T00:00:00+00:00:p04:25,1.4210854715202004e-14,3.8989589936023823e-16,data/manifests/phase1e/2019-07/daily/source_2019070600.json,a7f7bf2ab417bca732875fa8ad219e513335c4e91add550e72bcd94cc118b52f
2019070700,2019-07,day1_24h,c00,FAIL,ValueError: materially negative reconstructed precipitation for 9--12,PASS,,1,5,0,,(GEFS:2019-07-07T00:00:00+00:00:c00:2 - GEFS:2019-07-07T00:00:00+00:00:c00:1) + GEFS:2019-07-07T00:00:00+00:00:c00:4 + GEFS:2019-07-07T00:00:00+00:00:c00:6 + GEFS:2019-07-07T00:00:00+00:00:c00:8 + GEFS:2019-07-07T00:00:00+00:00:c00:9,,,data/manifests/phase1e/2019-07/daily/source_2019070700.json,d8ec41f17d4dd1b179c8c4da45a05d4d67784d7d97a57c3e21a34c6cc06ee22d
2019070700,2019-07,day2_24h,c00,FAIL,ValueError: materially negative reconstructed precipitation for 33--36,PASS,,1,5,64,-0.04000000000000001,(GEFS:2019-07-07T00:00:00+00:00:c00:10 - GEFS:2019-07-07T00:00:00+00:00:c00:9) + GEFS:2019-07-07T00:00:00+00:00:c00:12 + GEFS:2019-07-07T00:00:00+00:00:c00:14 + GEFS:2019-07-07T00:00:00+00:00:c00:16 + GEFS:2019-07-07T00:00:00+00:00:c00:17,,,data/manifests/phase1e/2019-07/daily/source_2019070700.json,d8ec41f17d4dd1b179c8c4da45a05d4d67784d7d97a57c3e21a34c6cc06ee22d
2019070700,2019-07,day3_24h,c00,FAIL,ValueError: materially negative reconstructed precipitation for 57--60,PASS,,1,5,0,,(GEFS:2019-07-07T00:00:00+00:00:c00:18 - GEFS:2019-07-07T00:00:00+00:00:c00:17) + GEFS:2019-07-07T00:00:00+00:00:c00:20 + GEFS:2019-07-07T00:00:00+00:00:c00:22 + GEFS:2019-07-07T00:00:00+00:00:c00:24 + GEFS:2019-07-07T00:00:00+00:00:c00:25,,,data/manifests/phase1e/2019-07/daily/source_2019070700.json,d8ec41f17d4dd1b179c8c4da45a05d4d67784d7d97a57c3e21a34c6cc06ee22d
2019070700,2019-07,day1_24h,p01,PASS,,PASS,,1,5,56,-0.04999999999999999,(GEFS:2019-07-07T00:00:00+00:00:p01:2 - GEFS:2019-07-07T00:00:00+00:00:p01:1) + GEFS:2019-07-07T00:00:00+00:00:p01:4 + GEFS:2019-07-07T00:00:00+00:00:p01:6 + GEFS:2019-07-07T00:00:00+00:00:p01:8 + GEFS:2019-07-07T00:00:00+00:00:p01:9,1.4210854715202004e-14,3.4763251558233764e-16,data/manifests/phase1e/2019-07/daily/source_2019070700.json,d8ec41f17d4dd1b179c8c4da45a05d4d67784d7d97a57c3e21a34c6cc06ee22d
2019070700,2019-07,day2_24h,p01,FAIL,ValueError: materially negative reconstructed precipitation for 27--30,FAIL,ValueError: negative difference exceeds packing bound for 27--30,,,,,,,,data/manifests/phase1e/2019-07/daily/source_2019070700.json,d8ec41f17d4dd1b179c8c4da45a05d4d67784d7d97a57c3e21a34c6cc06ee22d
2019070700,2019-07,day3_24h,p01,PASS,,PASS,,1,5,0,,(GEFS:2019-07-07T00:00:00+00:00:p01:18 - GEFS:2019-07-07T00:00:00+00:00:p01:17) + GEFS:2019-07-07T00:00:00+00:00:p01:20 + GEFS:2019-07-07T00:00:00+00:00:p01:22 + GEFS:2019-07-07T00:00:00+00:00:p01:24 + GEFS:2019-07-07T00:00:00+00:00:p01:25,7.105427357601002e-15,2.0819571713347636e-16,data/manifests/phase1e/2019-07/daily/source_2019070700.json,d8ec41f17d4dd1b179c8c4da45a05d4d67784d7d97a57c3e21a34c6cc06ee22d
2019070700,2019-07,day1_24h,p02,PASS,,PASS,,1,5,0,,(GEFS:2019-07-07T00:00:00+00:00:p02:2 - GEFS:2019-07-07T00:00:00+00:00:p02:1) + GEFS:2019-07-07T00:00:00+00:00:p02:4 + GEFS:2019-07-07T00:00:00+00:00:p02:6 + GEFS:2019-07-07T00:00:00+00:00:p02:8 + GEFS:2019-07-07T00:00:00+00:00:p02:9,1.4210854715202004e-14,4.775901086980812e-16,data/manifests/phase1e/2019-07/daily/source_2019070700.json,d8ec41f17d4dd1b179c8c4da45a05d4d67784d7d97a57c3e21a34c6cc06ee22d
2019070700,2019-07,day2_24h,p02,PASS,,PASS,,1,5,0,,(GEFS:2019-07-07T00:00:00+00:00:p02:10 - GEFS:2019-07-07T00:00:00+00:00:p02:9) + GEFS:2019-07-07T00:00:00+00:00:p02:12 + GEFS:2019-07-07T00:00:00+00:00:p02:14 + GEFS:2019-07-07T00:00:00+00:00:p02:16 + GEFS:2019-07-07T00:00:00+00:00:p02:17,1.4210854715202004e-14,4.758792277355185e-16,data/manifests/phase1e/2019-07/daily/source_2019070700.json,d8ec41f17d4dd1b179c8c4da45a05d4d67784d7d97a57c3e21a34c6cc06ee22d
2019070700,2019-07,day3_24h,p02,FAIL,ValueError: materially negative reconstructed precipitation for 69--72,PASS,,1,5,0,,(GEFS:2019-07-07T00:00:00+00:00:p02:18 - GEFS:2019-07-07T00:00:00+00:00:p02:17) + GEFS:2019-07-07T00:00:00+00:00:p02:20 + GEFS:2019-07-07T00:00:00+00:00:p02:22 + GEFS:2019-07-07T00:00:00+00:00:p02:24 + GEFS:2019-07-07T00:00:00+00:00:p02:25,,,data/manifests/phase1e/2019-07/daily/source_2019070700.json,d8ec41f17d4dd1b179c8c4da45a05d4d67784d7d97a57c3e21a34c6cc06ee22d
2019070700,2019-07,day1_24h,p03,FAIL,ValueError: materially negative reconstructed precipitation for 9--12,PASS,,1,5,64,-0.04999999999999999,(GEFS:2019-07-07T00:00:00+00:00:p03:2 - GEFS:2019-07-07T00:00:00+00:00:p03:1) + GEFS:2019-07-07T00:00:00+00:00:p03:4 + GEFS:2019-07-07T00:00:00+00:00:p03:6 + GEFS:2019-07-07T00:00:00+00:00:p03:8 + GEFS:2019-07-07T00:00:00+00:00:p03:9,,,data/manifests/phase1e/2019-07/daily/source_2019070700.json,d8ec41f17d4dd1b179c8c4da45a05d4d67784d7d97a57c3e21a34c6cc06ee22d
2019070700,2019-07,day2_24h,p03,PASS,,PASS,,1,5,0,,(GEFS:2019-07-07T00:00:00+00:00:p03:10 - GEFS:2019-07-07T00:00:00+00:00:p03:9) + GEFS:2019-07-07T00:00:00+00:00:p03:12 + GEFS:2019-07-07T00:00:00+00:00:p03:14 + GEFS:2019-07-07T00:00:00+00:00:p03:16 + GEFS:2019-07-07T00:00:00+00:00:p03:17,1.4210854715202004e-14,2.757061551156808e-16,data/manifests/phase1e/2019-07/daily/source_2019070700.json,d8ec41f17d4dd1b179c8c4da45a05d4d67784d7d97a57c3e21a34c6cc06ee22d
2019070700,2019-07,day3_24h,p03,FAIL,ValueError: materially negative reconstructed precipitation for 69--72,PASS,,1,5,0,,(GEFS:2019-07-07T00:00:00+00:00:p03:18 - GEFS:2019-07-07T00:00:00+00:00:p03:17) + GEFS:2019-07-07T00:00:00+00:00:p03:20 + GEFS:2019-07-07T00:00:00+00:00:p03:22 + GEFS:2019-07-07T00:00:00+00:00:p03:24 + GEFS:2019-07-07T00:00:00+00:00:p03:25,,,data/manifests/phase1e/2019-07/daily/source_2019070700.json,d8ec41f17d4dd1b179c8c4da45a05d4d67784d7d97a57c3e21a34c6cc06ee22d
2019070700,2019-07,day1_24h,p04,FAIL,ValueError: materially negative reconstructed precipitation for 9--12,PASS,,1,5,21,-0.04999999999999999,(GEFS:2019-07-07T00:00:00+00:00:p04:2 - GEFS:2019-07-07T00:00:00+00:00:p04:1) + GEFS:2019-07-07T00:00:00+00:00:p04:4 + GEFS:2019-07-07T00:00:00+00:00:p04:6 + GEFS:2019-07-07T00:00:00+00:00:p04:8 + GEFS:2019-07-07T00:00:00+00:00:p04:9,,,data/manifests/phase1e/2019-07/daily/source_2019070700.json,d8ec41f17d4dd1b179c8c4da45a05d4d67784d7d97a57c3e21a34c6cc06ee22d
2019070700,2019-07,day2_24h,p04,FAIL,ValueError: materially negative reconstructed precipitation for 27--30,FAIL,ValueError: negative difference exceeds packing bound for 27--30,,,,,,,,data/manifests/phase1e/2019-07/daily/source_2019070700.json,d8ec41f17d4dd1b179c8c4da45a05d4d67784d7d97a57c3e21a34c6cc06ee22d
2019070700,2019-07,day3_24h,p04,FAIL,ValueError: materially negative reconstructed precipitation for 57--60,PASS,,1,5,0,,(GEFS:2019-07-07T00:00:00+00:00:p04:18 - GEFS:2019-07-07T00:00:00+00:00:p04:17) + GEFS:2019-07-07T00:00:00+00:00:p04:20 + GEFS:2019-07-07T00:00:00+00:00:p04:22 + GEFS:2019-07-07T00:00:00+00:00:p04:24 + GEFS:2019-07-07T00:00:00+00:00:p04:25,,,data/manifests/phase1e/2019-07/daily/source_2019070700.json,d8ec41f17d4dd1b179c8c4da45a05d4d67784d7d97a57c3e21a34c6cc06ee22d
2019070800,2019-07,day1_24h,c00,PASS,,PASS,,1,5,0,,(GEFS:2019-07-08T00:00:00+00:00:c00:2 - GEFS:2019-07-08T00:00:00+00:00:c00:1) + GEFS:2019-07-08T00:00:00+00:00:c00:4 + GEFS:2019-07-08T00:00:00+00:00:c00:6 + GEFS:2019-07-08T00:00:00+00:00:c00:8 + GEFS:2019-07-08T00:00:00+00:00:c00:9,0.04999999999999999,0.0006913785922536243,data/manifests/phase1e/2019-07/daily/source_2019070800.json,bf35a682eb0de11aa95fd42f65be7af19258cf1abd18b88e3d1b979746f889b7
2019070800,2019-07,day2_24h,c00,FAIL,ValueError: materially negative reconstructed precipitation for 39--42,PASS,,1,5,0,,(GEFS:2019-07-08T00:00:00+00:00:c00:10 - GEFS:2019-07-08T00:00:00+00:00:c00:9) + GEFS:2019-07-08T00:00:00+00:00:c00:12 + GEFS:2019-07-08T00:00:00+00:00:c00:14 + GEFS:2019-07-08T00:00:00+00:00:c00:16 + GEFS:2019-07-08T00:00:00+00:00:c00:17,,,data/manifests/phase1e/2019-07/daily/source_2019070800.json,bf35a682eb0de11aa95fd42f65be7af19258cf1abd18b88e3d1b979746f889b7
2019070800,2019-07,day3_24h,c00,FAIL,ValueError: materially negative reconstructed precipitation for 57--60,PASS,,1,5,33,-0.04000000000000001,(GEFS:2019-07-08T00:00:00+00:00:c00:18 - GEFS:2019-07-08T00:00:00+00:00:c00:17) + GEFS:2019-07-08T00:00:00+00:00:c00:20 + GEFS:2019-07-08T00:00:00+00:00:c00:22 + GEFS:2019-07-08T00:00:00+00:00:c00:24 + GEFS:2019-07-08T00:00:00+00:00:c00:25,,,data/manifests/phase1e/2019-07/daily/source_2019070800.json,bf35a682eb0de11aa95fd42f65be7af19258cf1abd18b88e3d1b979746f889b7
2019070800,2019-07,day1_24h,p01,PASS,,PASS,,1,5,45,-0.04999999999999999,(GEFS:2019-07-08T00:00:00+00:00:p01:2 - GEFS:2019-07-08T00:00:00+00:00:p01:1) + GEFS:2019-07-08T00:00:00+00:00:p01:4 + GEFS:2019-07-08T00:00:00+00:00:p01:6 + GEFS:2019-07-08T00:00:00+00:00:p01:8 + GEFS:2019-07-08T00:00:00+00:00:p01:9,1.4210854715202004e-14,3.968087832495119e-16,data/manifests/phase1e/2019-07/daily/source_2019070800.json,bf35a682eb0de11aa95fd42f65be7af19258cf1abd18b88e3d1b979746f889b7
2019070800,2019-07,day2_24h,p01,FAIL,ValueError: materially negative reconstructed precipitation for 45--48,PASS,,1,5,0,,(GEFS:2019-07-08T00:00:00+00:00:p01:10 - GEFS:2019-07-08T00:00:00+00:00:p01:9) + GEFS:2019-07-08T00:00:00+00:00:p01:12 + GEFS:2019-07-08T00:00:00+00:00:p01:14 + GEFS:2019-07-08T00:00:00+00:00:p01:16 + GEFS:2019-07-08T00:00:00+00:00:p01:17,,,data/manifests/phase1e/2019-07/daily/source_2019070800.json,bf35a682eb0de11aa95fd42f65be7af19258cf1abd18b88e3d1b979746f889b7
2019070800,2019-07,day3_24h,p01,FAIL,ValueError: materially negative reconstructed precipitation for 51--54,FAIL,ValueError: negative difference exceeds packing bound for 51--54,,,,,,,,data/manifests/phase1e/2019-07/daily/source_2019070800.json,bf35a682eb0de11aa95fd42f65be7af19258cf1abd18b88e3d1b979746f889b7
2019070800,2019-07,day1_24h,p02,PASS,,PASS,,1,5,0,,(GEFS:2019-07-08T00:00:00+00:00:p02:2 - GEFS:2019-07-08T00:00:00+00:00:p02:1) + GEFS:2019-07-08T00:00:00+00:00:p02:4 + GEFS:2019-07-08T00:00:00+00:00:p02:6 + GEFS:2019-07-08T00:00:00+00:00:p02:8 + GEFS:2019-07-08T00:00:00+00:00:p02:9,1.4210854715202004e-14,3.379914701581667e-16,data/manifests/phase1e/2019-07/daily/source_2019070800.json,bf35a682eb0de11aa95fd42f65be7af19258cf1abd18b88e3d1b979746f889b7
2019070800,2019-07,day2_24h,p02,PASS,,PASS,,1,5,0,,(GEFS:2019-07-08T00:00:00+00:00:p02:10 - GEFS:2019-07-08T00:00:00+00:00:p02:9) + GEFS:2019-07-08T00:00:00+00:00:p02:12 + GEFS:2019-07-08T00:00:00+00:00:p02:14 + GEFS:2019-07-08T00:00:00+00:00:p02:16 + GEFS:2019-07-08T00:00:00+00:00:p02:17,7.105427357601002e-15,4.175011948913177e-16,data/manifests/phase1e/2019-07/daily/source_2019070800.json,bf35a682eb0de11aa95fd42f65be7af19258cf1abd18b88e3d1b979746f889b7
2019070800,2019-07,day3_24h,p02,FAIL,ValueError: materially negative reconstructed precipitation for 51--54,FAIL,ValueError: negative difference exceeds packing bound for 51--54,,,,,,,,data/manifests/phase1e/2019-07/daily/source_2019070800.json,bf35a682eb0de11aa95fd42f65be7af19258cf1abd18b88e3d1b979746f889b7
2019070800,2019-07,day1_24h,p03,FAIL,ValueError: materially negative reconstructed precipitation for 15--18,PASS,,1,5,31,-0.04,(GEFS:2019-07-08T00:00:00+00:00:p03:2 - GEFS:2019-07-08T00:00:00+00:00:p03:1) + GEFS:2019-07-08T00:00:00+00:00:p03:4 + GEFS:2019-07-08T00:00:00+00:00:p03:6 + GEFS:2019-07-08T00:00:00+00:00:p03:8 + GEFS:2019-07-08T00:00:00+00:00:p03:9,,,data/manifests/phase1e/2019-07/daily/source_2019070800.json,bf35a682eb0de11aa95fd42f65be7af19258cf1abd18b88e3d1b979746f889b7
2019070800,2019-07,day2_24h,p03,FAIL,ValueError: materially negative reconstructed precipitation for 45--48,PASS,,1,5,0,,(GEFS:2019-07-08T00:00:00+00:00:p03:10 - GEFS:2019-07-08T00:00:00+00:00:p03:9) + GEFS:2019-07-08T00:00:00+00:00:p03:12 + GEFS:2019-07-08T00:00:00+00:00:p03:14 + GEFS:2019-07-08T00:00:00+00:00:p03:16 + GEFS:2019-07-08T00:00:00+00:00:p03:17,,,data/manifests/phase1e/2019-07/daily/source_2019070800.json,bf35a682eb0de11aa95fd42f65be7af19258cf1abd18b88e3d1b979746f889b7
2019070800,2019-07,day3_24h,p03,FAIL,ValueError: materially negative reconstructed precipitation for 57--60,PASS,,1,5,0,,(GEFS:2019-07-08T00:00:00+00:00:p03:18 - GEFS:2019-07-08T00:00:00+00:00:p03:17) + GEFS:2019-07-08T00:00:00+00:00:p03:20 + GEFS:2019-07-08T00:00:00+00:00:p03:22 + GEFS:2019-07-08T00:00:00+00:00:p03:24 + GEFS:2019-07-08T00:00:00+00:00:p03:25,,,data/manifests/phase1e/2019-07/daily/source_2019070800.json,bf35a682eb0de11aa95fd42f65be7af19258cf1abd18b88e3d1b979746f889b7
2019070800,2019-07,day1_24h,p04,PASS,,PASS,,1,5,28,-0.04000000000000001,(GEFS:2019-07-08T00:00:00+00:00:p04:2 - GEFS:2019-07-08T00:00:00+00:00:p04:1) + GEFS:2019-07-08T00:00:00+00:00:p04:4 + GEFS:2019-07-08T00:00:00+00:00:p04:6 + GEFS:2019-07-08T00:00:00+00:00:p04:8 + GEFS:2019-07-08T00:00:00+00:00:p04:9,2.842170943040401e-14,4.26541119977291e-16,data/manifests/phase1e/2019-07/daily/source_2019070800.json,bf35a682eb0de11aa95fd42f65be7af19258cf1abd18b88e3d1b979746f889b7
2019070800,2019-07,day2_24h,p04,PASS,,PASS,,1,5,0,,(GEFS:2019-07-08T00:00:00+00:00:p04:10 - GEFS:2019-07-08T00:00:00+00:00:p04:9) + GEFS:2019-07-08T00:00:00+00:00:p04:12 + GEFS:2019-07-08T00:00:00+00:00:p04:14 + GEFS:2019-07-08T00:00:00+00:00:p04:16 + GEFS:2019-07-08T00:00:00+00:00:p04:17,2.842170943040401e-14,3.9703998337958794e-16,data/manifests/phase1e/2019-07/daily/source_2019070800.json,bf35a682eb0de11aa95fd42f65be7af19258cf1abd18b88e3d1b979746f889b7
2019070800,2019-07,day3_24h,p04,FAIL,ValueError: materially negative reconstructed precipitation for 51--54,FAIL,ValueError: negative difference exceeds packing bound for 51--54,,,,,,,,data/manifests/phase1e/2019-07/daily/source_2019070800.json,bf35a682eb0de11aa95fd42f65be7af19258cf1abd18b88e3d1b979746f889b7
2019070900,2019-07,day1_24h,c00,FAIL,ValueError: materially negative reconstructed precipitation for 9--12,PASS,,1,5,0,,(GEFS:2019-07-09T00:00:00+00:00:c00:2 - GEFS:2019-07-09T00:00:00+00:00:c00:1) + GEFS:2019-07-09T00:00:00+00:00:c00:4 + GEFS:2019-07-09T00:00:00+00:00:c00:6 + GEFS:2019-07-09T00:00:00+00:00:c00:8 + GEFS:2019-07-09T00:00:00+00:00:c00:9,,,data/manifests/phase1e/2019-07/daily/source_2019070900.json,9784f2656757c93e2e3693621839ccb1b24bb54febdcb589259299a45bbbbb58
2019070900,2019-07,day2_24h,c00,FAIL,ValueError: materially negative reconstructed precipitation for 33--36,PASS,,1,5,58,-0.05,(GEFS:2019-07-09T00:00:00+00:00:c00:10 - GEFS:2019-07-09T00:00:00+00:00:c00:9) + GEFS:2019-07-09T00:00:00+00:00:c00:12 + GEFS:2019-07-09T00:00:00+00:00:c00:14 + GEFS:2019-07-09T00:00:00+00:00:c00:16 + GEFS:2019-07-09T00:00:00+00:00:c00:17,,,data/manifests/phase1e/2019-07/daily/source_2019070900.json,9784f2656757c93e2e3693621839ccb1b24bb54febdcb589259299a45bbbbb58
2019070900,2019-07,day3_24h,c00,FAIL,ValueError: materially negative reconstructed precipitation for 51--54,FAIL,ValueError: negative difference exceeds packing bound for 51--54,,,,,,,,data/manifests/phase1e/2019-07/daily/source_2019070900.json,9784f2656757c93e2e3693621839ccb1b24bb54febdcb589259299a45bbbbb58
2019070900,2019-07,day1_24h,p01,FAIL,ValueError: materially negative reconstructed precipitation for 15--18,PASS,,1,5,0,,(GEFS:2019-07-09T00:00:00+00:00:p01:2 - GEFS:2019-07-09T00:00:00+00:00:p01:1) + GEFS:2019-07-09T00:00:00+00:00:p01:4 + GEFS:2019-07-09T00:00:00+00:00:p01:6 + GEFS:2019-07-09T00:00:00+00:00:p01:8 + GEFS:2019-07-09T00:00:00+00:00:p01:9,,,data/manifests/phase1e/2019-07/daily/source_2019070900.json,9784f2656757c93e2e3693621839ccb1b24bb54febdcb589259299a45bbbbb58
2019070900,2019-07,day2_24h,p01,FAIL,ValueError: materially negative reconstructed precipitation for 27--30,FAIL,ValueError: negative difference exceeds packing bound for 27--30,,,,,,,,data/manifests/phase1e/2019-07/daily/source_2019070900.json,9784f2656757c93e2e3693621839ccb1b24bb54febdcb589259299a45bbbbb58
2019070900,2019-07,day3_24h,p01,FAIL,ValueError: materially negative reconstructed precipitation for 51--54,FAIL,ValueError: negative difference exceeds packing bound for 51--54,,,,,,,,data/manifests/phase1e/2019-07/daily/source_2019070900.json,9784f2656757c93e2e3693621839ccb1b24bb54febdcb589259299a45bbbbb58
2019070900,2019-07,day1_24h,p02,FAIL,ValueError: materially negative reconstructed precipitation for 15--18,PASS,,1,5,0,,(GEFS:2019-07-09T00:00:00+00:00:p02:2 - GEFS:2019-07-09T00:00:00+00:00:p02:1) + GEFS:2019-07-09T00:00:00+00:00:p02:4 + GEFS:2019-07-09T00:00:00+00:00:p02:6 + GEFS:2019-07-09T00:00:00+00:00:p02:8 + GEFS:2019-07-09T00:00:00+00:00:p02:9,,,data/manifests/phase1e/2019-07/daily/source_2019070900.json,9784f2656757c93e2e3693621839ccb1b24bb54febdcb589259299a45bbbbb58
2019070900,2019-07,day2_24h,p02,FAIL,ValueError: materially negative reconstructed precipitation for 45--48,PASS,,1,5,0,,(GEFS:2019-07-09T00:00:00+00:00:p02:10 - GEFS:2019-07-09T00:00:00+00:00:p02:9) + GEFS:2019-07-09T00:00:00+00:00:p02:12 + GEFS:2019-07-09T00:00:00+00:00:p02:14 + GEFS:2019-07-09T00:00:00+00:00:p02:16 + GEFS:2019-07-09T00:00:00+00:00:p02:17,,,data/manifests/phase1e/2019-07/daily/source_2019070900.json,9784f2656757c93e2e3693621839ccb1b24bb54febdcb589259299a45bbbbb58
2019070900,2019-07,day3_24h,p02,FAIL,ValueError: materially negative reconstructed precipitation for 51--54,FAIL,ValueError: negative difference exceeds packing bound for 51--54,,,,,,,,data/manifests/phase1e/2019-07/daily/source_2019070900.json,9784f2656757c93e2e3693621839ccb1b24bb54febdcb589259299a45bbbbb58
2019070900,2019-07,day1_24h,p03,FAIL,ValueError: materially negative reconstructed precipitation for 15--18,PASS,,1,5,0,,(GEFS:2019-07-09T00:00:00+00:00:p03:2 - GEFS:2019-07-09T00:00:00+00:00:p03:1) + GEFS:2019-07-09T00:00:00+00:00:p03:4 + GEFS:2019-07-09T00:00:00+00:00:p03:6 + GEFS:2019-07-09T00:00:00+00:00:p03:8 + GEFS:2019-07-09T00:00:00+00:00:p03:9,,,data/manifests/phase1e/2019-07/daily/source_2019070900.json,9784f2656757c93e2e3693621839ccb1b24bb54febdcb589259299a45bbbbb58
2019070900,2019-07,day2_24h,p03,FAIL,ValueError: materially negative reconstructed precipitation for 27--30,FAIL,ValueError: negative difference exceeds packing bound for 27--30,,,,,,,,data/manifests/phase1e/2019-07/daily/source_2019070900.json,9784f2656757c93e2e3693621839ccb1b24bb54febdcb589259299a45bbbbb58
2019070900,2019-07,day3_24h,p03,FAIL,ValueError: materially negative reconstructed precipitation for 51--54,FAIL,ValueError: negative difference exceeds packing bound for 51--54,,,,,,,,data/manifests/phase1e/2019-07/daily/source_2019070900.json,9784f2656757c93e2e3693621839ccb1b24bb54febdcb589259299a45bbbbb58
2019070900,2019-07,day1_24h,p04,PASS,,PASS,,1,5,0,,(GEFS:2019-07-09T00:00:00+00:00:p04:2 - GEFS:2019-07-09T00:00:00+00:00:p04:1) + GEFS:2019-07-09T00:00:00+00:00:p04:4 + GEFS:2019-07-09T00:00:00+00:00:p04:6 + GEFS:2019-07-09T00:00:00+00:00:p04:8 + GEFS:2019-07-09T00:00:00+00:00:p04:9,0.050000000000000266,0.0010787172011665746,data/manifests/phase1e/2019-07/daily/source_2019070900.json,9784f2656757c93e2e3693621839ccb1b24bb54febdcb589259299a45bbbbb58
2019070900,2019-07,day2_24h,p04,FAIL,ValueError: materially negative reconstructed precipitation for 27--30,FAIL,ValueError: negative difference exceeds packing bound for 27--30,,,,,,,,data/manifests/phase1e/2019-07/daily/source_2019070900.json,9784f2656757c93e2e3693621839ccb1b24bb54febdcb589259299a45bbbbb58
2019070900,2019-07,day3_24h,p04,FAIL,ValueError: materially negative reconstructed precipitation for 51--54,FAIL,ValueError: negative difference exceeds packing bound for 51--54,,,,,,,,data/manifests/phase1e/2019-07/daily/source_2019070900.json,9784f2656757c93e2e3693621839ccb1b24bb54febdcb589259299a45bbbbb58
2019071000,2019-07,day1_24h,c00,FAIL,ValueError: materially negative reconstructed precipitation for 15--18,PASS,,1,5,0,,(GEFS:2019-07-10T00:00:00+00:00:c00:2 - GEFS:2019-07-10T00:00:00+00:00:c00:1) + GEFS:2019-07-10T00:00:00+00:00:c00:4 + GEFS:2019-07-10T00:00:00+00:00:c00:6 + GEFS:2019-07-10T00:00:00+00:00:c00:8 + GEFS:2019-07-10T00:00:00+00:00:c00:9,,,data/manifests/phase1e/2019-07/daily/source_2019071000.json,bb1add68a5ccd025da8dbc28c74f1b4ef4897fff29d719feb87bcdb5db127b3b
2019071000,2019-07,day2_24h,c00,FAIL,ValueError: materially negative reconstructed precipitation for 27--30,FAIL,ValueError: negative difference exceeds packing bound for 27--30,,,,,,,,data/manifests/phase1e/2019-07/daily/source_2019071000.json,bb1add68a5ccd025da8dbc28c74f1b4ef4897fff29d719feb87bcdb5db127b3b
2019071000,2019-07,day3_24h,c00,FAIL,ValueError: materially negative reconstructed precipitation for 51--54,FAIL,ValueError: negative difference exceeds packing bound for 51--54,,,,,,,,data/manifests/phase1e/2019-07/daily/source_2019071000.json,bb1add68a5ccd025da8dbc28c74f1b4ef4897fff29d719feb87bcdb5db127b3b
2019071000,2019-07,day1_24h,p01,FAIL,ValueError: materially negative reconstructed precipitation for 21--24,PASS,,1,5,0,,(GEFS:2019-07-10T00:00:00+00:00:p01:2 - GEFS:2019-07-10T00:00:00+00:00:p01:1) + GEFS:2019-07-10T00:00:00+00:00:p01:4 + GEFS:2019-07-10T00:00:00+00:00:p01:6 + GEFS:2019-07-10T00:00:00+00:00:p01:8 + GEFS:2019-07-10T00:00:00+00:00:p01:9,,,data/manifests/phase1e/2019-07/daily/source_2019071000.json,bb1add68a5ccd025da8dbc28c74f1b4ef4897fff29d719feb87bcdb5db127b3b
2019071000,2019-07,day2_24h,p01,FAIL,ValueError: materially negative reconstructed precipitation for 27--30,FAIL,ValueError: negative difference exceeds packing bound for 27--30,,,,,,,,data/manifests/phase1e/2019-07/daily/source_2019071000.json,bb1add68a5ccd025da8dbc28c74f1b4ef4897fff29d719feb87bcdb5db127b3b
2019071000,2019-07,day3_24h,p01,FAIL,ValueError: materially negative reconstructed precipitation for 69--72,PASS,,1,5,0,,(GEFS:2019-07-10T00:00:00+00:00:p01:18 - GEFS:2019-07-10T00:00:00+00:00:p01:17) + GEFS:2019-07-10T00:00:00+00:00:p01:20 + GEFS:2019-07-10T00:00:00+00:00:p01:22 + GEFS:2019-07-10T00:00:00+00:00:p01:24 + GEFS:2019-07-10T00:00:00+00:00:p01:25,,,data/manifests/phase1e/2019-07/daily/source_2019071000.json,bb1add68a5ccd025da8dbc28c74f1b4ef4897fff29d719feb87bcdb5db127b3b
2019071000,2019-07,day1_24h,p02,FAIL,ValueError: materially negative reconstructed precipitation for 21--24,PASS,,1,5,10,-0.02,(GEFS:2019-07-10T00:00:00+00:00:p02:2 - GEFS:2019-07-10T00:00:00+00:00:p02:1) + GEFS:2019-07-10T00:00:00+00:00:p02:4 + GEFS:2019-07-10T00:00:00+00:00:p02:6 + GEFS:2019-07-10T00:00:00+00:00:p02:8 + GEFS:2019-07-10T00:00:00+00:00:p02:9,,,data/manifests/phase1e/2019-07/daily/source_2019071000.json,bb1add68a5ccd025da8dbc28c74f1b4ef4897fff29d719feb87bcdb5db127b3b
2019071000,2019-07,day2_24h,p02,FAIL,ValueError: materially negative reconstructed precipitation for 27--30,FAIL,ValueError: negative difference exceeds packing bound for 27--30,,,,,,,,data/manifests/phase1e/2019-07/daily/source_2019071000.json,bb1add68a5ccd025da8dbc28c74f1b4ef4897fff29d719feb87bcdb5db127b3b
2019071000,2019-07,day3_24h,p02,FAIL,ValueError: materially negative reconstructed precipitation for 57--60,PASS,,1,5,0,,(GEFS:2019-07-10T00:00:00+00:00:p02:18 - GEFS:2019-07-10T00:00:00+00:00:p02:17) + GEFS:2019-07-10T00:00:00+00:00:p02:20 + GEFS:2019-07-10T00:00:00+00:00:p02:22 + GEFS:2019-07-10T00:00:00+00:00:p02:24 + GEFS:2019-07-10T00:00:00+00:00:p02:25,,,data/manifests/phase1e/2019-07/daily/source_2019071000.json,bb1add68a5ccd025da8dbc28c74f1b4ef4897fff29d719feb87bcdb5db127b3b
2019071000,2019-07,day1_24h,p03,FAIL,ValueError: materially negative reconstructed precipitation for 9--12,PASS,,1,5,71,-0.04999999999999999,(GEFS:2019-07-10T00:00:00+00:00:p03:2 - GEFS:2019-07-10T00:00:00+00:00:p03:1) + GEFS:2019-07-10T00:00:00+00:00:p03:4 + GEFS:2019-07-10T00:00:00+00:00:p03:6 + GEFS:2019-07-10T00:00:00+00:00:p03:8 + GEFS:2019-07-10T00:00:00+00:00:p03:9,,,data/manifests/phase1e/2019-07/daily/source_2019071000.json,bb1add68a5ccd025da8dbc28c74f1b4ef4897fff29d719feb87bcdb5db127b3b
2019071000,2019-07,day2_24h,p03,FAIL,ValueError: materially negative reconstructed precipitation for 33--36,PASS,,1,5,0,,(GEFS:2019-07-10T00:00:00+00:00:p03:10 - GEFS:2019-07-10T00:00:00+00:00:p03:9) + GEFS:2019-07-10T00:00:00+00:00:p03:12 + GEFS:2019-07-10T00:00:00+00:00:p03:14 + GEFS:2019-07-10T00:00:00+00:00:p03:16 + GEFS:2019-07-10T00:00:00+00:00:p03:17,,,data/manifests/phase1e/2019-07/daily/source_2019071000.json,bb1add68a5ccd025da8dbc28c74f1b4ef4897fff29d719feb87bcdb5db127b3b
2019071000,2019-07,day3_24h,p03,FAIL,ValueError: materially negative reconstructed precipitation for 51--54,FAIL,ValueError: negative difference exceeds packing bound for 51--54,,,,,,,,data/manifests/phase1e/2019-07/daily/source_2019071000.json,bb1add68a5ccd025da8dbc28c74f1b4ef4897fff29d719feb87bcdb5db127b3b
2019071000,2019-07,day1_24h,p04,FAIL,ValueError: materially negative reconstructed precipitation for 15--18,PASS,,1,5,0,,(GEFS:2019-07-10T00:00:00+00:00:p04:2 - GEFS:2019-07-10T00:00:00+00:00:p04:1) + GEFS:2019-07-10T00:00:00+00:00:p04:4 + GEFS:2019-07-10T00:00:00+00:00:p04:6 + GEFS:2019-07-10T00:00:00+00:00:p04:8 + GEFS:2019-07-10T00:00:00+00:00:p04:9,,,data/manifests/phase1e/2019-07/daily/source_2019071000.json,bb1add68a5ccd025da8dbc28c74f1b4ef4897fff29d719feb87bcdb5db127b3b
2019071000,2019-07,day2_24h,p04,FAIL,ValueError: materially negative reconstructed precipitation for 39--42,PASS,,1,5,0,,(GEFS:2019-07-10T00:00:00+00:00:p04:10 - GEFS:2019-07-10T00:00:00+00:00:p04:9) + GEFS:2019-07-10T00:00:00+00:00:p04:12 + GEFS:2019-07-10T00:00:00+00:00:p04:14 + GEFS:2019-07-10T00:00:00+00:00:p04:16 + GEFS:2019-07-10T00:00:00+00:00:p04:17,,,data/manifests/phase1e/2019-07/daily/source_2019071000.json,bb1add68a5ccd025da8dbc28c74f1b4ef4897fff29d719feb87bcdb5db127b3b
2019071000,2019-07,day3_24h,p04,FAIL,ValueError: materially negative reconstructed precipitation for 57--60,PASS,,1,5,0,,(GEFS:2019-07-10T00:00:00+00:00:p04:18 - GEFS:2019-07-10T00:00:00+00:00:p04:17) + GEFS:2019-07-10T00:00:00+00:00:p04:20 + GEFS:2019-07-10T00:00:00+00:00:p04:22 + GEFS:2019-07-10T00:00:00+00:00:p04:24 + GEFS:2019-07-10T00:00:00+00:00:p04:25,,,data/manifests/phase1e/2019-07/daily/source_2019071000.json,bb1add68a5ccd025da8dbc28c74f1b4ef4897fff29d719feb87bcdb5db127b3b
2019071100,2019-07,day1_24h,c00,FAIL,ValueError: materially negative reconstructed precipitation for 9--12,PASS,,1,5,0,,(GEFS:2019-07-11T00:00:00+00:00:c00:2 - GEFS:2019-07-11T00:00:00+00:00:c00:1) + GEFS:2019-07-11T00:00:00+00:00:c00:4 + GEFS:2019-07-11T00:00:00+00:00:c00:6 + GEFS:2019-07-11T00:00:00+00:00:c00:8 + GEFS:2019-07-11T00:00:00+00:00:c00:9,,,data/manifests/phase1e/2019-07/daily/source_2019071100.json,8760f45884b87f2a58e62014703e0dfef631adc779794ffe74f4776565ef790e
2019071100,2019-07,day2_24h,c00,FAIL,ValueError: materially negative reconstructed precipitation for 27--30,FAIL,ValueError: negative difference exceeds packing bound for 27--30,,,,,,,,data/manifests/phase1e/2019-07/daily/source_2019071100.json,8760f45884b87f2a58e62014703e0dfef631adc779794ffe74f4776565ef790e
2019071100,2019-07,day3_24h,c00,PASS,,PASS,,1,5,0,,(GEFS:2019-07-11T00:00:00+00:00:c00:18 - GEFS:2019-07-11T00:00:00+00:00:c00:17) + GEFS:2019-07-11T00:00:00+00:00:c00:20 + GEFS:2019-07-11T00:00:00+00:00:c00:22 + GEFS:2019-07-11T00:00:00+00:00:c00:24 + GEFS:2019-07-11T00:00:00+00:00:c00:25,1.4210854715202004e-14,2.306452497638601e-16,data/manifests/phase1e/2019-07/daily/source_2019071100.json,8760f45884b87f2a58e62014703e0dfef631adc779794ffe74f4776565ef790e
2019071100,2019-07,day1_24h,p01,PASS,,PASS,,1,5,0,,(GEFS:2019-07-11T00:00:00+00:00:p01:2 - GEFS:2019-07-11T00:00:00+00:00:p01:1) + GEFS:2019-07-11T00:00:00+00:00:p01:4 + GEFS:2019-07-11T00:00:00+00:00:p01:6 + GEFS:2019-07-11T00:00:00+00:00:p01:8 + GEFS:2019-07-11T00:00:00+00:00:p01:9,1.4210854715202004e-14,2.4620501851797774e-16,data/manifests/phase1e/2019-07/daily/source_2019071100.json,8760f45884b87f2a58e62014703e0dfef631adc779794ffe74f4776565ef790e
2019071100,2019-07,day2_24h,p01,FAIL,ValueError: materially negative reconstructed precipitation for 27--30,FAIL,ValueError: negative difference exceeds packing bound for 27--30,,,,,,,,data/manifests/phase1e/2019-07/daily/source_2019071100.json,8760f45884b87f2a58e62014703e0dfef631adc779794ffe74f4776565ef790e
2019071100,2019-07,day3_24h,p01,PASS,,PASS,,1,5,0,,(GEFS:2019-07-11T00:00:00+00:00:p01:18 - GEFS:2019-07-11T00:00:00+00:00:p01:17) + GEFS:2019-07-11T00:00:00+00:00:p01:20 + GEFS:2019-07-11T00:00:00+00:00:p01:22 + GEFS:2019-07-11T00:00:00+00:00:p01:24 + GEFS:2019-07-11T00:00:00+00:00:p01:25,7.105427357601002e-15,1.6583985330354535e-16,data/manifests/phase1e/2019-07/daily/source_2019071100.json,8760f45884b87f2a58e62014703e0dfef631adc779794ffe74f4776565ef790e
2019071100,2019-07,day1_24h,p02,FAIL,ValueError: materially negative reconstructed precipitation for 21--24,PASS,,1,5,0,,(GEFS:2019-07-11T00:00:00+00:00:p02:2 - GEFS:2019-07-11T00:00:00+00:00:p02:1) + GEFS:2019-07-11T00:00:00+00:00:p02:4 + GEFS:2019-07-11T00:00:00+00:00:p02:6 + GEFS:2019-07-11T00:00:00+00:00:p02:8 + GEFS:2019-07-11T00:00:00+00:00:p02:9,,,data/manifests/phase1e/2019-07/daily/source_2019071100.json,8760f45884b87f2a58e62014703e0dfef631adc779794ffe74f4776565ef790e
2019071100,2019-07,day2_24h,p02,FAIL,ValueError: materially negative reconstructed precipitation for 27--30,FAIL,ValueError: negative difference exceeds packing bound for 27--30,,,,,,,,data/manifests/phase1e/2019-07/daily/source_2019071100.json,8760f45884b87f2a58e62014703e0dfef631adc779794ffe74f4776565ef790e
2019071100,2019-07,day3_24h,p02,FAIL,ValueError: materially negative reconstructed precipitation for 63--66,PASS,,1,5,0,,(GEFS:2019-07-11T00:00:00+00:00:p02:18 - GEFS:2019-07-11T00:00:00+00:00:p02:17) + GEFS:2019-07-11T00:00:00+00:00:p02:20 + GEFS:2019-07-11T00:00:00+00:00:p02:22 + GEFS:2019-07-11T00:00:00+00:00:p02:24 + GEFS:2019-07-11T00:00:00+00:00:p02:25,,,data/manifests/phase1e/2019-07/daily/source_2019071100.json,8760f45884b87f2a58e62014703e0dfef631adc779794ffe74f4776565ef790e
2019071100,2019-07,day1_24h,p03,PASS,,PASS,,1,5,0,,(GEFS:2019-07-11T00:00:00+00:00:p03:2 - GEFS:2019-07-11T00:00:00+00:00:p03:1) + GEFS:2019-07-11T00:00:00+00:00:p03:4 + GEFS:2019-07-11T00:00:00+00:00:p03:6 + GEFS:2019-07-11T00:00:00+00:00:p03:8 + GEFS:2019-07-11T00:00:00+00:00:p03:9,7.105427357601002e-15,1.4452320131053422e-16,data/manifests/phase1e/2019-07/daily/source_2019071100.json,8760f45884b87f2a58e62014703e0dfef631adc779794ffe74f4776565ef790e
2019071100,2019-07,day2_24h,p03,FAIL,ValueError: materially negative reconstructed precipitation for 45--48,PASS,,1,5,0,,(GEFS:2019-07-11T00:00:00+00:00:p03:10 - GEFS:2019-07-11T00:00:00+00:00:p03:9) + GEFS:2019-07-11T00:00:00+00:00:p03:12 + GEFS:2019-07-11T00:00:00+00:00:p03:14 + GEFS:2019-07-11T00:00:00+00:00:p03:16 + GEFS:2019-07-11T00:00:00+00:00:p03:17,,,data/manifests/phase1e/2019-07/daily/source_2019071100.json,8760f45884b87f2a58e62014703e0dfef631adc779794ffe74f4776565ef790e
2019071100,2019-07,day3_24h,p03,PASS,,PASS,,1,5,0,,(GEFS:2019-07-11T00:00:00+00:00:p03:18 - GEFS:2019-07-11T00:00:00+00:00:p03:17) + GEFS:2019-07-11T00:00:00+00:00:p03:20 + GEFS:2019-07-11T00:00:00+00:00:p03:22 + GEFS:2019-07-11T00:00:00+00:00:p03:24 + GEFS:2019-07-11T00:00:00+00:00:p03:25,7.105427357601002e-15,1.6570113322549972e-16,data/manifests/phase1e/2019-07/daily/source_2019071100.json,8760f45884b87f2a58e62014703e0dfef631adc779794ffe74f4776565ef790e
2019071100,2019-07,day1_24h,p04,FAIL,ValueError: materially negative reconstructed precipitation for 15--18,PASS,,1,5,41,-0.04999999999999999,(GEFS:2019-07-11T00:00:00+00:00:p04:2 - GEFS:2019-07-11T00:00:00+00:00:p04:1) + GEFS:2019-07-11T00:00:00+00:00:p04:4 + GEFS:2019-07-11T00:00:00+00:00:p04:6 + GEFS:2019-07-11T00:00:00+00:00:p04:8 + GEFS:2019-07-11T00:00:00+00:00:p04:9,,,data/manifests/phase1e/2019-07/daily/source_2019071100.json,8760f45884b87f2a58e62014703e0dfef631adc779794ffe74f4776565ef790e
2019071100,2019-07,day2_24h,p04,FAIL,ValueError: materially negative reconstructed precipitation for 33--36,PASS,,1,5,0,,(GEFS:2019-07-11T00:00:00+00:00:p04:10 - GEFS:2019-07-11T00:00:00+00:00:p04:9) + GEFS:2019-07-11T00:00:00+00:00:p04:12 + GEFS:2019-07-11T00:00:00+00:00:p04:14 + GEFS:2019-07-11T00:00:00+00:00:p04:16 + GEFS:2019-07-11T00:00:00+00:00:p04:17,,,data/manifests/phase1e/2019-07/daily/source_2019071100.json,8760f45884b87f2a58e62014703e0dfef631adc779794ffe74f4776565ef790e
2019071100,2019-07,day3_24h,p04,FAIL,ValueError: materially negative reconstructed precipitation for 63--66,PASS,,1,5,0,,(GEFS:2019-07-11T00:00:00+00:00:p04:18 - GEFS:2019-07-11T00:00:00+00:00:p04:17) + GEFS:2019-07-11T00:00:00+00:00:p04:20 + GEFS:2019-07-11T00:00:00+00:00:p04:22 + GEFS:2019-07-11T00:00:00+00:00:p04:24 + GEFS:2019-07-11T00:00:00+00:00:p04:25,,,data/manifests/phase1e/2019-07/daily/source_2019071100.json,8760f45884b87f2a58e62014703e0dfef631adc779794ffe74f4776565ef790e
2019071200,2019-07,day1_24h,c00,FAIL,ValueError: materially negative reconstructed precipitation for 9--12,PASS,,1,5,0,,(GEFS:2019-07-12T00:00:00+00:00:c00:2 - GEFS:2019-07-12T00:00:00+00:00:c00:1) + GEFS:2019-07-12T00:00:00+00:00:c00:4 + GEFS:2019-07-12T00:00:00+00:00:c00:6 + GEFS:2019-07-12T00:00:00+00:00:c00:8 + GEFS:2019-07-12T00:00:00+00:00:c00:9,,,data/manifests/phase1e/2019-07/daily/source_2019071200.json,1a7ae23a407b1f8077e98a2f84e38ece20460fd3eac1b2a03bef66a84b0c6e97
2019071200,2019-07,day2_24h,c00,FAIL,ValueError: materially negative reconstructed precipitation for 27--30,FAIL,ValueError: negative difference exceeds packing bound for 27--30,,,,,,,,data/manifests/phase1e/2019-07/daily/source_2019071200.json,1a7ae23a407b1f8077e98a2f84e38ece20460fd3eac1b2a03bef66a84b0c6e97
2019071200,2019-07,day3_24h,c00,FAIL,ValueError: materially negative reconstructed precipitation for 51--54,FAIL,ValueError: negative difference exceeds packing bound for 51--54,,,,,,,,data/manifests/phase1e/2019-07/daily/source_2019071200.json,1a7ae23a407b1f8077e98a2f84e38ece20460fd3eac1b2a03bef66a84b0c6e97
2019071200,2019-07,day1_24h,p01,FAIL,ValueError: materially negative reconstructed precipitation for 9--12,PASS,,1,5,0,,(GEFS:2019-07-12T00:00:00+00:00:p01:2 - GEFS:2019-07-12T00:00:00+00:00:p01:1) + GEFS:2019-07-12T00:00:00+00:00:p01:4 + GEFS:2019-07-12T00:00:00+00:00:p01:6 + GEFS:2019-07-12T00:00:00+00:00:p01:8 + GEFS:2019-07-12T00:00:00+00:00:p01:9,,,data/manifests/phase1e/2019-07/daily/source_2019071200.json,1a7ae23a407b1f8077e98a2f84e38ece20460fd3eac1b2a03bef66a84b0c6e97
2019071200,2019-07,day2_24h,p01,FAIL,ValueError: materially negative reconstructed precipitation for 33--36,PASS,,1,5,0,,(GEFS:2019-07-12T00:00:00+00:00:p01:10 - GEFS:2019-07-12T00:00:00+00:00:p01:9) + GEFS:2019-07-12T00:00:00+00:00:p01:12 + GEFS:2019-07-12T00:00:00+00:00:p01:14 + GEFS:2019-07-12T00:00:00+00:00:p01:16 + GEFS:2019-07-12T00:00:00+00:00:p01:17,,,data/manifests/phase1e/2019-07/daily/source_2019071200.json,1a7ae23a407b1f8077e98a2f84e38ece20460fd3eac1b2a03bef66a84b0c6e97
2019071200,2019-07,day3_24h,p01,FAIL,ValueError: materially negative reconstructed precipitation for 57--60,PASS,,1,5,0,,(GEFS:2019-07-12T00:00:00+00:00:p01:18 - GEFS:2019-07-12T00:00:00+00:00:p01:17) + GEFS:2019-07-12T00:00:00+00:00:p01:20 + GEFS:2019-07-12T00:00:00+00:00:p01:22 + GEFS:2019-07-12T00:00:00+00:00:p01:24 + GEFS:2019-07-12T00:00:00+00:00:p01:25,,,data/manifests/phase1e/2019-07/daily/source_2019071200.json,1a7ae23a407b1f8077e98a2f84e38ece20460fd3eac1b2a03bef66a84b0c6e97
2019071200,2019-07,day1_24h,p02,FAIL,ValueError: materially negative reconstructed precipitation for 9--12,PASS,,1,5,0,,(GEFS:2019-07-12T00:00:00+00:00:p02:2 - GEFS:2019-07-12T00:00:00+00:00:p02:1) + GEFS:2019-07-12T00:00:00+00:00:p02:4 + GEFS:2019-07-12T00:00:00+00:00:p02:6 + GEFS:2019-07-12T00:00:00+00:00:p02:8 + GEFS:2019-07-12T00:00:00+00:00:p02:9,,,data/manifests/phase1e/2019-07/daily/source_2019071200.json,1a7ae23a407b1f8077e98a2f84e38ece20460fd3eac1b2a03bef66a84b0c6e97
2019071200,2019-07,day2_24h,p02,FAIL,ValueError: materially negative reconstructed precipitation for 27--30,FAIL,ValueError: negative difference exceeds packing bound for 27--30,,,,,,,,data/manifests/phase1e/2019-07/daily/source_2019071200.json,1a7ae23a407b1f8077e98a2f84e38ece20460fd3eac1b2a03bef66a84b0c6e97
2019071200,2019-07,day3_24h,p02,PASS,,PASS,,1,5,0,,(GEFS:2019-07-12T00:00:00+00:00:p02:18 - GEFS:2019-07-12T00:00:00+00:00:p02:17) + GEFS:2019-07-12T00:00:00+00:00:p02:20 + GEFS:2019-07-12T00:00:00+00:00:p02:22 + GEFS:2019-07-12T00:00:00+00:00:p02:24 + GEFS:2019-07-12T00:00:00+00:00:p02:25,7.105427357601002e-15,2.286338086321985e-16,data/manifests/phase1e/2019-07/daily/source_2019071200.json,1a7ae23a407b1f8077e98a2f84e38ece20460fd3eac1b2a03bef66a84b0c6e97
2019071200,2019-07,day1_24h,p03,FAIL,ValueError: materially negative reconstructed precipitation for 15--18,PASS,,1,5,74,-0.040000000000000036,(GEFS:2019-07-12T00:00:00+00:00:p03:2 - GEFS:2019-07-12T00:00:00+00:00:p03:1) + GEFS:2019-07-12T00:00:00+00:00:p03:4 + GEFS:2019-07-12T00:00:00+00:00:p03:6 + GEFS:2019-07-12T00:00:00+00:00:p03:8 + GEFS:2019-07-12T00:00:00+00:00:p03:9,,,data/manifests/phase1e/2019-07/daily/source_2019071200.json,1a7ae23a407b1f8077e98a2f84e38ece20460fd3eac1b2a03bef66a84b0c6e97
2019071200,2019-07,day2_24h,p03,FAIL,ValueError: materially negative reconstructed precipitation for 33--36,PASS,,1,5,0,,(GEFS:2019-07-12T00:00:00+00:00:p03:10 - GEFS:2019-07-12T00:00:00+00:00:p03:9) + GEFS:2019-07-12T00:00:00+00:00:p03:12 + GEFS:2019-07-12T00:00:00+00:00:p03:14 + GEFS:2019-07-12T00:00:00+00:00:p03:16 + GEFS:2019-07-12T00:00:00+00:00:p03:17,,,data/manifests/phase1e/2019-07/daily/source_2019071200.json,1a7ae23a407b1f8077e98a2f84e38ece20460fd3eac1b2a03bef66a84b0c6e97
2019071200,2019-07,day3_24h,p03,FAIL,ValueError: materially negative reconstructed precipitation for 63--66,PASS,,1,5,0,,(GEFS:2019-07-12T00:00:00+00:00:p03:18 - GEFS:2019-07-12T00:00:00+00:00:p03:17) + GEFS:2019-07-12T00:00:00+00:00:p03:20 + GEFS:2019-07-12T00:00:00+00:00:p03:22 + GEFS:2019-07-12T00:00:00+00:00:p03:24 + GEFS:2019-07-12T00:00:00+00:00:p03:25,,,data/manifests/phase1e/2019-07/daily/source_2019071200.json,1a7ae23a407b1f8077e98a2f84e38ece20460fd3eac1b2a03bef66a84b0c6e97
2019071200,2019-07,day1_24h,p04,PASS,,PASS,,1,5,0,,(GEFS:2019-07-12T00:00:00+00:00:p04:2 - GEFS:2019-07-12T00:00:00+00:00:p04:1) + GEFS:2019-07-12T00:00:00+00:00:p04:4 + GEFS:2019-07-12T00:00:00+00:00:p04:6 + GEFS:2019-07-12T00:00:00+00:00:p04:8 + GEFS:2019-07-12T00:00:00+00:00:p04:9,1.4210854715202004e-14,3.065944924938401e-16,data/manifests/phase1e/2019-07/daily/source_2019071200.json,1a7ae23a407b1f8077e98a2f84e38ece20460fd3eac1b2a03bef66a84b0c6e97
2019071200,2019-07,day2_24h,p04,FAIL,ValueError: materially negative reconstructed precipitation for 33--36,PASS,,1,5,0,,(GEFS:2019-07-12T00:00:00+00:00:p04:10 - GEFS:2019-07-12T00:00:00+00:00:p04:9) + GEFS:2019-07-12T00:00:00+00:00:p04:12 + GEFS:2019-07-12T00:00:00+00:00:p04:14 + GEFS:2019-07-12T00:00:00+00:00:p04:16 + GEFS:2019-07-12T00:00:00+00:00:p04:17,,,data/manifests/phase1e/2019-07/daily/source_2019071200.json,1a7ae23a407b1f8077e98a2f84e38ece20460fd3eac1b2a03bef66a84b0c6e97
2019071200,2019-07,day3_24h,p04,FAIL,ValueError: materially negative reconstructed precipitation for 57--60,PASS,,1,5,0,,(GEFS:2019-07-12T00:00:00+00:00:p04:18 - GEFS:2019-07-12T00:00:00+00:00:p04:17) + GEFS:2019-07-12T00:00:00+00:00:p04:20 + GEFS:2019-07-12T00:00:00+00:00:p04:22 + GEFS:2019-07-12T00:00:00+00:00:p04:24 + GEFS:2019-07-12T00:00:00+00:00:p04:25,,,data/manifests/phase1e/2019-07/daily/source_2019071200.json,1a7ae23a407b1f8077e98a2f84e38ece20460fd3eac1b2a03bef66a84b0c6e97
2019071300,2019-07,day1_24h,c00,FAIL,ValueError: materially negative reconstructed precipitation for 21--24,PASS,,1,5,0,,(GEFS:2019-07-13T00:00:00+00:00:c00:2 - GEFS:2019-07-13T00:00:00+00:00:c00:1) + GEFS:2019-07-13T00:00:00+00:00:c00:4 + GEFS:2019-07-13T00:00:00+00:00:c00:6 + GEFS:2019-07-13T00:00:00+00:00:c00:8 + GEFS:2019-07-13T00:00:00+00:00:c00:9,,,data/manifests/phase1e/2019-07/daily/source_2019071300.json,aa71b3c08c1a5dbd2299d205b3a46d64c02644467a47a1838d30de114055351f
2019071300,2019-07,day2_24h,c00,FAIL,ValueError: materially negative reconstructed precipitation for 27--30,FAIL,ValueError: negative difference exceeds packing bound for 27--30,,,,,,,,data/manifests/phase1e/2019-07/daily/source_2019071300.json,aa71b3c08c1a5dbd2299d205b3a46d64c02644467a47a1838d30de114055351f
2019071300,2019-07,day3_24h,c00,FAIL,ValueError: materially negative reconstructed precipitation for 51--54,FAIL,ValueError: negative difference exceeds packing bound for 51--54,,,,,,,,data/manifests/phase1e/2019-07/daily/source_2019071300.json,aa71b3c08c1a5dbd2299d205b3a46d64c02644467a47a1838d30de114055351f
2019071300,2019-07,day1_24h,p01,FAIL,ValueError: materially negative reconstructed precipitation for 15--18,PASS,,1,5,87,-0.04999999999999999,(GEFS:2019-07-13T00:00:00+00:00:p01:2 - GEFS:2019-07-13T00:00:00+00:00:p01:1) + GEFS:2019-07-13T00:00:00+00:00:p01:4 + GEFS:2019-07-13T00:00:00+00:00:p01:6 + GEFS:2019-07-13T00:00:00+00:00:p01:8 + GEFS:2019-07-13T00:00:00+00:00:p01:9,,,data/manifests/phase1e/2019-07/daily/source_2019071300.json,aa71b3c08c1a5dbd2299d205b3a46d64c02644467a47a1838d30de114055351f
2019071300,2019-07,day2_24h,p01,FAIL,ValueError: materially negative reconstructed precipitation for 27--30,FAIL,ValueError: negative difference exceeds packing bound for 27--30,,,,,,,,data/manifests/phase1e/2019-07/daily/source_2019071300.json,aa71b3c08c1a5dbd2299d205b3a46d64c02644467a47a1838d30de114055351f
2019071300,2019-07,day3_24h,p01,FAIL,ValueError: materially negative reconstructed precipitation for 69--72,PASS,,1,5,0,,(GEFS:2019-07-13T00:00:00+00:00:p01:18 - GEFS:2019-07-13T00:00:00+00:00:p01:17) + GEFS:2019-07-13T00:00:00+00:00:p01:20 + GEFS:2019-07-13T00:00:00+00:00:p01:22 + GEFS:2019-07-13T00:00:00+00:00:p01:24 + GEFS:2019-07-13T00:00:00+00:00:p01:25,,,data/manifests/phase1e/2019-07/daily/source_2019071300.json,aa71b3c08c1a5dbd2299d205b3a46d64c02644467a47a1838d30de114055351f
2019071300,2019-07,day1_24h,p02,FAIL,ValueError: materially negative reconstructed precipitation for 9--12,PASS,,1,5,0,,(GEFS:2019-07-13T00:00:00+00:00:p02:2 - GEFS:2019-07-13T00:00:00+00:00:p02:1) + GEFS:2019-07-13T00:00:00+00:00:p02:4 + GEFS:2019-07-13T00:00:00+00:00:p02:6 + GEFS:2019-07-13T00:00:00+00:00:p02:8 + GEFS:2019-07-13T00:00:00+00:00:p02:9,,,data/manifests/phase1e/2019-07/daily/source_2019071300.json,aa71b3c08c1a5dbd2299d205b3a46d64c02644467a47a1838d30de114055351f
2019071300,2019-07,day2_24h,p02,FAIL,ValueError: materially negative reconstructed precipitation for 27--30,FAIL,ValueError: negative difference exceeds packing bound for 27--30,,,,,,,,data/manifests/phase1e/2019-07/daily/source_2019071300.json,aa71b3c08c1a5dbd2299d205b3a46d64c02644467a47a1838d30de114055351f
2019071300,2019-07,day3_24h,p02,FAIL,ValueError: materially negative reconstructed precipitation for 51--54,FAIL,ValueError: negative difference exceeds packing bound for 51--54,,,,,,,,data/manifests/phase1e/2019-07/daily/source_2019071300.json,aa71b3c08c1a5dbd2299d205b3a46d64c02644467a47a1838d30de114055351f
2019071300,2019-07,day1_24h,p03,FAIL,ValueError: materially negative reconstructed precipitation for 9--12,PASS,,1,5,0,,(GEFS:2019-07-13T00:00:00+00:00:p03:2 - GEFS:2019-07-13T00:00:00+00:00:p03:1) + GEFS:2019-07-13T00:00:00+00:00:p03:4 + GEFS:2019-07-13T00:00:00+00:00:p03:6 + GEFS:2019-07-13T00:00:00+00:00:p03:8 + GEFS:2019-07-13T00:00:00+00:00:p03:9,,,data/manifests/phase1e/2019-07/daily/source_2019071300.json,aa71b3c08c1a5dbd2299d205b3a46d64c02644467a47a1838d30de114055351f
2019071300,2019-07,day2_24h,p03,FAIL,ValueError: materially negative reconstructed precipitation for 27--30,FAIL,ValueError: negative difference exceeds packing bound for 27--30,,,,,,,,data/manifests/phase1e/2019-07/daily/source_2019071300.json,aa71b3c08c1a5dbd2299d205b3a46d64c02644467a47a1838d30de114055351f
2019071300,2019-07,day3_24h,p03,FAIL,ValueError: materially negative reconstructed precipitation for 51--54,FAIL,ValueError: negative difference exceeds packing bound for 51--54,,,,,,,,data/manifests/phase1e/2019-07/daily/source_2019071300.json,aa71b3c08c1a5dbd2299d205b3a46d64c02644467a47a1838d30de114055351f
2019071300,2019-07,day1_24h,p04,FAIL,ValueError: materially negative reconstructed precipitation for 9--12,PASS,,1,5,0,,(GEFS:2019-07-13T00:00:00+00:00:p04:2 - GEFS:2019-07-13T00:00:00+00:00:p04:1) + GEFS:2019-07-13T00:00:00+00:00:p04:4 + GEFS:2019-07-13T00:00:00+00:00:p04:6 + GEFS:2019-07-13T00:00:00+00:00:p04:8 + GEFS:2019-07-13T00:00:00+00:00:p04:9,,,data/manifests/phase1e/2019-07/daily/source_2019071300.json,aa71b3c08c1a5dbd2299d205b3a46d64c02644467a47a1838d30de114055351f
2019071300,2019-07,day2_24h,p04,FAIL,ValueError: materially negative reconstructed precipitation for 39--42,PASS,,1,5,0,,(GEFS:2019-07-13T00:00:00+00:00:p04:10 - GEFS:2019-07-13T00:00:00+00:00:p04:9) + GEFS:2019-07-13T00:00:00+00:00:p04:12 + GEFS:2019-07-13T00:00:00+00:00:p04:14 + GEFS:2019-07-13T00:00:00+00:00:p04:16 + GEFS:2019-07-13T00:00:00+00:00:p04:17,,,data/manifests/phase1e/2019-07/daily/source_2019071300.json,aa71b3c08c1a5dbd2299d205b3a46d64c02644467a47a1838d30de114055351f
2019071300,2019-07,day3_24h,p04,FAIL,ValueError: materially negative reconstructed precipitation for 51--54,FAIL,ValueError: negative difference exceeds packing bound for 51--54,,,,,,,,data/manifests/phase1e/2019-07/daily/source_2019071300.json,aa71b3c08c1a5dbd2299d205b3a46d64c02644467a47a1838d30de114055351f
2019071400,2019-07,day1_24h,c00,FAIL,ValueError: materially negative reconstructed precipitation for 9--12,PASS,,1,5,0,,(GEFS:2019-07-14T00:00:00+00:00:c00:2 - GEFS:2019-07-14T00:00:00+00:00:c00:1) + GEFS:2019-07-14T00:00:00+00:00:c00:4 + GEFS:2019-07-14T00:00:00+00:00:c00:6 + GEFS:2019-07-14T00:00:00+00:00:c00:8 + GEFS:2019-07-14T00:00:00+00:00:c00:9,,,data/manifests/phase1e/2019-07/daily/source_2019071400.json,d8aac097c993935b6bed5c2d45301ef2c4084f01915f21deda353e338e8af475
2019071400,2019-07,day2_24h,c00,FAIL,ValueError: materially negative reconstructed precipitation for 33--36,PASS,,1,5,0,,(GEFS:2019-07-14T00:00:00+00:00:c00:10 - GEFS:2019-07-14T00:00:00+00:00:c00:9) + GEFS:2019-07-14T00:00:00+00:00:c00:12 + GEFS:2019-07-14T00:00:00+00:00:c00:14 + GEFS:2019-07-14T00:00:00+00:00:c00:16 + GEFS:2019-07-14T00:00:00+00:00:c00:17,,,data/manifests/phase1e/2019-07/daily/source_2019071400.json,d8aac097c993935b6bed5c2d45301ef2c4084f01915f21deda353e338e8af475
2019071400,2019-07,day3_24h,c00,FAIL,ValueError: materially negative reconstructed precipitation for 57--60,PASS,,1,5,0,,(GEFS:2019-07-14T00:00:00+00:00:c00:18 - GEFS:2019-07-14T00:00:00+00:00:c00:17) + GEFS:2019-07-14T00:00:00+00:00:c00:20 + GEFS:2019-07-14T00:00:00+00:00:c00:22 + GEFS:2019-07-14T00:00:00+00:00:c00:24 + GEFS:2019-07-14T00:00:00+00:00:c00:25,,,data/manifests/phase1e/2019-07/daily/source_2019071400.json,d8aac097c993935b6bed5c2d45301ef2c4084f01915f21deda353e338e8af475
2019071400,2019-07,day1_24h,p01,FAIL,ValueError: materially negative reconstructed precipitation for 9--12,PASS,,1,5,49,-0.050000000000000044,(GEFS:2019-07-14T00:00:00+00:00:p01:2 - GEFS:2019-07-14T00:00:00+00:00:p01:1) + GEFS:2019-07-14T00:00:00+00:00:p01:4 + GEFS:2019-07-14T00:00:00+00:00:p01:6 + GEFS:2019-07-14T00:00:00+00:00:p01:8 + GEFS:2019-07-14T00:00:00+00:00:p01:9,,,data/manifests/phase1e/2019-07/daily/source_2019071400.json,d8aac097c993935b6bed5c2d45301ef2c4084f01915f21deda353e338e8af475
2019071400,2019-07,day2_24h,p01,FAIL,ValueError: materially negative reconstructed precipitation for 33--36,PASS,,1,5,0,,(GEFS:2019-07-14T00:00:00+00:00:p01:10 - GEFS:2019-07-14T00:00:00+00:00:p01:9) + GEFS:2019-07-14T00:00:00+00:00:p01:12 + GEFS:2019-07-14T00:00:00+00:00:p01:14 + GEFS:2019-07-14T00:00:00+00:00:p01:16 + GEFS:2019-07-14T00:00:00+00:00:p01:17,,,data/manifests/phase1e/2019-07/daily/source_2019071400.json,d8aac097c993935b6bed5c2d45301ef2c4084f01915f21deda353e338e8af475
2019071400,2019-07,day3_24h,p01,FAIL,ValueError: materially negative reconstructed precipitation for 63--66,PASS,,1,5,0,,(GEFS:2019-07-14T00:00:00+00:00:p01:18 - GEFS:2019-07-14T00:00:00+00:00:p01:17) + GEFS:2019-07-14T00:00:00+00:00:p01:20 + GEFS:2019-07-14T00:00:00+00:00:p01:22 + GEFS:2019-07-14T00:00:00+00:00:p01:24 + GEFS:2019-07-14T00:00:00+00:00:p01:25,,,data/manifests/phase1e/2019-07/daily/source_2019071400.json,d8aac097c993935b6bed5c2d45301ef2c4084f01915f21deda353e338e8af475
2019071400,2019-07,day1_24h,p02,PASS,,PASS,,1,5,0,,(GEFS:2019-07-14T00:00:00+00:00:p02:2 - GEFS:2019-07-14T00:00:00+00:00:p02:1) + GEFS:2019-07-14T00:00:00+00:00:p02:4 + GEFS:2019-07-14T00:00:00+00:00:p02:6 + GEFS:2019-07-14T00:00:00+00:00:p02:8 + GEFS:2019-07-14T00:00:00+00:00:p02:9,1.4210854715202004e-14,3.336246777013554e-16,data/manifests/phase1e/2019-07/daily/source_2019071400.json,d8aac097c993935b6bed5c2d45301ef2c4084f01915f21deda353e338e8af475
2019071400,2019-07,day2_24h,p02,FAIL,ValueError: materially negative reconstructed precipitation for 45--48,PASS,,1,5,0,,(GEFS:2019-07-14T00:00:00+00:00:p02:10 - GEFS:2019-07-14T00:00:00+00:00:p02:9) + GEFS:2019-07-14T00:00:00+00:00:p02:12 + GEFS:2019-07-14T00:00:00+00:00:p02:14 + GEFS:2019-07-14T00:00:00+00:00:p02:16 + GEFS:2019-07-14T00:00:00+00:00:p02:17,,,data/manifests/phase1e/2019-07/daily/source_2019071400.json,d8aac097c993935b6bed5c2d45301ef2c4084f01915f21deda353e338e8af475
2019071400,2019-07,day3_24h,p02,FAIL,ValueError: materially negative reconstructed precipitation for 63--66,PASS,,1,5,0,,(GEFS:2019-07-14T00:00:00+00:00:p02:18 - GEFS:2019-07-14T00:00:00+00:00:p02:17) + GEFS:2019-07-14T00:00:00+00:00:p02:20 + GEFS:2019-07-14T00:00:00+00:00:p02:22 + GEFS:2019-07-14T00:00:00+00:00:p02:24 + GEFS:2019-07-14T00:00:00+00:00:p02:25,,,data/manifests/phase1e/2019-07/daily/source_2019071400.json,d8aac097c993935b6bed5c2d45301ef2c4084f01915f21deda353e338e8af475
2019071400,2019-07,day1_24h,p03,FAIL,ValueError: materially negative reconstructed precipitation for 21--24,PASS,,1,5,72,-0.050000000000000044,(GEFS:2019-07-14T00:00:00+00:00:p03:2 - GEFS:2019-07-14T00:00:00+00:00:p03:1) + GEFS:2019-07-14T00:00:00+00:00:p03:4 + GEFS:2019-07-14T00:00:00+00:00:p03:6 + GEFS:2019-07-14T00:00:00+00:00:p03:8 + GEFS:2019-07-14T00:00:00+00:00:p03:9,,,data/manifests/phase1e/2019-07/daily/source_2019071400.json,d8aac097c993935b6bed5c2d45301ef2c4084f01915f21deda353e338e8af475
2019071400,2019-07,day2_24h,p03,FAIL,ValueError: materially negative reconstructed precipitation for 27--30,FAIL,ValueError: negative difference exceeds packing bound for 27--30,,,,,,,,data/manifests/phase1e/2019-07/daily/source_2019071400.json,d8aac097c993935b6bed5c2d45301ef2c4084f01915f21deda353e338e8af475
2019071400,2019-07,day3_24h,p03,FAIL,ValueError: materially negative reconstructed precipitation for 51--54,FAIL,ValueError: negative difference exceeds packing bound for 51--54,,,,,,,,data/manifests/phase1e/2019-07/daily/source_2019071400.json,d8aac097c993935b6bed5c2d45301ef2c4084f01915f21deda353e338e8af475
2019071400,2019-07,day1_24h,p04,FAIL,ValueError: materially negative reconstructed precipitation for 9--12,PASS,,1,5,31,-0.04999999999999999,(GEFS:2019-07-14T00:00:00+00:00:p04:2 - GEFS:2019-07-14T00:00:00+00:00:p04:1) + GEFS:2019-07-14T00:00:00+00:00:p04:4 + GEFS:2019-07-14T00:00:00+00:00:p04:6 + GEFS:2019-07-14T00:00:00+00:00:p04:8 + GEFS:2019-07-14T00:00:00+00:00:p04:9,,,data/manifests/phase1e/2019-07/daily/source_2019071400.json,d8aac097c993935b6bed5c2d45301ef2c4084f01915f21deda353e338e8af475
2019071400,2019-07,day2_24h,p04,FAIL,ValueError: materially negative reconstructed precipitation for 27--30,FAIL,ValueError: negative difference exceeds packing bound for 27--30,,,,,,,,data/manifests/phase1e/2019-07/daily/source_2019071400.json,d8aac097c993935b6bed5c2d45301ef2c4084f01915f21deda353e338e8af475
2019071400,2019-07,day3_24h,p04,FAIL,ValueError: materially negative reconstructed precipitation for 57--60,PASS,,1,5,0,,(GEFS:2019-07-14T00:00:00+00:00:p04:18 - GEFS:2019-07-14T00:00:00+00:00:p04:17) + GEFS:2019-07-14T00:00:00+00:00:p04:20 + GEFS:2019-07-14T00:00:00+00:00:p04:22 + GEFS:2019-07-14T00:00:00+00:00:p04:24 + GEFS:2019-07-14T00:00:00+00:00:p04:25,,,data/manifests/phase1e/2019-07/daily/source_2019071400.json,d8aac097c993935b6bed5c2d45301ef2c4084f01915f21deda353e338e8af475
2019071500,2019-07,day1_24h,c00,FAIL,ValueError: materially negative reconstructed precipitation for 15--18,PASS,,1,5,0,,(GEFS:2019-07-15T00:00:00+00:00:c00:2 - GEFS:2019-07-15T00:00:00+00:00:c00:1) + GEFS:2019-07-15T00:00:00+00:00:c00:4 + GEFS:2019-07-15T00:00:00+00:00:c00:6 + GEFS:2019-07-15T00:00:00+00:00:c00:8 + GEFS:2019-07-15T00:00:00+00:00:c00:9,,,data/manifests/phase1e/2019-07/daily/source_2019071500.json,efe35212ccba923f4bbe6d6fcf0a2c50f8ac32feb6b6e555b2dc1148fa89f413
2019071500,2019-07,day2_24h,c00,FAIL,ValueError: materially negative reconstructed precipitation for 27--30,FAIL,ValueError: negative difference exceeds packing bound for 27--30,,,,,,,,data/manifests/phase1e/2019-07/daily/source_2019071500.json,efe35212ccba923f4bbe6d6fcf0a2c50f8ac32feb6b6e555b2dc1148fa89f413
2019071500,2019-07,day3_24h,c00,PASS,,PASS,,1,5,0,,(GEFS:2019-07-15T00:00:00+00:00:c00:18 - GEFS:2019-07-15T00:00:00+00:00:c00:17) + GEFS:2019-07-15T00:00:00+00:00:c00:20 + GEFS:2019-07-15T00:00:00+00:00:c00:22 + GEFS:2019-07-15T00:00:00+00:00:c00:24 + GEFS:2019-07-15T00:00:00+00:00:c00:25,1.4210854715202004e-14,4.568745770432678e-16,data/manifests/phase1e/2019-07/daily/source_2019071500.json,efe35212ccba923f4bbe6d6fcf0a2c50f8ac32feb6b6e555b2dc1148fa89f413
2019071500,2019-07,day1_24h,p01,FAIL,ValueError: materially negative reconstructed precipitation for 15--18,PASS,,1,5,0,,(GEFS:2019-07-15T00:00:00+00:00:p01:2 - GEFS:2019-07-15T00:00:00+00:00:p01:1) + GEFS:2019-07-15T00:00:00+00:00:p01:4 + GEFS:2019-07-15T00:00:00+00:00:p01:6 + GEFS:2019-07-15T00:00:00+00:00:p01:8 + GEFS:2019-07-15T00:00:00+00:00:p01:9,,,data/manifests/phase1e/2019-07/daily/source_2019071500.json,efe35212ccba923f4bbe6d6fcf0a2c50f8ac32feb6b6e555b2dc1148fa89f413
2019071500,2019-07,day2_24h,p01,FAIL,ValueError: materially negative reconstructed precipitation for 39--42,PASS,,1,5,0,,(GEFS:2019-07-15T00:00:00+00:00:p01:10 - GEFS:2019-07-15T00:00:00+00:00:p01:9) + GEFS:2019-07-15T00:00:00+00:00:p01:12 + GEFS:2019-07-15T00:00:00+00:00:p01:14 + GEFS:2019-07-15T00:00:00+00:00:p01:16 + GEFS:2019-07-15T00:00:00+00:00:p01:17,,,data/manifests/phase1e/2019-07/daily/source_2019071500.json,efe35212ccba923f4bbe6d6fcf0a2c50f8ac32feb6b6e555b2dc1148fa89f413
2019071500,2019-07,day3_24h,p01,FAIL,ValueError: materially negative reconstructed precipitation for 51--54,FAIL,ValueError: negative difference exceeds packing bound for 51--54,,,,,,,,data/manifests/phase1e/2019-07/daily/source_2019071500.json,efe35212ccba923f4bbe6d6fcf0a2c50f8ac32feb6b6e555b2dc1148fa89f413
2019071500,2019-07,day1_24h,p02,FAIL,ValueError: materially negative reconstructed precipitation for 21--24,PASS,,1,5,0,,(GEFS:2019-07-15T00:00:00+00:00:p02:2 - GEFS:2019-07-15T00:00:00+00:00:p02:1) + GEFS:2019-07-15T00:00:00+00:00:p02:4 + GEFS:2019-07-15T00:00:00+00:00:p02:6 + GEFS:2019-07-15T00:00:00+00:00:p02:8 + GEFS:2019-07-15T00:00:00+00:00:p02:9,,,data/manifests/phase1e/2019-07/daily/source_2019071500.json,efe35212ccba923f4bbe6d6fcf0a2c50f8ac32feb6b6e555b2dc1148fa89f413
2019071500,2019-07,day2_24h,p02,PASS,,PASS,,1,5,0,,(GEFS:2019-07-15T00:00:00+00:00:p02:10 - GEFS:2019-07-15T00:00:00+00:00:p02:9) + GEFS:2019-07-15T00:00:00+00:00:p02:12 + GEFS:2019-07-15T00:00:00+00:00:p02:14 + GEFS:2019-07-15T00:00:00+00:00:p02:16 + GEFS:2019-07-15T00:00:00+00:00:p02:17,1.4210854715202004e-14,5.227203740889247e-16,data/manifests/phase1e/2019-07/daily/source_2019071500.json,efe35212ccba923f4bbe6d6fcf0a2c50f8ac32feb6b6e555b2dc1148fa89f413
2019071500,2019-07,day3_24h,p02,PASS,,PASS,,1,5,0,,(GEFS:2019-07-15T00:00:00+00:00:p02:18 - GEFS:2019-07-15T00:00:00+00:00:p02:17) + GEFS:2019-07-15T00:00:00+00:00:p02:20 + GEFS:2019-07-15T00:00:00+00:00:p02:22 + GEFS:2019-07-15T00:00:00+00:00:p02:24 + GEFS:2019-07-15T00:00:00+00:00:p02:25,1.4210854715202004e-14,6.499960456957862e-16,data/manifests/phase1e/2019-07/daily/source_2019071500.json,efe35212ccba923f4bbe6d6fcf0a2c50f8ac32feb6b6e555b2dc1148fa89f413
2019071500,2019-07,day1_24h,p03,FAIL,ValueError: materially negative reconstructed precipitation for 21--24,PASS,,1,5,0,,(GEFS:2019-07-15T00:00:00+00:00:p03:2 - GEFS:2019-07-15T00:00:00+00:00:p03:1) + GEFS:2019-07-15T00:00:00+00:00:p03:4 + GEFS:2019-07-15T00:00:00+00:00:p03:6 + GEFS:2019-07-15T00:00:00+00:00:p03:8 + GEFS:2019-07-15T00:00:00+00:00:p03:9,,,data/manifests/phase1e/2019-07/daily/source_2019071500.json,efe35212ccba923f4bbe6d6fcf0a2c50f8ac32feb6b6e555b2dc1148fa89f413
2019071500,2019-07,day2_24h,p03,PASS,,PASS,,1,5,0,,(GEFS:2019-07-15T00:00:00+00:00:p03:10 - GEFS:2019-07-15T00:00:00+00:00:p03:9) + GEFS:2019-07-15T00:00:00+00:00:p03:12 + GEFS:2019-07-15T00:00:00+00:00:p03:14 + GEFS:2019-07-15T00:00:00+00:00:p03:16 + GEFS:2019-07-15T00:00:00+00:00:p03:17,1.4210854715202004e-14,3.3930931089960013e-16,data/manifests/phase1e/2019-07/daily/source_2019071500.json,efe35212ccba923f4bbe6d6fcf0a2c50f8ac32feb6b6e555b2dc1148fa89f413
2019071500,2019-07,day3_24h,p03,PASS,,PASS,,1,5,0,,(GEFS:2019-07-15T00:00:00+00:00:p03:18 - GEFS:2019-07-15T00:00:00+00:00:p03:17) + GEFS:2019-07-15T00:00:00+00:00:p03:20 + GEFS:2019-07-15T00:00:00+00:00:p03:22 + GEFS:2019-07-15T00:00:00+00:00:p03:24 + GEFS:2019-07-15T00:00:00+00:00:p03:25,1.4210854715202004e-14,5.575391136783767e-16,data/manifests/phase1e/2019-07/daily/source_2019071500.json,efe35212ccba923f4bbe6d6fcf0a2c50f8ac32feb6b6e555b2dc1148fa89f413
2019071500,2019-07,day1_24h,p04,PASS,,PASS,,1,5,0,,(GEFS:2019-07-15T00:00:00+00:00:p04:2 - GEFS:2019-07-15T00:00:00+00:00:p04:1) + GEFS:2019-07-15T00:00:00+00:00:p04:4 + GEFS:2019-07-15T00:00:00+00:00:p04:6 + GEFS:2019-07-15T00:00:00+00:00:p04:8 + GEFS:2019-07-15T00:00:00+00:00:p04:9,7.105427357601002e-15,3.23657062093452e-16,data/manifests/phase1e/2019-07/daily/source_2019071500.json,efe35212ccba923f4bbe6d6fcf0a2c50f8ac32feb6b6e555b2dc1148fa89f413
2019071500,2019-07,day2_24h,p04,FAIL,ValueError: materially negative reconstructed precipitation for 27--30,FAIL,ValueError: negative difference exceeds packing bound for 27--30,,,,,,,,data/manifests/phase1e/2019-07/daily/source_2019071500.json,efe35212ccba923f4bbe6d6fcf0a2c50f8ac32feb6b6e555b2dc1148fa89f413
2019071500,2019-07,day3_24h,p04,FAIL,ValueError: materially negative reconstructed precipitation for 57--60,PASS,,1,5,0,,(GEFS:2019-07-15T00:00:00+00:00:p04:18 - GEFS:2019-07-15T00:00:00+00:00:p04:17) + GEFS:2019-07-15T00:00:00+00:00:p04:20 + GEFS:2019-07-15T00:00:00+00:00:p04:22 + GEFS:2019-07-15T00:00:00+00:00:p04:24 + GEFS:2019-07-15T00:00:00+00:00:p04:25,,,data/manifests/phase1e/2019-07/daily/source_2019071500.json,efe35212ccba923f4bbe6d6fcf0a2c50f8ac32feb6b6e555b2dc1148fa89f413
2019071600,2019-07,day1_24h,c00,FAIL,ValueError: materially negative reconstructed precipitation for 15--18,PASS,,1,5,0,,(GEFS:2019-07-16T00:00:00+00:00:c00:2 - GEFS:2019-07-16T00:00:00+00:00:c00:1) + GEFS:2019-07-16T00:00:00+00:00:c00:4 + GEFS:2019-07-16T00:00:00+00:00:c00:6 + GEFS:2019-07-16T00:00:00+00:00:c00:8 + GEFS:2019-07-16T00:00:00+00:00:c00:9,,,data/manifests/phase1e/2019-07/daily/source_2019071600.json,c91bbdbd828aa7ef9292b35afb823aa2620d13ab2c579c3dcd5af767de9c5d81
2019071600,2019-07,day2_24h,c00,FAIL,ValueError: materially negative reconstructed precipitation for 45--48,PASS,,1,5,0,,(GEFS:2019-07-16T00:00:00+00:00:c00:10 - GEFS:2019-07-16T00:00:00+00:00:c00:9) + GEFS:2019-07-16T00:00:00+00:00:c00:12 + GEFS:2019-07-16T00:00:00+00:00:c00:14 + GEFS:2019-07-16T00:00:00+00:00:c00:16 + GEFS:2019-07-16T00:00:00+00:00:c00:17,,,data/manifests/phase1e/2019-07/daily/source_2019071600.json,c91bbdbd828aa7ef9292b35afb823aa2620d13ab2c579c3dcd5af767de9c5d81
2019071600,2019-07,day3_24h,c00,FAIL,ValueError: materially negative reconstructed precipitation for 63--66,PASS,,1,5,0,,(GEFS:2019-07-16T00:00:00+00:00:c00:18 - GEFS:2019-07-16T00:00:00+00:00:c00:17) + GEFS:2019-07-16T00:00:00+00:00:c00:20 + GEFS:2019-07-16T00:00:00+00:00:c00:22 + GEFS:2019-07-16T00:00:00+00:00:c00:24 + GEFS:2019-07-16T00:00:00+00:00:c00:25,,,data/manifests/phase1e/2019-07/daily/source_2019071600.json,c91bbdbd828aa7ef9292b35afb823aa2620d13ab2c579c3dcd5af767de9c5d81
2019071600,2019-07,day1_24h,p01,FAIL,ValueError: materially negative reconstructed precipitation for 21--24,PASS,,1,5,94,-0.050000000000000044,(GEFS:2019-07-16T00:00:00+00:00:p01:2 - GEFS:2019-07-16T00:00:00+00:00:p01:1) + GEFS:2019-07-16T00:00:00+00:00:p01:4 + GEFS:2019-07-16T00:00:00+00:00:p01:6 + GEFS:2019-07-16T00:00:00+00:00:p01:8 + GEFS:2019-07-16T00:00:00+00:00:p01:9,,,data/manifests/phase1e/2019-07/daily/source_2019071600.json,c91bbdbd828aa7ef9292b35afb823aa2620d13ab2c579c3dcd5af767de9c5d81
2019071600,2019-07,day2_24h,p01,PASS,,PASS,,1,5,0,,(GEFS:2019-07-16T00:00:00+00:00:p01:10 - GEFS:2019-07-16T00:00:00+00:00:p01:9) + GEFS:2019-07-16T00:00:00+00:00:p01:12 + GEFS:2019-07-16T00:00:00+00:00:p01:14 + GEFS:2019-07-16T00:00:00+00:00:p01:16 + GEFS:2019-07-16T00:00:00+00:00:p01:17,1.4210854715202004e-14,3.0146184960615196e-16,data/manifests/phase1e/2019-07/daily/source_2019071600.json,c91bbdbd828aa7ef9292b35afb823aa2620d13ab2c579c3dcd5af767de9c5d81
2019071600,2019-07,day3_24h,p01,FAIL,ValueError: materially negative reconstructed precipitation for 51--54,FAIL,ValueError: negative difference exceeds packing bound for 51--54,,,,,,,,data/manifests/phase1e/2019-07/daily/source_2019071600.json,c91bbdbd828aa7ef9292b35afb823aa2620d13ab2c579c3dcd5af767de9c5d81
2019071600,2019-07,day1_24h,p02,PASS,,PASS,,1,5,0,,(GEFS:2019-07-16T00:00:00+00:00:p02:2 - GEFS:2019-07-16T00:00:00+00:00:p02:1) + GEFS:2019-07-16T00:00:00+00:00:p02:4 + GEFS:2019-07-16T00:00:00+00:00:p02:6 + GEFS:2019-07-16T00:00:00+00:00:p02:8 + GEFS:2019-07-16T00:00:00+00:00:p02:9,1.4210854715202004e-14,4.297432417788442e-16,data/manifests/phase1e/2019-07/daily/source_2019071600.json,c91bbdbd828aa7ef9292b35afb823aa2620d13ab2c579c3dcd5af767de9c5d81
2019071600,2019-07,day2_24h,p02,PASS,,PASS,,1,5,0,,(GEFS:2019-07-16T00:00:00+00:00:p02:10 - GEFS:2019-07-16T00:00:00+00:00:p02:9) + GEFS:2019-07-16T00:00:00+00:00:p02:12 + GEFS:2019-07-16T00:00:00+00:00:p02:14 + GEFS:2019-07-16T00:00:00+00:00:p02:16 + GEFS:2019-07-16T00:00:00+00:00:p02:17,1.4210854715202004e-14,4.93843477842427e-16,data/manifests/phase1e/2019-07/daily/source_2019071600.json,c91bbdbd828aa7ef9292b35afb823aa2620d13ab2c579c3dcd5af767de9c5d81
2019071600,2019-07,day3_24h,p02,FAIL,ValueError: materially negative reconstructed precipitation for 63--66,PASS,,1,5,0,,(GEFS:2019-07-16T00:00:00+00:00:p02:18 - GEFS:2019-07-16T00:00:00+00:00:p02:17) + GEFS:2019-07-16T00:00:00+00:00:p02:20 + GEFS:2019-07-16T00:00:00+00:00:p02:22 + GEFS:2019-07-16T00:00:00+00:00:p02:24 + GEFS:2019-07-16T00:00:00+00:00:p02:25,,,data/manifests/phase1e/2019-07/daily/source_2019071600.json,c91bbdbd828aa7ef9292b35afb823aa2620d13ab2c579c3dcd5af767de9c5d81
2019071600,2019-07,day1_24h,p03,PASS,,PASS,,1,5,80,-0.050000000000000044,(GEFS:2019-07-16T00:00:00+00:00:p03:2 - GEFS:2019-07-16T00:00:00+00:00:p03:1) + GEFS:2019-07-16T00:00:00+00:00:p03:4 + GEFS:2019-07-16T00:00:00+00:00:p03:6 + GEFS:2019-07-16T00:00:00+00:00:p03:8 + GEFS:2019-07-16T00:00:00+00:00:p03:9,2.842170943040401e-14,7.375284149425759e-16,data/manifests/phase1e/2019-07/daily/source_2019071600.json,c91bbdbd828aa7ef9292b35afb823aa2620d13ab2c579c3dcd5af767de9c5d81
2019071600,2019-07,day2_24h,p03,FAIL,ValueError: materially negative reconstructed precipitation for 45--48,PASS,,1,5,0,,(GEFS:2019-07-16T00:00:00+00:00:p03:10 - GEFS:2019-07-16T00:00:00+00:00:p03:9) + GEFS:2019-07-16T00:00:00+00:00:p03:12 + GEFS:2019-07-16T00:00:00+00:00:p03:14 + GEFS:2019-07-16T00:00:00+00:00:p03:16 + GEFS:2019-07-16T00:00:00+00:00:p03:17,,,data/manifests/phase1e/2019-07/daily/source_2019071600.json,c91bbdbd828aa7ef9292b35afb823aa2620d13ab2c579c3dcd5af767de9c5d81
2019071600,2019-07,day3_24h,p03,PASS,,PASS,,1,5,0,,(GEFS:2019-07-16T00:00:00+00:00:p03:18 - GEFS:2019-07-16T00:00:00+00:00:p03:17) + GEFS:2019-07-16T00:00:00+00:00:p03:20 + GEFS:2019-07-16T00:00:00+00:00:p03:22 + GEFS:2019-07-16T00:00:00+00:00:p03:24 + GEFS:2019-07-16T00:00:00+00:00:p03:25,2.842170943040401e-14,7.701276332832978e-16,data/manifests/phase1e/2019-07/daily/source_2019071600.json,c91bbdbd828aa7ef9292b35afb823aa2620d13ab2c579c3dcd5af767de9c5d81
2019071600,2019-07,day1_24h,p04,FAIL,ValueError: materially negative reconstructed precipitation for 15--18,PASS,,1,5,70,-0.050000000000000044,(GEFS:2019-07-16T00:00:00+00:00:p04:2 - GEFS:2019-07-16T00:00:00+00:00:p04:1) + GEFS:2019-07-16T00:00:00+00:00:p04:4 + GEFS:2019-07-16T00:00:00+00:00:p04:6 + GEFS:2019-07-16T00:00:00+00:00:p04:8 + GEFS:2019-07-16T00:00:00+00:00:p04:9,,,data/manifests/phase1e/2019-07/daily/source_2019071600.json,c91bbdbd828aa7ef9292b35afb823aa2620d13ab2c579c3dcd5af767de9c5d81
2019071600,2019-07,day2_24h,p04,PASS,,PASS,,1,5,0,,(GEFS:2019-07-16T00:00:00+00:00:p04:10 - GEFS:2019-07-16T00:00:00+00:00:p04:9) + GEFS:2019-07-16T00:00:00+00:00:p04:12 + GEFS:2019-07-16T00:00:00+00:00:p04:14 + GEFS:2019-07-16T00:00:00+00:00:p04:16 + GEFS:2019-07-16T00:00:00+00:00:p04:17,7.105427357601002e-15,3.485804361156494e-16,data/manifests/phase1e/2019-07/daily/source_2019071600.json,c91bbdbd828aa7ef9292b35afb823aa2620d13ab2c579c3dcd5af767de9c5d81
2019071600,2019-07,day3_24h,p04,FAIL,ValueError: materially negative reconstructed precipitation for 63--66,PASS,,1,5,0,,(GEFS:2019-07-16T00:00:00+00:00:p04:18 - GEFS:2019-07-16T00:00:00+00:00:p04:17) + GEFS:2019-07-16T00:00:00+00:00:p04:20 + GEFS:2019-07-16T00:00:00+00:00:p04:22 + GEFS:2019-07-16T00:00:00+00:00:p04:24 + GEFS:2019-07-16T00:00:00+00:00:p04:25,,,data/manifests/phase1e/2019-07/daily/source_2019071600.json,c91bbdbd828aa7ef9292b35afb823aa2620d13ab2c579c3dcd5af767de9c5d81
2019071700,2019-07,day1_24h,c00,FAIL,ValueError: materially negative reconstructed precipitation for 15--18,PASS,,1,5,0,,(GEFS:2019-07-17T00:00:00+00:00:c00:2 - GEFS:2019-07-17T00:00:00+00:00:c00:1) + GEFS:2019-07-17T00:00:00+00:00:c00:4 + GEFS:2019-07-17T00:00:00+00:00:c00:6 + GEFS:2019-07-17T00:00:00+00:00:c00:8 + GEFS:2019-07-17T00:00:00+00:00:c00:9,,,data/manifests/phase1e/2019-07/daily/source_2019071700.json,b5ef3dfa0b216cc85c142afdf7f5984d6d6fed718d163c33eb84f31b3a275a3b
2019071700,2019-07,day2_24h,c00,FAIL,ValueError: materially negative reconstructed precipitation for 33--36,PASS,,1,5,0,,(GEFS:2019-07-17T00:00:00+00:00:c00:10 - GEFS:2019-07-17T00:00:00+00:00:c00:9) + GEFS:2019-07-17T00:00:00+00:00:c00:12 + GEFS:2019-07-17T00:00:00+00:00:c00:14 + GEFS:2019-07-17T00:00:00+00:00:c00:16 + GEFS:2019-07-17T00:00:00+00:00:c00:17,,,data/manifests/phase1e/2019-07/daily/source_2019071700.json,b5ef3dfa0b216cc85c142afdf7f5984d6d6fed718d163c33eb84f31b3a275a3b
2019071700,2019-07,day3_24h,c00,FAIL,ValueError: materially negative reconstructed precipitation for 57--60,PASS,,1,5,0,,(GEFS:2019-07-17T00:00:00+00:00:c00:18 - GEFS:2019-07-17T00:00:00+00:00:c00:17) + GEFS:2019-07-17T00:00:00+00:00:c00:20 + GEFS:2019-07-17T00:00:00+00:00:c00:22 + GEFS:2019-07-17T00:00:00+00:00:c00:24 + GEFS:2019-07-17T00:00:00+00:00:c00:25,,,data/manifests/phase1e/2019-07/daily/source_2019071700.json,b5ef3dfa0b216cc85c142afdf7f5984d6d6fed718d163c33eb84f31b3a275a3b
2019071700,2019-07,day1_24h,p01,FAIL,ValueError: materially negative reconstructed precipitation for 21--24,PASS,,1,5,0,,(GEFS:2019-07-17T00:00:00+00:00:p01:2 - GEFS:2019-07-17T00:00:00+00:00:p01:1) + GEFS:2019-07-17T00:00:00+00:00:p01:4 + GEFS:2019-07-17T00:00:00+00:00:p01:6 + GEFS:2019-07-17T00:00:00+00:00:p01:8 + GEFS:2019-07-17T00:00:00+00:00:p01:9,,,data/manifests/phase1e/2019-07/daily/source_2019071700.json,b5ef3dfa0b216cc85c142afdf7f5984d6d6fed718d163c33eb84f31b3a275a3b
2019071700,2019-07,day2_24h,p01,FAIL,ValueError: materially negative reconstructed precipitation for 39--42,PASS,,1,5,0,,(GEFS:2019-07-17T00:00:00+00:00:p01:10 - GEFS:2019-07-17T00:00:00+00:00:p01:9) + GEFS:2019-07-17T00:00:00+00:00:p01:12 + GEFS:2019-07-17T00:00:00+00:00:p01:14 + GEFS:2019-07-17T00:00:00+00:00:p01:16 + GEFS:2019-07-17T00:00:00+00:00:p01:17,,,data/manifests/phase1e/2019-07/daily/source_2019071700.json,b5ef3dfa0b216cc85c142afdf7f5984d6d6fed718d163c33eb84f31b3a275a3b
2019071700,2019-07,day3_24h,p01,PASS,,PASS,,1,5,0,,(GEFS:2019-07-17T00:00:00+00:00:p01:18 - GEFS:2019-07-17T00:00:00+00:00:p01:17) + GEFS:2019-07-17T00:00:00+00:00:p01:20 + GEFS:2019-07-17T00:00:00+00:00:p01:22 + GEFS:2019-07-17T00:00:00+00:00:p01:24 + GEFS:2019-07-17T00:00:00+00:00:p01:25,2.842170943040401e-14,7.587525868835566e-16,data/manifests/phase1e/2019-07/daily/source_2019071700.json,b5ef3dfa0b216cc85c142afdf7f5984d6d6fed718d163c33eb84f31b3a275a3b
2019071700,2019-07,day1_24h,p02,FAIL,ValueError: materially negative reconstructed precipitation for 15--18,PASS,,1,5,0,,(GEFS:2019-07-17T00:00:00+00:00:p02:2 - GEFS:2019-07-17T00:00:00+00:00:p02:1) + GEFS:2019-07-17T00:00:00+00:00:p02:4 + GEFS:2019-07-17T00:00:00+00:00:p02:6 + GEFS:2019-07-17T00:00:00+00:00:p02:8 + GEFS:2019-07-17T00:00:00+00:00:p02:9,,,data/manifests/phase1e/2019-07/daily/source_2019071700.json,b5ef3dfa0b216cc85c142afdf7f5984d6d6fed718d163c33eb84f31b3a275a3b
2019071700,2019-07,day2_24h,p02,FAIL,ValueError: materially negative reconstructed precipitation for 33--36,PASS,,1,5,0,,(GEFS:2019-07-17T00:00:00+00:00:p02:10 - GEFS:2019-07-17T00:00:00+00:00:p02:9) + GEFS:2019-07-17T00:00:00+00:00:p02:12 + GEFS:2019-07-17T00:00:00+00:00:p02:14 + GEFS:2019-07-17T00:00:00+00:00:p02:16 + GEFS:2019-07-17T00:00:00+00:00:p02:17,,,data/manifests/phase1e/2019-07/daily/source_2019071700.json,b5ef3dfa0b216cc85c142afdf7f5984d6d6fed718d163c33eb84f31b3a275a3b
2019071700,2019-07,day3_24h,p02,FAIL,ValueError: materially negative reconstructed precipitation for 57--60,PASS,,1,5,0,,(GEFS:2019-07-17T00:00:00+00:00:p02:18 - GEFS:2019-07-17T00:00:00+00:00:p02:17) + GEFS:2019-07-17T00:00:00+00:00:p02:20 + GEFS:2019-07-17T00:00:00+00:00:p02:22 + GEFS:2019-07-17T00:00:00+00:00:p02:24 + GEFS:2019-07-17T00:00:00+00:00:p02:25,,,data/manifests/phase1e/2019-07/daily/source_2019071700.json,b5ef3dfa0b216cc85c142afdf7f5984d6d6fed718d163c33eb84f31b3a275a3b
2019071700,2019-07,day1_24h,p03,PASS,,PASS,,1,5,0,,(GEFS:2019-07-17T00:00:00+00:00:p03:2 - GEFS:2019-07-17T00:00:00+00:00:p03:1) + GEFS:2019-07-17T00:00:00+00:00:p03:4 + GEFS:2019-07-17T00:00:00+00:00:p03:6 + GEFS:2019-07-17T00:00:00+00:00:p03:8 + GEFS:2019-07-17T00:00:00+00:00:p03:9,1.4210854715202004e-14,4.1648391431898314e-16,data/manifests/phase1e/2019-07/daily/source_2019071700.json,b5ef3dfa0b216cc85c142afdf7f5984d6d6fed718d163c33eb84f31b3a275a3b
2019071700,2019-07,day2_24h,p03,FAIL,ValueError: materially negative reconstructed precipitation for 39--42,PASS,,1,5,0,,(GEFS:2019-07-17T00:00:00+00:00:p03:10 - GEFS:2019-07-17T00:00:00+00:00:p03:9) + GEFS:2019-07-17T00:00:00+00:00:p03:12 + GEFS:2019-07-17T00:00:00+00:00:p03:14 + GEFS:2019-07-17T00:00:00+00:00:p03:16 + GEFS:2019-07-17T00:00:00+00:00:p03:17,,,data/manifests/phase1e/2019-07/daily/source_2019071700.json,b5ef3dfa0b216cc85c142afdf7f5984d6d6fed718d163c33eb84f31b3a275a3b
2019071700,2019-07,day3_24h,p03,PASS,,PASS,,1,5,0,,(GEFS:2019-07-17T00:00:00+00:00:p03:18 - GEFS:2019-07-17T00:00:00+00:00:p03:17) + GEFS:2019-07-17T00:00:00+00:00:p03:20 + GEFS:2019-07-17T00:00:00+00:00:p03:22 + GEFS:2019-07-17T00:00:00+00:00:p03:24 + GEFS:2019-07-17T00:00:00+00:00:p03:25,2.842170943040401e-14,8.470247965465896e-16,data/manifests/phase1e/2019-07/daily/source_2019071700.json,b5ef3dfa0b216cc85c142afdf7f5984d6d6fed718d163c33eb84f31b3a275a3b
2019071700,2019-07,day1_24h,p04,PASS,,PASS,,1,5,0,,(GEFS:2019-07-17T00:00:00+00:00:p04:2 - GEFS:2019-07-17T00:00:00+00:00:p04:1) + GEFS:2019-07-17T00:00:00+00:00:p04:4 + GEFS:2019-07-17T00:00:00+00:00:p04:6 + GEFS:2019-07-17T00:00:00+00:00:p04:8 + GEFS:2019-07-17T00:00:00+00:00:p04:9,1.4210854715202004e-14,5.604753553303424e-16,data/manifests/phase1e/2019-07/daily/source_2019071700.json,b5ef3dfa0b216cc85c142afdf7f5984d6d6fed718d163c33eb84f31b3a275a3b
2019071700,2019-07,day2_24h,p04,PASS,,PASS,,1,5,0,,(GEFS:2019-07-17T00:00:00+00:00:p04:10 - GEFS:2019-07-17T00:00:00+00:00:p04:9) + GEFS:2019-07-17T00:00:00+00:00:p04:12 + GEFS:2019-07-17T00:00:00+00:00:p04:14 + GEFS:2019-07-17T00:00:00+00:00:p04:16 + GEFS:2019-07-17T00:00:00+00:00:p04:17,2.842170943040401e-14,5.08154765894134e-16,data/manifests/phase1e/2019-07/daily/source_2019071700.json,b5ef3dfa0b216cc85c142afdf7f5984d6d6fed718d163c33eb84f31b3a275a3b
2019071700,2019-07,day3_24h,p04,PASS,,PASS,,1,5,0,,(GEFS:2019-07-17T00:00:00+00:00:p04:18 - GEFS:2019-07-17T00:00:00+00:00:p04:17) + GEFS:2019-07-17T00:00:00+00:00:p04:20 + GEFS:2019-07-17T00:00:00+00:00:p04:22 + GEFS:2019-07-17T00:00:00+00:00:p04:24 + GEFS:2019-07-17T00:00:00+00:00:p04:25,2.842170943040401e-14,6.356385176180639e-16,data/manifests/phase1e/2019-07/daily/source_2019071700.json,b5ef3dfa0b216cc85c142afdf7f5984d6d6fed718d163c33eb84f31b3a275a3b
2019071800,2019-07,day1_24h,c00,FAIL,ValueError: materially negative reconstructed precipitation for 9--12,PASS,,1,5,0,,(GEFS:2019-07-18T00:00:00+00:00:c00:2 - GEFS:2019-07-18T00:00:00+00:00:c00:1) + GEFS:2019-07-18T00:00:00+00:00:c00:4 + GEFS:2019-07-18T00:00:00+00:00:c00:6 + GEFS:2019-07-18T00:00:00+00:00:c00:8 + GEFS:2019-07-18T00:00:00+00:00:c00:9,,,data/manifests/phase1e/2019-07/daily/source_2019071800.json,822a76eba62fb9b137916eb5e3871223da00c007d3f4bbcbac3d0030ff79fc2b
2019071800,2019-07,day2_24h,c00,FAIL,ValueError: materially negative reconstructed precipitation for 27--30,FAIL,ValueError: negative difference exceeds packing bound for 27--30,,,,,,,,data/manifests/phase1e/2019-07/daily/source_2019071800.json,822a76eba62fb9b137916eb5e3871223da00c007d3f4bbcbac3d0030ff79fc2b
2019071800,2019-07,day3_24h,c00,FAIL,ValueError: materially negative reconstructed precipitation for 51--54,FAIL,ValueError: negative difference exceeds packing bound for 51--54,,,,,,,,data/manifests/phase1e/2019-07/daily/source_2019071800.json,822a76eba62fb9b137916eb5e3871223da00c007d3f4bbcbac3d0030ff79fc2b
2019071800,2019-07,day1_24h,p01,FAIL,ValueError: materially negative reconstructed precipitation for 15--18,PASS,,1,5,0,,(GEFS:2019-07-18T00:00:00+00:00:p01:2 - GEFS:2019-07-18T00:00:00+00:00:p01:1) + GEFS:2019-07-18T00:00:00+00:00:p01:4 + GEFS:2019-07-18T00:00:00+00:00:p01:6 + GEFS:2019-07-18T00:00:00+00:00:p01:8 + GEFS:2019-07-18T00:00:00+00:00:p01:9,,,data/manifests/phase1e/2019-07/daily/source_2019071800.json,822a76eba62fb9b137916eb5e3871223da00c007d3f4bbcbac3d0030ff79fc2b
2019071800,2019-07,day2_24h,p01,PASS,,PASS,,1,5,0,,(GEFS:2019-07-18T00:00:00+00:00:p01:10 - GEFS:2019-07-18T00:00:00+00:00:p01:9) + GEFS:2019-07-18T00:00:00+00:00:p01:12 + GEFS:2019-07-18T00:00:00+00:00:p01:14 + GEFS:2019-07-18T00:00:00+00:00:p01:16 + GEFS:2019-07-18T00:00:00+00:00:p01:17,2.842170943040401e-14,4.158365539547702e-16,data/manifests/phase1e/2019-07/daily/source_2019071800.json,822a76eba62fb9b137916eb5e3871223da00c007d3f4bbcbac3d0030ff79fc2b
2019071800,2019-07,day3_24h,p01,FAIL,ValueError: materially negative reconstructed precipitation for 63--66,PASS,,1,5,0,,(GEFS:2019-07-18T00:00:00+00:00:p01:18 - GEFS:2019-07-18T00:00:00+00:00:p01:17) + GEFS:2019-07-18T00:00:00+00:00:p01:20 + GEFS:2019-07-18T00:00:00+00:00:p01:22 + GEFS:2019-07-18T00:00:00+00:00:p01:24 + GEFS:2019-07-18T00:00:00+00:00:p01:25,,,data/manifests/phase1e/2019-07/daily/source_2019071800.json,822a76eba62fb9b137916eb5e3871223da00c007d3f4bbcbac3d0030ff79fc2b
2019071800,2019-07,day1_24h,p02,FAIL,ValueError: materially negative reconstructed precipitation for 9--12,PASS,,1,5,50,-0.050000000000000044,(GEFS:2019-07-18T00:00:00+00:00:p02:2 - GEFS:2019-07-18T00:00:00+00:00:p02:1) + GEFS:2019-07-18T00:00:00+00:00:p02:4 + GEFS:2019-07-18T00:00:00+00:00:p02:6 + GEFS:2019-07-18T00:00:00+00:00:p02:8 + GEFS:2019-07-18T00:00:00+00:00:p02:9,,,data/manifests/phase1e/2019-07/daily/source_2019071800.json,822a76eba62fb9b137916eb5e3871223da00c007d3f4bbcbac3d0030ff79fc2b
2019071800,2019-07,day2_24h,p02,PASS,,PASS,,1,5,0,,(GEFS:2019-07-18T00:00:00+00:00:p02:10 - GEFS:2019-07-18T00:00:00+00:00:p02:9) + GEFS:2019-07-18T00:00:00+00:00:p02:12 + GEFS:2019-07-18T00:00:00+00:00:p02:14 + GEFS:2019-07-18T00:00:00+00:00:p02:16 + GEFS:2019-07-18T00:00:00+00:00:p02:17,5.684341886080802e-14,1.487541636909258e-15,data/manifests/phase1e/2019-07/daily/source_2019071800.json,822a76eba62fb9b137916eb5e3871223da00c007d3f4bbcbac3d0030ff79fc2b
2019071800,2019-07,day3_24h,p02,FAIL,ValueError: materially negative reconstructed precipitation for 63--66,PASS,,1,5,0,,(GEFS:2019-07-18T00:00:00+00:00:p02:18 - GEFS:2019-07-18T00:00:00+00:00:p02:17) + GEFS:2019-07-18T00:00:00+00:00:p02:20 + GEFS:2019-07-18T00:00:00+00:00:p02:22 + GEFS:2019-07-18T00:00:00+00:00:p02:24 + GEFS:2019-07-18T00:00:00+00:00:p02:25,,,data/manifests/phase1e/2019-07/daily/source_2019071800.json,822a76eba62fb9b137916eb5e3871223da00c007d3f4bbcbac3d0030ff79fc2b
2019071800,2019-07,day1_24h,p03,PASS,,PASS,,1,5,0,,(GEFS:2019-07-18T00:00:00+00:00:p03:2 - GEFS:2019-07-18T00:00:00+00:00:p03:1) + GEFS:2019-07-18T00:00:00+00:00:p03:4 + GEFS:2019-07-18T00:00:00+00:00:p03:6 + GEFS:2019-07-18T00:00:00+00:00:p03:8 + GEFS:2019-07-18T00:00:00+00:00:p03:9,2.842170943040401e-14,6.816011034771812e-16,data/manifests/phase1e/2019-07/daily/source_2019071800.json,822a76eba62fb9b137916eb5e3871223da00c007d3f4bbcbac3d0030ff79fc2b
2019071800,2019-07,day2_24h,p03,FAIL,ValueError: materially negative reconstructed precipitation for 33--36,PASS,,1,5,0,,(GEFS:2019-07-18T00:00:00+00:00:p03:10 - GEFS:2019-07-18T00:00:00+00:00:p03:9) + GEFS:2019-07-18T00:00:00+00:00:p03:12 + GEFS:2019-07-18T00:00:00+00:00:p03:14 + GEFS:2019-07-18T00:00:00+00:00:p03:16 + GEFS:2019-07-18T00:00:00+00:00:p03:17,,,data/manifests/phase1e/2019-07/daily/source_2019071800.json,822a76eba62fb9b137916eb5e3871223da00c007d3f4bbcbac3d0030ff79fc2b
2019071800,2019-07,day3_24h,p03,FAIL,ValueError: materially negative reconstructed precipitation for 63--66,PASS,,1,5,0,,(GEFS:2019-07-18T00:00:00+00:00:p03:18 - GEFS:2019-07-18T00:00:00+00:00:p03:17) + GEFS:2019-07-18T00:00:00+00:00:p03:20 + GEFS:2019-07-18T00:00:00+00:00:p03:22 + GEFS:2019-07-18T00:00:00+00:00:p03:24 + GEFS:2019-07-18T00:00:00+00:00:p03:25,,,data/manifests/phase1e/2019-07/daily/source_2019071800.json,822a76eba62fb9b137916eb5e3871223da00c007d3f4bbcbac3d0030ff79fc2b
2019071800,2019-07,day1_24h,p04,PASS,,PASS,,1,5,0,,(GEFS:2019-07-18T00:00:00+00:00:p04:2 - GEFS:2019-07-18T00:00:00+00:00:p04:1) + GEFS:2019-07-18T00:00:00+00:00:p04:4 + GEFS:2019-07-18T00:00:00+00:00:p04:6 + GEFS:2019-07-18T00:00:00+00:00:p04:8 + GEFS:2019-07-18T00:00:00+00:00:p04:9,2.842170943040401e-14,8.462155960913235e-16,data/manifests/phase1e/2019-07/daily/source_2019071800.json,822a76eba62fb9b137916eb5e3871223da00c007d3f4bbcbac3d0030ff79fc2b
2019071800,2019-07,day2_24h,p04,PASS,,PASS,,1,5,0,,(GEFS:2019-07-18T00:00:00+00:00:p04:10 - GEFS:2019-07-18T00:00:00+00:00:p04:9) + GEFS:2019-07-18T00:00:00+00:00:p04:12 + GEFS:2019-07-18T00:00:00+00:00:p04:14 + GEFS:2019-07-18T00:00:00+00:00:p04:16 + GEFS:2019-07-18T00:00:00+00:00:p04:17,2.842170943040401e-14,1.0651158792473206e-15,data/manifests/phase1e/2019-07/daily/source_2019071800.json,822a76eba62fb9b137916eb5e3871223da00c007d3f4bbcbac3d0030ff79fc2b
2019071800,2019-07,day3_24h,p04,FAIL,ValueError: materially negative reconstructed precipitation for 57--60,PASS,,1,5,0,,(GEFS:2019-07-18T00:00:00+00:00:p04:18 - GEFS:2019-07-18T00:00:00+00:00:p04:17) + GEFS:2019-07-18T00:00:00+00:00:p04:20 + GEFS:2019-07-18T00:00:00+00:00:p04:22 + GEFS:2019-07-18T00:00:00+00:00:p04:24 + GEFS:2019-07-18T00:00:00+00:00:p04:25,,,data/manifests/phase1e/2019-07/daily/source_2019071800.json,822a76eba62fb9b137916eb5e3871223da00c007d3f4bbcbac3d0030ff79fc2b
2019071900,2019-07,day1_24h,c00,FAIL,ValueError: materially negative reconstructed precipitation for 9--12,PASS,,1,5,0,,(GEFS:2019-07-19T00:00:00+00:00:c00:2 - GEFS:2019-07-19T00:00:00+00:00:c00:1) + GEFS:2019-07-19T00:00:00+00:00:c00:4 + GEFS:2019-07-19T00:00:00+00:00:c00:6 + GEFS:2019-07-19T00:00:00+00:00:c00:8 + GEFS:2019-07-19T00:00:00+00:00:c00:9,,,data/manifests/phase1e/2019-07/daily/source_2019071900.json,aadb10b0adf18ed3c4aa4af5a2aae15bbd615aabbee204585a2bb03ee1c040c3
2019071900,2019-07,day2_24h,c00,FAIL,ValueError: materially negative reconstructed precipitation for 27--30,FAIL,ValueError: negative difference exceeds packing bound for 27--30,,,,,,,,data/manifests/phase1e/2019-07/daily/source_2019071900.json,aadb10b0adf18ed3c4aa4af5a2aae15bbd615aabbee204585a2bb03ee1c040c3
2019071900,2019-07,day3_24h,c00,FAIL,ValueError: materially negative reconstructed precipitation for 51--54,FAIL,ValueError: negative difference exceeds packing bound for 51--54,,,,,,,,data/manifests/phase1e/2019-07/daily/source_2019071900.json,aadb10b0adf18ed3c4aa4af5a2aae15bbd615aabbee204585a2bb03ee1c040c3
2019071900,2019-07,day1_24h,p01,FAIL,ValueError: materially negative reconstructed precipitation for 9--12,PASS,,1,5,60,-0.04999999999999999,(GEFS:2019-07-19T00:00:00+00:00:p01:2 - GEFS:2019-07-19T00:00:00+00:00:p01:1) + GEFS:2019-07-19T00:00:00+00:00:p01:4 + GEFS:2019-07-19T00:00:00+00:00:p01:6 + GEFS:2019-07-19T00:00:00+00:00:p01:8 + GEFS:2019-07-19T00:00:00+00:00:p01:9,,,data/manifests/phase1e/2019-07/daily/source_2019071900.json,aadb10b0adf18ed3c4aa4af5a2aae15bbd615aabbee204585a2bb03ee1c040c3
2019071900,2019-07,day2_24h,p01,PASS,,PASS,,1,5,0,,(GEFS:2019-07-19T00:00:00+00:00:p01:10 - GEFS:2019-07-19T00:00:00+00:00:p01:9) + GEFS:2019-07-19T00:00:00+00:00:p01:12 + GEFS:2019-07-19T00:00:00+00:00:p01:14 + GEFS:2019-07-19T00:00:00+00:00:p01:16 + GEFS:2019-07-19T00:00:00+00:00:p01:17,2.842170943040401e-14,1.164763135310095e-15,data/manifests/phase1e/2019-07/daily/source_2019071900.json,aadb10b0adf18ed3c4aa4af5a2aae15bbd615aabbee204585a2bb03ee1c040c3
2019071900,2019-07,day3_24h,p01,FAIL,ValueError: materially negative reconstructed precipitation for 57--60,PASS,,1,5,0,,(GEFS:2019-07-19T00:00:00+00:00:p01:18 - GEFS:2019-07-19T00:00:00+00:00:p01:17) + GEFS:2019-07-19T00:00:00+00:00:p01:20 + GEFS:2019-07-19T00:00:00+00:00:p01:22 + GEFS:2019-07-19T00:00:00+00:00:p01:24 + GEFS:2019-07-19T00:00:00+00:00:p01:25,,,data/manifests/phase1e/2019-07/daily/source_2019071900.json,aadb10b0adf18ed3c4aa4af5a2aae15bbd615aabbee204585a2bb03ee1c040c3
2019071900,2019-07,day1_24h,p02,PASS,,PASS,,1,5,79,-0.04999999999999999,(GEFS:2019-07-19T00:00:00+00:00:p02:2 - GEFS:2019-07-19T00:00:00+00:00:p02:1) + GEFS:2019-07-19T00:00:00+00:00:p02:4 + GEFS:2019-07-19T00:00:00+00:00:p02:6 + GEFS:2019-07-19T00:00:00+00:00:p02:8 + GEFS:2019-07-19T00:00:00+00:00:p02:9,5.684341886080802e-14,9.673413442381621e-16,data/manifests/phase1e/2019-07/daily/source_2019071900.json,aadb10b0adf18ed3c4aa4af5a2aae15bbd615aabbee204585a2bb03ee1c040c3
2019071900,2019-07,day2_24h,p02,FAIL,ValueError: materially negative reconstructed precipitation for 27--30,FAIL,ValueError: negative difference exceeds packing bound for 27--30,,,,,,,,data/manifests/phase1e/2019-07/daily/source_2019071900.json,aadb10b0adf18ed3c4aa4af5a2aae15bbd615aabbee204585a2bb03ee1c040c3
2019071900,2019-07,day3_24h,p02,FAIL,ValueError: materially negative reconstructed precipitation for 69--72,PASS,,1,5,0,,(GEFS:2019-07-19T00:00:00+00:00:p02:18 - GEFS:2019-07-19T00:00:00+00:00:p02:17) + GEFS:2019-07-19T00:00:00+00:00:p02:20 + GEFS:2019-07-19T00:00:00+00:00:p02:22 + GEFS:2019-07-19T00:00:00+00:00:p02:24 + GEFS:2019-07-19T00:00:00+00:00:p02:25,,,data/manifests/phase1e/2019-07/daily/source_2019071900.json,aadb10b0adf18ed3c4aa4af5a2aae15bbd615aabbee204585a2bb03ee1c040c3
2019071900,2019-07,day1_24h,p03,FAIL,ValueError: materially negative reconstructed precipitation for 9--12,PASS,,1,5,0,,(GEFS:2019-07-19T00:00:00+00:00:p03:2 - GEFS:2019-07-19T00:00:00+00:00:p03:1) + GEFS:2019-07-19T00:00:00+00:00:p03:4 + GEFS:2019-07-19T00:00:00+00:00:p03:6 + GEFS:2019-07-19T00:00:00+00:00:p03:8 + GEFS:2019-07-19T00:00:00+00:00:p03:9,,,data/manifests/phase1e/2019-07/daily/source_2019071900.json,aadb10b0adf18ed3c4aa4af5a2aae15bbd615aabbee204585a2bb03ee1c040c3
2019071900,2019-07,day2_24h,p03,FAIL,ValueError: materially negative reconstructed precipitation for 33--36,PASS,,1,5,0,,(GEFS:2019-07-19T00:00:00+00:00:p03:10 - GEFS:2019-07-19T00:00:00+00:00:p03:9) + GEFS:2019-07-19T00:00:00+00:00:p03:12 + GEFS:2019-07-19T00:00:00+00:00:p03:14 + GEFS:2019-07-19T00:00:00+00:00:p03:16 + GEFS:2019-07-19T00:00:00+00:00:p03:17,,,data/manifests/phase1e/2019-07/daily/source_2019071900.json,aadb10b0adf18ed3c4aa4af5a2aae15bbd615aabbee204585a2bb03ee1c040c3
2019071900,2019-07,day3_24h,p03,FAIL,ValueError: materially negative reconstructed precipitation for 51--54,FAIL,ValueError: negative difference exceeds packing bound for 51--54,,,,,,,,data/manifests/phase1e/2019-07/daily/source_2019071900.json,aadb10b0adf18ed3c4aa4af5a2aae15bbd615aabbee204585a2bb03ee1c040c3
2019071900,2019-07,day1_24h,p04,PASS,,PASS,,1,5,118,-0.04999999999999999,(GEFS:2019-07-19T00:00:00+00:00:p04:2 - GEFS:2019-07-19T00:00:00+00:00:p04:1) + GEFS:2019-07-19T00:00:00+00:00:p04:4 + GEFS:2019-07-19T00:00:00+00:00:p04:6 + GEFS:2019-07-19T00:00:00+00:00:p04:8 + GEFS:2019-07-19T00:00:00+00:00:p04:9,5.684341886080802e-14,1.102362220202571e-15,data/manifests/phase1e/2019-07/daily/source_2019071900.json,aadb10b0adf18ed3c4aa4af5a2aae15bbd615aabbee204585a2bb03ee1c040c3
2019071900,2019-07,day2_24h,p04,FAIL,ValueError: materially negative reconstructed precipitation for 39--42,PASS,,1,5,0,,(GEFS:2019-07-19T00:00:00+00:00:p04:10 - GEFS:2019-07-19T00:00:00+00:00:p04:9) + GEFS:2019-07-19T00:00:00+00:00:p04:12 + GEFS:2019-07-19T00:00:00+00:00:p04:14 + GEFS:2019-07-19T00:00:00+00:00:p04:16 + GEFS:2019-07-19T00:00:00+00:00:p04:17,,,data/manifests/phase1e/2019-07/daily/source_2019071900.json,aadb10b0adf18ed3c4aa4af5a2aae15bbd615aabbee204585a2bb03ee1c040c3
2019071900,2019-07,day3_24h,p04,FAIL,ValueError: materially negative reconstructed precipitation for 51--54,FAIL,ValueError: negative difference exceeds packing bound for 51--54,,,,,,,,data/manifests/phase1e/2019-07/daily/source_2019071900.json,aadb10b0adf18ed3c4aa4af5a2aae15bbd615aabbee204585a2bb03ee1c040c3
2019072000,2019-07,day1_24h,c00,FAIL,ValueError: materially negative reconstructed precipitation for 9--12,PASS,,1,5,0,,(GEFS:2019-07-20T00:00:00+00:00:c00:2 - GEFS:2019-07-20T00:00:00+00:00:c00:1) + GEFS:2019-07-20T00:00:00+00:00:c00:4 + GEFS:2019-07-20T00:00:00+00:00:c00:6 + GEFS:2019-07-20T00:00:00+00:00:c00:8 + GEFS:2019-07-20T00:00:00+00:00:c00:9,,,data/manifests/phase1e/2019-07/daily/source_2019072000.json,aca59d340bd98368fe0748acdbde2bb69a3771568c15653be2450b5d449f8d6e
2019072000,2019-07,day2_24h,c00,FAIL,ValueError: materially negative reconstructed precipitation for 27--30,FAIL,ValueError: negative difference exceeds packing bound for 27--30,,,,,,,,data/manifests/phase1e/2019-07/daily/source_2019072000.json,aca59d340bd98368fe0748acdbde2bb69a3771568c15653be2450b5d449f8d6e
2019072000,2019-07,day3_24h,c00,FAIL,ValueError: materially negative reconstructed precipitation for 51--54,FAIL,ValueError: negative difference exceeds packing bound for 51--54,,,,,,,,data/manifests/phase1e/2019-07/daily/source_2019072000.json,aca59d340bd98368fe0748acdbde2bb69a3771568c15653be2450b5d449f8d6e
2019072000,2019-07,day1_24h,p01,FAIL,ValueError: materially negative reconstructed precipitation for 9--12,PASS,,1,5,0,,(GEFS:2019-07-20T00:00:00+00:00:p01:2 - GEFS:2019-07-20T00:00:00+00:00:p01:1) + GEFS:2019-07-20T00:00:00+00:00:p01:4 + GEFS:2019-07-20T00:00:00+00:00:p01:6 + GEFS:2019-07-20T00:00:00+00:00:p01:8 + GEFS:2019-07-20T00:00:00+00:00:p01:9,,,data/manifests/phase1e/2019-07/daily/source_2019072000.json,aca59d340bd98368fe0748acdbde2bb69a3771568c15653be2450b5d449f8d6e
2019072000,2019-07,day2_24h,p01,PASS,,PASS,,1,5,0,,(GEFS:2019-07-20T00:00:00+00:00:p01:10 - GEFS:2019-07-20T00:00:00+00:00:p01:9) + GEFS:2019-07-20T00:00:00+00:00:p01:12 + GEFS:2019-07-20T00:00:00+00:00:p01:14 + GEFS:2019-07-20T00:00:00+00:00:p01:16 + GEFS:2019-07-20T00:00:00+00:00:p01:17,2.842170943040401e-14,6.563309292598697e-16,data/manifests/phase1e/2019-07/daily/source_2019072000.json,aca59d340bd98368fe0748acdbde2bb69a3771568c15653be2450b5d449f8d6e
2019072000,2019-07,day3_24h,p01,FAIL,ValueError: materially negative reconstructed precipitation for 63--66,PASS,,1,5,0,,(GEFS:2019-07-20T00:00:00+00:00:p01:18 - GEFS:2019-07-20T00:00:00+00:00:p01:17) + GEFS:2019-07-20T00:00:00+00:00:p01:20 + GEFS:2019-07-20T00:00:00+00:00:p01:22 + GEFS:2019-07-20T00:00:00+00:00:p01:24 + GEFS:2019-07-20T00:00:00+00:00:p01:25,,,data/manifests/phase1e/2019-07/daily/source_2019072000.json,aca59d340bd98368fe0748acdbde2bb69a3771568c15653be2450b5d449f8d6e
2019072000,2019-07,day1_24h,p02,PASS,,PASS,,1,5,98,-0.04999999999999999,(GEFS:2019-07-20T00:00:00+00:00:p02:2 - GEFS:2019-07-20T00:00:00+00:00:p02:1) + GEFS:2019-07-20T00:00:00+00:00:p02:4 + GEFS:2019-07-20T00:00:00+00:00:p02:6 + GEFS:2019-07-20T00:00:00+00:00:p02:8 + GEFS:2019-07-20T00:00:00+00:00:p02:9,5.684341886080802e-14,1.451798096799502e-15,data/manifests/phase1e/2019-07/daily/source_2019072000.json,aca59d340bd98368fe0748acdbde2bb69a3771568c15653be2450b5d449f8d6e
2019072000,2019-07,day2_24h,p02,FAIL,ValueError: materially negative reconstructed precipitation for 27--30,FAIL,ValueError: negative difference exceeds packing bound for 27--30,,,,,,,,data/manifests/phase1e/2019-07/daily/source_2019072000.json,aca59d340bd98368fe0748acdbde2bb69a3771568c15653be2450b5d449f8d6e
2019072000,2019-07,day3_24h,p02,PASS,,PASS,,1,5,0,,(GEFS:2019-07-20T00:00:00+00:00:p02:18 - GEFS:2019-07-20T00:00:00+00:00:p02:17) + GEFS:2019-07-20T00:00:00+00:00:p02:20 + GEFS:2019-07-20T00:00:00+00:00:p02:22 + GEFS:2019-07-20T00:00:00+00:00:p02:24 + GEFS:2019-07-20T00:00:00+00:00:p02:25,1.4210854715202004e-14,7.573653861031004e-16,data/manifests/phase1e/2019-07/daily/source_2019072000.json,aca59d340bd98368fe0748acdbde2bb69a3771568c15653be2450b5d449f8d6e
2019072000,2019-07,day1_24h,p03,FAIL,ValueError: materially negative reconstructed precipitation for 15--18,PASS,,1,5,80,-0.04999999999999999,(GEFS:2019-07-20T00:00:00+00:00:p03:2 - GEFS:2019-07-20T00:00:00+00:00:p03:1) + GEFS:2019-07-20T00:00:00+00:00:p03:4 + GEFS:2019-07-20T00:00:00+00:00:p03:6 + GEFS:2019-07-20T00:00:00+00:00:p03:8 + GEFS:2019-07-20T00:00:00+00:00:p03:9,,,data/manifests/phase1e/2019-07/daily/source_2019072000.json,aca59d340bd98368fe0748acdbde2bb69a3771568c15653be2450b5d449f8d6e
2019072000,2019-07,day2_24h,p03,FAIL,ValueError: materially negative reconstructed precipitation for 27--30,FAIL,ValueError: negative difference exceeds packing bound for 27--30,,,,,,,,data/manifests/phase1e/2019-07/daily/source_2019072000.json,aca59d340bd98368fe0748acdbde2bb69a3771568c15653be2450b5d449f8d6e
2019072000,2019-07,day3_24h,p03,FAIL,ValueError: materially negative reconstructed precipitation for 57--60,PASS,,1,5,0,,(GEFS:2019-07-20T00:00:00+00:00:p03:18 - GEFS:2019-07-20T00:00:00+00:00:p03:17) + GEFS:2019-07-20T00:00:00+00:00:p03:20 + GEFS:2019-07-20T00:00:00+00:00:p03:22 + GEFS:2019-07-20T00:00:00+00:00:p03:24 + GEFS:2019-07-20T00:00:00+00:00:p03:25,,,data/manifests/phase1e/2019-07/daily/source_2019072000.json,aca59d340bd98368fe0748acdbde2bb69a3771568c15653be2450b5d449f8d6e
2019072000,2019-07,day1_24h,p04,PASS,,PASS,,1,5,99,-0.04999999999999999,(GEFS:2019-07-20T00:00:00+00:00:p04:2 - GEFS:2019-07-20T00:00:00+00:00:p04:1) + GEFS:2019-07-20T00:00:00+00:00:p04:4 + GEFS:2019-07-20T00:00:00+00:00:p04:6 + GEFS:2019-07-20T00:00:00+00:00:p04:8 + GEFS:2019-07-20T00:00:00+00:00:p04:9,5.684341886080802e-14,9.93120158741641e-16,data/manifests/phase1e/2019-07/daily/source_2019072000.json,aca59d340bd98368fe0748acdbde2bb69a3771568c15653be2450b5d449f8d6e
2019072000,2019-07,day2_24h,p04,FAIL,ValueError: materially negative reconstructed precipitation for 39--42,PASS,,1,5,0,,(GEFS:2019-07-20T00:00:00+00:00:p04:10 - GEFS:2019-07-20T00:00:00+00:00:p04:9) + GEFS:2019-07-20T00:00:00+00:00:p04:12 + GEFS:2019-07-20T00:00:00+00:00:p04:14 + GEFS:2019-07-20T00:00:00+00:00:p04:16 + GEFS:2019-07-20T00:00:00+00:00:p04:17,,,data/manifests/phase1e/2019-07/daily/source_2019072000.json,aca59d340bd98368fe0748acdbde2bb69a3771568c15653be2450b5d449f8d6e
2019072000,2019-07,day3_24h,p04,FAIL,ValueError: materially negative reconstructed precipitation for 57--60,PASS,,1,5,0,,(GEFS:2019-07-20T00:00:00+00:00:p04:18 - GEFS:2019-07-20T00:00:00+00:00:p04:17) + GEFS:2019-07-20T00:00:00+00:00:p04:20 + GEFS:2019-07-20T00:00:00+00:00:p04:22 + GEFS:2019-07-20T00:00:00+00:00:p04:24 + GEFS:2019-07-20T00:00:00+00:00:p04:25,,,data/manifests/phase1e/2019-07/daily/source_2019072000.json,aca59d340bd98368fe0748acdbde2bb69a3771568c15653be2450b5d449f8d6e
2019072100,2019-07,day1_24h,c00,PASS,,PASS,,1,5,0,,(GEFS:2019-07-21T00:00:00+00:00:c00:2 - GEFS:2019-07-21T00:00:00+00:00:c00:1) + GEFS:2019-07-21T00:00:00+00:00:c00:4 + GEFS:2019-07-21T00:00:00+00:00:c00:6 + GEFS:2019-07-21T00:00:00+00:00:c00:8 + GEFS:2019-07-21T00:00:00+00:00:c00:9,2.842170943040401e-14,8.903054608968249e-16,data/manifests/phase1e/2019-07/daily/source_2019072100.json,144c4d2ea8a6d014d05ffb8ed6df6aab46acb3bd799050edc41841516e6884a4
2019072100,2019-07,day2_24h,c00,FAIL,ValueError: materially negative reconstructed precipitation for 27--30,FAIL,ValueError: negative difference exceeds packing bound for 27--30,,,,,,,,data/manifests/phase1e/2019-07/daily/source_2019072100.json,144c4d2ea8a6d014d05ffb8ed6df6aab46acb3bd799050edc41841516e6884a4
2019072100,2019-07,day3_24h,c00,FAIL,ValueError: materially negative reconstructed precipitation for 51--54,FAIL,ValueError: negative difference exceeds packing bound for 51--54,,,,,,,,data/manifests/phase1e/2019-07/daily/source_2019072100.json,144c4d2ea8a6d014d05ffb8ed6df6aab46acb3bd799050edc41841516e6884a4
2019072100,2019-07,day1_24h,p01,PASS,,PASS,,1,5,0,,(GEFS:2019-07-21T00:00:00+00:00:p01:2 - GEFS:2019-07-21T00:00:00+00:00:p01:1) + GEFS:2019-07-21T00:00:00+00:00:p01:4 + GEFS:2019-07-21T00:00:00+00:00:p01:6 + GEFS:2019-07-21T00:00:00+00:00:p01:8 + GEFS:2019-07-21T00:00:00+00:00:p01:9,2.842170943040401e-14,8.82467776487247e-16,data/manifests/phase1e/2019-07/daily/source_2019072100.json,144c4d2ea8a6d014d05ffb8ed6df6aab46acb3bd799050edc41841516e6884a4
2019072100,2019-07,day2_24h,p01,PASS,,PASS,,1,5,0,,(GEFS:2019-07-21T00:00:00+00:00:p01:10 - GEFS:2019-07-21T00:00:00+00:00:p01:9) + GEFS:2019-07-21T00:00:00+00:00:p01:12 + GEFS:2019-07-21T00:00:00+00:00:p01:14 + GEFS:2019-07-21T00:00:00+00:00:p01:16 + GEFS:2019-07-21T00:00:00+00:00:p01:17,1.4210854715202004e-14,5.85213769248479e-16,data/manifests/phase1e/2019-07/daily/source_2019072100.json,144c4d2ea8a6d014d05ffb8ed6df6aab46acb3bd799050edc41841516e6884a4
2019072100,2019-07,day3_24h,p01,PASS,,PASS,,1,5,0,,(GEFS:2019-07-21T00:00:00+00:00:p01:18 - GEFS:2019-07-21T00:00:00+00:00:p01:17) + GEFS:2019-07-21T00:00:00+00:00:p01:20 + GEFS:2019-07-21T00:00:00+00:00:p01:22 + GEFS:2019-07-21T00:00:00+00:00:p01:24 + GEFS:2019-07-21T00:00:00+00:00:p01:25,1.4210854715202004e-14,6.099984231926308e-16,data/manifests/phase1e/2019-07/daily/source_2019072100.json,144c4d2ea8a6d014d05ffb8ed6df6aab46acb3bd799050edc41841516e6884a4
2019072100,2019-07,day1_24h,p02,FAIL,ValueError: materially negative reconstructed precipitation for 21--24,PASS,,1,5,0,,(GEFS:2019-07-21T00:00:00+00:00:p02:2 - GEFS:2019-07-21T00:00:00+00:00:p02:1) + GEFS:2019-07-21T00:00:00+00:00:p02:4 + GEFS:2019-07-21T00:00:00+00:00:p02:6 + GEFS:2019-07-21T00:00:00+00:00:p02:8 + GEFS:2019-07-21T00:00:00+00:00:p02:9,,,data/manifests/phase1e/2019-07/daily/source_2019072100.json,144c4d2ea8a6d014d05ffb8ed6df6aab46acb3bd799050edc41841516e6884a4
2019072100,2019-07,day2_24h,p02,PASS,,PASS,,1,5,0,,(GEFS:2019-07-21T00:00:00+00:00:p02:10 - GEFS:2019-07-21T00:00:00+00:00:p02:9) + GEFS:2019-07-21T00:00:00+00:00:p02:12 + GEFS:2019-07-21T00:00:00+00:00:p02:14 + GEFS:2019-07-21T00:00:00+00:00:p02:16 + GEFS:2019-07-21T00:00:00+00:00:p02:17,7.105427357601002e-15,3.8668221755218123e-16,data/manifests/phase1e/2019-07/daily/source_2019072100.json,144c4d2ea8a6d014d05ffb8ed6df6aab46acb3bd799050edc41841516e6884a4
2019072100,2019-07,day3_24h,p02,FAIL,ValueError: materially negative reconstructed precipitation for 69--72,PASS,,1,5,0,,(GEFS:2019-07-21T00:00:00+00:00:p02:18 - GEFS:2019-07-21T00:00:00+00:00:p02:17) + GEFS:2019-07-21T00:00:00+00:00:p02:20 + GEFS:2019-07-21T00:00:00+00:00:p02:22 + GEFS:2019-07-21T00:00:00+00:00:p02:24 + GEFS:2019-07-21T00:00:00+00:00:p02:25,,,data/manifests/phase1e/2019-07/daily/source_2019072100.json,144c4d2ea8a6d014d05ffb8ed6df6aab46acb3bd799050edc41841516e6884a4
2019072100,2019-07,day1_24h,p03,PASS,,PASS,,1,5,0,,(GEFS:2019-07-21T00:00:00+00:00:p03:2 - GEFS:2019-07-21T00:00:00+00:00:p03:1) + GEFS:2019-07-21T00:00:00+00:00:p03:4 + GEFS:2019-07-21T00:00:00+00:00:p03:6 + GEFS:2019-07-21T00:00:00+00:00:p03:8 + GEFS:2019-07-21T00:00:00+00:00:p03:9,2.842170943040401e-14,1.0133501701232948e-15,data/manifests/phase1e/2019-07/daily/source_2019072100.json,144c4d2ea8a6d014d05ffb8ed6df6aab46acb3bd799050edc41841516e6884a4
2019072100,2019-07,day2_24h,p03,PASS,,PASS,,1,5,0,,(GEFS:2019-07-21T00:00:00+00:00:p03:10 - GEFS:2019-07-21T00:00:00+00:00:p03:9) + GEFS:2019-07-21T00:00:00+00:00:p03:12 + GEFS:2019-07-21T00:00:00+00:00:p03:14 + GEFS:2019-07-21T00:00:00+00:00:p03:16 + GEFS:2019-07-21T00:00:00+00:00:p03:17,2.842170943040401e-14,1.039683864938956e-15,data/manifests/phase1e/2019-07/daily/source_2019072100.json,144c4d2ea8a6d014d05ffb8ed6df6aab46acb3bd799050edc41841516e6884a4
2019072100,2019-07,day3_24h,p03,FAIL,ValueError: materially negative reconstructed precipitation for 57--60,PASS,,1,5,0,,(GEFS:2019-07-21T00:00:00+00:00:p03:18 - GEFS:2019-07-21T00:00:00+00:00:p03:17) + GEFS:2019-07-21T00:00:00+00:00:p03:20 + GEFS:2019-07-21T00:00:00+00:00:p03:22 + GEFS:2019-07-21T00:00:00+00:00:p03:24 + GEFS:2019-07-21T00:00:00+00:00:p03:25,,,data/manifests/phase1e/2019-07/daily/source_2019072100.json,144c4d2ea8a6d014d05ffb8ed6df6aab46acb3bd799050edc41841516e6884a4
2019072100,2019-07,day1_24h,p04,FAIL,ValueError: materially negative reconstructed precipitation for 15--18,PASS,,1,5,39,-0.04000000000000001,(GEFS:2019-07-21T00:00:00+00:00:p04:2 - GEFS:2019-07-21T00:00:00+00:00:p04:1) + GEFS:2019-07-21T00:00:00+00:00:p04:4 + GEFS:2019-07-21T00:00:00+00:00:p04:6 + GEFS:2019-07-21T00:00:00+00:00:p04:8 + GEFS:2019-07-21T00:00:00+00:00:p04:9,,,data/manifests/phase1e/2019-07/daily/source_2019072100.json,144c4d2ea8a6d014d05ffb8ed6df6aab46acb3bd799050edc41841516e6884a4
2019072100,2019-07,day2_24h,p04,FAIL,ValueError: materially negative reconstructed precipitation for 27--30,FAIL,ValueError: negative difference exceeds packing bound for 27--30,,,,,,,,data/manifests/phase1e/2019-07/daily/source_2019072100.json,144c4d2ea8a6d014d05ffb8ed6df6aab46acb3bd799050edc41841516e6884a4
2019072100,2019-07,day3_24h,p04,FAIL,ValueError: materially negative reconstructed precipitation for 51--54,FAIL,ValueError: negative difference exceeds packing bound for 51--54,,,,,,,,data/manifests/phase1e/2019-07/daily/source_2019072100.json,144c4d2ea8a6d014d05ffb8ed6df6aab46acb3bd799050edc41841516e6884a4
2019072200,2019-07,day1_24h,c00,FAIL,ValueError: materially negative reconstructed precipitation for 21--24,PASS,,1,5,0,,(GEFS:2019-07-22T00:00:00+00:00:c00:2 - GEFS:2019-07-22T00:00:00+00:00:c00:1) + GEFS:2019-07-22T00:00:00+00:00:c00:4 + GEFS:2019-07-22T00:00:00+00:00:c00:6 + GEFS:2019-07-22T00:00:00+00:00:c00:8 + GEFS:2019-07-22T00:00:00+00:00:c00:9,,,data/manifests/phase1e/2019-07/daily/source_2019072200.json,bf175d24c275d8355218e9a7d1af3f7209175ce98f39b4466002e43edd326b18
2019072200,2019-07,day2_24h,c00,FAIL,ValueError: materially negative reconstructed precipitation for 27--30,FAIL,ValueError: negative difference exceeds packing bound for 27--30,,,,,,,,data/manifests/phase1e/2019-07/daily/source_2019072200.json,bf175d24c275d8355218e9a7d1af3f7209175ce98f39b4466002e43edd326b18
2019072200,2019-07,day3_24h,c00,FAIL,ValueError: materially negative reconstructed precipitation for 63--66,PASS,,1,5,0,,(GEFS:2019-07-22T00:00:00+00:00:c00:18 - GEFS:2019-07-22T00:00:00+00:00:c00:17) + GEFS:2019-07-22T00:00:00+00:00:c00:20 + GEFS:2019-07-22T00:00:00+00:00:c00:22 + GEFS:2019-07-22T00:00:00+00:00:c00:24 + GEFS:2019-07-22T00:00:00+00:00:c00:25,,,data/manifests/phase1e/2019-07/daily/source_2019072200.json,bf175d24c275d8355218e9a7d1af3f7209175ce98f39b4466002e43edd326b18
2019072200,2019-07,day1_24h,p01,FAIL,ValueError: materially negative reconstructed precipitation for 9--12,PASS,,1,5,77,-0.04999999999999999,(GEFS:2019-07-22T00:00:00+00:00:p01:2 - GEFS:2019-07-22T00:00:00+00:00:p01:1) + GEFS:2019-07-22T00:00:00+00:00:p01:4 + GEFS:2019-07-22T00:00:00+00:00:p01:6 + GEFS:2019-07-22T00:00:00+00:00:p01:8 + GEFS:2019-07-22T00:00:00+00:00:p01:9,,,data/manifests/phase1e/2019-07/daily/source_2019072200.json,bf175d24c275d8355218e9a7d1af3f7209175ce98f39b4466002e43edd326b18
2019072200,2019-07,day2_24h,p01,FAIL,ValueError: materially negative reconstructed precipitation for 39--42,PASS,,1,5,0,,(GEFS:2019-07-22T00:00:00+00:00:p01:10 - GEFS:2019-07-22T00:00:00+00:00:p01:9) + GEFS:2019-07-22T00:00:00+00:00:p01:12 + GEFS:2019-07-22T00:00:00+00:00:p01:14 + GEFS:2019-07-22T00:00:00+00:00:p01:16 + GEFS:2019-07-22T00:00:00+00:00:p01:17,,,data/manifests/phase1e/2019-07/daily/source_2019072200.json,bf175d24c275d8355218e9a7d1af3f7209175ce98f39b4466002e43edd326b18
2019072200,2019-07,day3_24h,p01,FAIL,ValueError: materially negative reconstructed precipitation for 69--72,PASS,,1,5,0,,(GEFS:2019-07-22T00:00:00+00:00:p01:18 - GEFS:2019-07-22T00:00:00+00:00:p01:17) + GEFS:2019-07-22T00:00:00+00:00:p01:20 + GEFS:2019-07-22T00:00:00+00:00:p01:22 + GEFS:2019-07-22T00:00:00+00:00:p01:24 + GEFS:2019-07-22T00:00:00+00:00:p01:25,,,data/manifests/phase1e/2019-07/daily/source_2019072200.json,bf175d24c275d8355218e9a7d1af3f7209175ce98f39b4466002e43edd326b18
2019072200,2019-07,day1_24h,p02,FAIL,ValueError: materially negative reconstructed precipitation for 9--12,PASS,,1,5,0,,(GEFS:2019-07-22T00:00:00+00:00:p02:2 - GEFS:2019-07-22T00:00:00+00:00:p02:1) + GEFS:2019-07-22T00:00:00+00:00:p02:4 + GEFS:2019-07-22T00:00:00+00:00:p02:6 + GEFS:2019-07-22T00:00:00+00:00:p02:8 + GEFS:2019-07-22T00:00:00+00:00:p02:9,,,data/manifests/phase1e/2019-07/daily/source_2019072200.json,bf175d24c275d8355218e9a7d1af3f7209175ce98f39b4466002e43edd326b18
2019072200,2019-07,day2_24h,p02,PASS,,PASS,,1,5,0,,(GEFS:2019-07-22T00:00:00+00:00:p02:10 - GEFS:2019-07-22T00:00:00+00:00:p02:9) + GEFS:2019-07-22T00:00:00+00:00:p02:12 + GEFS:2019-07-22T00:00:00+00:00:p02:14 + GEFS:2019-07-22T00:00:00+00:00:p02:16 + GEFS:2019-07-22T00:00:00+00:00:p02:17,1.4210854715202004e-14,6.848147852852382e-16,data/manifests/phase1e/2019-07/daily/source_2019072200.json,bf175d24c275d8355218e9a7d1af3f7209175ce98f39b4466002e43edd326b18
2019072200,2019-07,day3_24h,p02,PASS,,PASS,,1,5,0,,(GEFS:2019-07-22T00:00:00+00:00:p02:18 - GEFS:2019-07-22T00:00:00+00:00:p02:17) + GEFS:2019-07-22T00:00:00+00:00:p02:20 + GEFS:2019-07-22T00:00:00+00:00:p02:22 + GEFS:2019-07-22T00:00:00+00:00:p02:24 + GEFS:2019-07-22T00:00:00+00:00:p02:25,1.4210854715202004e-14,7.244424875802719e-16,data/manifests/phase1e/2019-07/daily/source_2019072200.json,bf175d24c275d8355218e9a7d1af3f7209175ce98f39b4466002e43edd326b18
2019072200,2019-07,day1_24h,p03,FAIL,ValueError: materially negative reconstructed precipitation for 21--24,PASS,,1,5,33,-0.050000000000000044,(GEFS:2019-07-22T00:00:00+00:00:p03:2 - GEFS:2019-07-22T00:00:00+00:00:p03:1) + GEFS:2019-07-22T00:00:00+00:00:p03:4 + GEFS:2019-07-22T00:00:00+00:00:p03:6 + GEFS:2019-07-22T00:00:00+00:00:p03:8 + GEFS:2019-07-22T00:00:00+00:00:p03:9,,,data/manifests/phase1e/2019-07/daily/source_2019072200.json,bf175d24c275d8355218e9a7d1af3f7209175ce98f39b4466002e43edd326b18
2019072200,2019-07,day2_24h,p03,PASS,,PASS,,1,5,0,,(GEFS:2019-07-22T00:00:00+00:00:p03:10 - GEFS:2019-07-22T00:00:00+00:00:p03:9) + GEFS:2019-07-22T00:00:00+00:00:p03:12 + GEFS:2019-07-22T00:00:00+00:00:p03:14 + GEFS:2019-07-22T00:00:00+00:00:p03:16 + GEFS:2019-07-22T00:00:00+00:00:p03:17,2.842170943040401e-14,1.240943578170151e-15,data/manifests/phase1e/2019-07/daily/source_2019072200.json,bf175d24c275d8355218e9a7d1af3f7209175ce98f39b4466002e43edd326b18
2019072200,2019-07,day3_24h,p03,PASS,,PASS,,1,5,0,,(GEFS:2019-07-22T00:00:00+00:00:p03:18 - GEFS:2019-07-22T00:00:00+00:00:p03:17) + GEFS:2019-07-22T00:00:00+00:00:p03:20 + GEFS:2019-07-22T00:00:00+00:00:p03:22 + GEFS:2019-07-22T00:00:00+00:00:p03:24 + GEFS:2019-07-22T00:00:00+00:00:p03:25,2.842170943040401e-14,1.2170143647072806e-15,data/manifests/phase1e/2019-07/daily/source_2019072200.json,bf175d24c275d8355218e9a7d1af3f7209175ce98f39b4466002e43edd326b18
2019072200,2019-07,day1_24h,p04,FAIL,ValueError: materially negative reconstructed precipitation for 21--24,PASS,,1,5,69,-0.050000000000000044,(GEFS:2019-07-22T00:00:00+00:00:p04:2 - GEFS:2019-07-22T00:00:00+00:00:p04:1) + GEFS:2019-07-22T00:00:00+00:00:p04:4 + GEFS:2019-07-22T00:00:00+00:00:p04:6 + GEFS:2019-07-22T00:00:00+00:00:p04:8 + GEFS:2019-07-22T00:00:00+00:00:p04:9,,,data/manifests/phase1e/2019-07/daily/source_2019072200.json,bf175d24c275d8355218e9a7d1af3f7209175ce98f39b4466002e43edd326b18
2019072200,2019-07,day2_24h,p04,FAIL,ValueError: materially negative reconstructed precipitation for 45--48,PASS,,1,5,0,,(GEFS:2019-07-22T00:00:00+00:00:p04:10 - GEFS:2019-07-22T00:00:00+00:00:p04:9) + GEFS:2019-07-22T00:00:00+00:00:p04:12 + GEFS:2019-07-22T00:00:00+00:00:p04:14 + GEFS:2019-07-22T00:00:00+00:00:p04:16 + GEFS:2019-07-22T00:00:00+00:00:p04:17,,,data/manifests/phase1e/2019-07/daily/source_2019072200.json,bf175d24c275d8355218e9a7d1af3f7209175ce98f39b4466002e43edd326b18
2019072200,2019-07,day3_24h,p04,FAIL,ValueError: materially negative reconstructed precipitation for 57--60,PASS,,1,5,0,,(GEFS:2019-07-22T00:00:00+00:00:p04:18 - GEFS:2019-07-22T00:00:00+00:00:p04:17) + GEFS:2019-07-22T00:00:00+00:00:p04:20 + GEFS:2019-07-22T00:00:00+00:00:p04:22 + GEFS:2019-07-22T00:00:00+00:00:p04:24 + GEFS:2019-07-22T00:00:00+00:00:p04:25,,,data/manifests/phase1e/2019-07/daily/source_2019072200.json,bf175d24c275d8355218e9a7d1af3f7209175ce98f39b4466002e43edd326b18
2019072300,2019-07,day1_24h,c00,FAIL,ValueError: materially negative reconstructed precipitation for 15--18,PASS,,1,5,0,,(GEFS:2019-07-23T00:00:00+00:00:c00:2 - GEFS:2019-07-23T00:00:00+00:00:c00:1) + GEFS:2019-07-23T00:00:00+00:00:c00:4 + GEFS:2019-07-23T00:00:00+00:00:c00:6 + GEFS:2019-07-23T00:00:00+00:00:c00:8 + GEFS:2019-07-23T00:00:00+00:00:c00:9,,,data/manifests/phase1e/2019-07/daily/source_2019072300.json,5db63fd4b7fa706dce1c871de82df5b643cc708ad6acb5734aa00a805ce2749a
2019072300,2019-07,day2_24h,c00,FAIL,ValueError: materially negative reconstructed precipitation for 45--48,PASS,,1,5,0,,(GEFS:2019-07-23T00:00:00+00:00:c00:10 - GEFS:2019-07-23T00:00:00+00:00:c00:9) + GEFS:2019-07-23T00:00:00+00:00:c00:12 + GEFS:2019-07-23T00:00:00+00:00:c00:14 + GEFS:2019-07-23T00:00:00+00:00:c00:16 + GEFS:2019-07-23T00:00:00+00:00:c00:17,,,data/manifests/phase1e/2019-07/daily/source_2019072300.json,5db63fd4b7fa706dce1c871de82df5b643cc708ad6acb5734aa00a805ce2749a
2019072300,2019-07,day3_24h,c00,FAIL,ValueError: materially negative reconstructed precipitation for 57--60,PASS,,1,5,0,,(GEFS:2019-07-23T00:00:00+00:00:c00:18 - GEFS:2019-07-23T00:00:00+00:00:c00:17) + GEFS:2019-07-23T00:00:00+00:00:c00:20 + GEFS:2019-07-23T00:00:00+00:00:c00:22 + GEFS:2019-07-23T00:00:00+00:00:c00:24 + GEFS:2019-07-23T00:00:00+00:00:c00:25,,,data/manifests/phase1e/2019-07/daily/source_2019072300.json,5db63fd4b7fa706dce1c871de82df5b643cc708ad6acb5734aa00a805ce2749a
2019072300,2019-07,day1_24h,p01,PASS,,PASS,,1,5,0,,(GEFS:2019-07-23T00:00:00+00:00:p01:2 - GEFS:2019-07-23T00:00:00+00:00:p01:1) + GEFS:2019-07-23T00:00:00+00:00:p01:4 + GEFS:2019-07-23T00:00:00+00:00:p01:6 + GEFS:2019-07-23T00:00:00+00:00:p01:8 + GEFS:2019-07-23T00:00:00+00:00:p01:9,1.1368683772161603e-13,1.1939405917256915e-15,data/manifests/phase1e/2019-07/daily/source_2019072300.json,5db63fd4b7fa706dce1c871de82df5b643cc708ad6acb5734aa00a805ce2749a
2019072300,2019-07,day2_24h,p01,FAIL,ValueError: materially negative reconstructed precipitation for 39--42,PASS,,1,5,0,,(GEFS:2019-07-23T00:00:00+00:00:p01:10 - GEFS:2019-07-23T00:00:00+00:00:p01:9) + GEFS:2019-07-23T00:00:00+00:00:p01:12 + GEFS:2019-07-23T00:00:00+00:00:p01:14 + GEFS:2019-07-23T00:00:00+00:00:p01:16 + GEFS:2019-07-23T00:00:00+00:00:p01:17,,,data/manifests/phase1e/2019-07/daily/source_2019072300.json,5db63fd4b7fa706dce1c871de82df5b643cc708ad6acb5734aa00a805ce2749a
2019072300,2019-07,day3_24h,p01,FAIL,ValueError: materially negative reconstructed precipitation for 57--60,PASS,,1,5,0,,(GEFS:2019-07-23T00:00:00+00:00:p01:18 - GEFS:2019-07-23T00:00:00+00:00:p01:17) + GEFS:2019-07-23T00:00:00+00:00:p01:20 + GEFS:2019-07-23T00:00:00+00:00:p01:22 + GEFS:2019-07-23T00:00:00+00:00:p01:24 + GEFS:2019-07-23T00:00:00+00:00:p01:25,,,data/manifests/phase1e/2019-07/daily/source_2019072300.json,5db63fd4b7fa706dce1c871de82df5b643cc708ad6acb5734aa00a805ce2749a
2019072300,2019-07,day1_24h,p02,FAIL,ValueError: materially negative reconstructed precipitation for 15--18,PASS,,1,5,0,,(GEFS:2019-07-23T00:00:00+00:00:p02:2 - GEFS:2019-07-23T00:00:00+00:00:p02:1) + GEFS:2019-07-23T00:00:00+00:00:p02:4 + GEFS:2019-07-23T00:00:00+00:00:p02:6 + GEFS:2019-07-23T00:00:00+00:00:p02:8 + GEFS:2019-07-23T00:00:00+00:00:p02:9,,,data/manifests/phase1e/2019-07/daily/source_2019072300.json,5db63fd4b7fa706dce1c871de82df5b643cc708ad6acb5734aa00a805ce2749a
2019072300,2019-07,day2_24h,p02,FAIL,ValueError: materially negative reconstructed precipitation for 33--36,PASS,,1,5,0,,(GEFS:2019-07-23T00:00:00+00:00:p02:10 - GEFS:2019-07-23T00:00:00+00:00:p02:9) + GEFS:2019-07-23T00:00:00+00:00:p02:12 + GEFS:2019-07-23T00:00:00+00:00:p02:14 + GEFS:2019-07-23T00:00:00+00:00:p02:16 + GEFS:2019-07-23T00:00:00+00:00:p02:17,,,data/manifests/phase1e/2019-07/daily/source_2019072300.json,5db63fd4b7fa706dce1c871de82df5b643cc708ad6acb5734aa00a805ce2749a
2019072300,2019-07,day3_24h,p02,PASS,,PASS,,1,5,71,-0.050000000000000044,(GEFS:2019-07-23T00:00:00+00:00:p02:18 - GEFS:2019-07-23T00:00:00+00:00:p02:17) + GEFS:2019-07-23T00:00:00+00:00:p02:20 + GEFS:2019-07-23T00:00:00+00:00:p02:22 + GEFS:2019-07-23T00:00:00+00:00:p02:24 + GEFS:2019-07-23T00:00:00+00:00:p02:25,0.05000000000000071,0.0004706372344865574,data/manifests/phase1e/2019-07/daily/source_2019072300.json,5db63fd4b7fa706dce1c871de82df5b643cc708ad6acb5734aa00a805ce2749a
2019072300,2019-07,day1_24h,p03,FAIL,ValueError: materially negative reconstructed precipitation for 21--24,PASS,,1,5,0,,(GEFS:2019-07-23T00:00:00+00:00:p03:2 - GEFS:2019-07-23T00:00:00+00:00:p03:1) + GEFS:2019-07-23T00:00:00+00:00:p03:4 + GEFS:2019-07-23T00:00:00+00:00:p03:6 + GEFS:2019-07-23T00:00:00+00:00:p03:8 + GEFS:2019-07-23T00:00:00+00:00:p03:9,,,data/manifests/phase1e/2019-07/daily/source_2019072300.json,5db63fd4b7fa706dce1c871de82df5b643cc708ad6acb5734aa00a805ce2749a
2019072300,2019-07,day2_24h,p03,FAIL,ValueError: materially negative reconstructed precipitation for 33--36,PASS,,1,5,0,,(GEFS:2019-07-23T00:00:00+00:00:p03:10 - GEFS:2019-07-23T00:00:00+00:00:p03:9) + GEFS:2019-07-23T00:00:00+00:00:p03:12 + GEFS:2019-07-23T00:00:00+00:00:p03:14 + GEFS:2019-07-23T00:00:00+00:00:p03:16 + GEFS:2019-07-23T00:00:00+00:00:p03:17,,,data/manifests/phase1e/2019-07/daily/source_2019072300.json,5db63fd4b7fa706dce1c871de82df5b643cc708ad6acb5734aa00a805ce2749a
2019072300,2019-07,day3_24h,p03,FAIL,ValueError: materially negative reconstructed precipitation for 57--60,PASS,,1,5,0,,(GEFS:2019-07-23T00:00:00+00:00:p03:18 - GEFS:2019-07-23T00:00:00+00:00:p03:17) + GEFS:2019-07-23T00:00:00+00:00:p03:20 + GEFS:2019-07-23T00:00:00+00:00:p03:22 + GEFS:2019-07-23T00:00:00+00:00:p03:24 + GEFS:2019-07-23T00:00:00+00:00:p03:25,,,data/manifests/phase1e/2019-07/daily/source_2019072300.json,5db63fd4b7fa706dce1c871de82df5b643cc708ad6acb5734aa00a805ce2749a
2019072300,2019-07,day1_24h,p04,FAIL,ValueError: materially negative reconstructed precipitation for 21--24,PASS,,1,5,0,,(GEFS:2019-07-23T00:00:00+00:00:p04:2 - GEFS:2019-07-23T00:00:00+00:00:p04:1) + GEFS:2019-07-23T00:00:00+00:00:p04:4 + GEFS:2019-07-23T00:00:00+00:00:p04:6 + GEFS:2019-07-23T00:00:00+00:00:p04:8 + GEFS:2019-07-23T00:00:00+00:00:p04:9,,,data/manifests/phase1e/2019-07/daily/source_2019072300.json,5db63fd4b7fa706dce1c871de82df5b643cc708ad6acb5734aa00a805ce2749a
2019072300,2019-07,day2_24h,p04,PASS,,PASS,,1,5,0,,(GEFS:2019-07-23T00:00:00+00:00:p04:10 - GEFS:2019-07-23T00:00:00+00:00:p04:9) + GEFS:2019-07-23T00:00:00+00:00:p04:12 + GEFS:2019-07-23T00:00:00+00:00:p04:14 + GEFS:2019-07-23T00:00:00+00:00:p04:16 + GEFS:2019-07-23T00:00:00+00:00:p04:17,1.4210854715202004e-14,4.982709603333832e-16,data/manifests/phase1e/2019-07/daily/source_2019072300.json,5db63fd4b7fa706dce1c871de82df5b643cc708ad6acb5734aa00a805ce2749a
2019072300,2019-07,day3_24h,p04,FAIL,ValueError: materially negative reconstructed precipitation for 51--54,FAIL,ValueError: negative difference exceeds packing bound for 51--54,,,,,,,,data/manifests/phase1e/2019-07/daily/source_2019072300.json,5db63fd4b7fa706dce1c871de82df5b643cc708ad6acb5734aa00a805ce2749a
2019072400,2019-07,day1_24h,c00,FAIL,ValueError: materially negative reconstructed precipitation for 15--18,PASS,,1,5,0,,(GEFS:2019-07-24T00:00:00+00:00:c00:2 - GEFS:2019-07-24T00:00:00+00:00:c00:1) + GEFS:2019-07-24T00:00:00+00:00:c00:4 + GEFS:2019-07-24T00:00:00+00:00:c00:6 + GEFS:2019-07-24T00:00:00+00:00:c00:8 + GEFS:2019-07-24T00:00:00+00:00:c00:9,,,data/manifests/phase1e/2019-07/daily/source_2019072400.json,eb1925d1cb2af5e2fc69142bbfddcd33044411c85acc9f34395b86088e05e613
2019072400,2019-07,day2_24h,c00,FAIL,ValueError: materially negative reconstructed precipitation for 33--36,PASS,,1,5,0,,(GEFS:2019-07-24T00:00:00+00:00:c00:10 - GEFS:2019-07-24T00:00:00+00:00:c00:9) + GEFS:2019-07-24T00:00:00+00:00:c00:12 + GEFS:2019-07-24T00:00:00+00:00:c00:14 + GEFS:2019-07-24T00:00:00+00:00:c00:16 + GEFS:2019-07-24T00:00:00+00:00:c00:17,,,data/manifests/phase1e/2019-07/daily/source_2019072400.json,eb1925d1cb2af5e2fc69142bbfddcd33044411c85acc9f34395b86088e05e613
2019072400,2019-07,day3_24h,c00,FAIL,ValueError: materially negative reconstructed precipitation for 51--54,FAIL,ValueError: negative difference exceeds packing bound for 51--54,,,,,,,,data/manifests/phase1e/2019-07/daily/source_2019072400.json,eb1925d1cb2af5e2fc69142bbfddcd33044411c85acc9f34395b86088e05e613
2019072400,2019-07,day1_24h,p01,FAIL,ValueError: materially negative reconstructed precipitation for 9--12,PASS,,1,5,0,,(GEFS:2019-07-24T00:00:00+00:00:p01:2 - GEFS:2019-07-24T00:00:00+00:00:p01:1) + GEFS:2019-07-24T00:00:00+00:00:p01:4 + GEFS:2019-07-24T00:00:00+00:00:p01:6 + GEFS:2019-07-24T00:00:00+00:00:p01:8 + GEFS:2019-07-24T00:00:00+00:00:p01:9,,,data/manifests/phase1e/2019-07/daily/source_2019072400.json,eb1925d1cb2af5e2fc69142bbfddcd33044411c85acc9f34395b86088e05e613
2019072400,2019-07,day2_24h,p01,FAIL,ValueError: materially negative reconstructed precipitation for 27--30,FAIL,ValueError: negative difference exceeds packing bound for 27--30,,,,,,,,data/manifests/phase1e/2019-07/daily/source_2019072400.json,eb1925d1cb2af5e2fc69142bbfddcd33044411c85acc9f34395b86088e05e613
2019072400,2019-07,day3_24h,p01,PASS,,PASS,,1,5,0,,(GEFS:2019-07-24T00:00:00+00:00:p01:18 - GEFS:2019-07-24T00:00:00+00:00:p01:17) + GEFS:2019-07-24T00:00:00+00:00:p01:20 + GEFS:2019-07-24T00:00:00+00:00:p01:22 + GEFS:2019-07-24T00:00:00+00:00:p01:24 + GEFS:2019-07-24T00:00:00+00:00:p01:25,1.4210854715202004e-14,7.350314535377546e-16,data/manifests/phase1e/2019-07/daily/source_2019072400.json,eb1925d1cb2af5e2fc69142bbfddcd33044411c85acc9f34395b86088e05e613
2019072400,2019-07,day1_24h,p02,FAIL,ValueError: materially negative reconstructed precipitation for 15--18,PASS,,1,5,0,,(GEFS:2019-07-24T00:00:00+00:00:p02:2 - GEFS:2019-07-24T00:00:00+00:00:p02:1) + GEFS:2019-07-24T00:00:00+00:00:p02:4 + GEFS:2019-07-24T00:00:00+00:00:p02:6 + GEFS:2019-07-24T00:00:00+00:00:p02:8 + GEFS:2019-07-24T00:00:00+00:00:p02:9,,,data/manifests/phase1e/2019-07/daily/source_2019072400.json,eb1925d1cb2af5e2fc69142bbfddcd33044411c85acc9f34395b86088e05e613
2019072400,2019-07,day2_24h,p02,PASS,,PASS,,1,5,0,,(GEFS:2019-07-24T00:00:00+00:00:p02:10 - GEFS:2019-07-24T00:00:00+00:00:p02:9) + GEFS:2019-07-24T00:00:00+00:00:p02:12 + GEFS:2019-07-24T00:00:00+00:00:p02:14 + GEFS:2019-07-24T00:00:00+00:00:p02:16 + GEFS:2019-07-24T00:00:00+00:00:p02:17,1.4210854715202004e-14,3.707756486029495e-16,data/manifests/phase1e/2019-07/daily/source_2019072400.json,eb1925d1cb2af5e2fc69142bbfddcd33044411c85acc9f34395b86088e05e613
2019072400,2019-07,day3_24h,p02,FAIL,ValueError: materially negative reconstructed precipitation for 63--66,PASS,,1,5,0,,(GEFS:2019-07-24T00:00:00+00:00:p02:18 - GEFS:2019-07-24T00:00:00+00:00:p02:17) + GEFS:2019-07-24T00:00:00+00:00:p02:20 + GEFS:2019-07-24T00:00:00+00:00:p02:22 + GEFS:2019-07-24T00:00:00+00:00:p02:24 + GEFS:2019-07-24T00:00:00+00:00:p02:25,,,data/manifests/phase1e/2019-07/daily/source_2019072400.json,eb1925d1cb2af5e2fc69142bbfddcd33044411c85acc9f34395b86088e05e613
2019072400,2019-07,day1_24h,p03,FAIL,ValueError: materially negative reconstructed precipitation for 15--18,PASS,,1,5,0,,(GEFS:2019-07-24T00:00:00+00:00:p03:2 - GEFS:2019-07-24T00:00:00+00:00:p03:1) + GEFS:2019-07-24T00:00:00+00:00:p03:4 + GEFS:2019-07-24T00:00:00+00:00:p03:6 + GEFS:2019-07-24T00:00:00+00:00:p03:8 + GEFS:2019-07-24T00:00:00+00:00:p03:9,,,data/manifests/phase1e/2019-07/daily/source_2019072400.json,eb1925d1cb2af5e2fc69142bbfddcd33044411c85acc9f34395b86088e05e613
2019072400,2019-07,day2_24h,p03,PASS,,PASS,,1,5,0,,(GEFS:2019-07-24T00:00:00+00:00:p03:10 - GEFS:2019-07-24T00:00:00+00:00:p03:9) + GEFS:2019-07-24T00:00:00+00:00:p03:12 + GEFS:2019-07-24T00:00:00+00:00:p03:14 + GEFS:2019-07-24T00:00:00+00:00:p03:16 + GEFS:2019-07-24T00:00:00+00:00:p03:17,1.4210854715202004e-14,6.485626048893147e-16,data/manifests/phase1e/2019-07/daily/source_2019072400.json,eb1925d1cb2af5e2fc69142bbfddcd33044411c85acc9f34395b86088e05e613
2019072400,2019-07,day3_24h,p03,FAIL,ValueError: materially negative reconstructed precipitation for 57--60,PASS,,1,5,0,,(GEFS:2019-07-24T00:00:00+00:00:p03:18 - GEFS:2019-07-24T00:00:00+00:00:p03:17) + GEFS:2019-07-24T00:00:00+00:00:p03:20 + GEFS:2019-07-24T00:00:00+00:00:p03:22 + GEFS:2019-07-24T00:00:00+00:00:p03:24 + GEFS:2019-07-24T00:00:00+00:00:p03:25,,,data/manifests/phase1e/2019-07/daily/source_2019072400.json,eb1925d1cb2af5e2fc69142bbfddcd33044411c85acc9f34395b86088e05e613
2019072400,2019-07,day1_24h,p04,FAIL,ValueError: materially negative reconstructed precipitation for 21--24,PASS,,1,5,0,,(GEFS:2019-07-24T00:00:00+00:00:p04:2 - GEFS:2019-07-24T00:00:00+00:00:p04:1) + GEFS:2019-07-24T00:00:00+00:00:p04:4 + GEFS:2019-07-24T00:00:00+00:00:p04:6 + GEFS:2019-07-24T00:00:00+00:00:p04:8 + GEFS:2019-07-24T00:00:00+00:00:p04:9,,,data/manifests/phase1e/2019-07/daily/source_2019072400.json,eb1925d1cb2af5e2fc69142bbfddcd33044411c85acc9f34395b86088e05e613
2019072400,2019-07,day2_24h,p04,FAIL,ValueError: materially negative reconstructed precipitation for 27--30,FAIL,ValueError: negative difference exceeds packing bound for 27--30,,,,,,,,data/manifests/phase1e/2019-07/daily/source_2019072400.json,eb1925d1cb2af5e2fc69142bbfddcd33044411c85acc9f34395b86088e05e613
2019072400,2019-07,day3_24h,p04,FAIL,ValueError: materially negative reconstructed precipitation for 57--60,PASS,,1,5,0,,(GEFS:2019-07-24T00:00:00+00:00:p04:18 - GEFS:2019-07-24T00:00:00+00:00:p04:17) + GEFS:2019-07-24T00:00:00+00:00:p04:20 + GEFS:2019-07-24T00:00:00+00:00:p04:22 + GEFS:2019-07-24T00:00:00+00:00:p04:24 + GEFS:2019-07-24T00:00:00+00:00:p04:25,,,data/manifests/phase1e/2019-07/daily/source_2019072400.json,eb1925d1cb2af5e2fc69142bbfddcd33044411c85acc9f34395b86088e05e613
2019072500,2019-07,day1_24h,c00,FAIL,ValueError: materially negative reconstructed precipitation for 15--18,PASS,,1,5,0,,(GEFS:2019-07-25T00:00:00+00:00:c00:2 - GEFS:2019-07-25T00:00:00+00:00:c00:1) + GEFS:2019-07-25T00:00:00+00:00:c00:4 + GEFS:2019-07-25T00:00:00+00:00:c00:6 + GEFS:2019-07-25T00:00:00+00:00:c00:8 + GEFS:2019-07-25T00:00:00+00:00:c00:9,,,data/manifests/phase1e/2019-07/daily/source_2019072500.json,df154f26c9ea0aca136001ba8d7b67b8e6744c4b62c65c696bb6e58af4c38a11
2019072500,2019-07,day2_24h,c00,FAIL,ValueError: materially negative reconstructed precipitation for 33--36,PASS,,1,5,0,,(GEFS:2019-07-25T00:00:00+00:00:c00:10 - GEFS:2019-07-25T00:00:00+00:00:c00:9) + GEFS:2019-07-25T00:00:00+00:00:c00:12 + GEFS:2019-07-25T00:00:00+00:00:c00:14 + GEFS:2019-07-25T00:00:00+00:00:c00:16 + GEFS:2019-07-25T00:00:00+00:00:c00:17,,,data/manifests/phase1e/2019-07/daily/source_2019072500.json,df154f26c9ea0aca136001ba8d7b67b8e6744c4b62c65c696bb6e58af4c38a11
2019072500,2019-07,day3_24h,c00,FAIL,ValueError: materially negative reconstructed precipitation for 51--54,FAIL,ValueError: negative difference exceeds packing bound for 51--54,,,,,,,,data/manifests/phase1e/2019-07/daily/source_2019072500.json,df154f26c9ea0aca136001ba8d7b67b8e6744c4b62c65c696bb6e58af4c38a11
2019072500,2019-07,day1_24h,p01,FAIL,ValueError: materially negative reconstructed precipitation for 15--18,PASS,,1,5,101,-0.04999999999999999,(GEFS:2019-07-25T00:00:00+00:00:p01:2 - GEFS:2019-07-25T00:00:00+00:00:p01:1) + GEFS:2019-07-25T00:00:00+00:00:p01:4 + GEFS:2019-07-25T00:00:00+00:00:p01:6 + GEFS:2019-07-25T00:00:00+00:00:p01:8 + GEFS:2019-07-25T00:00:00+00:00:p01:9,,,data/manifests/phase1e/2019-07/daily/source_2019072500.json,df154f26c9ea0aca136001ba8d7b67b8e6744c4b62c65c696bb6e58af4c38a11
2019072500,2019-07,day2_24h,p01,FAIL,ValueError: materially negative reconstructed precipitation for 33--36,PASS,,1,5,0,,(GEFS:2019-07-25T00:00:00+00:00:p01:10 - GEFS:2019-07-25T00:00:00+00:00:p01:9) + GEFS:2019-07-25T00:00:00+00:00:p01:12 + GEFS:2019-07-25T00:00:00+00:00:p01:14 + GEFS:2019-07-25T00:00:00+00:00:p01:16 + GEFS:2019-07-25T00:00:00+00:00:p01:17,,,data/manifests/phase1e/2019-07/daily/source_2019072500.json,df154f26c9ea0aca136001ba8d7b67b8e6744c4b62c65c696bb6e58af4c38a11
2019072500,2019-07,day3_24h,p01,FAIL,ValueError: materially negative reconstructed precipitation for 51--54,FAIL,ValueError: negative difference exceeds packing bound for 51--54,,,,,,,,data/manifests/phase1e/2019-07/daily/source_2019072500.json,df154f26c9ea0aca136001ba8d7b67b8e6744c4b62c65c696bb6e58af4c38a11
2019072500,2019-07,day1_24h,p02,FAIL,ValueError: materially negative reconstructed precipitation for 9--12,PASS,,1,5,0,,(GEFS:2019-07-25T00:00:00+00:00:p02:2 - GEFS:2019-07-25T00:00:00+00:00:p02:1) + GEFS:2019-07-25T00:00:00+00:00:p02:4 + GEFS:2019-07-25T00:00:00+00:00:p02:6 + GEFS:2019-07-25T00:00:00+00:00:p02:8 + GEFS:2019-07-25T00:00:00+00:00:p02:9,,,data/manifests/phase1e/2019-07/daily/source_2019072500.json,df154f26c9ea0aca136001ba8d7b67b8e6744c4b62c65c696bb6e58af4c38a11
2019072500,2019-07,day2_24h,p02,FAIL,ValueError: materially negative reconstructed precipitation for 39--42,PASS,,1,5,0,,(GEFS:2019-07-25T00:00:00+00:00:p02:10 - GEFS:2019-07-25T00:00:00+00:00:p02:9) + GEFS:2019-07-25T00:00:00+00:00:p02:12 + GEFS:2019-07-25T00:00:00+00:00:p02:14 + GEFS:2019-07-25T00:00:00+00:00:p02:16 + GEFS:2019-07-25T00:00:00+00:00:p02:17,,,data/manifests/phase1e/2019-07/daily/source_2019072500.json,df154f26c9ea0aca136001ba8d7b67b8e6744c4b62c65c696bb6e58af4c38a11
2019072500,2019-07,day3_24h,p02,FAIL,ValueError: materially negative reconstructed precipitation for 51--54,FAIL,ValueError: negative difference exceeds packing bound for 51--54,,,,,,,,data/manifests/phase1e/2019-07/daily/source_2019072500.json,df154f26c9ea0aca136001ba8d7b67b8e6744c4b62c65c696bb6e58af4c38a11
2019072500,2019-07,day1_24h,p03,PASS,,PASS,,1,5,70,-0.04999999999999999,(GEFS:2019-07-25T00:00:00+00:00:p03:2 - GEFS:2019-07-25T00:00:00+00:00:p03:1) + GEFS:2019-07-25T00:00:00+00:00:p03:4 + GEFS:2019-07-25T00:00:00+00:00:p03:6 + GEFS:2019-07-25T00:00:00+00:00:p03:8 + GEFS:2019-07-25T00:00:00+00:00:p03:9,1.4210854715202004e-14,5.976985762725853e-16,data/manifests/phase1e/2019-07/daily/source_2019072500.json,df154f26c9ea0aca136001ba8d7b67b8e6744c4b62c65c696bb6e58af4c38a11
2019072500,2019-07,day2_24h,p03,FAIL,ValueError: materially negative reconstructed precipitation for 39--42,PASS,,1,5,0,,(GEFS:2019-07-25T00:00:00+00:00:p03:10 - GEFS:2019-07-25T00:00:00+00:00:p03:9) + GEFS:2019-07-25T00:00:00+00:00:p03:12 + GEFS:2019-07-25T00:00:00+00:00:p03:14 + GEFS:2019-07-25T00:00:00+00:00:p03:16 + GEFS:2019-07-25T00:00:00+00:00:p03:17,,,data/manifests/phase1e/2019-07/daily/source_2019072500.json,df154f26c9ea0aca136001ba8d7b67b8e6744c4b62c65c696bb6e58af4c38a11
2019072500,2019-07,day3_24h,p03,FAIL,ValueError: materially negative reconstructed precipitation for 51--54,FAIL,ValueError: negative difference exceeds packing bound for 51--54,,,,,,,,data/manifests/phase1e/2019-07/daily/source_2019072500.json,df154f26c9ea0aca136001ba8d7b67b8e6744c4b62c65c696bb6e58af4c38a11
2019072500,2019-07,day1_24h,p04,PASS,,PASS,,1,5,86,-0.050000000000000044,(GEFS:2019-07-25T00:00:00+00:00:p04:2 - GEFS:2019-07-25T00:00:00+00:00:p04:1) + GEFS:2019-07-25T00:00:00+00:00:p04:4 + GEFS:2019-07-25T00:00:00+00:00:p04:6 + GEFS:2019-07-25T00:00:00+00:00:p04:8 + GEFS:2019-07-25T00:00:00+00:00:p04:9,1.4210854715202004e-14,7.294364103899144e-16,data/manifests/phase1e/2019-07/daily/source_2019072500.json,df154f26c9ea0aca136001ba8d7b67b8e6744c4b62c65c696bb6e58af4c38a11
2019072500,2019-07,day2_24h,p04,PASS,,PASS,,1,5,0,,(GEFS:2019-07-25T00:00:00+00:00:p04:10 - GEFS:2019-07-25T00:00:00+00:00:p04:9) + GEFS:2019-07-25T00:00:00+00:00:p04:12 + GEFS:2019-07-25T00:00:00+00:00:p04:14 + GEFS:2019-07-25T00:00:00+00:00:p04:16 + GEFS:2019-07-25T00:00:00+00:00:p04:17,1.4210854715202004e-14,4.00484865317721e-16,data/manifests/phase1e/2019-07/daily/source_2019072500.json,df154f26c9ea0aca136001ba8d7b67b8e6744c4b62c65c696bb6e58af4c38a11
2019072500,2019-07,day3_24h,p04,FAIL,ValueError: materially negative reconstructed precipitation for 57--60,PASS,,1,5,0,,(GEFS:2019-07-25T00:00:00+00:00:p04:18 - GEFS:2019-07-25T00:00:00+00:00:p04:17) + GEFS:2019-07-25T00:00:00+00:00:p04:20 + GEFS:2019-07-25T00:00:00+00:00:p04:22 + GEFS:2019-07-25T00:00:00+00:00:p04:24 + GEFS:2019-07-25T00:00:00+00:00:p04:25,,,data/manifests/phase1e/2019-07/daily/source_2019072500.json,df154f26c9ea0aca136001ba8d7b67b8e6744c4b62c65c696bb6e58af4c38a11
2019072600,2019-07,day1_24h,c00,FAIL,ValueError: materially negative reconstructed precipitation for 9--12,PASS,,1,5,0,,(GEFS:2019-07-26T00:00:00+00:00:c00:2 - GEFS:2019-07-26T00:00:00+00:00:c00:1) + GEFS:2019-07-26T00:00:00+00:00:c00:4 + GEFS:2019-07-26T00:00:00+00:00:c00:6 + GEFS:2019-07-26T00:00:00+00:00:c00:8 + GEFS:2019-07-26T00:00:00+00:00:c00:9,,,data/manifests/phase1e/2019-07/daily/source_2019072600.json,44839a139653d78e4c35402fc1098ce398ecf022a19d5008aa5460b65b68c1d9
2019072600,2019-07,day2_24h,c00,FAIL,ValueError: materially negative reconstructed precipitation for 27--30,FAIL,ValueError: negative difference exceeds packing bound for 27--30,,,,,,,,data/manifests/phase1e/2019-07/daily/source_2019072600.json,44839a139653d78e4c35402fc1098ce398ecf022a19d5008aa5460b65b68c1d9
2019072600,2019-07,day3_24h,c00,FAIL,ValueError: materially negative reconstructed precipitation for 51--54,FAIL,ValueError: negative difference exceeds packing bound for 51--54,,,,,,,,data/manifests/phase1e/2019-07/daily/source_2019072600.json,44839a139653d78e4c35402fc1098ce398ecf022a19d5008aa5460b65b68c1d9
2019072600,2019-07,day1_24h,p01,FAIL,ValueError: materially negative reconstructed precipitation for 15--18,PASS,,1,5,0,,(GEFS:2019-07-26T00:00:00+00:00:p01:2 - GEFS:2019-07-26T00:00:00+00:00:p01:1) + GEFS:2019-07-26T00:00:00+00:00:p01:4 + GEFS:2019-07-26T00:00:00+00:00:p01:6 + GEFS:2019-07-26T00:00:00+00:00:p01:8 + GEFS:2019-07-26T00:00:00+00:00:p01:9,,,data/manifests/phase1e/2019-07/daily/source_2019072600.json,44839a139653d78e4c35402fc1098ce398ecf022a19d5008aa5460b65b68c1d9
2019072600,2019-07,day2_24h,p01,FAIL,ValueError: materially negative reconstructed precipitation for 27--30,FAIL,ValueError: negative difference exceeds packing bound for 27--30,,,,,,,,data/manifests/phase1e/2019-07/daily/source_2019072600.json,44839a139653d78e4c35402fc1098ce398ecf022a19d5008aa5460b65b68c1d9
2019072600,2019-07,day3_24h,p01,FAIL,ValueError: materially negative reconstructed precipitation for 57--60,PASS,,1,5,0,,(GEFS:2019-07-26T00:00:00+00:00:p01:18 - GEFS:2019-07-26T00:00:00+00:00:p01:17) + GEFS:2019-07-26T00:00:00+00:00:p01:20 + GEFS:2019-07-26T00:00:00+00:00:p01:22 + GEFS:2019-07-26T00:00:00+00:00:p01:24 + GEFS:2019-07-26T00:00:00+00:00:p01:25,,,data/manifests/phase1e/2019-07/daily/source_2019072600.json,44839a139653d78e4c35402fc1098ce398ecf022a19d5008aa5460b65b68c1d9
2019072600,2019-07,day1_24h,p02,PASS,,PASS,,1,5,96,-0.04999999999999999,(GEFS:2019-07-26T00:00:00+00:00:p02:2 - GEFS:2019-07-26T00:00:00+00:00:p02:1) + GEFS:2019-07-26T00:00:00+00:00:p02:4 + GEFS:2019-07-26T00:00:00+00:00:p02:6 + GEFS:2019-07-26T00:00:00+00:00:p02:8 + GEFS:2019-07-26T00:00:00+00:00:p02:9,1.4210854715202004e-14,6.320317955888777e-16,data/manifests/phase1e/2019-07/daily/source_2019072600.json,44839a139653d78e4c35402fc1098ce398ecf022a19d5008aa5460b65b68c1d9
2019072600,2019-07,day2_24h,p02,FAIL,ValueError: materially negative reconstructed precipitation for 39--42,PASS,,1,5,0,,(GEFS:2019-07-26T00:00:00+00:00:p02:10 - GEFS:2019-07-26T00:00:00+00:00:p02:9) + GEFS:2019-07-26T00:00:00+00:00:p02:12 + GEFS:2019-07-26T00:00:00+00:00:p02:14 + GEFS:2019-07-26T00:00:00+00:00:p02:16 + GEFS:2019-07-26T00:00:00+00:00:p02:17,,,data/manifests/phase1e/2019-07/daily/source_2019072600.json,44839a139653d78e4c35402fc1098ce398ecf022a19d5008aa5460b65b68c1d9
2019072600,2019-07,day3_24h,p02,FAIL,ValueError: materially negative reconstructed precipitation for 51--54,FAIL,ValueError: negative difference exceeds packing bound for 51--54,,,,,,,,data/manifests/phase1e/2019-07/daily/source_2019072600.json,44839a139653d78e4c35402fc1098ce398ecf022a19d5008aa5460b65b68c1d9
2019072600,2019-07,day1_24h,p03,FAIL,ValueError: materially negative reconstructed precipitation for 9--12,PASS,,1,5,0,,(GEFS:2019-07-26T00:00:00+00:00:p03:2 - GEFS:2019-07-26T00:00:00+00:00:p03:1) + GEFS:2019-07-26T00:00:00+00:00:p03:4 + GEFS:2019-07-26T00:00:00+00:00:p03:6 + GEFS:2019-07-26T00:00:00+00:00:p03:8 + GEFS:2019-07-26T00:00:00+00:00:p03:9,,,data/manifests/phase1e/2019-07/daily/source_2019072600.json,44839a139653d78e4c35402fc1098ce398ecf022a19d5008aa5460b65b68c1d9
2019072600,2019-07,day2_24h,p03,PASS,,PASS,,1,5,0,,(GEFS:2019-07-26T00:00:00+00:00:p03:10 - GEFS:2019-07-26T00:00:00+00:00:p03:9) + GEFS:2019-07-26T00:00:00+00:00:p03:12 + GEFS:2019-07-26T00:00:00+00:00:p03:14 + GEFS:2019-07-26T00:00:00+00:00:p03:16 + GEFS:2019-07-26T00:00:00+00:00:p03:17,2.842170943040401e-14,4.373150460388346e-16,data/manifests/phase1e/2019-07/daily/source_2019072600.json,44839a139653d78e4c35402fc1098ce398ecf022a19d5008aa5460b65b68c1d9
2019072600,2019-07,day3_24h,p03,PASS,,PASS,,1,5,0,,(GEFS:2019-07-26T00:00:00+00:00:p03:18 - GEFS:2019-07-26T00:00:00+00:00:p03:17) + GEFS:2019-07-26T00:00:00+00:00:p03:20 + GEFS:2019-07-26T00:00:00+00:00:p03:22 + GEFS:2019-07-26T00:00:00+00:00:p03:24 + GEFS:2019-07-26T00:00:00+00:00:p03:25,1.4210854715202004e-14,5.616544759937303e-16,data/manifests/phase1e/2019-07/daily/source_2019072600.json,44839a139653d78e4c35402fc1098ce398ecf022a19d5008aa5460b65b68c1d9
2019072600,2019-07,day1_24h,p04,FAIL,ValueError: materially negative reconstructed precipitation for 15--18,PASS,,1,5,68,-0.04999999999999999,(GEFS:2019-07-26T00:00:00+00:00:p04:2 - GEFS:2019-07-26T00:00:00+00:00:p04:1) + GEFS:2019-07-26T00:00:00+00:00:p04:4 + GEFS:2019-07-26T00:00:00+00:00:p04:6 + GEFS:2019-07-26T00:00:00+00:00:p04:8 + GEFS:2019-07-26T00:00:00+00:00:p04:9,,,data/manifests/phase1e/2019-07/daily/source_2019072600.json,44839a139653d78e4c35402fc1098ce398ecf022a19d5008aa5460b65b68c1d9
2019072600,2019-07,day2_24h,p04,PASS,,PASS,,1,5,0,,(GEFS:2019-07-26T00:00:00+00:00:p04:10 - GEFS:2019-07-26T00:00:00+00:00:p04:9) + GEFS:2019-07-26T00:00:00+00:00:p04:12 + GEFS:2019-07-26T00:00:00+00:00:p04:14 + GEFS:2019-07-26T00:00:00+00:00:p04:16 + GEFS:2019-07-26T00:00:00+00:00:p04:17,2.842170943040401e-14,4.1893463569778917e-16,data/manifests/phase1e/2019-07/daily/source_2019072600.json,44839a139653d78e4c35402fc1098ce398ecf022a19d5008aa5460b65b68c1d9
2019072600,2019-07,day3_24h,p04,FAIL,ValueError: materially negative reconstructed precipitation for 57--60,PASS,,1,5,0,,(GEFS:2019-07-26T00:00:00+00:00:p04:18 - GEFS:2019-07-26T00:00:00+00:00:p04:17) + GEFS:2019-07-26T00:00:00+00:00:p04:20 + GEFS:2019-07-26T00:00:00+00:00:p04:22 + GEFS:2019-07-26T00:00:00+00:00:p04:24 + GEFS:2019-07-26T00:00:00+00:00:p04:25,,,data/manifests/phase1e/2019-07/daily/source_2019072600.json,44839a139653d78e4c35402fc1098ce398ecf022a19d5008aa5460b65b68c1d9
2019072700,2019-07,day1_24h,c00,FAIL,ValueError: materially negative reconstructed precipitation for 9--12,PASS,,1,5,0,,(GEFS:2019-07-27T00:00:00+00:00:c00:2 - GEFS:2019-07-27T00:00:00+00:00:c00:1) + GEFS:2019-07-27T00:00:00+00:00:c00:4 + GEFS:2019-07-27T00:00:00+00:00:c00:6 + GEFS:2019-07-27T00:00:00+00:00:c00:8 + GEFS:2019-07-27T00:00:00+00:00:c00:9,,,data/manifests/phase1e/2019-07/daily/source_2019072700.json,175232cce18657f37315f236d7c96cdd929c2f188cadd2d6bf0f14ac4df65bc8
2019072700,2019-07,day2_24h,c00,FAIL,ValueError: materially negative reconstructed precipitation for 45--48,PASS,,1,5,0,,(GEFS:2019-07-27T00:00:00+00:00:c00:10 - GEFS:2019-07-27T00:00:00+00:00:c00:9) + GEFS:2019-07-27T00:00:00+00:00:c00:12 + GEFS:2019-07-27T00:00:00+00:00:c00:14 + GEFS:2019-07-27T00:00:00+00:00:c00:16 + GEFS:2019-07-27T00:00:00+00:00:c00:17,,,data/manifests/phase1e/2019-07/daily/source_2019072700.json,175232cce18657f37315f236d7c96cdd929c2f188cadd2d6bf0f14ac4df65bc8
2019072700,2019-07,day3_24h,c00,FAIL,ValueError: materially negative reconstructed precipitation for 51--54,FAIL,ValueError: negative difference exceeds packing bound for 51--54,,,,,,,,data/manifests/phase1e/2019-07/daily/source_2019072700.json,175232cce18657f37315f236d7c96cdd929c2f188cadd2d6bf0f14ac4df65bc8
2019072700,2019-07,day1_24h,p01,FAIL,ValueError: materially negative reconstructed precipitation for 9--12,PASS,,1,5,0,,(GEFS:2019-07-27T00:00:00+00:00:p01:2 - GEFS:2019-07-27T00:00:00+00:00:p01:1) + GEFS:2019-07-27T00:00:00+00:00:p01:4 + GEFS:2019-07-27T00:00:00+00:00:p01:6 + GEFS:2019-07-27T00:00:00+00:00:p01:8 + GEFS:2019-07-27T00:00:00+00:00:p01:9,,,data/manifests/phase1e/2019-07/daily/source_2019072700.json,175232cce18657f37315f236d7c96cdd929c2f188cadd2d6bf0f14ac4df65bc8
2019072700,2019-07,day2_24h,p01,FAIL,ValueError: materially negative reconstructed precipitation for 27--30,FAIL,ValueError: negative difference exceeds packing bound for 27--30,,,,,,,,data/manifests/phase1e/2019-07/daily/source_2019072700.json,175232cce18657f37315f236d7c96cdd929c2f188cadd2d6bf0f14ac4df65bc8
2019072700,2019-07,day3_24h,p01,FAIL,ValueError: materially negative reconstructed precipitation for 51--54,FAIL,ValueError: negative difference exceeds packing bound for 51--54,,,,,,,,data/manifests/phase1e/2019-07/daily/source_2019072700.json,175232cce18657f37315f236d7c96cdd929c2f188cadd2d6bf0f14ac4df65bc8
2019072700,2019-07,day1_24h,p02,FAIL,ValueError: materially negative reconstructed precipitation for 21--24,PASS,,1,5,80,-0.050000000000000044,(GEFS:2019-07-27T00:00:00+00:00:p02:2 - GEFS:2019-07-27T00:00:00+00:00:p02:1) + GEFS:2019-07-27T00:00:00+00:00:p02:4 + GEFS:2019-07-27T00:00:00+00:00:p02:6 + GEFS:2019-07-27T00:00:00+00:00:p02:8 + GEFS:2019-07-27T00:00:00+00:00:p02:9,,,data/manifests/phase1e/2019-07/daily/source_2019072700.json,175232cce18657f37315f236d7c96cdd929c2f188cadd2d6bf0f14ac4df65bc8
2019072700,2019-07,day2_24h,p02,FAIL,ValueError: materially negative reconstructed precipitation for 27--30,FAIL,ValueError: negative difference exceeds packing bound for 27--30,,,,,,,,data/manifests/phase1e/2019-07/daily/source_2019072700.json,175232cce18657f37315f236d7c96cdd929c2f188cadd2d6bf0f14ac4df65bc8
2019072700,2019-07,day3_24h,p02,PASS,,PASS,,1,5,0,,(GEFS:2019-07-27T00:00:00+00:00:p02:18 - GEFS:2019-07-27T00:00:00+00:00:p02:17) + GEFS:2019-07-27T00:00:00+00:00:p02:20 + GEFS:2019-07-27T00:00:00+00:00:p02:22 + GEFS:2019-07-27T00:00:00+00:00:p02:24 + GEFS:2019-07-27T00:00:00+00:00:p02:25,1.4210854715202004e-14,4.633944207114121e-16,data/manifests/phase1e/2019-07/daily/source_2019072700.json,175232cce18657f37315f236d7c96cdd929c2f188cadd2d6bf0f14ac4df65bc8
2019072700,2019-07,day1_24h,p03,FAIL,ValueError: materially negative reconstructed precipitation for 21--24,PASS,,1,5,91,-0.050000000000000044,(GEFS:2019-07-27T00:00:00+00:00:p03:2 - GEFS:2019-07-27T00:00:00+00:00:p03:1) + GEFS:2019-07-27T00:00:00+00:00:p03:4 + GEFS:2019-07-27T00:00:00+00:00:p03:6 + GEFS:2019-07-27T00:00:00+00:00:p03:8 + GEFS:2019-07-27T00:00:00+00:00:p03:9,,,data/manifests/phase1e/2019-07/daily/source_2019072700.json,175232cce18657f37315f236d7c96cdd929c2f188cadd2d6bf0f14ac4df65bc8
2019072700,2019-07,day2_24h,p03,FAIL,ValueError: materially negative reconstructed precipitation for 39--42,PASS,,1,5,0,,(GEFS:2019-07-27T00:00:00+00:00:p03:10 - GEFS:2019-07-27T00:00:00+00:00:p03:9) + GEFS:2019-07-27T00:00:00+00:00:p03:12 + GEFS:2019-07-27T00:00:00+00:00:p03:14 + GEFS:2019-07-27T00:00:00+00:00:p03:16 + GEFS:2019-07-27T00:00:00+00:00:p03:17,,,data/manifests/phase1e/2019-07/daily/source_2019072700.json,175232cce18657f37315f236d7c96cdd929c2f188cadd2d6bf0f14ac4df65bc8
2019072700,2019-07,day3_24h,p03,FAIL,ValueError: materially negative reconstructed precipitation for 63--66,PASS,,1,5,0,,(GEFS:2019-07-27T00:00:00+00:00:p03:18 - GEFS:2019-07-27T00:00:00+00:00:p03:17) + GEFS:2019-07-27T00:00:00+00:00:p03:20 + GEFS:2019-07-27T00:00:00+00:00:p03:22 + GEFS:2019-07-27T00:00:00+00:00:p03:24 + GEFS:2019-07-27T00:00:00+00:00:p03:25,,,data/manifests/phase1e/2019-07/daily/source_2019072700.json,175232cce18657f37315f236d7c96cdd929c2f188cadd2d6bf0f14ac4df65bc8
2019072700,2019-07,day1_24h,p04,PASS,,PASS,,1,5,36,-0.04999999999999999,(GEFS:2019-07-27T00:00:00+00:00:p04:2 - GEFS:2019-07-27T00:00:00+00:00:p04:1) + GEFS:2019-07-27T00:00:00+00:00:p04:4 + GEFS:2019-07-27T00:00:00+00:00:p04:6 + GEFS:2019-07-27T00:00:00+00:00:p04:8 + GEFS:2019-07-27T00:00:00+00:00:p04:9,1.4210854715202004e-14,3.701514082517442e-16,data/manifests/phase1e/2019-07/daily/source_2019072700.json,175232cce18657f37315f236d7c96cdd929c2f188cadd2d6bf0f14ac4df65bc8
2019072700,2019-07,day2_24h,p04,FAIL,ValueError: materially negative reconstructed precipitation for 27--30,FAIL,ValueError: negative difference exceeds packing bound for 27--30,,,,,,,,data/manifests/phase1e/2019-07/daily/source_2019072700.json,175232cce18657f37315f236d7c96cdd929c2f188cadd2d6bf0f14ac4df65bc8
2019072700,2019-07,day3_24h,p04,FAIL,ValueError: materially negative reconstructed precipitation for 63--66,PASS,,1,5,0,,(GEFS:2019-07-27T00:00:00+00:00:p04:18 - GEFS:2019-07-27T00:00:00+00:00:p04:17) + GEFS:2019-07-27T00:00:00+00:00:p04:20 + GEFS:2019-07-27T00:00:00+00:00:p04:22 + GEFS:2019-07-27T00:00:00+00:00:p04:24 + GEFS:2019-07-27T00:00:00+00:00:p04:25,,,data/manifests/phase1e/2019-07/daily/source_2019072700.json,175232cce18657f37315f236d7c96cdd929c2f188cadd2d6bf0f14ac4df65bc8
2019072800,2019-07,day1_24h,c00,FAIL,ValueError: materially negative reconstructed precipitation for 21--24,PASS,,1,5,0,,(GEFS:2019-07-28T00:00:00+00:00:c00:2 - GEFS:2019-07-28T00:00:00+00:00:c00:1) + GEFS:2019-07-28T00:00:00+00:00:c00:4 + GEFS:2019-07-28T00:00:00+00:00:c00:6 + GEFS:2019-07-28T00:00:00+00:00:c00:8 + GEFS:2019-07-28T00:00:00+00:00:c00:9,,,data/manifests/phase1e/2019-07/daily/source_2019072800.json,5de542ce18d7eb2c514b163de043c55c30f2ac03e0d3004b257634dbefc9e3df
2019072800,2019-07,day2_24h,c00,FAIL,ValueError: materially negative reconstructed precipitation for 27--30,FAIL,ValueError: negative difference exceeds packing bound for 27--30,,,,,,,,data/manifests/phase1e/2019-07/daily/source_2019072800.json,5de542ce18d7eb2c514b163de043c55c30f2ac03e0d3004b257634dbefc9e3df
2019072800,2019-07,day3_24h,c00,FAIL,ValueError: materially negative reconstructed precipitation for 51--54,FAIL,ValueError: negative difference exceeds packing bound for 51--54,,,,,,,,data/manifests/phase1e/2019-07/daily/source_2019072800.json,5de542ce18d7eb2c514b163de043c55c30f2ac03e0d3004b257634dbefc9e3df
2019072800,2019-07,day1_24h,p01,PASS,,PASS,,1,5,0,,(GEFS:2019-07-28T00:00:00+00:00:p01:2 - GEFS:2019-07-28T00:00:00+00:00:p01:1) + GEFS:2019-07-28T00:00:00+00:00:p01:4 + GEFS:2019-07-28T00:00:00+00:00:p01:6 + GEFS:2019-07-28T00:00:00+00:00:p01:8 + GEFS:2019-07-28T00:00:00+00:00:p01:9,1.4210854715202004e-14,5.61377035837639e-16,data/manifests/phase1e/2019-07/daily/source_2019072800.json,5de542ce18d7eb2c514b163de043c55c30f2ac03e0d3004b257634dbefc9e3df
2019072800,2019-07,day2_24h,p01,FAIL,ValueError: materially negative reconstructed precipitation for 33--36,PASS,,1,5,0,,(GEFS:2019-07-28T00:00:00+00:00:p01:10 - GEFS:2019-07-28T00:00:00+00:00:p01:9) + GEFS:2019-07-28T00:00:00+00:00:p01:12 + GEFS:2019-07-28T00:00:00+00:00:p01:14 + GEFS:2019-07-28T00:00:00+00:00:p01:16 + GEFS:2019-07-28T00:00:00+00:00:p01:17,,,data/manifests/phase1e/2019-07/daily/source_2019072800.json,5de542ce18d7eb2c514b163de043c55c30f2ac03e0d3004b257634dbefc9e3df
2019072800,2019-07,day3_24h,p01,FAIL,ValueError: materially negative reconstructed precipitation for 63--66,PASS,,1,5,0,,(GEFS:2019-07-28T00:00:00+00:00:p01:18 - GEFS:2019-07-28T00:00:00+00:00:p01:17) + GEFS:2019-07-28T00:00:00+00:00:p01:20 + GEFS:2019-07-28T00:00:00+00:00:p01:22 + GEFS:2019-07-28T00:00:00+00:00:p01:24 + GEFS:2019-07-28T00:00:00+00:00:p01:25,,,data/manifests/phase1e/2019-07/daily/source_2019072800.json,5de542ce18d7eb2c514b163de043c55c30f2ac03e0d3004b257634dbefc9e3df
2019072800,2019-07,day1_24h,p02,PASS,,PASS,,1,5,0,,(GEFS:2019-07-28T00:00:00+00:00:p02:2 - GEFS:2019-07-28T00:00:00+00:00:p02:1) + GEFS:2019-07-28T00:00:00+00:00:p02:4 + GEFS:2019-07-28T00:00:00+00:00:p02:6 + GEFS:2019-07-28T00:00:00+00:00:p02:8 + GEFS:2019-07-28T00:00:00+00:00:p02:9,1.4210854715202004e-14,2.7769447623433477e-16,data/manifests/phase1e/2019-07/daily/source_2019072800.json,5de542ce18d7eb2c514b163de043c55c30f2ac03e0d3004b257634dbefc9e3df
2019072800,2019-07,day2_24h,p02,FAIL,ValueError: materially negative reconstructed precipitation for 27--30,FAIL,ValueError: negative difference exceeds packing bound for 27--30,,,,,,,,data/manifests/phase1e/2019-07/daily/source_2019072800.json,5de542ce18d7eb2c514b163de043c55c30f2ac03e0d3004b257634dbefc9e3df
2019072800,2019-07,day3_24h,p02,FAIL,ValueError: materially negative reconstructed precipitation for 51--54,FAIL,ValueError: negative difference exceeds packing bound for 51--54,,,,,,,,data/manifests/phase1e/2019-07/daily/source_2019072800.json,5de542ce18d7eb2c514b163de043c55c30f2ac03e0d3004b257634dbefc9e3df
2019072800,2019-07,day1_24h,p03,FAIL,ValueError: materially negative reconstructed precipitation for 15--18,PASS,,1,5,0,,(GEFS:2019-07-28T00:00:00+00:00:p03:2 - GEFS:2019-07-28T00:00:00+00:00:p03:1) + GEFS:2019-07-28T00:00:00+00:00:p03:4 + GEFS:2019-07-28T00:00:00+00:00:p03:6 + GEFS:2019-07-28T00:00:00+00:00:p03:8 + GEFS:2019-07-28T00:00:00+00:00:p03:9,,,data/manifests/phase1e/2019-07/daily/source_2019072800.json,5de542ce18d7eb2c514b163de043c55c30f2ac03e0d3004b257634dbefc9e3df
2019072800,2019-07,day2_24h,p03,FAIL,ValueError: materially negative reconstructed precipitation for 39--42,PASS,,1,5,0,,(GEFS:2019-07-28T00:00:00+00:00:p03:10 - GEFS:2019-07-28T00:00:00+00:00:p03:9) + GEFS:2019-07-28T00:00:00+00:00:p03:12 + GEFS:2019-07-28T00:00:00+00:00:p03:14 + GEFS:2019-07-28T00:00:00+00:00:p03:16 + GEFS:2019-07-28T00:00:00+00:00:p03:17,,,data/manifests/phase1e/2019-07/daily/source_2019072800.json,5de542ce18d7eb2c514b163de043c55c30f2ac03e0d3004b257634dbefc9e3df
2019072800,2019-07,day3_24h,p03,FAIL,ValueError: materially negative reconstructed precipitation for 63--66,PASS,,1,5,0,,(GEFS:2019-07-28T00:00:00+00:00:p03:18 - GEFS:2019-07-28T00:00:00+00:00:p03:17) + GEFS:2019-07-28T00:00:00+00:00:p03:20 + GEFS:2019-07-28T00:00:00+00:00:p03:22 + GEFS:2019-07-28T00:00:00+00:00:p03:24 + GEFS:2019-07-28T00:00:00+00:00:p03:25,,,data/manifests/phase1e/2019-07/daily/source_2019072800.json,5de542ce18d7eb2c514b163de043c55c30f2ac03e0d3004b257634dbefc9e3df
2019072800,2019-07,day1_24h,p04,FAIL,ValueError: materially negative reconstructed precipitation for 9--12,PASS,,1,5,0,,(GEFS:2019-07-28T00:00:00+00:00:p04:2 - GEFS:2019-07-28T00:00:00+00:00:p04:1) + GEFS:2019-07-28T00:00:00+00:00:p04:4 + GEFS:2019-07-28T00:00:00+00:00:p04:6 + GEFS:2019-07-28T00:00:00+00:00:p04:8 + GEFS:2019-07-28T00:00:00+00:00:p04:9,,,data/manifests/phase1e/2019-07/daily/source_2019072800.json,5de542ce18d7eb2c514b163de043c55c30f2ac03e0d3004b257634dbefc9e3df
2019072800,2019-07,day2_24h,p04,FAIL,ValueError: materially negative reconstructed precipitation for 39--42,PASS,,1,5,0,,(GEFS:2019-07-28T00:00:00+00:00:p04:10 - GEFS:2019-07-28T00:00:00+00:00:p04:9) + GEFS:2019-07-28T00:00:00+00:00:p04:12 + GEFS:2019-07-28T00:00:00+00:00:p04:14 + GEFS:2019-07-28T00:00:00+00:00:p04:16 + GEFS:2019-07-28T00:00:00+00:00:p04:17,,,data/manifests/phase1e/2019-07/daily/source_2019072800.json,5de542ce18d7eb2c514b163de043c55c30f2ac03e0d3004b257634dbefc9e3df
2019072800,2019-07,day3_24h,p04,FAIL,ValueError: materially negative reconstructed precipitation for 57--60,PASS,,1,5,0,,(GEFS:2019-07-28T00:00:00+00:00:p04:18 - GEFS:2019-07-28T00:00:00+00:00:p04:17) + GEFS:2019-07-28T00:00:00+00:00:p04:20 + GEFS:2019-07-28T00:00:00+00:00:p04:22 + GEFS:2019-07-28T00:00:00+00:00:p04:24 + GEFS:2019-07-28T00:00:00+00:00:p04:25,,,data/manifests/phase1e/2019-07/daily/source_2019072800.json,5de542ce18d7eb2c514b163de043c55c30f2ac03e0d3004b257634dbefc9e3df
2019072900,2019-07,day1_24h,c00,FAIL,ValueError: materially negative reconstructed precipitation for 21--24,PASS,,1,5,0,,(GEFS:2019-07-29T00:00:00+00:00:c00:2 - GEFS:2019-07-29T00:00:00+00:00:c00:1) + GEFS:2019-07-29T00:00:00+00:00:c00:4 + GEFS:2019-07-29T00:00:00+00:00:c00:6 + GEFS:2019-07-29T00:00:00+00:00:c00:8 + GEFS:2019-07-29T00:00:00+00:00:c00:9,,,data/manifests/phase1e/2019-07/daily/source_2019072900.json,3e9e11929899f18b452309e0f2b492788bc547b12b5c8e41c2560044bf93900d
2019072900,2019-07,day2_24h,c00,FAIL,ValueError: materially negative reconstructed precipitation for 33--36,PASS,,1,5,0,,(GEFS:2019-07-29T00:00:00+00:00:c00:10 - GEFS:2019-07-29T00:00:00+00:00:c00:9) + GEFS:2019-07-29T00:00:00+00:00:c00:12 + GEFS:2019-07-29T00:00:00+00:00:c00:14 + GEFS:2019-07-29T00:00:00+00:00:c00:16 + GEFS:2019-07-29T00:00:00+00:00:c00:17,,,data/manifests/phase1e/2019-07/daily/source_2019072900.json,3e9e11929899f18b452309e0f2b492788bc547b12b5c8e41c2560044bf93900d
2019072900,2019-07,day3_24h,c00,FAIL,ValueError: materially negative reconstructed precipitation for 51--54,FAIL,ValueError: negative difference exceeds packing bound for 51--54,,,,,,,,data/manifests/phase1e/2019-07/daily/source_2019072900.json,3e9e11929899f18b452309e0f2b492788bc547b12b5c8e41c2560044bf93900d
2019072900,2019-07,day1_24h,p01,FAIL,ValueError: materially negative reconstructed precipitation for 15--18,PASS,,1,5,0,,(GEFS:2019-07-29T00:00:00+00:00:p01:2 - GEFS:2019-07-29T00:00:00+00:00:p01:1) + GEFS:2019-07-29T00:00:00+00:00:p01:4 + GEFS:2019-07-29T00:00:00+00:00:p01:6 + GEFS:2019-07-29T00:00:00+00:00:p01:8 + GEFS:2019-07-29T00:00:00+00:00:p01:9,,,data/manifests/phase1e/2019-07/daily/source_2019072900.json,3e9e11929899f18b452309e0f2b492788bc547b12b5c8e41c2560044bf93900d
2019072900,2019-07,day2_24h,p01,PASS,,PASS,,1,5,0,,(GEFS:2019-07-29T00:00:00+00:00:p01:10 - GEFS:2019-07-29T00:00:00+00:00:p01:9) + GEFS:2019-07-29T00:00:00+00:00:p01:12 + GEFS:2019-07-29T00:00:00+00:00:p01:14 + GEFS:2019-07-29T00:00:00+00:00:p01:16 + GEFS:2019-07-29T00:00:00+00:00:p01:17,2.842170943040401e-14,6.321011556279005e-16,data/manifests/phase1e/2019-07/daily/source_2019072900.json,3e9e11929899f18b452309e0f2b492788bc547b12b5c8e41c2560044bf93900d
2019072900,2019-07,day3_24h,p01,PASS,,PASS,,1,5,0,,(GEFS:2019-07-29T00:00:00+00:00:p01:18 - GEFS:2019-07-29T00:00:00+00:00:p01:17) + GEFS:2019-07-29T00:00:00+00:00:p01:20 + GEFS:2019-07-29T00:00:00+00:00:p01:22 + GEFS:2019-07-29T00:00:00+00:00:p01:24 + GEFS:2019-07-29T00:00:00+00:00:p01:25,1.4210854715202004e-14,4.0510886791924185e-16,data/manifests/phase1e/2019-07/daily/source_2019072900.json,3e9e11929899f18b452309e0f2b492788bc547b12b5c8e41c2560044bf93900d
2019072900,2019-07,day1_24h,p02,PASS,,PASS,,1,5,0,,(GEFS:2019-07-29T00:00:00+00:00:p02:2 - GEFS:2019-07-29T00:00:00+00:00:p02:1) + GEFS:2019-07-29T00:00:00+00:00:p02:4 + GEFS:2019-07-29T00:00:00+00:00:p02:6 + GEFS:2019-07-29T00:00:00+00:00:p02:8 + GEFS:2019-07-29T00:00:00+00:00:p02:9,5.684341886080802e-14,9.219105186782199e-16,data/manifests/phase1e/2019-07/daily/source_2019072900.json,3e9e11929899f18b452309e0f2b492788bc547b12b5c8e41c2560044bf93900d
2019072900,2019-07,day2_24h,p02,FAIL,ValueError: materially negative reconstructed precipitation for 33--36,PASS,,1,5,0,,(GEFS:2019-07-29T00:00:00+00:00:p02:10 - GEFS:2019-07-29T00:00:00+00:00:p02:9) + GEFS:2019-07-29T00:00:00+00:00:p02:12 + GEFS:2019-07-29T00:00:00+00:00:p02:14 + GEFS:2019-07-29T00:00:00+00:00:p02:16 + GEFS:2019-07-29T00:00:00+00:00:p02:17,,,data/manifests/phase1e/2019-07/daily/source_2019072900.json,3e9e11929899f18b452309e0f2b492788bc547b12b5c8e41c2560044bf93900d
2019072900,2019-07,day3_24h,p02,FAIL,ValueError: materially negative reconstructed precipitation for 63--66,PASS,,1,5,0,,(GEFS:2019-07-29T00:00:00+00:00:p02:18 - GEFS:2019-07-29T00:00:00+00:00:p02:17) + GEFS:2019-07-29T00:00:00+00:00:p02:20 + GEFS:2019-07-29T00:00:00+00:00:p02:22 + GEFS:2019-07-29T00:00:00+00:00:p02:24 + GEFS:2019-07-29T00:00:00+00:00:p02:25,,,data/manifests/phase1e/2019-07/daily/source_2019072900.json,3e9e11929899f18b452309e0f2b492788bc547b12b5c8e41c2560044bf93900d
2019072900,2019-07,day1_24h,p03,FAIL,ValueError: materially negative reconstructed precipitation for 9--12,PASS,,1,5,0,,(GEFS:2019-07-29T00:00:00+00:00:p03:2 - GEFS:2019-07-29T00:00:00+00:00:p03:1) + GEFS:2019-07-29T00:00:00+00:00:p03:4 + GEFS:2019-07-29T00:00:00+00:00:p03:6 + GEFS:2019-07-29T00:00:00+00:00:p03:8 + GEFS:2019-07-29T00:00:00+00:00:p03:9,,,data/manifests/phase1e/2019-07/daily/source_2019072900.json,3e9e11929899f18b452309e0f2b492788bc547b12b5c8e41c2560044bf93900d
2019072900,2019-07,day2_24h,p03,FAIL,ValueError: materially negative reconstructed precipitation for 33--36,PASS,,1,5,51,-0.04,(GEFS:2019-07-29T00:00:00+00:00:p03:10 - GEFS:2019-07-29T00:00:00+00:00:p03:9) + GEFS:2019-07-29T00:00:00+00:00:p03:12 + GEFS:2019-07-29T00:00:00+00:00:p03:14 + GEFS:2019-07-29T00:00:00+00:00:p03:16 + GEFS:2019-07-29T00:00:00+00:00:p03:17,,,data/manifests/phase1e/2019-07/daily/source_2019072900.json,3e9e11929899f18b452309e0f2b492788bc547b12b5c8e41c2560044bf93900d
2019072900,2019-07,day3_24h,p03,FAIL,ValueError: materially negative reconstructed precipitation for 51--54,FAIL,ValueError: negative difference exceeds packing bound for 51--54,,,,,,,,data/manifests/phase1e/2019-07/daily/source_2019072900.json,3e9e11929899f18b452309e0f2b492788bc547b12b5c8e41c2560044bf93900d
2019072900,2019-07,day1_24h,p04,FAIL,ValueError: materially negative reconstructed precipitation for 15--18,PASS,,1,5,0,,(GEFS:2019-07-29T00:00:00+00:00:p04:2 - GEFS:2019-07-29T00:00:00+00:00:p04:1) + GEFS:2019-07-29T00:00:00+00:00:p04:4 + GEFS:2019-07-29T00:00:00+00:00:p04:6 + GEFS:2019-07-29T00:00:00+00:00:p04:8 + GEFS:2019-07-29T00:00:00+00:00:p04:9,,,data/manifests/phase1e/2019-07/daily/source_2019072900.json,3e9e11929899f18b452309e0f2b492788bc547b12b5c8e41c2560044bf93900d
2019072900,2019-07,day2_24h,p04,PASS,,PASS,,1,5,0,,(GEFS:2019-07-29T00:00:00+00:00:p04:10 - GEFS:2019-07-29T00:00:00+00:00:p04:9) + GEFS:2019-07-29T00:00:00+00:00:p04:12 + GEFS:2019-07-29T00:00:00+00:00:p04:14 + GEFS:2019-07-29T00:00:00+00:00:p04:16 + GEFS:2019-07-29T00:00:00+00:00:p04:17,4.263256414560601e-14,9.852593543190555e-16,data/manifests/phase1e/2019-07/daily/source_2019072900.json,3e9e11929899f18b452309e0f2b492788bc547b12b5c8e41c2560044bf93900d
2019072900,2019-07,day3_24h,p04,PASS,,PASS,,1,5,0,,(GEFS:2019-07-29T00:00:00+00:00:p04:18 - GEFS:2019-07-29T00:00:00+00:00:p04:17) + GEFS:2019-07-29T00:00:00+00:00:p04:20 + GEFS:2019-07-29T00:00:00+00:00:p04:22 + GEFS:2019-07-29T00:00:00+00:00:p04:24 + GEFS:2019-07-29T00:00:00+00:00:p04:25,1.4210854715202004e-14,4.3595096527138594e-16,data/manifests/phase1e/2019-07/daily/source_2019072900.json,3e9e11929899f18b452309e0f2b492788bc547b12b5c8e41c2560044bf93900d
2019073000,2019-07,day1_24h,c00,FAIL,ValueError: materially negative reconstructed precipitation for 9--12,PASS,,1,5,0,,(GEFS:2019-07-30T00:00:00+00:00:c00:2 - GEFS:2019-07-30T00:00:00+00:00:c00:1) + GEFS:2019-07-30T00:00:00+00:00:c00:4 + GEFS:2019-07-30T00:00:00+00:00:c00:6 + GEFS:2019-07-30T00:00:00+00:00:c00:8 + GEFS:2019-07-30T00:00:00+00:00:c00:9,,,data/manifests/phase1e/2019-07/daily/source_2019073000.json,7fbf69ce1a6cbce15d159c30d72346617dbed46a84db3aaae756a071cf61d569
2019073000,2019-07,day2_24h,c00,PASS,,PASS,,1,5,0,,(GEFS:2019-07-30T00:00:00+00:00:c00:10 - GEFS:2019-07-30T00:00:00+00:00:c00:9) + GEFS:2019-07-30T00:00:00+00:00:c00:12 + GEFS:2019-07-30T00:00:00+00:00:c00:14 + GEFS:2019-07-30T00:00:00+00:00:c00:16 + GEFS:2019-07-30T00:00:00+00:00:c00:17,1.4210854715202004e-14,4.0957103042970948e-16,data/manifests/phase1e/2019-07/daily/source_2019073000.json,7fbf69ce1a6cbce15d159c30d72346617dbed46a84db3aaae756a071cf61d569
2019073000,2019-07,day3_24h,c00,FAIL,ValueError: materially negative reconstructed precipitation for 69--72,PASS,,1,5,0,,(GEFS:2019-07-30T00:00:00+00:00:c00:18 - GEFS:2019-07-30T00:00:00+00:00:c00:17) + GEFS:2019-07-30T00:00:00+00:00:c00:20 + GEFS:2019-07-30T00:00:00+00:00:c00:22 + GEFS:2019-07-30T00:00:00+00:00:c00:24 + GEFS:2019-07-30T00:00:00+00:00:c00:25,,,data/manifests/phase1e/2019-07/daily/source_2019073000.json,7fbf69ce1a6cbce15d159c30d72346617dbed46a84db3aaae756a071cf61d569
2019073000,2019-07,day1_24h,p01,FAIL,ValueError: materially negative reconstructed precipitation for 15--18,PASS,,1,5,0,,(GEFS:2019-07-30T00:00:00+00:00:p01:2 - GEFS:2019-07-30T00:00:00+00:00:p01:1) + GEFS:2019-07-30T00:00:00+00:00:p01:4 + GEFS:2019-07-30T00:00:00+00:00:p01:6 + GEFS:2019-07-30T00:00:00+00:00:p01:8 + GEFS:2019-07-30T00:00:00+00:00:p01:9,,,data/manifests/phase1e/2019-07/daily/source_2019073000.json,7fbf69ce1a6cbce15d159c30d72346617dbed46a84db3aaae756a071cf61d569
2019073000,2019-07,day2_24h,p01,PASS,,PASS,,1,5,0,,(GEFS:2019-07-30T00:00:00+00:00:p01:10 - GEFS:2019-07-30T00:00:00+00:00:p01:9) + GEFS:2019-07-30T00:00:00+00:00:p01:12 + GEFS:2019-07-30T00:00:00+00:00:p01:14 + GEFS:2019-07-30T00:00:00+00:00:p01:16 + GEFS:2019-07-30T00:00:00+00:00:p01:17,7.105427357601002e-15,1.8324922309827136e-16,data/manifests/phase1e/2019-07/daily/source_2019073000.json,7fbf69ce1a6cbce15d159c30d72346617dbed46a84db3aaae756a071cf61d569
2019073000,2019-07,day3_24h,p01,FAIL,ValueError: materially negative reconstructed precipitation for 63--66,PASS,,1,5,0,,(GEFS:2019-07-30T00:00:00+00:00:p01:18 - GEFS:2019-07-30T00:00:00+00:00:p01:17) + GEFS:2019-07-30T00:00:00+00:00:p01:20 + GEFS:2019-07-30T00:00:00+00:00:p01:22 + GEFS:2019-07-30T00:00:00+00:00:p01:24 + GEFS:2019-07-30T00:00:00+00:00:p01:25,,,data/manifests/phase1e/2019-07/daily/source_2019073000.json,7fbf69ce1a6cbce15d159c30d72346617dbed46a84db3aaae756a071cf61d569
2019073000,2019-07,day1_24h,p02,PASS,,PASS,,1,5,0,,(GEFS:2019-07-30T00:00:00+00:00:p02:2 - GEFS:2019-07-30T00:00:00+00:00:p02:1) + GEFS:2019-07-30T00:00:00+00:00:p02:4 + GEFS:2019-07-30T00:00:00+00:00:p02:6 + GEFS:2019-07-30T00:00:00+00:00:p02:8 + GEFS:2019-07-30T00:00:00+00:00:p02:9,0.05,0.0003915035401923983,data/manifests/phase1e/2019-07/daily/source_2019073000.json,7fbf69ce1a6cbce15d159c30d72346617dbed46a84db3aaae756a071cf61d569
2019073000,2019-07,day2_24h,p02,FAIL,ValueError: materially negative reconstructed precipitation for 39--42,PASS,,1,5,0,,(GEFS:2019-07-30T00:00:00+00:00:p02:10 - GEFS:2019-07-30T00:00:00+00:00:p02:9) + GEFS:2019-07-30T00:00:00+00:00:p02:12 + GEFS:2019-07-30T00:00:00+00:00:p02:14 + GEFS:2019-07-30T00:00:00+00:00:p02:16 + GEFS:2019-07-30T00:00:00+00:00:p02:17,,,data/manifests/phase1e/2019-07/daily/source_2019073000.json,7fbf69ce1a6cbce15d159c30d72346617dbed46a84db3aaae756a071cf61d569
2019073000,2019-07,day3_24h,p02,PASS,,PASS,,1,5,0,,(GEFS:2019-07-30T00:00:00+00:00:p02:18 - GEFS:2019-07-30T00:00:00+00:00:p02:17) + GEFS:2019-07-30T00:00:00+00:00:p02:20 + GEFS:2019-07-30T00:00:00+00:00:p02:22 + GEFS:2019-07-30T00:00:00+00:00:p02:24 + GEFS:2019-07-30T00:00:00+00:00:p02:25,1.4210854715202004e-14,3.1510265728063844e-16,data/manifests/phase1e/2019-07/daily/source_2019073000.json,7fbf69ce1a6cbce15d159c30d72346617dbed46a84db3aaae756a071cf61d569
2019073000,2019-07,day1_24h,p03,FAIL,ValueError: materially negative reconstructed precipitation for 15--18,PASS,,1,5,0,,(GEFS:2019-07-30T00:00:00+00:00:p03:2 - GEFS:2019-07-30T00:00:00+00:00:p03:1) + GEFS:2019-07-30T00:00:00+00:00:p03:4 + GEFS:2019-07-30T00:00:00+00:00:p03:6 + GEFS:2019-07-30T00:00:00+00:00:p03:8 + GEFS:2019-07-30T00:00:00+00:00:p03:9,,,data/manifests/phase1e/2019-07/daily/source_2019073000.json,7fbf69ce1a6cbce15d159c30d72346617dbed46a84db3aaae756a071cf61d569
2019073000,2019-07,day2_24h,p03,FAIL,ValueError: materially negative reconstructed precipitation for 39--42,PASS,,1,5,0,,(GEFS:2019-07-30T00:00:00+00:00:p03:10 - GEFS:2019-07-30T00:00:00+00:00:p03:9) + GEFS:2019-07-30T00:00:00+00:00:p03:12 + GEFS:2019-07-30T00:00:00+00:00:p03:14 + GEFS:2019-07-30T00:00:00+00:00:p03:16 + GEFS:2019-07-30T00:00:00+00:00:p03:17,,,data/manifests/phase1e/2019-07/daily/source_2019073000.json,7fbf69ce1a6cbce15d159c30d72346617dbed46a84db3aaae756a071cf61d569
2019073000,2019-07,day3_24h,p03,PASS,,PASS,,1,5,0,,(GEFS:2019-07-30T00:00:00+00:00:p03:18 - GEFS:2019-07-30T00:00:00+00:00:p03:17) + GEFS:2019-07-30T00:00:00+00:00:p03:20 + GEFS:2019-07-30T00:00:00+00:00:p03:22 + GEFS:2019-07-30T00:00:00+00:00:p03:24 + GEFS:2019-07-30T00:00:00+00:00:p03:25,2.842170943040401e-14,6.549206084664059e-16,data/manifests/phase1e/2019-07/daily/source_2019073000.json,7fbf69ce1a6cbce15d159c30d72346617dbed46a84db3aaae756a071cf61d569
2019073000,2019-07,day1_24h,p04,PASS,,PASS,,1,5,0,,(GEFS:2019-07-30T00:00:00+00:00:p04:2 - GEFS:2019-07-30T00:00:00+00:00:p04:1) + GEFS:2019-07-30T00:00:00+00:00:p04:4 + GEFS:2019-07-30T00:00:00+00:00:p04:6 + GEFS:2019-07-30T00:00:00+00:00:p04:8 + GEFS:2019-07-30T00:00:00+00:00:p04:9,1.4210854715202004e-14,4.637412209065262e-16,data/manifests/phase1e/2019-07/daily/source_2019073000.json,7fbf69ce1a6cbce15d159c30d72346617dbed46a84db3aaae756a071cf61d569
2019073000,2019-07,day2_24h,p04,PASS,,PASS,,1,5,0,,(GEFS:2019-07-30T00:00:00+00:00:p04:10 - GEFS:2019-07-30T00:00:00+00:00:p04:9) + GEFS:2019-07-30T00:00:00+00:00:p04:12 + GEFS:2019-07-30T00:00:00+00:00:p04:14 + GEFS:2019-07-30T00:00:00+00:00:p04:16 + GEFS:2019-07-30T00:00:00+00:00:p04:17,1.4210854715202004e-14,3.965775831194359e-16,data/manifests/phase1e/2019-07/daily/source_2019073000.json,7fbf69ce1a6cbce15d159c30d72346617dbed46a84db3aaae756a071cf61d569
2019073000,2019-07,day3_24h,p04,FAIL,ValueError: materially negative reconstructed precipitation for 51--54,FAIL,ValueError: negative difference exceeds packing bound for 51--54,,,,,,,,data/manifests/phase1e/2019-07/daily/source_2019073000.json,7fbf69ce1a6cbce15d159c30d72346617dbed46a84db3aaae756a071cf61d569
2019073100,2019-07,day1_24h,c00,FAIL,ValueError: materially negative reconstructed precipitation for 9--12,PASS,,1,5,0,,(GEFS:2019-07-31T00:00:00+00:00:c00:2 - GEFS:2019-07-31T00:00:00+00:00:c00:1) + GEFS:2019-07-31T00:00:00+00:00:c00:4 + GEFS:2019-07-31T00:00:00+00:00:c00:6 + GEFS:2019-07-31T00:00:00+00:00:c00:8 + GEFS:2019-07-31T00:00:00+00:00:c00:9,,,data/manifests/phase1e/2019-07/daily/source_2019073100.json,2335cec9ad3cf5e2f3a0f766299de25956b020f5535908b00b5f0b4ba3d7a6e1
2019073100,2019-07,day2_24h,c00,FAIL,ValueError: materially negative reconstructed precipitation for 33--36,PASS,,1,5,0,,(GEFS:2019-07-31T00:00:00+00:00:c00:10 - GEFS:2019-07-31T00:00:00+00:00:c00:9) + GEFS:2019-07-31T00:00:00+00:00:c00:12 + GEFS:2019-07-31T00:00:00+00:00:c00:14 + GEFS:2019-07-31T00:00:00+00:00:c00:16 + GEFS:2019-07-31T00:00:00+00:00:c00:17,,,data/manifests/phase1e/2019-07/daily/source_2019073100.json,2335cec9ad3cf5e2f3a0f766299de25956b020f5535908b00b5f0b4ba3d7a6e1
2019073100,2019-07,day3_24h,c00,FAIL,ValueError: materially negative reconstructed precipitation for 57--60,PASS,,1,5,0,,(GEFS:2019-07-31T00:00:00+00:00:c00:18 - GEFS:2019-07-31T00:00:00+00:00:c00:17) + GEFS:2019-07-31T00:00:00+00:00:c00:20 + GEFS:2019-07-31T00:00:00+00:00:c00:22 + GEFS:2019-07-31T00:00:00+00:00:c00:24 + GEFS:2019-07-31T00:00:00+00:00:c00:25,,,data/manifests/phase1e/2019-07/daily/source_2019073100.json,2335cec9ad3cf5e2f3a0f766299de25956b020f5535908b00b5f0b4ba3d7a6e1
2019073100,2019-07,day1_24h,p01,PASS,,PASS,,1,5,0,,(GEFS:2019-07-31T00:00:00+00:00:p01:2 - GEFS:2019-07-31T00:00:00+00:00:p01:1) + GEFS:2019-07-31T00:00:00+00:00:p01:4 + GEFS:2019-07-31T00:00:00+00:00:p01:6 + GEFS:2019-07-31T00:00:00+00:00:p01:8 + GEFS:2019-07-31T00:00:00+00:00:p01:9,2.842170943040401e-14,6.087499424902202e-16,data/manifests/phase1e/2019-07/daily/source_2019073100.json,2335cec9ad3cf5e2f3a0f766299de25956b020f5535908b00b5f0b4ba3d7a6e1
2019073100,2019-07,day2_24h,p01,PASS,,PASS,,1,5,0,,(GEFS:2019-07-31T00:00:00+00:00:p01:10 - GEFS:2019-07-31T00:00:00+00:00:p01:9) + GEFS:2019-07-31T00:00:00+00:00:p01:12 + GEFS:2019-07-31T00:00:00+00:00:p01:14 + GEFS:2019-07-31T00:00:00+00:00:p01:16 + GEFS:2019-07-31T00:00:00+00:00:p01:17,0.05000000000000249,0.0007038733860896566,data/manifests/phase1e/2019-07/daily/source_2019073100.json,2335cec9ad3cf5e2f3a0f766299de25956b020f5535908b00b5f0b4ba3d7a6e1
2019073100,2019-07,day3_24h,p01,PASS,,PASS,,1,5,0,,(GEFS:2019-07-31T00:00:00+00:00:p01:18 - GEFS:2019-07-31T00:00:00+00:00:p01:17) + GEFS:2019-07-31T00:00:00+00:00:p01:20 + GEFS:2019-07-31T00:00:00+00:00:p01:22 + GEFS:2019-07-31T00:00:00+00:00:p01:24 + GEFS:2019-07-31T00:00:00+00:00:p01:25,5.684341886080802e-14,6.463430836405847e-16,data/manifests/phase1e/2019-07/daily/source_2019073100.json,2335cec9ad3cf5e2f3a0f766299de25956b020f5535908b00b5f0b4ba3d7a6e1
2019073100,2019-07,day1_24h,p02,FAIL,ValueError: materially negative reconstructed precipitation for 9--12,PASS,,1,5,72,-0.050000000000000044,(GEFS:2019-07-31T00:00:00+00:00:p02:2 - GEFS:2019-07-31T00:00:00+00:00:p02:1) + GEFS:2019-07-31T00:00:00+00:00:p02:4 + GEFS:2019-07-31T00:00:00+00:00:p02:6 + GEFS:2019-07-31T00:00:00+00:00:p02:8 + GEFS:2019-07-31T00:00:00+00:00:p02:9,,,data/manifests/phase1e/2019-07/daily/source_2019073100.json,2335cec9ad3cf5e2f3a0f766299de25956b020f5535908b00b5f0b4ba3d7a6e1
2019073100,2019-07,day2_24h,p02,FAIL,ValueError: materially negative reconstructed precipitation for 33--36,PASS,,1,5,0,,(GEFS:2019-07-31T00:00:00+00:00:p02:10 - GEFS:2019-07-31T00:00:00+00:00:p02:9) + GEFS:2019-07-31T00:00:00+00:00:p02:12 + GEFS:2019-07-31T00:00:00+00:00:p02:14 + GEFS:2019-07-31T00:00:00+00:00:p02:16 + GEFS:2019-07-31T00:00:00+00:00:p02:17,,,data/manifests/phase1e/2019-07/daily/source_2019073100.json,2335cec9ad3cf5e2f3a0f766299de25956b020f5535908b00b5f0b4ba3d7a6e1
2019073100,2019-07,day3_24h,p02,FAIL,ValueError: materially negative reconstructed precipitation for 69--72,PASS,,1,5,0,,(GEFS:2019-07-31T00:00:00+00:00:p02:18 - GEFS:2019-07-31T00:00:00+00:00:p02:17) + GEFS:2019-07-31T00:00:00+00:00:p02:20 + GEFS:2019-07-31T00:00:00+00:00:p02:22 + GEFS:2019-07-31T00:00:00+00:00:p02:24 + GEFS:2019-07-31T00:00:00+00:00:p02:25,,,data/manifests/phase1e/2019-07/daily/source_2019073100.json,2335cec9ad3cf5e2f3a0f766299de25956b020f5535908b00b5f0b4ba3d7a6e1
2019073100,2019-07,day1_24h,p03,FAIL,ValueError: materially negative reconstructed precipitation for 21--24,PASS,,1,5,0,,(GEFS:2019-07-31T00:00:00+00:00:p03:2 - GEFS:2019-07-31T00:00:00+00:00:p03:1) + GEFS:2019-07-31T00:00:00+00:00:p03:4 + GEFS:2019-07-31T00:00:00+00:00:p03:6 + GEFS:2019-07-31T00:00:00+00:00:p03:8 + GEFS:2019-07-31T00:00:00+00:00:p03:9,,,data/manifests/phase1e/2019-07/daily/source_2019073100.json,2335cec9ad3cf5e2f3a0f766299de25956b020f5535908b00b5f0b4ba3d7a6e1
2019073100,2019-07,day2_24h,p03,PASS,,PASS,,1,5,0,,(GEFS:2019-07-31T00:00:00+00:00:p03:10 - GEFS:2019-07-31T00:00:00+00:00:p03:9) + GEFS:2019-07-31T00:00:00+00:00:p03:12 + GEFS:2019-07-31T00:00:00+00:00:p03:14 + GEFS:2019-07-31T00:00:00+00:00:p03:16 + GEFS:2019-07-31T00:00:00+00:00:p03:17,1.4210854715202004e-14,3.8765325809850064e-16,data/manifests/phase1e/2019-07/daily/source_2019073100.json,2335cec9ad3cf5e2f3a0f766299de25956b020f5535908b00b5f0b4ba3d7a6e1
2019073100,2019-07,day3_24h,p03,PASS,,PASS,,1,5,0,,(GEFS:2019-07-31T00:00:00+00:00:p03:18 - GEFS:2019-07-31T00:00:00+00:00:p03:17) + GEFS:2019-07-31T00:00:00+00:00:p03:20 + GEFS:2019-07-31T00:00:00+00:00:p03:22 + GEFS:2019-07-31T00:00:00+00:00:p03:24 + GEFS:2019-07-31T00:00:00+00:00:p03:25,1.4210854715202004e-14,6.299741144312008e-16,data/manifests/phase1e/2019-07/daily/source_2019073100.json,2335cec9ad3cf5e2f3a0f766299de25956b020f5535908b00b5f0b4ba3d7a6e1
2019073100,2019-07,day1_24h,p04,PASS,,PASS,,1,5,0,,(GEFS:2019-07-31T00:00:00+00:00:p04:2 - GEFS:2019-07-31T00:00:00+00:00:p04:1) + GEFS:2019-07-31T00:00:00+00:00:p04:4 + GEFS:2019-07-31T00:00:00+00:00:p04:6 + GEFS:2019-07-31T00:00:00+00:00:p04:8 + GEFS:2019-07-31T00:00:00+00:00:p04:9,1.4210854715202004e-14,4.269804002244355e-16,data/manifests/phase1e/2019-07/daily/source_2019073100.json,2335cec9ad3cf5e2f3a0f766299de25956b020f5535908b00b5f0b4ba3d7a6e1
2019073100,2019-07,day2_24h,p04,FAIL,ValueError: materially negative reconstructed precipitation for 45--48,PASS,,1,5,0,,(GEFS:2019-07-31T00:00:00+00:00:p04:10 - GEFS:2019-07-31T00:00:00+00:00:p04:9) + GEFS:2019-07-31T00:00:00+00:00:p04:12 + GEFS:2019-07-31T00:00:00+00:00:p04:14 + GEFS:2019-07-31T00:00:00+00:00:p04:16 + GEFS:2019-07-31T00:00:00+00:00:p04:17,,,data/manifests/phase1e/2019-07/daily/source_2019073100.json,2335cec9ad3cf5e2f3a0f766299de25956b020f5535908b00b5f0b4ba3d7a6e1
2019073100,2019-07,day3_24h,p04,FAIL,ValueError: materially negative reconstructed precipitation for 63--66,PASS,,1,5,0,,(GEFS:2019-07-31T00:00:00+00:00:p04:18 - GEFS:2019-07-31T00:00:00+00:00:p04:17) + GEFS:2019-07-31T00:00:00+00:00:p04:20 + GEFS:2019-07-31T00:00:00+00:00:p04:22 + GEFS:2019-07-31T00:00:00+00:00:p04:24 + GEFS:2019-07-31T00:00:00+00:00:p04:25,,,data/manifests/phase1e/2019-07/daily/source_2019073100.json,2335cec9ad3cf5e2f3a0f766299de25956b020f5535908b00b5f0b4ba3d7a6e1
2019080100,2019-08,day1_24h,c00,PASS,,PASS,,1,5,0,,(GEFS:2019-08-01T00:00:00+00:00:c00:2 - GEFS:2019-08-01T00:00:00+00:00:c00:1) + GEFS:2019-08-01T00:00:00+00:00:c00:4 + GEFS:2019-08-01T00:00:00+00:00:c00:6 + GEFS:2019-08-01T00:00:00+00:00:c00:8 + GEFS:2019-08-01T00:00:00+00:00:c00:9,1.4210854715202004e-14,3.2386514221052045e-16,data/manifests/phase1e/2019-08/daily/source_2019080100.json,c0a1a671fb37086f0fae812455b46b24806bbafe9820a8d6d26e12e00fb96b8a
2019080100,2019-08,day2_24h,c00,FAIL,ValueError: materially negative reconstructed precipitation for 45--48,PASS,,1,5,52,-0.04,(GEFS:2019-08-01T00:00:00+00:00:c00:10 - GEFS:2019-08-01T00:00:00+00:00:c00:9) + GEFS:2019-08-01T00:00:00+00:00:c00:12 + GEFS:2019-08-01T00:00:00+00:00:c00:14 + GEFS:2019-08-01T00:00:00+00:00:c00:16 + GEFS:2019-08-01T00:00:00+00:00:c00:17,,,data/manifests/phase1e/2019-08/daily/source_2019080100.json,c0a1a671fb37086f0fae812455b46b24806bbafe9820a8d6d26e12e00fb96b8a
2019080100,2019-08,day3_24h,c00,FAIL,ValueError: materially negative reconstructed precipitation for 57--60,PASS,,1,5,0,,(GEFS:2019-08-01T00:00:00+00:00:c00:18 - GEFS:2019-08-01T00:00:00+00:00:c00:17) + GEFS:2019-08-01T00:00:00+00:00:c00:20 + GEFS:2019-08-01T00:00:00+00:00:c00:22 + GEFS:2019-08-01T00:00:00+00:00:c00:24 + GEFS:2019-08-01T00:00:00+00:00:c00:25,,,data/manifests/phase1e/2019-08/daily/source_2019080100.json,c0a1a671fb37086f0fae812455b46b24806bbafe9820a8d6d26e12e00fb96b8a
2019080100,2019-08,day1_24h,p01,PASS,,PASS,,1,5,0,,(GEFS:2019-08-01T00:00:00+00:00:p01:2 - GEFS:2019-08-01T00:00:00+00:00:p01:1) + GEFS:2019-08-01T00:00:00+00:00:p01:4 + GEFS:2019-08-01T00:00:00+00:00:p01:6 + GEFS:2019-08-01T00:00:00+00:00:p01:8 + GEFS:2019-08-01T00:00:00+00:00:p01:9,7.105427357601002e-15,2.0123659321818746e-16,data/manifests/phase1e/2019-08/daily/source_2019080100.json,c0a1a671fb37086f0fae812455b46b24806bbafe9820a8d6d26e12e00fb96b8a
2019080100,2019-08,day2_24h,p01,FAIL,ValueError: materially negative reconstructed precipitation for 27--30,FAIL,ValueError: negative difference exceeds packing bound for 27--30,,,,,,,,data/manifests/phase1e/2019-08/daily/source_2019080100.json,c0a1a671fb37086f0fae812455b46b24806bbafe9820a8d6d26e12e00fb96b8a
2019080100,2019-08,day3_24h,p01,PASS,,PASS,,1,5,0,,(GEFS:2019-08-01T00:00:00+00:00:p01:18 - GEFS:2019-08-01T00:00:00+00:00:p01:17) + GEFS:2019-08-01T00:00:00+00:00:p01:20 + GEFS:2019-08-01T00:00:00+00:00:p01:22 + GEFS:2019-08-01T00:00:00+00:00:p01:24 + GEFS:2019-08-01T00:00:00+00:00:p01:25,1.4210854715202004e-14,5.592268746279319e-16,data/manifests/phase1e/2019-08/daily/source_2019080100.json,c0a1a671fb37086f0fae812455b46b24806bbafe9820a8d6d26e12e00fb96b8a
2019080100,2019-08,day1_24h,p02,PASS,,PASS,,1,5,0,,(GEFS:2019-08-01T00:00:00+00:00:p02:2 - GEFS:2019-08-01T00:00:00+00:00:p02:1) + GEFS:2019-08-01T00:00:00+00:00:p02:4 + GEFS:2019-08-01T00:00:00+00:00:p02:6 + GEFS:2019-08-01T00:00:00+00:00:p02:8 + GEFS:2019-08-01T00:00:00+00:00:p02:9,1.4210854715202004e-14,4.071896690899262e-16,data/manifests/phase1e/2019-08/daily/source_2019080100.json,c0a1a671fb37086f0fae812455b46b24806bbafe9820a8d6d26e12e00fb96b8a
2019080100,2019-08,day2_24h,p02,PASS,,PASS,,1,5,0,,(GEFS:2019-08-01T00:00:00+00:00:p02:10 - GEFS:2019-08-01T00:00:00+00:00:p02:9) + GEFS:2019-08-01T00:00:00+00:00:p02:12 + GEFS:2019-08-01T00:00:00+00:00:p02:14 + GEFS:2019-08-01T00:00:00+00:00:p02:16 + GEFS:2019-08-01T00:00:00+00:00:p02:17,1.4210854715202004e-14,5.099350068957195e-16,data/manifests/phase1e/2019-08/daily/source_2019080100.json,c0a1a671fb37086f0fae812455b46b24806bbafe9820a8d6d26e12e00fb96b8a
2019080100,2019-08,day3_24h,p02,PASS,,PASS,,1,5,0,,(GEFS:2019-08-01T00:00:00+00:00:p02:18 - GEFS:2019-08-01T00:00:00+00:00:p02:17) + GEFS:2019-08-01T00:00:00+00:00:p02:20 + GEFS:2019-08-01T00:00:00+00:00:p02:22 + GEFS:2019-08-01T00:00:00+00:00:p02:24 + GEFS:2019-08-01T00:00:00+00:00:p02:25,1.4210854715202004e-14,4.943521181285943e-16,data/manifests/phase1e/2019-08/daily/source_2019080100.json,c0a1a671fb37086f0fae812455b46b24806bbafe9820a8d6d26e12e00fb96b8a
2019080100,2019-08,day1_24h,p03,PASS,,PASS,,1,5,0,,(GEFS:2019-08-01T00:00:00+00:00:p03:2 - GEFS:2019-08-01T00:00:00+00:00:p03:1) + GEFS:2019-08-01T00:00:00+00:00:p03:4 + GEFS:2019-08-01T00:00:00+00:00:p03:6 + GEFS:2019-08-01T00:00:00+00:00:p03:8 + GEFS:2019-08-01T00:00:00+00:00:p03:9,1.4210854715202004e-14,4.0783702945413915e-16,data/manifests/phase1e/2019-08/daily/source_2019080100.json,c0a1a671fb37086f0fae812455b46b24806bbafe9820a8d6d26e12e00fb96b8a
2019080100,2019-08,day2_24h,p03,PASS,,PASS,,1,5,0,,(GEFS:2019-08-01T00:00:00+00:00:p03:10 - GEFS:2019-08-01T00:00:00+00:00:p03:9) + GEFS:2019-08-01T00:00:00+00:00:p03:12 + GEFS:2019-08-01T00:00:00+00:00:p03:14 + GEFS:2019-08-01T00:00:00+00:00:p03:16 + GEFS:2019-08-01T00:00:00+00:00:p03:17,1.4210854715202004e-14,3.864741374351128e-16,data/manifests/phase1e/2019-08/daily/source_2019080100.json,c0a1a671fb37086f0fae812455b46b24806bbafe9820a8d6d26e12e00fb96b8a
2019080100,2019-08,day3_24h,p03,FAIL,ValueError: materially negative reconstructed precipitation for 57--60,PASS,,1,5,0,,(GEFS:2019-08-01T00:00:00+00:00:p03:18 - GEFS:2019-08-01T00:00:00+00:00:p03:17) + GEFS:2019-08-01T00:00:00+00:00:p03:20 + GEFS:2019-08-01T00:00:00+00:00:p03:22 + GEFS:2019-08-01T00:00:00+00:00:p03:24 + GEFS:2019-08-01T00:00:00+00:00:p03:25,,,data/manifests/phase1e/2019-08/daily/source_2019080100.json,c0a1a671fb37086f0fae812455b46b24806bbafe9820a8d6d26e12e00fb96b8a
2019080100,2019-08,day1_24h,p04,PASS,,PASS,,1,5,0,,(GEFS:2019-08-01T00:00:00+00:00:p04:2 - GEFS:2019-08-01T00:00:00+00:00:p04:1) + GEFS:2019-08-01T00:00:00+00:00:p04:4 + GEFS:2019-08-01T00:00:00+00:00:p04:6 + GEFS:2019-08-01T00:00:00+00:00:p04:8 + GEFS:2019-08-01T00:00:00+00:00:p04:9,7.105427357601002e-15,2.6336006816962013e-16,data/manifests/phase1e/2019-08/daily/source_2019080100.json,c0a1a671fb37086f0fae812455b46b24806bbafe9820a8d6d26e12e00fb96b8a
2019080100,2019-08,day2_24h,p04,FAIL,ValueError: materially negative reconstructed precipitation for 33--36,PASS,,1,5,0,,(GEFS:2019-08-01T00:00:00+00:00:p04:10 - GEFS:2019-08-01T00:00:00+00:00:p04:9) + GEFS:2019-08-01T00:00:00+00:00:p04:12 + GEFS:2019-08-01T00:00:00+00:00:p04:14 + GEFS:2019-08-01T00:00:00+00:00:p04:16 + GEFS:2019-08-01T00:00:00+00:00:p04:17,,,data/manifests/phase1e/2019-08/daily/source_2019080100.json,c0a1a671fb37086f0fae812455b46b24806bbafe9820a8d6d26e12e00fb96b8a
2019080100,2019-08,day3_24h,p04,PASS,,PASS,,1,5,0,,(GEFS:2019-08-01T00:00:00+00:00:p04:18 - GEFS:2019-08-01T00:00:00+00:00:p04:17) + GEFS:2019-08-01T00:00:00+00:00:p04:20 + GEFS:2019-08-01T00:00:00+00:00:p04:22 + GEFS:2019-08-01T00:00:00+00:00:p04:24 + GEFS:2019-08-01T00:00:00+00:00:p04:25,1.4210854715202004e-14,5.366155019064948e-16,data/manifests/phase1e/2019-08/daily/source_2019080100.json,c0a1a671fb37086f0fae812455b46b24806bbafe9820a8d6d26e12e00fb96b8a
2019080200,2019-08,day1_24h,c00,PASS,,PASS,,1,5,0,,(GEFS:2019-08-02T00:00:00+00:00:c00:2 - GEFS:2019-08-02T00:00:00+00:00:c00:1) + GEFS:2019-08-02T00:00:00+00:00:c00:4 + GEFS:2019-08-02T00:00:00+00:00:c00:6 + GEFS:2019-08-02T00:00:00+00:00:c00:8 + GEFS:2019-08-02T00:00:00+00:00:c00:9,0.05,0.0010578925447737146,data/manifests/phase1e/2019-08/daily/source_2019080200.json,e6a1a71a575c58538ce3ef6eac66ff23390c9d81755df26e43a6764602e764e5
2019080200,2019-08,day2_24h,c00,FAIL,ValueError: materially negative reconstructed precipitation for 39--42,PASS,,1,5,0,,(GEFS:2019-08-02T00:00:00+00:00:c00:10 - GEFS:2019-08-02T00:00:00+00:00:c00:9) + GEFS:2019-08-02T00:00:00+00:00:c00:12 + GEFS:2019-08-02T00:00:00+00:00:c00:14 + GEFS:2019-08-02T00:00:00+00:00:c00:16 + GEFS:2019-08-02T00:00:00+00:00:c00:17,,,data/manifests/phase1e/2019-08/daily/source_2019080200.json,e6a1a71a575c58538ce3ef6eac66ff23390c9d81755df26e43a6764602e764e5
2019080200,2019-08,day3_24h,c00,PASS,,PASS,,1,5,15,-0.039999999999999925,(GEFS:2019-08-02T00:00:00+00:00:c00:18 - GEFS:2019-08-02T00:00:00+00:00:c00:17) + GEFS:2019-08-02T00:00:00+00:00:c00:20 + GEFS:2019-08-02T00:00:00+00:00:c00:22 + GEFS:2019-08-02T00:00:00+00:00:c00:24 + GEFS:2019-08-02T00:00:00+00:00:c00:25,0.04999999999999982,0.00013327780091712814,data/manifests/phase1e/2019-08/daily/source_2019080200.json,e6a1a71a575c58538ce3ef6eac66ff23390c9d81755df26e43a6764602e764e5
2019080200,2019-08,day1_24h,p01,PASS,,PASS,,1,5,32,-0.04000000000000001,(GEFS:2019-08-02T00:00:00+00:00:p01:2 - GEFS:2019-08-02T00:00:00+00:00:p01:1) + GEFS:2019-08-02T00:00:00+00:00:p01:4 + GEFS:2019-08-02T00:00:00+00:00:p01:6 + GEFS:2019-08-02T00:00:00+00:00:p01:8 + GEFS:2019-08-02T00:00:00+00:00:p01:9,2.842170943040401e-14,8.849878579050758e-16,data/manifests/phase1e/2019-08/daily/source_2019080200.json,e6a1a71a575c58538ce3ef6eac66ff23390c9d81755df26e43a6764602e764e5
2019080200,2019-08,day2_24h,p01,PASS,,PASS,,1,5,0,,(GEFS:2019-08-02T00:00:00+00:00:p01:10 - GEFS:2019-08-02T00:00:00+00:00:p01:9) + GEFS:2019-08-02T00:00:00+00:00:p01:12 + GEFS:2019-08-02T00:00:00+00:00:p01:14 + GEFS:2019-08-02T00:00:00+00:00:p01:16 + GEFS:2019-08-02T00:00:00+00:00:p01:17,0.050000000000000266,0.0005289462723874999,data/manifests/phase1e/2019-08/daily/source_2019080200.json,e6a1a71a575c58538ce3ef6eac66ff23390c9d81755df26e43a6764602e764e5
2019080200,2019-08,day3_24h,p01,FAIL,ValueError: materially negative reconstructed precipitation for 63--66,PASS,,1,5,0,,(GEFS:2019-08-02T00:00:00+00:00:p01:18 - GEFS:2019-08-02T00:00:00+00:00:p01:17) + GEFS:2019-08-02T00:00:00+00:00:p01:20 + GEFS:2019-08-02T00:00:00+00:00:p01:22 + GEFS:2019-08-02T00:00:00+00:00:p01:24 + GEFS:2019-08-02T00:00:00+00:00:p01:25,,,data/manifests/phase1e/2019-08/daily/source_2019080200.json,e6a1a71a575c58538ce3ef6eac66ff23390c9d81755df26e43a6764602e764e5
2019080200,2019-08,day1_24h,p02,FAIL,ValueError: materially negative reconstructed precipitation for 9--12,PASS,,1,5,32,-0.04999999999999999,(GEFS:2019-08-02T00:00:00+00:00:p02:2 - GEFS:2019-08-02T00:00:00+00:00:p02:1) + GEFS:2019-08-02T00:00:00+00:00:p02:4 + GEFS:2019-08-02T00:00:00+00:00:p02:6 + GEFS:2019-08-02T00:00:00+00:00:p02:8 + GEFS:2019-08-02T00:00:00+00:00:p02:9,,,data/manifests/phase1e/2019-08/daily/source_2019080200.json,e6a1a71a575c58538ce3ef6eac66ff23390c9d81755df26e43a6764602e764e5
2019080200,2019-08,day2_24h,p02,FAIL,ValueError: materially negative reconstructed precipitation for 39--42,PASS,,1,5,0,,(GEFS:2019-08-02T00:00:00+00:00:p02:10 - GEFS:2019-08-02T00:00:00+00:00:p02:9) + GEFS:2019-08-02T00:00:00+00:00:p02:12 + GEFS:2019-08-02T00:00:00+00:00:p02:14 + GEFS:2019-08-02T00:00:00+00:00:p02:16 + GEFS:2019-08-02T00:00:00+00:00:p02:17,,,data/manifests/phase1e/2019-08/daily/source_2019080200.json,e6a1a71a575c58538ce3ef6eac66ff23390c9d81755df26e43a6764602e764e5
2019080200,2019-08,day3_24h,p02,FAIL,ValueError: materially negative reconstructed precipitation for 57--60,PASS,,1,5,0,,(GEFS:2019-08-02T00:00:00+00:00:p02:18 - GEFS:2019-08-02T00:00:00+00:00:p02:17) + GEFS:2019-08-02T00:00:00+00:00:p02:20 + GEFS:2019-08-02T00:00:00+00:00:p02:22 + GEFS:2019-08-02T00:00:00+00:00:p02:24 + GEFS:2019-08-02T00:00:00+00:00:p02:25,,,data/manifests/phase1e/2019-08/daily/source_2019080200.json,e6a1a71a575c58538ce3ef6eac66ff23390c9d81755df26e43a6764602e764e5
2019080200,2019-08,day1_24h,p03,FAIL,ValueError: materially negative reconstructed precipitation for 15--18,PASS,,1,5,29,-0.04999999999999999,(GEFS:2019-08-02T00:00:00+00:00:p03:2 - GEFS:2019-08-02T00:00:00+00:00:p03:1) + GEFS:2019-08-02T00:00:00+00:00:p03:4 + GEFS:2019-08-02T00:00:00+00:00:p03:6 + GEFS:2019-08-02T00:00:00+00:00:p03:8 + GEFS:2019-08-02T00:00:00+00:00:p03:9,,,data/manifests/phase1e/2019-08/daily/source_2019080200.json,e6a1a71a575c58538ce3ef6eac66ff23390c9d81755df26e43a6764602e764e5
2019080200,2019-08,day2_24h,p03,FAIL,ValueError: materially negative reconstructed precipitation for 27--30,FAIL,ValueError: negative difference exceeds packing bound for 27--30,,,,,,,,data/manifests/phase1e/2019-08/daily/source_2019080200.json,e6a1a71a575c58538ce3ef6eac66ff23390c9d81755df26e43a6764602e764e5
2019080200,2019-08,day3_24h,p03,FAIL,ValueError: materially negative reconstructed precipitation for 51--54,FAIL,ValueError: negative difference exceeds packing bound for 51--54,,,,,,,,data/manifests/phase1e/2019-08/daily/source_2019080200.json,e6a1a71a575c58538ce3ef6eac66ff23390c9d81755df26e43a6764602e764e5
2019080200,2019-08,day1_24h,p04,PASS,,PASS,,1,5,43,-0.04999999999999999,(GEFS:2019-08-02T00:00:00+00:00:p04:2 - GEFS:2019-08-02T00:00:00+00:00:p04:1) + GEFS:2019-08-02T00:00:00+00:00:p04:4 + GEFS:2019-08-02T00:00:00+00:00:p04:6 + GEFS:2019-08-02T00:00:00+00:00:p04:8 + GEFS:2019-08-02T00:00:00+00:00:p04:9,1.4210854715202004e-14,6.523080469965466e-16,data/manifests/phase1e/2019-08/daily/source_2019080200.json,e6a1a71a575c58538ce3ef6eac66ff23390c9d81755df26e43a6764602e764e5
2019080200,2019-08,day2_24h,p04,PASS,,PASS,,1,5,0,,(GEFS:2019-08-02T00:00:00+00:00:p04:10 - GEFS:2019-08-02T00:00:00+00:00:p04:9) + GEFS:2019-08-02T00:00:00+00:00:p04:12 + GEFS:2019-08-02T00:00:00+00:00:p04:14 + GEFS:2019-08-02T00:00:00+00:00:p04:16 + GEFS:2019-08-02T00:00:00+00:00:p04:17,5.684341886080802e-14,9.780227902476755e-16,data/manifests/phase1e/2019-08/daily/source_2019080200.json,e6a1a71a575c58538ce3ef6eac66ff23390c9d81755df26e43a6764602e764e5
2019080200,2019-08,day3_24h,p04,FAIL,ValueError: materially negative reconstructed precipitation for 63--66,PASS,,1,5,0,,(GEFS:2019-08-02T00:00:00+00:00:p04:18 - GEFS:2019-08-02T00:00:00+00:00:p04:17) + GEFS:2019-08-02T00:00:00+00:00:p04:20 + GEFS:2019-08-02T00:00:00+00:00:p04:22 + GEFS:2019-08-02T00:00:00+00:00:p04:24 + GEFS:2019-08-02T00:00:00+00:00:p04:25,,,data/manifests/phase1e/2019-08/daily/source_2019080200.json,e6a1a71a575c58538ce3ef6eac66ff23390c9d81755df26e43a6764602e764e5
2019080300,2019-08,day1_24h,c00,FAIL,ValueError: materially negative reconstructed precipitation for 21--24,PASS,,1,5,0,,(GEFS:2019-08-03T00:00:00+00:00:c00:2 - GEFS:2019-08-03T00:00:00+00:00:c00:1) + GEFS:2019-08-03T00:00:00+00:00:c00:4 + GEFS:2019-08-03T00:00:00+00:00:c00:6 + GEFS:2019-08-03T00:00:00+00:00:c00:8 + GEFS:2019-08-03T00:00:00+00:00:c00:9,,,data/manifests/phase1e/2019-08/daily/source_2019080300.json,26d70d33b200cb4047d407683cb5f479398c006e2e4c2ef2e5711ab9b937f466
2019080300,2019-08,day2_24h,c00,FAIL,ValueError: materially negative reconstructed precipitation for 45--48,PASS,,1,5,0,,(GEFS:2019-08-03T00:00:00+00:00:c00:10 - GEFS:2019-08-03T00:00:00+00:00:c00:9) + GEFS:2019-08-03T00:00:00+00:00:c00:12 + GEFS:2019-08-03T00:00:00+00:00:c00:14 + GEFS:2019-08-03T00:00:00+00:00:c00:16 + GEFS:2019-08-03T00:00:00+00:00:c00:17,,,data/manifests/phase1e/2019-08/daily/source_2019080300.json,26d70d33b200cb4047d407683cb5f479398c006e2e4c2ef2e5711ab9b937f466
2019080300,2019-08,day3_24h,c00,FAIL,ValueError: materially negative reconstructed precipitation for 63--66,PASS,,1,5,43,-0.04000000000000001,(GEFS:2019-08-03T00:00:00+00:00:c00:18 - GEFS:2019-08-03T00:00:00+00:00:c00:17) + GEFS:2019-08-03T00:00:00+00:00:c00:20 + GEFS:2019-08-03T00:00:00+00:00:c00:22 + GEFS:2019-08-03T00:00:00+00:00:c00:24 + GEFS:2019-08-03T00:00:00+00:00:c00:25,,,data/manifests/phase1e/2019-08/daily/source_2019080300.json,26d70d33b200cb4047d407683cb5f479398c006e2e4c2ef2e5711ab9b937f466
2019080300,2019-08,day1_24h,p01,PASS,,PASS,,1,5,17,-0.04999999999999999,(GEFS:2019-08-03T00:00:00+00:00:p01:2 - GEFS:2019-08-03T00:00:00+00:00:p01:1) + GEFS:2019-08-03T00:00:00+00:00:p01:4 + GEFS:2019-08-03T00:00:00+00:00:p01:6 + GEFS:2019-08-03T00:00:00+00:00:p01:8 + GEFS:2019-08-03T00:00:00+00:00:p01:9,2.842170943040401e-14,9.719884668526906e-16,data/manifests/phase1e/2019-08/daily/source_2019080300.json,26d70d33b200cb4047d407683cb5f479398c006e2e4c2ef2e5711ab9b937f466
2019080300,2019-08,day2_24h,p01,PASS,,PASS,,1,5,0,,(GEFS:2019-08-03T00:00:00+00:00:p01:10 - GEFS:2019-08-03T00:00:00+00:00:p01:9) + GEFS:2019-08-03T00:00:00+00:00:p01:12 + GEFS:2019-08-03T00:00:00+00:00:p01:14 + GEFS:2019-08-03T00:00:00+00:00:p01:16 + GEFS:2019-08-03T00:00:00+00:00:p01:17,2.842170943040401e-14,8.922013019634483e-16,data/manifests/phase1e/2019-08/daily/source_2019080300.json,26d70d33b200cb4047d407683cb5f479398c006e2e4c2ef2e5711ab9b937f466
2019080300,2019-08,day3_24h,p01,FAIL,ValueError: materially negative reconstructed precipitation for 63--66,PASS,,1,5,0,,(GEFS:2019-08-03T00:00:00+00:00:p01:18 - GEFS:2019-08-03T00:00:00+00:00:p01:17) + GEFS:2019-08-03T00:00:00+00:00:p01:20 + GEFS:2019-08-03T00:00:00+00:00:p01:22 + GEFS:2019-08-03T00:00:00+00:00:p01:24 + GEFS:2019-08-03T00:00:00+00:00:p01:25,,,data/manifests/phase1e/2019-08/daily/source_2019080300.json,26d70d33b200cb4047d407683cb5f479398c006e2e4c2ef2e5711ab9b937f466
2019080300,2019-08,day1_24h,p02,PASS,,PASS,,1,5,12,-0.04,(GEFS:2019-08-03T00:00:00+00:00:p02:2 - GEFS:2019-08-03T00:00:00+00:00:p02:1) + GEFS:2019-08-03T00:00:00+00:00:p02:4 + GEFS:2019-08-03T00:00:00+00:00:p02:6 + GEFS:2019-08-03T00:00:00+00:00:p02:8 + GEFS:2019-08-03T00:00:00+00:00:p02:9,2.842170943040401e-14,9.127781135402162e-16,data/manifests/phase1e/2019-08/daily/source_2019080300.json,26d70d33b200cb4047d407683cb5f479398c006e2e4c2ef2e5711ab9b937f466
2019080300,2019-08,day2_24h,p02,FAIL,ValueError: materially negative reconstructed precipitation for 39--42,PASS,,1,5,0,,(GEFS:2019-08-03T00:00:00+00:00:p02:10 - GEFS:2019-08-03T00:00:00+00:00:p02:9) + GEFS:2019-08-03T00:00:00+00:00:p02:12 + GEFS:2019-08-03T00:00:00+00:00:p02:14 + GEFS:2019-08-03T00:00:00+00:00:p02:16 + GEFS:2019-08-03T00:00:00+00:00:p02:17,,,data/manifests/phase1e/2019-08/daily/source_2019080300.json,26d70d33b200cb4047d407683cb5f479398c006e2e4c2ef2e5711ab9b937f466
2019080300,2019-08,day3_24h,p02,FAIL,ValueError: materially negative reconstructed precipitation for 51--54,FAIL,ValueError: negative difference exceeds packing bound for 51--54,,,,,,,,data/manifests/phase1e/2019-08/daily/source_2019080300.json,26d70d33b200cb4047d407683cb5f479398c006e2e4c2ef2e5711ab9b937f466
2019080300,2019-08,day1_24h,p03,FAIL,ValueError: materially negative reconstructed precipitation for 15--18,PASS,,1,5,18,-0.04999999999999999,(GEFS:2019-08-03T00:00:00+00:00:p03:2 - GEFS:2019-08-03T00:00:00+00:00:p03:1) + GEFS:2019-08-03T00:00:00+00:00:p03:4 + GEFS:2019-08-03T00:00:00+00:00:p03:6 + GEFS:2019-08-03T00:00:00+00:00:p03:8 + GEFS:2019-08-03T00:00:00+00:00:p03:9,,,data/manifests/phase1e/2019-08/daily/source_2019080300.json,26d70d33b200cb4047d407683cb5f479398c006e2e4c2ef2e5711ab9b937f466
2019080300,2019-08,day2_24h,p03,PASS,,PASS,,1,5,49,-0.04,(GEFS:2019-08-03T00:00:00+00:00:p03:10 - GEFS:2019-08-03T00:00:00+00:00:p03:9) + GEFS:2019-08-03T00:00:00+00:00:p03:12 + GEFS:2019-08-03T00:00:00+00:00:p03:14 + GEFS:2019-08-03T00:00:00+00:00:p03:16 + GEFS:2019-08-03T00:00:00+00:00:p03:17,1.4210854715202004e-14,8.817279360710036e-16,data/manifests/phase1e/2019-08/daily/source_2019080300.json,26d70d33b200cb4047d407683cb5f479398c006e2e4c2ef2e5711ab9b937f466
2019080300,2019-08,day3_24h,p03,FAIL,ValueError: materially negative reconstructed precipitation for 51--54,FAIL,ValueError: negative difference exceeds packing bound for 51--54,,,,,,,,data/manifests/phase1e/2019-08/daily/source_2019080300.json,26d70d33b200cb4047d407683cb5f479398c006e2e4c2ef2e5711ab9b937f466
2019080300,2019-08,day1_24h,p04,PASS,,PASS,,1,5,24,-0.04,(GEFS:2019-08-03T00:00:00+00:00:p04:2 - GEFS:2019-08-03T00:00:00+00:00:p04:1) + GEFS:2019-08-03T00:00:00+00:00:p04:4 + GEFS:2019-08-03T00:00:00+00:00:p04:6 + GEFS:2019-08-03T00:00:00+00:00:p04:8 + GEFS:2019-08-03T00:00:00+00:00:p04:9,2.842170943040401e-14,1.0358459427796936e-15,data/manifests/phase1e/2019-08/daily/source_2019080300.json,26d70d33b200cb4047d407683cb5f479398c006e2e4c2ef2e5711ab9b937f466
2019080300,2019-08,day2_24h,p04,PASS,,PASS,,1,5,0,,(GEFS:2019-08-03T00:00:00+00:00:p04:10 - GEFS:2019-08-03T00:00:00+00:00:p04:9) + GEFS:2019-08-03T00:00:00+00:00:p04:12 + GEFS:2019-08-03T00:00:00+00:00:p04:14 + GEFS:2019-08-03T00:00:00+00:00:p04:16 + GEFS:2019-08-03T00:00:00+00:00:p04:17,0.050000000000000044,0.0008288213244487822,data/manifests/phase1e/2019-08/daily/source_2019080300.json,26d70d33b200cb4047d407683cb5f479398c006e2e4c2ef2e5711ab9b937f466
2019080300,2019-08,day3_24h,p04,FAIL,ValueError: materially negative reconstructed precipitation for 57--60,PASS,,1,5,0,,(GEFS:2019-08-03T00:00:00+00:00:p04:18 - GEFS:2019-08-03T00:00:00+00:00:p04:17) + GEFS:2019-08-03T00:00:00+00:00:p04:20 + GEFS:2019-08-03T00:00:00+00:00:p04:22 + GEFS:2019-08-03T00:00:00+00:00:p04:24 + GEFS:2019-08-03T00:00:00+00:00:p04:25,,,data/manifests/phase1e/2019-08/daily/source_2019080300.json,26d70d33b200cb4047d407683cb5f479398c006e2e4c2ef2e5711ab9b937f466
2019080400,2019-08,day1_24h,c00,PASS,,PASS,,1,5,0,,(GEFS:2019-08-04T00:00:00+00:00:c00:2 - GEFS:2019-08-04T00:00:00+00:00:c00:1) + GEFS:2019-08-04T00:00:00+00:00:c00:4 + GEFS:2019-08-04T00:00:00+00:00:c00:6 + GEFS:2019-08-04T00:00:00+00:00:c00:8 + GEFS:2019-08-04T00:00:00+00:00:c00:9,2.842170943040401e-14,1.0605149966588075e-15,data/manifests/phase1e/2019-08/daily/source_2019080400.json,4edf6b9704a0dfb771c18bd3c916f2a35b185d14ef77e468d666a93a3fc57300
2019080400,2019-08,day2_24h,c00,PASS,,PASS,,1,5,0,,(GEFS:2019-08-04T00:00:00+00:00:c00:10 - GEFS:2019-08-04T00:00:00+00:00:c00:9) + GEFS:2019-08-04T00:00:00+00:00:c00:12 + GEFS:2019-08-04T00:00:00+00:00:c00:14 + GEFS:2019-08-04T00:00:00+00:00:c00:16 + GEFS:2019-08-04T00:00:00+00:00:c00:17,1.4210854715202004e-14,5.061433247624725e-16,data/manifests/phase1e/2019-08/daily/source_2019080400.json,4edf6b9704a0dfb771c18bd3c916f2a35b185d14ef77e468d666a93a3fc57300
2019080400,2019-08,day3_24h,c00,PASS,,PASS,,1,5,0,,(GEFS:2019-08-04T00:00:00+00:00:c00:18 - GEFS:2019-08-04T00:00:00+00:00:c00:17) + GEFS:2019-08-04T00:00:00+00:00:c00:20 + GEFS:2019-08-04T00:00:00+00:00:c00:22 + GEFS:2019-08-04T00:00:00+00:00:c00:24 + GEFS:2019-08-04T00:00:00+00:00:c00:25,1.4210854715202004e-14,4.747463470981459e-16,data/manifests/phase1e/2019-08/daily/source_2019080400.json,4edf6b9704a0dfb771c18bd3c916f2a35b185d14ef77e468d666a93a3fc57300
2019080400,2019-08,day1_24h,p01,PASS,,PASS,,1,5,0,,(GEFS:2019-08-04T00:00:00+00:00:p01:2 - GEFS:2019-08-04T00:00:00+00:00:p01:1) + GEFS:2019-08-04T00:00:00+00:00:p01:4 + GEFS:2019-08-04T00:00:00+00:00:p01:6 + GEFS:2019-08-04T00:00:00+00:00:p01:8 + GEFS:2019-08-04T00:00:00+00:00:p01:9,2.842170943040401e-14,1.0540876330426935e-15,data/manifests/phase1e/2019-08/daily/source_2019080400.json,4edf6b9704a0dfb771c18bd3c916f2a35b185d14ef77e468d666a93a3fc57300
2019080400,2019-08,day2_24h,p01,FAIL,ValueError: materially negative reconstructed precipitation for 39--42,PASS,,1,5,0,,(GEFS:2019-08-04T00:00:00+00:00:p01:10 - GEFS:2019-08-04T00:00:00+00:00:p01:9) + GEFS:2019-08-04T00:00:00+00:00:p01:12 + GEFS:2019-08-04T00:00:00+00:00:p01:14 + GEFS:2019-08-04T00:00:00+00:00:p01:16 + GEFS:2019-08-04T00:00:00+00:00:p01:17,,,data/manifests/phase1e/2019-08/daily/source_2019080400.json,4edf6b9704a0dfb771c18bd3c916f2a35b185d14ef77e468d666a93a3fc57300
2019080400,2019-08,day3_24h,p01,PASS,,PASS,,1,5,0,,(GEFS:2019-08-04T00:00:00+00:00:p01:18 - GEFS:2019-08-04T00:00:00+00:00:p01:17) + GEFS:2019-08-04T00:00:00+00:00:p01:20 + GEFS:2019-08-04T00:00:00+00:00:p01:22 + GEFS:2019-08-04T00:00:00+00:00:p01:24 + GEFS:2019-08-04T00:00:00+00:00:p01:25,1.4210854715202004e-14,4.925487571140011e-16,data/manifests/phase1e/2019-08/daily/source_2019080400.json,4edf6b9704a0dfb771c18bd3c916f2a35b185d14ef77e468d666a93a3fc57300
2019080400,2019-08,day1_24h,p02,FAIL,ValueError: materially negative reconstructed precipitation for 9--12,PASS,,1,5,13,-0.040000000000000036,(GEFS:2019-08-04T00:00:00+00:00:p02:2 - GEFS:2019-08-04T00:00:00+00:00:p02:1) + GEFS:2019-08-04T00:00:00+00:00:p02:4 + GEFS:2019-08-04T00:00:00+00:00:p02:6 + GEFS:2019-08-04T00:00:00+00:00:p02:8 + GEFS:2019-08-04T00:00:00+00:00:p02:9,,,data/manifests/phase1e/2019-08/daily/source_2019080400.json,4edf6b9704a0dfb771c18bd3c916f2a35b185d14ef77e468d666a93a3fc57300
2019080400,2019-08,day2_24h,p02,FAIL,ValueError: materially negative reconstructed precipitation for 45--48,PASS,,1,5,0,,(GEFS:2019-08-04T00:00:00+00:00:p02:10 - GEFS:2019-08-04T00:00:00+00:00:p02:9) + GEFS:2019-08-04T00:00:00+00:00:p02:12 + GEFS:2019-08-04T00:00:00+00:00:p02:14 + GEFS:2019-08-04T00:00:00+00:00:p02:16 + GEFS:2019-08-04T00:00:00+00:00:p02:17,,,data/manifests/phase1e/2019-08/daily/source_2019080400.json,4edf6b9704a0dfb771c18bd3c916f2a35b185d14ef77e468d666a93a3fc57300
2019080400,2019-08,day3_24h,p02,FAIL,ValueError: materially negative reconstructed precipitation for 51--54,FAIL,ValueError: negative difference exceeds packing bound for 51--54,,,,,,,,data/manifests/phase1e/2019-08/daily/source_2019080400.json,4edf6b9704a0dfb771c18bd3c916f2a35b185d14ef77e468d666a93a3fc57300
2019080400,2019-08,day1_24h,p03,FAIL,ValueError: materially negative reconstructed precipitation for 15--18,PASS,,1,5,24,-0.040000000000000036,(GEFS:2019-08-04T00:00:00+00:00:p03:2 - GEFS:2019-08-04T00:00:00+00:00:p03:1) + GEFS:2019-08-04T00:00:00+00:00:p03:4 + GEFS:2019-08-04T00:00:00+00:00:p03:6 + GEFS:2019-08-04T00:00:00+00:00:p03:8 + GEFS:2019-08-04T00:00:00+00:00:p03:9,,,data/manifests/phase1e/2019-08/daily/source_2019080400.json,4edf6b9704a0dfb771c18bd3c916f2a35b185d14ef77e468d666a93a3fc57300
2019080400,2019-08,day2_24h,p03,FAIL,ValueError: materially negative reconstructed precipitation for 27--30,FAIL,ValueError: negative difference exceeds packing bound for 27--30,,,,,,,,data/manifests/phase1e/2019-08/daily/source_2019080400.json,4edf6b9704a0dfb771c18bd3c916f2a35b185d14ef77e468d666a93a3fc57300
2019080400,2019-08,day3_24h,p03,PASS,,PASS,,1,5,0,,(GEFS:2019-08-04T00:00:00+00:00:p03:18 - GEFS:2019-08-04T00:00:00+00:00:p03:17) + GEFS:2019-08-04T00:00:00+00:00:p03:20 + GEFS:2019-08-04T00:00:00+00:00:p03:22 + GEFS:2019-08-04T00:00:00+00:00:p03:24 + GEFS:2019-08-04T00:00:00+00:00:p03:25,1.4210854715202004e-14,4.293848815772263e-16,data/manifests/phase1e/2019-08/daily/source_2019080400.json,4edf6b9704a0dfb771c18bd3c916f2a35b185d14ef77e468d666a93a3fc57300
2019080400,2019-08,day1_24h,p04,PASS,,PASS,,1,5,0,,(GEFS:2019-08-04T00:00:00+00:00:p04:2 - GEFS:2019-08-04T00:00:00+00:00:p04:1) + GEFS:2019-08-04T00:00:00+00:00:p04:4 + GEFS:2019-08-04T00:00:00+00:00:p04:6 + GEFS:2019-08-04T00:00:00+00:00:p04:8 + GEFS:2019-08-04T00:00:00+00:00:p04:9,2.842170943040401e-14,9.315978041284061e-16,data/manifests/phase1e/2019-08/daily/source_2019080400.json,4edf6b9704a0dfb771c18bd3c916f2a35b185d14ef77e468d666a93a3fc57300
2019080400,2019-08,day2_24h,p04,FAIL,ValueError: materially negative reconstructed precipitation for 33--36,PASS,,1,5,0,,(GEFS:2019-08-04T00:00:00+00:00:p04:10 - GEFS:2019-08-04T00:00:00+00:00:p04:9) + GEFS:2019-08-04T00:00:00+00:00:p04:12 + GEFS:2019-08-04T00:00:00+00:00:p04:14 + GEFS:2019-08-04T00:00:00+00:00:p04:16 + GEFS:2019-08-04T00:00:00+00:00:p04:17,,,data/manifests/phase1e/2019-08/daily/source_2019080400.json,4edf6b9704a0dfb771c18bd3c916f2a35b185d14ef77e468d666a93a3fc57300
2019080400,2019-08,day3_24h,p04,FAIL,ValueError: materially negative reconstructed precipitation for 51--54,FAIL,ValueError: negative difference exceeds packing bound for 51--54,,,,,,,,data/manifests/phase1e/2019-08/daily/source_2019080400.json,4edf6b9704a0dfb771c18bd3c916f2a35b185d14ef77e468d666a93a3fc57300
2019080500,2019-08,day1_24h,c00,PASS,,PASS,,1,5,0,,(GEFS:2019-08-05T00:00:00+00:00:c00:2 - GEFS:2019-08-05T00:00:00+00:00:c00:1) + GEFS:2019-08-05T00:00:00+00:00:c00:4 + GEFS:2019-08-05T00:00:00+00:00:c00:6 + GEFS:2019-08-05T00:00:00+00:00:c00:8 + GEFS:2019-08-05T00:00:00+00:00:c00:9,1.4210854715202004e-14,5.600129550701903e-16,data/manifests/phase1e/2019-08/daily/source_2019080500.json,a22c5504d3c08c71b726ca52a9cd6829d511eba9c5266ac10e69997ab2d7a03a
2019080500,2019-08,day2_24h,c00,PASS,,PASS,,1,5,0,,(GEFS:2019-08-05T00:00:00+00:00:c00:10 - GEFS:2019-08-05T00:00:00+00:00:c00:9) + GEFS:2019-08-05T00:00:00+00:00:c00:12 + GEFS:2019-08-05T00:00:00+00:00:c00:14 + GEFS:2019-08-05T00:00:00+00:00:c00:16 + GEFS:2019-08-05T00:00:00+00:00:c00:17,1.4210854715202004e-14,5.674113592326238e-16,data/manifests/phase1e/2019-08/daily/source_2019080500.json,a22c5504d3c08c71b726ca52a9cd6829d511eba9c5266ac10e69997ab2d7a03a
2019080500,2019-08,day3_24h,c00,PASS,,PASS,,1,5,14,-0.03,(GEFS:2019-08-05T00:00:00+00:00:c00:18 - GEFS:2019-08-05T00:00:00+00:00:c00:17) + GEFS:2019-08-05T00:00:00+00:00:c00:20 + GEFS:2019-08-05T00:00:00+00:00:c00:22 + GEFS:2019-08-05T00:00:00+00:00:c00:24 + GEFS:2019-08-05T00:00:00+00:00:c00:25,1.4210854715202004e-14,7.472850604317849e-16,data/manifests/phase1e/2019-08/daily/source_2019080500.json,a22c5504d3c08c71b726ca52a9cd6829d511eba9c5266ac10e69997ab2d7a03a
2019080500,2019-08,day1_24h,p01,PASS,,PASS,,1,5,0,,(GEFS:2019-08-05T00:00:00+00:00:p01:2 - GEFS:2019-08-05T00:00:00+00:00:p01:1) + GEFS:2019-08-05T00:00:00+00:00:p01:4 + GEFS:2019-08-05T00:00:00+00:00:p01:6 + GEFS:2019-08-05T00:00:00+00:00:p01:8 + GEFS:2019-08-05T00:00:00+00:00:p01:9,1.4210854715202004e-14,6.031086593163648e-16,data/manifests/phase1e/2019-08/daily/source_2019080500.json,a22c5504d3c08c71b726ca52a9cd6829d511eba9c5266ac10e69997ab2d7a03a
2019080500,2019-08,day2_24h,p01,PASS,,PASS,,1,5,0,,(GEFS:2019-08-05T00:00:00+00:00:p01:10 - GEFS:2019-08-05T00:00:00+00:00:p01:9) + GEFS:2019-08-05T00:00:00+00:00:p01:12 + GEFS:2019-08-05T00:00:00+00:00:p01:14 + GEFS:2019-08-05T00:00:00+00:00:p01:16 + GEFS:2019-08-05T00:00:00+00:00:p01:17,1.4210854715202004e-14,4.850578728995374e-16,data/manifests/phase1e/2019-08/daily/source_2019080500.json,a22c5504d3c08c71b726ca52a9cd6829d511eba9c5266ac10e69997ab2d7a03a
2019080500,2019-08,day3_24h,p01,PASS,,PASS,,1,5,0,,(GEFS:2019-08-05T00:00:00+00:00:p01:18 - GEFS:2019-08-05T00:00:00+00:00:p01:17) + GEFS:2019-08-05T00:00:00+00:00:p01:20 + GEFS:2019-08-05T00:00:00+00:00:p01:22 + GEFS:2019-08-05T00:00:00+00:00:p01:24 + GEFS:2019-08-05T00:00:00+00:00:p01:25,2.842170943040401e-14,6.467592438747216e-16,data/manifests/phase1e/2019-08/daily/source_2019080500.json,a22c5504d3c08c71b726ca52a9cd6829d511eba9c5266ac10e69997ab2d7a03a
2019080500,2019-08,day1_24h,p02,FAIL,ValueError: materially negative reconstructed precipitation for 15--18,PASS,,1,5,0,,(GEFS:2019-08-05T00:00:00+00:00:p02:2 - GEFS:2019-08-05T00:00:00+00:00:p02:1) + GEFS:2019-08-05T00:00:00+00:00:p02:4 + GEFS:2019-08-05T00:00:00+00:00:p02:6 + GEFS:2019-08-05T00:00:00+00:00:p02:8 + GEFS:2019-08-05T00:00:00+00:00:p02:9,,,data/manifests/phase1e/2019-08/daily/source_2019080500.json,a22c5504d3c08c71b726ca52a9cd6829d511eba9c5266ac10e69997ab2d7a03a
2019080500,2019-08,day2_24h,p02,PASS,,PASS,,1,5,0,,(GEFS:2019-08-05T00:00:00+00:00:p02:10 - GEFS:2019-08-05T00:00:00+00:00:p02:9) + GEFS:2019-08-05T00:00:00+00:00:p02:12 + GEFS:2019-08-05T00:00:00+00:00:p02:14 + GEFS:2019-08-05T00:00:00+00:00:p02:16 + GEFS:2019-08-05T00:00:00+00:00:p02:17,2.1316282072803006e-14,4.381473665071083e-16,data/manifests/phase1e/2019-08/daily/source_2019080500.json,a22c5504d3c08c71b726ca52a9cd6829d511eba9c5266ac10e69997ab2d7a03a
2019080500,2019-08,day3_24h,p02,FAIL,ValueError: materially negative reconstructed precipitation for 57--60,PASS,,1,5,0,,(GEFS:2019-08-05T00:00:00+00:00:p02:18 - GEFS:2019-08-05T00:00:00+00:00:p02:17) + GEFS:2019-08-05T00:00:00+00:00:p02:20 + GEFS:2019-08-05T00:00:00+00:00:p02:22 + GEFS:2019-08-05T00:00:00+00:00:p02:24 + GEFS:2019-08-05T00:00:00+00:00:p02:25,,,data/manifests/phase1e/2019-08/daily/source_2019080500.json,a22c5504d3c08c71b726ca52a9cd6829d511eba9c5266ac10e69997ab2d7a03a
2019080500,2019-08,day1_24h,p03,PASS,,PASS,,1,5,0,,(GEFS:2019-08-05T00:00:00+00:00:p03:2 - GEFS:2019-08-05T00:00:00+00:00:p03:1) + GEFS:2019-08-05T00:00:00+00:00:p03:4 + GEFS:2019-08-05T00:00:00+00:00:p03:6 + GEFS:2019-08-05T00:00:00+00:00:p03:8 + GEFS:2019-08-05T00:00:00+00:00:p03:9,1.4210854715202004e-14,6.585504505085998e-16,data/manifests/phase1e/2019-08/daily/source_2019080500.json,a22c5504d3c08c71b726ca52a9cd6829d511eba9c5266ac10e69997ab2d7a03a
2019080500,2019-08,day2_24h,p03,PASS,,PASS,,1,5,0,,(GEFS:2019-08-05T00:00:00+00:00:p03:10 - GEFS:2019-08-05T00:00:00+00:00:p03:9) + GEFS:2019-08-05T00:00:00+00:00:p03:12 + GEFS:2019-08-05T00:00:00+00:00:p03:14 + GEFS:2019-08-05T00:00:00+00:00:p03:16 + GEFS:2019-08-05T00:00:00+00:00:p03:17,1.4210854715202004e-14,5.053110042941987e-16,data/manifests/phase1e/2019-08/daily/source_2019080500.json,a22c5504d3c08c71b726ca52a9cd6829d511eba9c5266ac10e69997ab2d7a03a
2019080500,2019-08,day3_24h,p03,PASS,,PASS,,1,5,0,,(GEFS:2019-08-05T00:00:00+00:00:p03:18 - GEFS:2019-08-05T00:00:00+00:00:p03:17) + GEFS:2019-08-05T00:00:00+00:00:p03:20 + GEFS:2019-08-05T00:00:00+00:00:p03:22 + GEFS:2019-08-05T00:00:00+00:00:p03:24 + GEFS:2019-08-05T00:00:00+00:00:p03:25,2.842170943040401e-14,4.903292358652711e-16,data/manifests/phase1e/2019-08/daily/source_2019080500.json,a22c5504d3c08c71b726ca52a9cd6829d511eba9c5266ac10e69997ab2d7a03a
2019080500,2019-08,day1_24h,p04,PASS,,PASS,,1,5,0,,(GEFS:2019-08-05T00:00:00+00:00:p04:2 - GEFS:2019-08-05T00:00:00+00:00:p04:1) + GEFS:2019-08-05T00:00:00+00:00:p04:4 + GEFS:2019-08-05T00:00:00+00:00:p04:6 + GEFS:2019-08-05T00:00:00+00:00:p04:8 + GEFS:2019-08-05T00:00:00+00:00:p04:9,1.4210854715202004e-14,6.846067051681698e-16,data/manifests/phase1e/2019-08/daily/source_2019080500.json,a22c5504d3c08c71b726ca52a9cd6829d511eba9c5266ac10e69997ab2d7a03a
2019080500,2019-08,day2_24h,p04,PASS,,PASS,,1,5,0,,(GEFS:2019-08-05T00:00:00+00:00:p04:10 - GEFS:2019-08-05T00:00:00+00:00:p04:9) + GEFS:2019-08-05T00:00:00+00:00:p04:12 + GEFS:2019-08-05T00:00:00+00:00:p04:14 + GEFS:2019-08-05T00:00:00+00:00:p04:16 + GEFS:2019-08-05T00:00:00+00:00:p04:17,1.4210854715202004e-14,4.516263340905416e-16,data/manifests/phase1e/2019-08/daily/source_2019080500.json,a22c5504d3c08c71b726ca52a9cd6829d511eba9c5266ac10e69997ab2d7a03a
2019080500,2019-08,day3_24h,p04,PASS,,PASS,,1,5,0,,(GEFS:2019-08-05T00:00:00+00:00:p04:18 - GEFS:2019-08-05T00:00:00+00:00:p04:17) + GEFS:2019-08-05T00:00:00+00:00:p04:20 + GEFS:2019-08-05T00:00:00+00:00:p04:22 + GEFS:2019-08-05T00:00:00+00:00:p04:24 + GEFS:2019-08-05T00:00:00+00:00:p04:25,2.842170943040401e-14,4.2515391919683473e-16,data/manifests/phase1e/2019-08/daily/source_2019080500.json,a22c5504d3c08c71b726ca52a9cd6829d511eba9c5266ac10e69997ab2d7a03a
2019080600,2019-08,day1_24h,c00,PASS,,PASS,,1,5,0,,(GEFS:2019-08-06T00:00:00+00:00:c00:2 - GEFS:2019-08-06T00:00:00+00:00:c00:1) + GEFS:2019-08-06T00:00:00+00:00:c00:4 + GEFS:2019-08-06T00:00:00+00:00:c00:6 + GEFS:2019-08-06T00:00:00+00:00:c00:8 + GEFS:2019-08-06T00:00:00+00:00:c00:9,2.842170943040401e-14,7.31563451586614e-16,data/manifests/phase1e/2019-08/daily/source_2019080600.json,f82fa87dc5bd18858d9ccda787de369daae8ddcf074d7489b8abcd180e8bdce8
2019080600,2019-08,day2_24h,c00,FAIL,ValueError: materially negative reconstructed precipitation for 39--42,PASS,,1,5,0,,(GEFS:2019-08-06T00:00:00+00:00:c00:10 - GEFS:2019-08-06T00:00:00+00:00:c00:9) + GEFS:2019-08-06T00:00:00+00:00:c00:12 + GEFS:2019-08-06T00:00:00+00:00:c00:14 + GEFS:2019-08-06T00:00:00+00:00:c00:16 + GEFS:2019-08-06T00:00:00+00:00:c00:17,,,data/manifests/phase1e/2019-08/daily/source_2019080600.json,f82fa87dc5bd18858d9ccda787de369daae8ddcf074d7489b8abcd180e8bdce8
2019080600,2019-08,day3_24h,c00,FAIL,ValueError: materially negative reconstructed precipitation for 51--54,FAIL,ValueError: negative difference exceeds packing bound for 51--54,,,,,,,,data/manifests/phase1e/2019-08/daily/source_2019080600.json,f82fa87dc5bd18858d9ccda787de369daae8ddcf074d7489b8abcd180e8bdce8
2019080600,2019-08,day1_24h,p01,FAIL,ValueError: materially negative reconstructed precipitation for 9--12,PASS,,1,5,0,,(GEFS:2019-08-06T00:00:00+00:00:p01:2 - GEFS:2019-08-06T00:00:00+00:00:p01:1) + GEFS:2019-08-06T00:00:00+00:00:p01:4 + GEFS:2019-08-06T00:00:00+00:00:p01:6 + GEFS:2019-08-06T00:00:00+00:00:p01:8 + GEFS:2019-08-06T00:00:00+00:00:p01:9,,,data/manifests/phase1e/2019-08/daily/source_2019080600.json,f82fa87dc5bd18858d9ccda787de369daae8ddcf074d7489b8abcd180e8bdce8
2019080600,2019-08,day2_24h,p01,FAIL,ValueError: materially negative reconstructed precipitation for 33--36,PASS,,1,5,0,,(GEFS:2019-08-06T00:00:00+00:00:p01:10 - GEFS:2019-08-06T00:00:00+00:00:p01:9) + GEFS:2019-08-06T00:00:00+00:00:p01:12 + GEFS:2019-08-06T00:00:00+00:00:p01:14 + GEFS:2019-08-06T00:00:00+00:00:p01:16 + GEFS:2019-08-06T00:00:00+00:00:p01:17,,,data/manifests/phase1e/2019-08/daily/source_2019080600.json,f82fa87dc5bd18858d9ccda787de369daae8ddcf074d7489b8abcd180e8bdce8
2019080600,2019-08,day3_24h,p01,PASS,,PASS,,1,5,0,,(GEFS:2019-08-06T00:00:00+00:00:p01:18 - GEFS:2019-08-06T00:00:00+00:00:p01:17) + GEFS:2019-08-06T00:00:00+00:00:p01:20 + GEFS:2019-08-06T00:00:00+00:00:p01:22 + GEFS:2019-08-06T00:00:00+00:00:p01:24 + GEFS:2019-08-06T00:00:00+00:00:p01:25,2.842170943040401e-14,6.740177392106869e-16,data/manifests/phase1e/2019-08/daily/source_2019080600.json,f82fa87dc5bd18858d9ccda787de369daae8ddcf074d7489b8abcd180e8bdce8
2019080600,2019-08,day1_24h,p02,PASS,,PASS,,1,5,0,,(GEFS:2019-08-06T00:00:00+00:00:p02:2 - GEFS:2019-08-06T00:00:00+00:00:p02:1) + GEFS:2019-08-06T00:00:00+00:00:p02:4 + GEFS:2019-08-06T00:00:00+00:00:p02:6 + GEFS:2019-08-06T00:00:00+00:00:p02:8 + GEFS:2019-08-06T00:00:00+00:00:p02:9,0.049999999999998934,0.00021241149521084498,data/manifests/phase1e/2019-08/daily/source_2019080600.json,f82fa87dc5bd18858d9ccda787de369daae8ddcf074d7489b8abcd180e8bdce8
2019080600,2019-08,day2_24h,p02,PASS,,PASS,,1,5,0,,(GEFS:2019-08-06T00:00:00+00:00:p02:10 - GEFS:2019-08-06T00:00:00+00:00:p02:9) + GEFS:2019-08-06T00:00:00+00:00:p02:12 + GEFS:2019-08-06T00:00:00+00:00:p02:14 + GEFS:2019-08-06T00:00:00+00:00:p02:16 + GEFS:2019-08-06T00:00:00+00:00:p02:17,1.4210854715202004e-14,4.1218359189956875e-16,data/manifests/phase1e/2019-08/daily/source_2019080600.json,f82fa87dc5bd18858d9ccda787de369daae8ddcf074d7489b8abcd180e8bdce8
2019080600,2019-08,day3_24h,p02,FAIL,ValueError: materially negative reconstructed precipitation for 51--54,FAIL,ValueError: negative difference exceeds packing bound for 51--54,,,,,,,,data/manifests/phase1e/2019-08/daily/source_2019080600.json,f82fa87dc5bd18858d9ccda787de369daae8ddcf074d7489b8abcd180e8bdce8
2019080600,2019-08,day1_24h,p03,PASS,,PASS,,1,5,0,,(GEFS:2019-08-06T00:00:00+00:00:p03:2 - GEFS:2019-08-06T00:00:00+00:00:p03:1) + GEFS:2019-08-06T00:00:00+00:00:p03:4 + GEFS:2019-08-06T00:00:00+00:00:p03:6 + GEFS:2019-08-06T00:00:00+00:00:p03:8 + GEFS:2019-08-06T00:00:00+00:00:p03:9,2.842170943040401e-14,6.402856402325924e-16,data/manifests/phase1e/2019-08/daily/source_2019080600.json,f82fa87dc5bd18858d9ccda787de369daae8ddcf074d7489b8abcd180e8bdce8
2019080600,2019-08,day2_24h,p03,PASS,,PASS,,1,5,0,,(GEFS:2019-08-06T00:00:00+00:00:p03:10 - GEFS:2019-08-06T00:00:00+00:00:p03:9) + GEFS:2019-08-06T00:00:00+00:00:p03:12 + GEFS:2019-08-06T00:00:00+00:00:p03:14 + GEFS:2019-08-06T00:00:00+00:00:p03:16 + GEFS:2019-08-06T00:00:00+00:00:p03:17,5.684341886080802e-14,9.042699487534177e-16,data/manifests/phase1e/2019-08/daily/source_2019080600.json,f82fa87dc5bd18858d9ccda787de369daae8ddcf074d7489b8abcd180e8bdce8
2019080600,2019-08,day3_24h,p03,FAIL,ValueError: materially negative reconstructed precipitation for 51--54,FAIL,ValueError: negative difference exceeds packing bound for 51--54,,,,,,,,data/manifests/phase1e/2019-08/daily/source_2019080600.json,f82fa87dc5bd18858d9ccda787de369daae8ddcf074d7489b8abcd180e8bdce8
2019080600,2019-08,day1_24h,p04,PASS,,PASS,,1,5,0,,(GEFS:2019-08-06T00:00:00+00:00:p04:2 - GEFS:2019-08-06T00:00:00+00:00:p04:1) + GEFS:2019-08-06T00:00:00+00:00:p04:4 + GEFS:2019-08-06T00:00:00+00:00:p04:6 + GEFS:2019-08-06T00:00:00+00:00:p04:8 + GEFS:2019-08-06T00:00:00+00:00:p04:9,1.4210854715202004e-14,8.176392600139246e-16,data/manifests/phase1e/2019-08/daily/source_2019080600.json,f82fa87dc5bd18858d9ccda787de369daae8ddcf074d7489b8abcd180e8bdce8
2019080600,2019-08,day2_24h,p04,PASS,,PASS,,1,5,0,,(GEFS:2019-08-06T00:00:00+00:00:p04:10 - GEFS:2019-08-06T00:00:00+00:00:p04:9) + GEFS:2019-08-06T00:00:00+00:00:p04:12 + GEFS:2019-08-06T00:00:00+00:00:p04:14 + GEFS:2019-08-06T00:00:00+00:00:p04:16 + GEFS:2019-08-06T00:00:00+00:00:p04:17,1.4210854715202004e-14,4.2795144077075484e-16,data/manifests/phase1e/2019-08/daily/source_2019080600.json,f82fa87dc5bd18858d9ccda787de369daae8ddcf074d7489b8abcd180e8bdce8
2019080600,2019-08,day3_24h,p04,PASS,,PASS,,1,5,0,,(GEFS:2019-08-06T00:00:00+00:00:p04:18 - GEFS:2019-08-06T00:00:00+00:00:p04:17) + GEFS:2019-08-06T00:00:00+00:00:p04:20 + GEFS:2019-08-06T00:00:00+00:00:p04:22 + GEFS:2019-08-06T00:00:00+00:00:p04:24 + GEFS:2019-08-06T00:00:00+00:00:p04:25,5.684341886080802e-14,7.895484442096855e-16,data/manifests/phase1e/2019-08/daily/source_2019080600.json,f82fa87dc5bd18858d9ccda787de369daae8ddcf074d7489b8abcd180e8bdce8
2019080700,2019-08,day1_24h,c00,PASS,,PASS,,1,5,0,,(GEFS:2019-08-07T00:00:00+00:00:c00:2 - GEFS:2019-08-07T00:00:00+00:00:c00:1) + GEFS:2019-08-07T00:00:00+00:00:c00:4 + GEFS:2019-08-07T00:00:00+00:00:c00:6 + GEFS:2019-08-07T00:00:00+00:00:c00:8 + GEFS:2019-08-07T00:00:00+00:00:c00:9,2.842170943040401e-14,6.851847054933598e-16,data/manifests/phase1e/2019-08/daily/source_2019080700.json,9ca748f34d1e78d9b7b779385707cac11fdc79f96e95e29969e602302f15f095
2019080700,2019-08,day2_24h,c00,PASS,,PASS,,1,5,0,,(GEFS:2019-08-07T00:00:00+00:00:c00:10 - GEFS:2019-08-07T00:00:00+00:00:c00:9) + GEFS:2019-08-07T00:00:00+00:00:c00:12 + GEFS:2019-08-07T00:00:00+00:00:c00:14 + GEFS:2019-08-07T00:00:00+00:00:c00:16 + GEFS:2019-08-07T00:00:00+00:00:c00:17,2.842170943040401e-14,9.490302939361397e-16,data/manifests/phase1e/2019-08/daily/source_2019080700.json,9ca748f34d1e78d9b7b779385707cac11fdc79f96e95e29969e602302f15f095
2019080700,2019-08,day3_24h,c00,PASS,,PASS,,1,5,0,,(GEFS:2019-08-07T00:00:00+00:00:c00:18 - GEFS:2019-08-07T00:00:00+00:00:c00:17) + GEFS:2019-08-07T00:00:00+00:00:c00:20 + GEFS:2019-08-07T00:00:00+00:00:c00:22 + GEFS:2019-08-07T00:00:00+00:00:c00:24 + GEFS:2019-08-07T00:00:00+00:00:c00:25,5.684341886080802e-14,9.94692319626158e-16,data/manifests/phase1e/2019-08/daily/source_2019080700.json,9ca748f34d1e78d9b7b779385707cac11fdc79f96e95e29969e602302f15f095
2019080700,2019-08,day1_24h,p01,PASS,,PASS,,1,5,1,-0.020000000000000004,(GEFS:2019-08-07T00:00:00+00:00:p01:2 - GEFS:2019-08-07T00:00:00+00:00:p01:1) + GEFS:2019-08-07T00:00:00+00:00:p01:4 + GEFS:2019-08-07T00:00:00+00:00:p01:6 + GEFS:2019-08-07T00:00:00+00:00:p01:8 + GEFS:2019-08-07T00:00:00+00:00:p01:9,1.4210854715202004e-14,4.941671580245335e-16,data/manifests/phase1e/2019-08/daily/source_2019080700.json,9ca748f34d1e78d9b7b779385707cac11fdc79f96e95e29969e602302f15f095
2019080700,2019-08,day2_24h,p01,PASS,,PASS,,1,5,0,,(GEFS:2019-08-07T00:00:00+00:00:p01:10 - GEFS:2019-08-07T00:00:00+00:00:p01:9) + GEFS:2019-08-07T00:00:00+00:00:p01:12 + GEFS:2019-08-07T00:00:00+00:00:p01:14 + GEFS:2019-08-07T00:00:00+00:00:p01:16 + GEFS:2019-08-07T00:00:00+00:00:p01:17,2.842170943040401e-14,5.644982375936656e-16,data/manifests/phase1e/2019-08/daily/source_2019080700.json,9ca748f34d1e78d9b7b779385707cac11fdc79f96e95e29969e602302f15f095
2019080700,2019-08,day3_24h,p01,PASS,,PASS,,1,5,0,,(GEFS:2019-08-07T00:00:00+00:00:p01:18 - GEFS:2019-08-07T00:00:00+00:00:p01:17) + GEFS:2019-08-07T00:00:00+00:00:p01:20 + GEFS:2019-08-07T00:00:00+00:00:p01:22 + GEFS:2019-08-07T00:00:00+00:00:p01:24 + GEFS:2019-08-07T00:00:00+00:00:p01:25,2.842170943040401e-14,9.871783153986867e-16,data/manifests/phase1e/2019-08/daily/source_2019080700.json,9ca748f34d1e78d9b7b779385707cac11fdc79f96e95e29969e602302f15f095
2019080700,2019-08,day1_24h,p02,PASS,,PASS,,1,5,1,-0.020000000000000004,(GEFS:2019-08-07T00:00:00+00:00:p02:2 - GEFS:2019-08-07T00:00:00+00:00:p02:1) + GEFS:2019-08-07T00:00:00+00:00:p02:4 + GEFS:2019-08-07T00:00:00+00:00:p02:6 + GEFS:2019-08-07T00:00:00+00:00:p02:8 + GEFS:2019-08-07T00:00:00+00:00:p02:9,0.04999999999999982,0.00033319450229140387,data/manifests/phase1e/2019-08/daily/source_2019080700.json,9ca748f34d1e78d9b7b779385707cac11fdc79f96e95e29969e602302f15f095
2019080700,2019-08,day2_24h,p02,PASS,,PASS,,1,5,0,,(GEFS:2019-08-07T00:00:00+00:00:p02:10 - GEFS:2019-08-07T00:00:00+00:00:p02:9) + GEFS:2019-08-07T00:00:00+00:00:p02:12 + GEFS:2019-08-07T00:00:00+00:00:p02:14 + GEFS:2019-08-07T00:00:00+00:00:p02:16 + GEFS:2019-08-07T00:00:00+00:00:p02:17,5.684341886080802e-14,1.1631909744255778e-15,data/manifests/phase1e/2019-08/daily/source_2019080700.json,9ca748f34d1e78d9b7b779385707cac11fdc79f96e95e29969e602302f15f095
2019080700,2019-08,day3_24h,p02,PASS,,PASS,,1,5,0,,(GEFS:2019-08-07T00:00:00+00:00:p02:18 - GEFS:2019-08-07T00:00:00+00:00:p02:17) + GEFS:2019-08-07T00:00:00+00:00:p02:20 + GEFS:2019-08-07T00:00:00+00:00:p02:22 + GEFS:2019-08-07T00:00:00+00:00:p02:24 + GEFS:2019-08-07T00:00:00+00:00:p02:25,2.842170943040401e-14,6.969065520882151e-16,data/manifests/phase1e/2019-08/daily/source_2019080700.json,9ca748f34d1e78d9b7b779385707cac11fdc79f96e95e29969e602302f15f095
2019080700,2019-08,day1_24h,p03,PASS,,PASS,,1,5,0,,(GEFS:2019-08-07T00:00:00+00:00:p03:2 - GEFS:2019-08-07T00:00:00+00:00:p03:1) + GEFS:2019-08-07T00:00:00+00:00:p03:4 + GEFS:2019-08-07T00:00:00+00:00:p03:6 + GEFS:2019-08-07T00:00:00+00:00:p03:8 + GEFS:2019-08-07T00:00:00+00:00:p03:9,1.4210854715202004e-14,7.214368858892833e-16,data/manifests/phase1e/2019-08/daily/source_2019080700.json,9ca748f34d1e78d9b7b779385707cac11fdc79f96e95e29969e602302f15f095
2019080700,2019-08,day2_24h,p03,PASS,,PASS,,1,5,0,,(GEFS:2019-08-07T00:00:00+00:00:p03:10 - GEFS:2019-08-07T00:00:00+00:00:p03:9) + GEFS:2019-08-07T00:00:00+00:00:p03:12 + GEFS:2019-08-07T00:00:00+00:00:p03:14 + GEFS:2019-08-07T00:00:00+00:00:p03:16 + GEFS:2019-08-07T00:00:00+00:00:p03:17,1.4210854715202004e-14,4.997159611463585e-16,data/manifests/phase1e/2019-08/daily/source_2019080700.json,9ca748f34d1e78d9b7b779385707cac11fdc79f96e95e29969e602302f15f095
2019080700,2019-08,day3_24h,p03,PASS,,PASS,,1,5,0,,(GEFS:2019-08-07T00:00:00+00:00:p03:18 - GEFS:2019-08-07T00:00:00+00:00:p03:17) + GEFS:2019-08-07T00:00:00+00:00:p03:20 + GEFS:2019-08-07T00:00:00+00:00:p03:22 + GEFS:2019-08-07T00:00:00+00:00:p03:24 + GEFS:2019-08-07T00:00:00+00:00:p03:25,1.4210854715202004e-14,3.7535341117845515e-16,data/manifests/phase1e/2019-08/daily/source_2019080700.json,9ca748f34d1e78d9b7b779385707cac11fdc79f96e95e29969e602302f15f095
2019080700,2019-08,day1_24h,p04,PASS,,PASS,,1,5,0,,(GEFS:2019-08-07T00:00:00+00:00:p04:2 - GEFS:2019-08-07T00:00:00+00:00:p04:1) + GEFS:2019-08-07T00:00:00+00:00:p04:4 + GEFS:2019-08-07T00:00:00+00:00:p04:6 + GEFS:2019-08-07T00:00:00+00:00:p04:8 + GEFS:2019-08-07T00:00:00+00:00:p04:9,2.842170943040401e-14,7.459440996773439e-16,data/manifests/phase1e/2019-08/daily/source_2019080700.json,9ca748f34d1e78d9b7b779385707cac11fdc79f96e95e29969e602302f15f095
2019080700,2019-08,day2_24h,p04,PASS,,PASS,,1,5,0,,(GEFS:2019-08-07T00:00:00+00:00:p04:10 - GEFS:2019-08-07T00:00:00+00:00:p04:9) + GEFS:2019-08-07T00:00:00+00:00:p04:12 + GEFS:2019-08-07T00:00:00+00:00:p04:14 + GEFS:2019-08-07T00:00:00+00:00:p04:16 + GEFS:2019-08-07T00:00:00+00:00:p04:17,2.842170943040401e-14,6.616485322516187e-16,data/manifests/phase1e/2019-08/daily/source_2019080700.json,9ca748f34d1e78d9b7b779385707cac11fdc79f96e95e29969e602302f15f095
2019080700,2019-08,day3_24h,p04,FAIL,ValueError: materially negative reconstructed precipitation for 57--60,PASS,,1,5,0,,(GEFS:2019-08-07T00:00:00+00:00:p04:18 - GEFS:2019-08-07T00:00:00+00:00:p04:17) + GEFS:2019-08-07T00:00:00+00:00:p04:20 + GEFS:2019-08-07T00:00:00+00:00:p04:22 + GEFS:2019-08-07T00:00:00+00:00:p04:24 + GEFS:2019-08-07T00:00:00+00:00:p04:25,,,data/manifests/phase1e/2019-08/daily/source_2019080700.json,9ca748f34d1e78d9b7b779385707cac11fdc79f96e95e29969e602302f15f095
2019080800,2019-08,day1_24h,c00,FAIL,ValueError: materially negative reconstructed precipitation for 9--12,PASS,,1,5,0,,(GEFS:2019-08-08T00:00:00+00:00:c00:2 - GEFS:2019-08-08T00:00:00+00:00:c00:1) + GEFS:2019-08-08T00:00:00+00:00:c00:4 + GEFS:2019-08-08T00:00:00+00:00:c00:6 + GEFS:2019-08-08T00:00:00+00:00:c00:8 + GEFS:2019-08-08T00:00:00+00:00:c00:9,,,data/manifests/phase1e/2019-08/daily/source_2019080800.json,56c0527a31384032469fa43ad1cb4240fb1d1b51841650ff49e2a70503f4f5e8
2019080800,2019-08,day2_24h,c00,PASS,,PASS,,1,5,0,,(GEFS:2019-08-08T00:00:00+00:00:c00:10 - GEFS:2019-08-08T00:00:00+00:00:c00:9) + GEFS:2019-08-08T00:00:00+00:00:c00:12 + GEFS:2019-08-08T00:00:00+00:00:c00:14 + GEFS:2019-08-08T00:00:00+00:00:c00:16 + GEFS:2019-08-08T00:00:00+00:00:c00:17,5.684341886080802e-14,6.314537952636875e-16,data/manifests/phase1e/2019-08/daily/source_2019080800.json,56c0527a31384032469fa43ad1cb4240fb1d1b51841650ff49e2a70503f4f5e8
2019080800,2019-08,day3_24h,c00,FAIL,ValueError: materially negative reconstructed precipitation for 51--54,FAIL,ValueError: negative difference exceeds packing bound for 51--54,,,,,,,,data/manifests/phase1e/2019-08/daily/source_2019080800.json,56c0527a31384032469fa43ad1cb4240fb1d1b51841650ff49e2a70503f4f5e8
2019080800,2019-08,day1_24h,p01,FAIL,ValueError: materially negative reconstructed precipitation for 21--24,PASS,,1,5,18,-0.04999999999999999,(GEFS:2019-08-08T00:00:00+00:00:p01:2 - GEFS:2019-08-08T00:00:00+00:00:p01:1) + GEFS:2019-08-08T00:00:00+00:00:p01:4 + GEFS:2019-08-08T00:00:00+00:00:p01:6 + GEFS:2019-08-08T00:00:00+00:00:p01:8 + GEFS:2019-08-08T00:00:00+00:00:p01:9,,,data/manifests/phase1e/2019-08/daily/source_2019080800.json,56c0527a31384032469fa43ad1cb4240fb1d1b51841650ff49e2a70503f4f5e8
2019080800,2019-08,day2_24h,p01,PASS,,PASS,,1,5,0,,(GEFS:2019-08-08T00:00:00+00:00:p01:10 - GEFS:2019-08-08T00:00:00+00:00:p01:9) + GEFS:2019-08-08T00:00:00+00:00:p01:12 + GEFS:2019-08-08T00:00:00+00:00:p01:14 + GEFS:2019-08-08T00:00:00+00:00:p01:16 + GEFS:2019-08-08T00:00:00+00:00:p01:17,2.842170943040401e-14,8.316731079095404e-16,data/manifests/phase1e/2019-08/daily/source_2019080800.json,56c0527a31384032469fa43ad1cb4240fb1d1b51841650ff49e2a70503f4f5e8
2019080800,2019-08,day3_24h,p01,PASS,,PASS,,1,5,0,,(GEFS:2019-08-08T00:00:00+00:00:p01:18 - GEFS:2019-08-08T00:00:00+00:00:p01:17) + GEFS:2019-08-08T00:00:00+00:00:p01:20 + GEFS:2019-08-08T00:00:00+00:00:p01:22 + GEFS:2019-08-08T00:00:00+00:00:p01:24 + GEFS:2019-08-08T00:00:00+00:00:p01:25,1.4210854715202004e-14,5.086402861672937e-16,data/manifests/phase1e/2019-08/daily/source_2019080800.json,56c0527a31384032469fa43ad1cb4240fb1d1b51841650ff49e2a70503f4f5e8
2019080800,2019-08,day1_24h,p02,PASS,,PASS,,1,5,15,-0.04999999999999999,(GEFS:2019-08-08T00:00:00+00:00:p02:2 - GEFS:2019-08-08T00:00:00+00:00:p02:1) + GEFS:2019-08-08T00:00:00+00:00:p02:4 + GEFS:2019-08-08T00:00:00+00:00:p02:6 + GEFS:2019-08-08T00:00:00+00:00:p02:8 + GEFS:2019-08-08T00:00:00+00:00:p02:9,2.842170943040401e-14,6.25118911699604e-16,data/manifests/phase1e/2019-08/daily/source_2019080800.json,56c0527a31384032469fa43ad1cb4240fb1d1b51841650ff49e2a70503f4f5e8
2019080800,2019-08,day2_24h,p02,FAIL,ValueError: materially negative reconstructed precipitation for 27--30,FAIL,ValueError: negative difference exceeds packing bound for 27--30,,,,,,,,data/manifests/phase1e/2019-08/daily/source_2019080800.json,56c0527a31384032469fa43ad1cb4240fb1d1b51841650ff49e2a70503f4f5e8
2019080800,2019-08,day3_24h,p02,PASS,,PASS,,1,5,0,,(GEFS:2019-08-08T00:00:00+00:00:p02:18 - GEFS:2019-08-08T00:00:00+00:00:p02:17) + GEFS:2019-08-08T00:00:00+00:00:p02:20 + GEFS:2019-08-08T00:00:00+00:00:p02:22 + GEFS:2019-08-08T00:00:00+00:00:p02:24 + GEFS:2019-08-08T00:00:00+00:00:p02:25,1.4210854715202004e-14,4.454995306435265e-16,data/manifests/phase1e/2019-08/daily/source_2019080800.json,56c0527a31384032469fa43ad1cb4240fb1d1b51841650ff49e2a70503f4f5e8
2019080800,2019-08,day1_24h,p03,PASS,,PASS,,1,5,36,-0.04999999999999999,(GEFS:2019-08-08T00:00:00+00:00:p03:2 - GEFS:2019-08-08T00:00:00+00:00:p03:1) + GEFS:2019-08-08T00:00:00+00:00:p03:4 + GEFS:2019-08-08T00:00:00+00:00:p03:6 + GEFS:2019-08-08T00:00:00+00:00:p03:8 + GEFS:2019-08-08T00:00:00+00:00:p03:9,2.842170943040401e-14,8.1218293694413e-16,data/manifests/phase1e/2019-08/daily/source_2019080800.json,56c0527a31384032469fa43ad1cb4240fb1d1b51841650ff49e2a70503f4f5e8
2019080800,2019-08,day2_24h,p03,PASS,,PASS,,1,5,0,,(GEFS:2019-08-08T00:00:00+00:00:p03:10 - GEFS:2019-08-08T00:00:00+00:00:p03:9) + GEFS:2019-08-08T00:00:00+00:00:p03:12 + GEFS:2019-08-08T00:00:00+00:00:p03:14 + GEFS:2019-08-08T00:00:00+00:00:p03:16 + GEFS:2019-08-08T00:00:00+00:00:p03:17,5.684341886080802e-14,4.756017875794272e-16,data/manifests/phase1e/2019-08/daily/source_2019080800.json,56c0527a31384032469fa43ad1cb4240fb1d1b51841650ff49e2a70503f4f5e8
2019080800,2019-08,day3_24h,p03,FAIL,ValueError: materially negative reconstructed precipitation for 57--60,PASS,,1,5,0,,(GEFS:2019-08-08T00:00:00+00:00:p03:18 - GEFS:2019-08-08T00:00:00+00:00:p03:17) + GEFS:2019-08-08T00:00:00+00:00:p03:20 + GEFS:2019-08-08T00:00:00+00:00:p03:22 + GEFS:2019-08-08T00:00:00+00:00:p03:24 + GEFS:2019-08-08T00:00:00+00:00:p03:25,,,data/manifests/phase1e/2019-08/daily/source_2019080800.json,56c0527a31384032469fa43ad1cb4240fb1d1b51841650ff49e2a70503f4f5e8
2019080800,2019-08,day1_24h,p04,PASS,,PASS,,1,5,0,,(GEFS:2019-08-08T00:00:00+00:00:p04:2 - GEFS:2019-08-08T00:00:00+00:00:p04:1) + GEFS:2019-08-08T00:00:00+00:00:p04:4 + GEFS:2019-08-08T00:00:00+00:00:p04:6 + GEFS:2019-08-08T00:00:00+00:00:p04:8 + GEFS:2019-08-08T00:00:00+00:00:p04:9,1.4210854715202004e-14,4.973808398325905e-16,data/manifests/phase1e/2019-08/daily/source_2019080800.json,56c0527a31384032469fa43ad1cb4240fb1d1b51841650ff49e2a70503f4f5e8
2019080800,2019-08,day2_24h,p04,FAIL,ValueError: materially negative reconstructed precipitation for 27--30,FAIL,ValueError: negative difference exceeds packing bound for 27--30,,,,,,,,data/manifests/phase1e/2019-08/daily/source_2019080800.json,56c0527a31384032469fa43ad1cb4240fb1d1b51841650ff49e2a70503f4f5e8
2019080800,2019-08,day3_24h,p04,FAIL,ValueError: materially negative reconstructed precipitation for 63--66,PASS,,1,5,0,,(GEFS:2019-08-08T00:00:00+00:00:p04:18 - GEFS:2019-08-08T00:00:00+00:00:p04:17) + GEFS:2019-08-08T00:00:00+00:00:p04:20 + GEFS:2019-08-08T00:00:00+00:00:p04:22 + GEFS:2019-08-08T00:00:00+00:00:p04:24 + GEFS:2019-08-08T00:00:00+00:00:p04:25,,,data/manifests/phase1e/2019-08/daily/source_2019080800.json,56c0527a31384032469fa43ad1cb4240fb1d1b51841650ff49e2a70503f4f5e8
2019080900,2019-08,day1_24h,c00,FAIL,ValueError: materially negative reconstructed precipitation for 15--18,PASS,,1,5,0,,(GEFS:2019-08-09T00:00:00+00:00:c00:2 - GEFS:2019-08-09T00:00:00+00:00:c00:1) + GEFS:2019-08-09T00:00:00+00:00:c00:4 + GEFS:2019-08-09T00:00:00+00:00:c00:6 + GEFS:2019-08-09T00:00:00+00:00:c00:8 + GEFS:2019-08-09T00:00:00+00:00:c00:9,,,data/manifests/phase1e/2019-08/daily/source_2019080900.json,83798811c6aec1722bf20accc9a5eaae00e2636f1282b6f955b281d9979d6c33
2019080900,2019-08,day2_24h,c00,FAIL,ValueError: materially negative reconstructed precipitation for 39--42,PASS,,1,5,20,-0.04999999999999999,(GEFS:2019-08-09T00:00:00+00:00:c00:10 - GEFS:2019-08-09T00:00:00+00:00:c00:9) + GEFS:2019-08-09T00:00:00+00:00:c00:12 + GEFS:2019-08-09T00:00:00+00:00:c00:14 + GEFS:2019-08-09T00:00:00+00:00:c00:16 + GEFS:2019-08-09T00:00:00+00:00:c00:17,,,data/manifests/phase1e/2019-08/daily/source_2019080900.json,83798811c6aec1722bf20accc9a5eaae00e2636f1282b6f955b281d9979d6c33
2019080900,2019-08,day3_24h,c00,FAIL,ValueError: materially negative reconstructed precipitation for 63--66,PASS,,1,5,46,-0.040000000000000036,(GEFS:2019-08-09T00:00:00+00:00:c00:18 - GEFS:2019-08-09T00:00:00+00:00:c00:17) + GEFS:2019-08-09T00:00:00+00:00:c00:20 + GEFS:2019-08-09T00:00:00+00:00:c00:22 + GEFS:2019-08-09T00:00:00+00:00:c00:24 + GEFS:2019-08-09T00:00:00+00:00:c00:25,,,data/manifests/phase1e/2019-08/daily/source_2019080900.json,83798811c6aec1722bf20accc9a5eaae00e2636f1282b6f955b281d9979d6c33
2019080900,2019-08,day1_24h,p01,FAIL,ValueError: materially negative reconstructed precipitation for 9--12,PASS,,1,5,0,,(GEFS:2019-08-09T00:00:00+00:00:p01:2 - GEFS:2019-08-09T00:00:00+00:00:p01:1) + GEFS:2019-08-09T00:00:00+00:00:p01:4 + GEFS:2019-08-09T00:00:00+00:00:p01:6 + GEFS:2019-08-09T00:00:00+00:00:p01:8 + GEFS:2019-08-09T00:00:00+00:00:p01:9,,,data/manifests/phase1e/2019-08/daily/source_2019080900.json,83798811c6aec1722bf20accc9a5eaae00e2636f1282b6f955b281d9979d6c33
2019080900,2019-08,day2_24h,p01,FAIL,ValueError: materially negative reconstructed precipitation for 27--30,FAIL,ValueError: negative difference exceeds packing bound for 27--30,,,,,,,,data/manifests/phase1e/2019-08/daily/source_2019080900.json,83798811c6aec1722bf20accc9a5eaae00e2636f1282b6f955b281d9979d6c33
2019080900,2019-08,day3_24h,p01,FAIL,ValueError: materially negative reconstructed precipitation for 51--54,FAIL,ValueError: negative difference exceeds packing bound for 51--54,,,,,,,,data/manifests/phase1e/2019-08/daily/source_2019080900.json,83798811c6aec1722bf20accc9a5eaae00e2636f1282b6f955b281d9979d6c33
2019080900,2019-08,day1_24h,p02,FAIL,ValueError: materially negative reconstructed precipitation for 15--18,PASS,,1,5,48,-0.04000000000000001,(GEFS:2019-08-09T00:00:00+00:00:p02:2 - GEFS:2019-08-09T00:00:00+00:00:p02:1) + GEFS:2019-08-09T00:00:00+00:00:p02:4 + GEFS:2019-08-09T00:00:00+00:00:p02:6 + GEFS:2019-08-09T00:00:00+00:00:p02:8 + GEFS:2019-08-09T00:00:00+00:00:p02:9,,,data/manifests/phase1e/2019-08/daily/source_2019080900.json,83798811c6aec1722bf20accc9a5eaae00e2636f1282b6f955b281d9979d6c33
2019080900,2019-08,day2_24h,p02,FAIL,ValueError: materially negative reconstructed precipitation for 33--36,PASS,,1,5,0,,(GEFS:2019-08-09T00:00:00+00:00:p02:10 - GEFS:2019-08-09T00:00:00+00:00:p02:9) + GEFS:2019-08-09T00:00:00+00:00:p02:12 + GEFS:2019-08-09T00:00:00+00:00:p02:14 + GEFS:2019-08-09T00:00:00+00:00:p02:16 + GEFS:2019-08-09T00:00:00+00:00:p02:17,,,data/manifests/phase1e/2019-08/daily/source_2019080900.json,83798811c6aec1722bf20accc9a5eaae00e2636f1282b6f955b281d9979d6c33
2019080900,2019-08,day3_24h,p02,FAIL,ValueError: materially negative reconstructed precipitation for 63--66,PASS,,1,5,0,,(GEFS:2019-08-09T00:00:00+00:00:p02:18 - GEFS:2019-08-09T00:00:00+00:00:p02:17) + GEFS:2019-08-09T00:00:00+00:00:p02:20 + GEFS:2019-08-09T00:00:00+00:00:p02:22 + GEFS:2019-08-09T00:00:00+00:00:p02:24 + GEFS:2019-08-09T00:00:00+00:00:p02:25,,,data/manifests/phase1e/2019-08/daily/source_2019080900.json,83798811c6aec1722bf20accc9a5eaae00e2636f1282b6f955b281d9979d6c33
2019080900,2019-08,day1_24h,p03,PASS,,PASS,,1,5,0,,(GEFS:2019-08-09T00:00:00+00:00:p03:2 - GEFS:2019-08-09T00:00:00+00:00:p03:1) + GEFS:2019-08-09T00:00:00+00:00:p03:4 + GEFS:2019-08-09T00:00:00+00:00:p03:6 + GEFS:2019-08-09T00:00:00+00:00:p03:8 + GEFS:2019-08-09T00:00:00+00:00:p03:9,5.684341886080802e-14,6.873233066965632e-16,data/manifests/phase1e/2019-08/daily/source_2019080900.json,83798811c6aec1722bf20accc9a5eaae00e2636f1282b6f955b281d9979d6c33
2019080900,2019-08,day2_24h,p03,FAIL,ValueError: materially negative reconstructed precipitation for 27--30,FAIL,ValueError: negative difference exceeds packing bound for 27--30,,,,,,,,data/manifests/phase1e/2019-08/daily/source_2019080900.json,83798811c6aec1722bf20accc9a5eaae00e2636f1282b6f955b281d9979d6c33
2019080900,2019-08,day3_24h,p03,FAIL,ValueError: materially negative reconstructed precipitation for 51--54,FAIL,ValueError: negative difference exceeds packing bound for 51--54,,,,,,,,data/manifests/phase1e/2019-08/daily/source_2019080900.json,83798811c6aec1722bf20accc9a5eaae00e2636f1282b6f955b281d9979d6c33
2019080900,2019-08,day1_24h,p04,PASS,,PASS,,1,5,40,-0.04000000000000001,(GEFS:2019-08-09T00:00:00+00:00:p04:2 - GEFS:2019-08-09T00:00:00+00:00:p04:1) + GEFS:2019-08-09T00:00:00+00:00:p04:4 + GEFS:2019-08-09T00:00:00+00:00:p04:6 + GEFS:2019-08-09T00:00:00+00:00:p04:8 + GEFS:2019-08-09T00:00:00+00:00:p04:9,5.684341886080802e-14,6.53741487803018e-16,data/manifests/phase1e/2019-08/daily/source_2019080900.json,83798811c6aec1722bf20accc9a5eaae00e2636f1282b6f955b281d9979d6c33
2019080900,2019-08,day2_24h,p04,FAIL,ValueError: materially negative reconstructed precipitation for 27--30,FAIL,ValueError: negative difference exceeds packing bound for 27--30,,,,,,,,data/manifests/phase1e/2019-08/daily/source_2019080900.json,83798811c6aec1722bf20accc9a5eaae00e2636f1282b6f955b281d9979d6c33
2019080900,2019-08,day3_24h,p04,FAIL,ValueError: materially negative reconstructed precipitation for 57--60,PASS,,1,5,0,,(GEFS:2019-08-09T00:00:00+00:00:p04:18 - GEFS:2019-08-09T00:00:00+00:00:p04:17) + GEFS:2019-08-09T00:00:00+00:00:p04:20 + GEFS:2019-08-09T00:00:00+00:00:p04:22 + GEFS:2019-08-09T00:00:00+00:00:p04:24 + GEFS:2019-08-09T00:00:00+00:00:p04:25,,,data/manifests/phase1e/2019-08/daily/source_2019080900.json,83798811c6aec1722bf20accc9a5eaae00e2636f1282b6f955b281d9979d6c33
2019081000,2019-08,day1_24h,c00,FAIL,ValueError: materially negative reconstructed precipitation for 15--18,PASS,,1,5,0,,(GEFS:2019-08-10T00:00:00+00:00:c00:2 - GEFS:2019-08-10T00:00:00+00:00:c00:1) + GEFS:2019-08-10T00:00:00+00:00:c00:4 + GEFS:2019-08-10T00:00:00+00:00:c00:6 + GEFS:2019-08-10T00:00:00+00:00:c00:8 + GEFS:2019-08-10T00:00:00+00:00:c00:9,,,data/manifests/phase1e/2019-08/daily/source_2019081000.json,a7f2afecdc703f3bf08328d019b8657185569d576fcb47b90c0236e00e96298a
2019081000,2019-08,day2_24h,c00,FAIL,ValueError: materially negative reconstructed precipitation for 33--36,PASS,,1,5,56,-0.04999999999999982,(GEFS:2019-08-10T00:00:00+00:00:c00:10 - GEFS:2019-08-10T00:00:00+00:00:c00:9) + GEFS:2019-08-10T00:00:00+00:00:c00:12 + GEFS:2019-08-10T00:00:00+00:00:c00:14 + GEFS:2019-08-10T00:00:00+00:00:c00:16 + GEFS:2019-08-10T00:00:00+00:00:c00:17,,,data/manifests/phase1e/2019-08/daily/source_2019081000.json,a7f2afecdc703f3bf08328d019b8657185569d576fcb47b90c0236e00e96298a
2019081000,2019-08,day3_24h,c00,FAIL,ValueError: materially negative reconstructed precipitation for 51--54,FAIL,ValueError: negative difference exceeds packing bound for 51--54,,,,,,,,data/manifests/phase1e/2019-08/daily/source_2019081000.json,a7f2afecdc703f3bf08328d019b8657185569d576fcb47b90c0236e00e96298a
2019081000,2019-08,day1_24h,p01,FAIL,ValueError: materially negative reconstructed precipitation for 9--12,PASS,,1,5,20,-0.04,(GEFS:2019-08-10T00:00:00+00:00:p01:2 - GEFS:2019-08-10T00:00:00+00:00:p01:1) + GEFS:2019-08-10T00:00:00+00:00:p01:4 + GEFS:2019-08-10T00:00:00+00:00:p01:6 + GEFS:2019-08-10T00:00:00+00:00:p01:8 + GEFS:2019-08-10T00:00:00+00:00:p01:9,,,data/manifests/phase1e/2019-08/daily/source_2019081000.json,a7f2afecdc703f3bf08328d019b8657185569d576fcb47b90c0236e00e96298a
2019081000,2019-08,day2_24h,p01,FAIL,ValueError: materially negative reconstructed precipitation for 27--30,FAIL,ValueError: negative difference exceeds packing bound for 27--30,,,,,,,,data/manifests/phase1e/2019-08/daily/source_2019081000.json,a7f2afecdc703f3bf08328d019b8657185569d576fcb47b90c0236e00e96298a
2019081000,2019-08,day3_24h,p01,PASS,,PASS,,1,5,29,-0.030000000000000027,(GEFS:2019-08-10T00:00:00+00:00:p01:18 - GEFS:2019-08-10T00:00:00+00:00:p01:17) + GEFS:2019-08-10T00:00:00+00:00:p01:20 + GEFS:2019-08-10T00:00:00+00:00:p01:22 + GEFS:2019-08-10T00:00:00+00:00:p01:24 + GEFS:2019-08-10T00:00:00+00:00:p01:25,1.4210854715202004e-14,5.210557331523772e-16,data/manifests/phase1e/2019-08/daily/source_2019081000.json,a7f2afecdc703f3bf08328d019b8657185569d576fcb47b90c0236e00e96298a
2019081000,2019-08,day1_24h,p02,PASS,,PASS,,1,5,20,-0.04999999999999999,(GEFS:2019-08-10T00:00:00+00:00:p02:2 - GEFS:2019-08-10T00:00:00+00:00:p02:1) + GEFS:2019-08-10T00:00:00+00:00:p02:4 + GEFS:2019-08-10T00:00:00+00:00:p02:6 + GEFS:2019-08-10T00:00:00+00:00:p02:8 + GEFS:2019-08-10T00:00:00+00:00:p02:9,2.842170943040401e-14,7.013455945856752e-16,data/manifests/phase1e/2019-08/daily/source_2019081000.json,a7f2afecdc703f3bf08328d019b8657185569d576fcb47b90c0236e00e96298a
2019081000,2019-08,day2_24h,p02,FAIL,ValueError: materially negative reconstructed precipitation for 27--30,FAIL,ValueError: negative difference exceeds packing bound for 27--30,,,,,,,,data/manifests/phase1e/2019-08/daily/source_2019081000.json,a7f2afecdc703f3bf08328d019b8657185569d576fcb47b90c0236e00e96298a
2019081000,2019-08,day3_24h,p02,PASS,,PASS,,1,5,0,,(GEFS:2019-08-10T00:00:00+00:00:p02:18 - GEFS:2019-08-10T00:00:00+00:00:p02:17) + GEFS:2019-08-10T00:00:00+00:00:p02:20 + GEFS:2019-08-10T00:00:00+00:00:p02:22 + GEFS:2019-08-10T00:00:00+00:00:p02:24 + GEFS:2019-08-10T00:00:00+00:00:p02:25,0.05000000000000071,0.00047063723448608586,data/manifests/phase1e/2019-08/daily/source_2019081000.json,a7f2afecdc703f3bf08328d019b8657185569d576fcb47b90c0236e00e96298a
2019081000,2019-08,day1_24h,p03,PASS,,PASS,,1,5,70,-0.050000000000000044,(GEFS:2019-08-10T00:00:00+00:00:p03:2 - GEFS:2019-08-10T00:00:00+00:00:p03:1) + GEFS:2019-08-10T00:00:00+00:00:p03:4 + GEFS:2019-08-10T00:00:00+00:00:p03:6 + GEFS:2019-08-10T00:00:00+00:00:p03:8 + GEFS:2019-08-10T00:00:00+00:00:p03:9,1.4210854715202004e-14,4.3359272394461027e-16,data/manifests/phase1e/2019-08/daily/source_2019081000.json,a7f2afecdc703f3bf08328d019b8657185569d576fcb47b90c0236e00e96298a
2019081000,2019-08,day2_24h,p03,FAIL,ValueError: materially negative reconstructed precipitation for 39--42,PASS,,1,5,0,,(GEFS:2019-08-10T00:00:00+00:00:p03:10 - GEFS:2019-08-10T00:00:00+00:00:p03:9) + GEFS:2019-08-10T00:00:00+00:00:p03:12 + GEFS:2019-08-10T00:00:00+00:00:p03:14 + GEFS:2019-08-10T00:00:00+00:00:p03:16 + GEFS:2019-08-10T00:00:00+00:00:p03:17,,,data/manifests/phase1e/2019-08/daily/source_2019081000.json,a7f2afecdc703f3bf08328d019b8657185569d576fcb47b90c0236e00e96298a
2019081000,2019-08,day3_24h,p03,PASS,,PASS,,1,5,0,,(GEFS:2019-08-10T00:00:00+00:00:p03:18 - GEFS:2019-08-10T00:00:00+00:00:p03:17) + GEFS:2019-08-10T00:00:00+00:00:p03:20 + GEFS:2019-08-10T00:00:00+00:00:p03:22 + GEFS:2019-08-10T00:00:00+00:00:p03:24 + GEFS:2019-08-10T00:00:00+00:00:p03:25,1.4210854715202004e-14,4.764803480737162e-16,data/manifests/phase1e/2019-08/daily/source_2019081000.json,a7f2afecdc703f3bf08328d019b8657185569d576fcb47b90c0236e00e96298a
2019081000,2019-08,day1_24h,p04,FAIL,ValueError: materially negative reconstructed precipitation for 15--18,PASS,,1,5,31,-0.040000000000000036,(GEFS:2019-08-10T00:00:00+00:00:p04:2 - GEFS:2019-08-10T00:00:00+00:00:p04:1) + GEFS:2019-08-10T00:00:00+00:00:p04:4 + GEFS:2019-08-10T00:00:00+00:00:p04:6 + GEFS:2019-08-10T00:00:00+00:00:p04:8 + GEFS:2019-08-10T00:00:00+00:00:p04:9,,,data/manifests/phase1e/2019-08/daily/source_2019081000.json,a7f2afecdc703f3bf08328d019b8657185569d576fcb47b90c0236e00e96298a
2019081000,2019-08,day2_24h,p04,FAIL,ValueError: materially negative reconstructed precipitation for 45--48,PASS,,1,5,0,,(GEFS:2019-08-10T00:00:00+00:00:p04:10 - GEFS:2019-08-10T00:00:00+00:00:p04:9) + GEFS:2019-08-10T00:00:00+00:00:p04:12 + GEFS:2019-08-10T00:00:00+00:00:p04:14 + GEFS:2019-08-10T00:00:00+00:00:p04:16 + GEFS:2019-08-10T00:00:00+00:00:p04:17,,,data/manifests/phase1e/2019-08/daily/source_2019081000.json,a7f2afecdc703f3bf08328d019b8657185569d576fcb47b90c0236e00e96298a
2019081000,2019-08,day3_24h,p04,FAIL,ValueError: materially negative reconstructed precipitation for 51--54,FAIL,ValueError: negative difference exceeds packing bound for 51--54,,,,,,,,data/manifests/phase1e/2019-08/daily/source_2019081000.json,a7f2afecdc703f3bf08328d019b8657185569d576fcb47b90c0236e00e96298a
2019081100,2019-08,day1_24h,c00,FAIL,ValueError: materially negative reconstructed precipitation for 9--12,PASS,,1,5,0,,(GEFS:2019-08-11T00:00:00+00:00:c00:2 - GEFS:2019-08-11T00:00:00+00:00:c00:1) + GEFS:2019-08-11T00:00:00+00:00:c00:4 + GEFS:2019-08-11T00:00:00+00:00:c00:6 + GEFS:2019-08-11T00:00:00+00:00:c00:8 + GEFS:2019-08-11T00:00:00+00:00:c00:9,,,data/manifests/phase1e/2019-08/daily/source_2019081100.json,11e9d4663a0c61bc893dd256555b8bcfdad458f56584f7c573ef2ada31f2df21
2019081100,2019-08,day2_24h,c00,FAIL,ValueError: materially negative reconstructed precipitation for 27--30,FAIL,ValueError: negative difference exceeds packing bound for 27--30,,,,,,,,data/manifests/phase1e/2019-08/daily/source_2019081100.json,11e9d4663a0c61bc893dd256555b8bcfdad458f56584f7c573ef2ada31f2df21
2019081100,2019-08,day3_24h,c00,FAIL,ValueError: materially negative reconstructed precipitation for 51--54,FAIL,ValueError: negative difference exceeds packing bound for 51--54,,,,,,,,data/manifests/phase1e/2019-08/daily/source_2019081100.json,11e9d4663a0c61bc893dd256555b8bcfdad458f56584f7c573ef2ada31f2df21
2019081100,2019-08,day1_24h,p01,FAIL,ValueError: materially negative reconstructed precipitation for 9--12,PASS,,1,5,9,-0.02,(GEFS:2019-08-11T00:00:00+00:00:p01:2 - GEFS:2019-08-11T00:00:00+00:00:p01:1) + GEFS:2019-08-11T00:00:00+00:00:p01:4 + GEFS:2019-08-11T00:00:00+00:00:p01:6 + GEFS:2019-08-11T00:00:00+00:00:p01:8 + GEFS:2019-08-11T00:00:00+00:00:p01:9,,,data/manifests/phase1e/2019-08/daily/source_2019081100.json,11e9d4663a0c61bc893dd256555b8bcfdad458f56584f7c573ef2ada31f2df21
2019081100,2019-08,day2_24h,p01,FAIL,ValueError: materially negative reconstructed precipitation for 39--42,PASS,,1,5,0,,(GEFS:2019-08-11T00:00:00+00:00:p01:10 - GEFS:2019-08-11T00:00:00+00:00:p01:9) + GEFS:2019-08-11T00:00:00+00:00:p01:12 + GEFS:2019-08-11T00:00:00+00:00:p01:14 + GEFS:2019-08-11T00:00:00+00:00:p01:16 + GEFS:2019-08-11T00:00:00+00:00:p01:17,,,data/manifests/phase1e/2019-08/daily/source_2019081100.json,11e9d4663a0c61bc893dd256555b8bcfdad458f56584f7c573ef2ada31f2df21
2019081100,2019-08,day3_24h,p01,PASS,,PASS,,1,5,0,,(GEFS:2019-08-11T00:00:00+00:00:p01:18 - GEFS:2019-08-11T00:00:00+00:00:p01:17) + GEFS:2019-08-11T00:00:00+00:00:p01:20 + GEFS:2019-08-11T00:00:00+00:00:p01:22 + GEFS:2019-08-11T00:00:00+00:00:p01:24 + GEFS:2019-08-11T00:00:00+00:00:p01:25,2.842170943040401e-14,6.837050246608732e-16,data/manifests/phase1e/2019-08/daily/source_2019081100.json,11e9d4663a0c61bc893dd256555b8bcfdad458f56584f7c573ef2ada31f2df21
2019081100,2019-08,day1_24h,p02,PASS,,PASS,,1,5,30,-0.04,(GEFS:2019-08-11T00:00:00+00:00:p02:2 - GEFS:2019-08-11T00:00:00+00:00:p02:1) + GEFS:2019-08-11T00:00:00+00:00:p02:4 + GEFS:2019-08-11T00:00:00+00:00:p02:6 + GEFS:2019-08-11T00:00:00+00:00:p02:8 + GEFS:2019-08-11T00:00:00+00:00:p02:9,1.4210854715202004e-14,3.637702846616454e-16,data/manifests/phase1e/2019-08/daily/source_2019081100.json,11e9d4663a0c61bc893dd256555b8bcfdad458f56584f7c573ef2ada31f2df21
2019081100,2019-08,day2_24h,p02,PASS,,PASS,,1,5,0,,(GEFS:2019-08-11T00:00:00+00:00:p02:10 - GEFS:2019-08-11T00:00:00+00:00:p02:9) + GEFS:2019-08-11T00:00:00+00:00:p02:12 + GEFS:2019-08-11T00:00:00+00:00:p02:14 + GEFS:2019-08-11T00:00:00+00:00:p02:16 + GEFS:2019-08-11T00:00:00+00:00:p02:17,7.105427357601002e-15,2.5376526277146434e-16,data/manifests/phase1e/2019-08/daily/source_2019081100.json,11e9d4663a0c61bc893dd256555b8bcfdad458f56584f7c573ef2ada31f2df21
2019081100,2019-08,day3_24h,p02,FAIL,ValueError: materially negative reconstructed precipitation for 63--66,PASS,,1,5,0,,(GEFS:2019-08-11T00:00:00+00:00:p02:18 - GEFS:2019-08-11T00:00:00+00:00:p02:17) + GEFS:2019-08-11T00:00:00+00:00:p02:20 + GEFS:2019-08-11T00:00:00+00:00:p02:22 + GEFS:2019-08-11T00:00:00+00:00:p02:24 + GEFS:2019-08-11T00:00:00+00:00:p02:25,,,data/manifests/phase1e/2019-08/daily/source_2019081100.json,11e9d4663a0c61bc893dd256555b8bcfdad458f56584f7c573ef2ada31f2df21
2019081100,2019-08,day1_24h,p03,FAIL,ValueError: materially negative reconstructed precipitation for 9--12,PASS,,1,5,0,,(GEFS:2019-08-11T00:00:00+00:00:p03:2 - GEFS:2019-08-11T00:00:00+00:00:p03:1) + GEFS:2019-08-11T00:00:00+00:00:p03:4 + GEFS:2019-08-11T00:00:00+00:00:p03:6 + GEFS:2019-08-11T00:00:00+00:00:p03:8 + GEFS:2019-08-11T00:00:00+00:00:p03:9,,,data/manifests/phase1e/2019-08/daily/source_2019081100.json,11e9d4663a0c61bc893dd256555b8bcfdad458f56584f7c573ef2ada31f2df21
2019081100,2019-08,day2_24h,p03,PASS,,PASS,,1,5,0,,(GEFS:2019-08-11T00:00:00+00:00:p03:10 - GEFS:2019-08-11T00:00:00+00:00:p03:9) + GEFS:2019-08-11T00:00:00+00:00:p03:12 + GEFS:2019-08-11T00:00:00+00:00:p03:14 + GEFS:2019-08-11T00:00:00+00:00:p03:16 + GEFS:2019-08-11T00:00:00+00:00:p03:17,1.4210854715202004e-14,5.46950147720894e-16,data/manifests/phase1e/2019-08/daily/source_2019081100.json,11e9d4663a0c61bc893dd256555b8bcfdad458f56584f7c573ef2ada31f2df21
2019081100,2019-08,day3_24h,p03,FAIL,ValueError: materially negative reconstructed precipitation for 57--60,PASS,,1,5,0,,(GEFS:2019-08-11T00:00:00+00:00:p03:18 - GEFS:2019-08-11T00:00:00+00:00:p03:17) + GEFS:2019-08-11T00:00:00+00:00:p03:20 + GEFS:2019-08-11T00:00:00+00:00:p03:22 + GEFS:2019-08-11T00:00:00+00:00:p03:24 + GEFS:2019-08-11T00:00:00+00:00:p03:25,,,data/manifests/phase1e/2019-08/daily/source_2019081100.json,11e9d4663a0c61bc893dd256555b8bcfdad458f56584f7c573ef2ada31f2df21
2019081100,2019-08,day1_24h,p04,FAIL,ValueError: materially negative reconstructed precipitation for 15--18,PASS,,1,5,0,,(GEFS:2019-08-11T00:00:00+00:00:p04:2 - GEFS:2019-08-11T00:00:00+00:00:p04:1) + GEFS:2019-08-11T00:00:00+00:00:p04:4 + GEFS:2019-08-11T00:00:00+00:00:p04:6 + GEFS:2019-08-11T00:00:00+00:00:p04:8 + GEFS:2019-08-11T00:00:00+00:00:p04:9,,,data/manifests/phase1e/2019-08/daily/source_2019081100.json,11e9d4663a0c61bc893dd256555b8bcfdad458f56584f7c573ef2ada31f2df21
2019081100,2019-08,day2_24h,p04,FAIL,ValueError: materially negative reconstructed precipitation for 39--42,PASS,,1,5,0,,(GEFS:2019-08-11T00:00:00+00:00:p04:10 - GEFS:2019-08-11T00:00:00+00:00:p04:9) + GEFS:2019-08-11T00:00:00+00:00:p04:12 + GEFS:2019-08-11T00:00:00+00:00:p04:14 + GEFS:2019-08-11T00:00:00+00:00:p04:16 + GEFS:2019-08-11T00:00:00+00:00:p04:17,,,data/manifests/phase1e/2019-08/daily/source_2019081100.json,11e9d4663a0c61bc893dd256555b8bcfdad458f56584f7c573ef2ada31f2df21
2019081100,2019-08,day3_24h,p04,FAIL,ValueError: materially negative reconstructed precipitation for 51--54,FAIL,ValueError: negative difference exceeds packing bound for 51--54,,,,,,,,data/manifests/phase1e/2019-08/daily/source_2019081100.json,11e9d4663a0c61bc893dd256555b8bcfdad458f56584f7c573ef2ada31f2df21
2019081200,2019-08,day1_24h,c00,PASS,,PASS,,1,5,0,,(GEFS:2019-08-12T00:00:00+00:00:c00:2 - GEFS:2019-08-12T00:00:00+00:00:c00:1) + GEFS:2019-08-12T00:00:00+00:00:c00:4 + GEFS:2019-08-12T00:00:00+00:00:c00:6 + GEFS:2019-08-12T00:00:00+00:00:c00:8 + GEFS:2019-08-12T00:00:00+00:00:c00:9,1.4210854715202004e-14,3.831448555620178e-16,data/manifests/phase1e/2019-08/daily/source_2019081200.json,028ffb7e20f31c1be596d9510ec93e8816a2c544e0501ffb1df976ca9c32a0e5
2019081200,2019-08,day2_24h,c00,FAIL,ValueError: materially negative reconstructed precipitation for 39--42,PASS,,1,5,33,-0.04999999999999999,(GEFS:2019-08-12T00:00:00+00:00:c00:10 - GEFS:2019-08-12T00:00:00+00:00:c00:9) + GEFS:2019-08-12T00:00:00+00:00:c00:12 + GEFS:2019-08-12T00:00:00+00:00:c00:14 + GEFS:2019-08-12T00:00:00+00:00:c00:16 + GEFS:2019-08-12T00:00:00+00:00:c00:17,,,data/manifests/phase1e/2019-08/daily/source_2019081200.json,028ffb7e20f31c1be596d9510ec93e8816a2c544e0501ffb1df976ca9c32a0e5
2019081200,2019-08,day3_24h,c00,FAIL,ValueError: materially negative reconstructed precipitation for 51--54,FAIL,ValueError: negative difference exceeds packing bound for 51--54,,,,,,,,data/manifests/phase1e/2019-08/daily/source_2019081200.json,028ffb7e20f31c1be596d9510ec93e8816a2c544e0501ffb1df976ca9c32a0e5
2019081200,2019-08,day1_24h,p01,FAIL,ValueError: materially negative reconstructed precipitation for 15--18,PASS,,1,5,0,,(GEFS:2019-08-12T00:00:00+00:00:p01:2 - GEFS:2019-08-12T00:00:00+00:00:p01:1) + GEFS:2019-08-12T00:00:00+00:00:p01:4 + GEFS:2019-08-12T00:00:00+00:00:p01:6 + GEFS:2019-08-12T00:00:00+00:00:p01:8 + GEFS:2019-08-12T00:00:00+00:00:p01:9,,,data/manifests/phase1e/2019-08/daily/source_2019081200.json,028ffb7e20f31c1be596d9510ec93e8816a2c544e0501ffb1df976ca9c32a0e5
2019081200,2019-08,day2_24h,p01,PASS,,PASS,,1,5,0,,(GEFS:2019-08-12T00:00:00+00:00:p01:10 - GEFS:2019-08-12T00:00:00+00:00:p01:9) + GEFS:2019-08-12T00:00:00+00:00:p01:12 + GEFS:2019-08-12T00:00:00+00:00:p01:14 + GEFS:2019-08-12T00:00:00+00:00:p01:16 + GEFS:2019-08-12T00:00:00+00:00:p01:17,0.049999999999998934,0.0003540191586845966,data/manifests/phase1e/2019-08/daily/source_2019081200.json,028ffb7e20f31c1be596d9510ec93e8816a2c544e0501ffb1df976ca9c32a0e5
2019081200,2019-08,day3_24h,p01,FAIL,ValueError: materially negative reconstructed precipitation for 69--72,PASS,,1,5,0,,(GEFS:2019-08-12T00:00:00+00:00:p01:18 - GEFS:2019-08-12T00:00:00+00:00:p01:17) + GEFS:2019-08-12T00:00:00+00:00:p01:20 + GEFS:2019-08-12T00:00:00+00:00:p01:22 + GEFS:2019-08-12T00:00:00+00:00:p01:24 + GEFS:2019-08-12T00:00:00+00:00:p01:25,,,data/manifests/phase1e/2019-08/daily/source_2019081200.json,028ffb7e20f31c1be596d9510ec93e8816a2c544e0501ffb1df976ca9c32a0e5
2019081200,2019-08,day1_24h,p02,FAIL,ValueError: materially negative reconstructed precipitation for 21--24,PASS,,1,5,6,-0.04000000000000001,(GEFS:2019-08-12T00:00:00+00:00:p02:2 - GEFS:2019-08-12T00:00:00+00:00:p02:1) + GEFS:2019-08-12T00:00:00+00:00:p02:4 + GEFS:2019-08-12T00:00:00+00:00:p02:6 + GEFS:2019-08-12T00:00:00+00:00:p02:8 + GEFS:2019-08-12T00:00:00+00:00:p02:9,,,data/manifests/phase1e/2019-08/daily/source_2019081200.json,028ffb7e20f31c1be596d9510ec93e8816a2c544e0501ffb1df976ca9c32a0e5
2019081200,2019-08,day2_24h,p02,FAIL,ValueError: materially negative reconstructed precipitation for 45--48,PASS,,1,5,0,,(GEFS:2019-08-12T00:00:00+00:00:p02:10 - GEFS:2019-08-12T00:00:00+00:00:p02:9) + GEFS:2019-08-12T00:00:00+00:00:p02:12 + GEFS:2019-08-12T00:00:00+00:00:p02:14 + GEFS:2019-08-12T00:00:00+00:00:p02:16 + GEFS:2019-08-12T00:00:00+00:00:p02:17,,,data/manifests/phase1e/2019-08/daily/source_2019081200.json,028ffb7e20f31c1be596d9510ec93e8816a2c544e0501ffb1df976ca9c32a0e5
2019081200,2019-08,day3_24h,p02,PASS,,PASS,,1,5,0,,(GEFS:2019-08-12T00:00:00+00:00:p02:18 - GEFS:2019-08-12T00:00:00+00:00:p02:17) + GEFS:2019-08-12T00:00:00+00:00:p02:20 + GEFS:2019-08-12T00:00:00+00:00:p02:22 + GEFS:2019-08-12T00:00:00+00:00:p02:24 + GEFS:2019-08-12T00:00:00+00:00:p02:25,2.1316282072803006e-14,5.840577685980988e-16,data/manifests/phase1e/2019-08/daily/source_2019081200.json,028ffb7e20f31c1be596d9510ec93e8816a2c544e0501ffb1df976ca9c32a0e5
2019081200,2019-08,day1_24h,p03,FAIL,ValueError: materially negative reconstructed precipitation for 21--24,PASS,,1,5,28,-0.04999999999999999,(GEFS:2019-08-12T00:00:00+00:00:p03:2 - GEFS:2019-08-12T00:00:00+00:00:p03:1) + GEFS:2019-08-12T00:00:00+00:00:p03:4 + GEFS:2019-08-12T00:00:00+00:00:p03:6 + GEFS:2019-08-12T00:00:00+00:00:p03:8 + GEFS:2019-08-12T00:00:00+00:00:p03:9,,,data/manifests/phase1e/2019-08/daily/source_2019081200.json,028ffb7e20f31c1be596d9510ec93e8816a2c544e0501ffb1df976ca9c32a0e5
2019081200,2019-08,day2_24h,p03,FAIL,ValueError: materially negative reconstructed precipitation for 39--42,PASS,,1,5,55,-0.05,(GEFS:2019-08-12T00:00:00+00:00:p03:10 - GEFS:2019-08-12T00:00:00+00:00:p03:9) + GEFS:2019-08-12T00:00:00+00:00:p03:12 + GEFS:2019-08-12T00:00:00+00:00:p03:14 + GEFS:2019-08-12T00:00:00+00:00:p03:16 + GEFS:2019-08-12T00:00:00+00:00:p03:17,,,data/manifests/phase1e/2019-08/daily/source_2019081200.json,028ffb7e20f31c1be596d9510ec93e8816a2c544e0501ffb1df976ca9c32a0e5
2019081200,2019-08,day3_24h,p03,FAIL,ValueError: materially negative reconstructed precipitation for 51--54,FAIL,ValueError: negative difference exceeds packing bound for 51--54,,,,,,,,data/manifests/phase1e/2019-08/daily/source_2019081200.json,028ffb7e20f31c1be596d9510ec93e8816a2c544e0501ffb1df976ca9c32a0e5
2019081200,2019-08,day1_24h,p04,FAIL,ValueError: materially negative reconstructed precipitation for 21--24,PASS,,1,5,0,,(GEFS:2019-08-12T00:00:00+00:00:p04:2 - GEFS:2019-08-12T00:00:00+00:00:p04:1) + GEFS:2019-08-12T00:00:00+00:00:p04:4 + GEFS:2019-08-12T00:00:00+00:00:p04:6 + GEFS:2019-08-12T00:00:00+00:00:p04:8 + GEFS:2019-08-12T00:00:00+00:00:p04:9,,,data/manifests/phase1e/2019-08/daily/source_2019081200.json,028ffb7e20f31c1be596d9510ec93e8816a2c544e0501ffb1df976ca9c32a0e5
2019081200,2019-08,day2_24h,p04,FAIL,ValueError: materially negative reconstructed precipitation for 39--42,PASS,,1,5,0,,(GEFS:2019-08-12T00:00:00+00:00:p04:10 - GEFS:2019-08-12T00:00:00+00:00:p04:9) + GEFS:2019-08-12T00:00:00+00:00:p04:12 + GEFS:2019-08-12T00:00:00+00:00:p04:14 + GEFS:2019-08-12T00:00:00+00:00:p04:16 + GEFS:2019-08-12T00:00:00+00:00:p04:17,,,data/manifests/phase1e/2019-08/daily/source_2019081200.json,028ffb7e20f31c1be596d9510ec93e8816a2c544e0501ffb1df976ca9c32a0e5
2019081200,2019-08,day3_24h,p04,FAIL,ValueError: materially negative reconstructed precipitation for 63--66,PASS,,1,5,0,,(GEFS:2019-08-12T00:00:00+00:00:p04:18 - GEFS:2019-08-12T00:00:00+00:00:p04:17) + GEFS:2019-08-12T00:00:00+00:00:p04:20 + GEFS:2019-08-12T00:00:00+00:00:p04:22 + GEFS:2019-08-12T00:00:00+00:00:p04:24 + GEFS:2019-08-12T00:00:00+00:00:p04:25,,,data/manifests/phase1e/2019-08/daily/source_2019081200.json,028ffb7e20f31c1be596d9510ec93e8816a2c544e0501ffb1df976ca9c32a0e5
2019081300,2019-08,day1_24h,c00,FAIL,ValueError: materially negative reconstructed precipitation for 9--12,PASS,,1,5,0,,(GEFS:2019-08-13T00:00:00+00:00:c00:2 - GEFS:2019-08-13T00:00:00+00:00:c00:1) + GEFS:2019-08-13T00:00:00+00:00:c00:4 + GEFS:2019-08-13T00:00:00+00:00:c00:6 + GEFS:2019-08-13T00:00:00+00:00:c00:8 + GEFS:2019-08-13T00:00:00+00:00:c00:9,,,data/manifests/phase1e/2019-08/daily/source_2019081300.json,eb921388f7c17813e16c5307ee29f18667e09c9a8406f56153a3df793183b6b3
2019081300,2019-08,day2_24h,c00,FAIL,ValueError: materially negative reconstructed precipitation for 33--36,PASS,,1,5,0,,(GEFS:2019-08-13T00:00:00+00:00:c00:10 - GEFS:2019-08-13T00:00:00+00:00:c00:9) + GEFS:2019-08-13T00:00:00+00:00:c00:12 + GEFS:2019-08-13T00:00:00+00:00:c00:14 + GEFS:2019-08-13T00:00:00+00:00:c00:16 + GEFS:2019-08-13T00:00:00+00:00:c00:17,,,data/manifests/phase1e/2019-08/daily/source_2019081300.json,eb921388f7c17813e16c5307ee29f18667e09c9a8406f56153a3df793183b6b3
2019081300,2019-08,day3_24h,c00,FAIL,ValueError: materially negative reconstructed precipitation for 63--66,PASS,,1,5,0,,(GEFS:2019-08-13T00:00:00+00:00:c00:18 - GEFS:2019-08-13T00:00:00+00:00:c00:17) + GEFS:2019-08-13T00:00:00+00:00:c00:20 + GEFS:2019-08-13T00:00:00+00:00:c00:22 + GEFS:2019-08-13T00:00:00+00:00:c00:24 + GEFS:2019-08-13T00:00:00+00:00:c00:25,,,data/manifests/phase1e/2019-08/daily/source_2019081300.json,eb921388f7c17813e16c5307ee29f18667e09c9a8406f56153a3df793183b6b3
2019081300,2019-08,day1_24h,p01,PASS,,PASS,,1,5,81,-0.04999999999999999,(GEFS:2019-08-13T00:00:00+00:00:p01:2 - GEFS:2019-08-13T00:00:00+00:00:p01:1) + GEFS:2019-08-13T00:00:00+00:00:p01:4 + GEFS:2019-08-13T00:00:00+00:00:p01:6 + GEFS:2019-08-13T00:00:00+00:00:p01:8 + GEFS:2019-08-13T00:00:00+00:00:p01:9,2.842170943040401e-14,8.142174980887992e-16,data/manifests/phase1e/2019-08/daily/source_2019081300.json,eb921388f7c17813e16c5307ee29f18667e09c9a8406f56153a3df793183b6b3
2019081300,2019-08,day2_24h,p01,PASS,,PASS,,1,5,0,,(GEFS:2019-08-13T00:00:00+00:00:p01:10 - GEFS:2019-08-13T00:00:00+00:00:p01:9) + GEFS:2019-08-13T00:00:00+00:00:p01:12 + GEFS:2019-08-13T00:00:00+00:00:p01:14 + GEFS:2019-08-13T00:00:00+00:00:p01:16 + GEFS:2019-08-13T00:00:00+00:00:p01:17,1.4210854715202004e-14,7.639545898102676e-16,data/manifests/phase1e/2019-08/daily/source_2019081300.json,eb921388f7c17813e16c5307ee29f18667e09c9a8406f56153a3df793183b6b3
2019081300,2019-08,day3_24h,p01,FAIL,ValueError: materially negative reconstructed precipitation for 51--54,FAIL,ValueError: negative difference exceeds packing bound for 51--54,,,,,,,,data/manifests/phase1e/2019-08/daily/source_2019081300.json,eb921388f7c17813e16c5307ee29f18667e09c9a8406f56153a3df793183b6b3
2019081300,2019-08,day1_24h,p02,FAIL,ValueError: materially negative reconstructed precipitation for 9--12,PASS,,1,5,0,,(GEFS:2019-08-13T00:00:00+00:00:p02:2 - GEFS:2019-08-13T00:00:00+00:00:p02:1) + GEFS:2019-08-13T00:00:00+00:00:p02:4 + GEFS:2019-08-13T00:00:00+00:00:p02:6 + GEFS:2019-08-13T00:00:00+00:00:p02:8 + GEFS:2019-08-13T00:00:00+00:00:p02:9,,,data/manifests/phase1e/2019-08/daily/source_2019081300.json,eb921388f7c17813e16c5307ee29f18667e09c9a8406f56153a3df793183b6b3
2019081300,2019-08,day2_24h,p02,FAIL,ValueError: materially negative reconstructed precipitation for 39--42,PASS,,1,5,0,,(GEFS:2019-08-13T00:00:00+00:00:p02:10 - GEFS:2019-08-13T00:00:00+00:00:p02:9) + GEFS:2019-08-13T00:00:00+00:00:p02:12 + GEFS:2019-08-13T00:00:00+00:00:p02:14 + GEFS:2019-08-13T00:00:00+00:00:p02:16 + GEFS:2019-08-13T00:00:00+00:00:p02:17,,,data/manifests/phase1e/2019-08/daily/source_2019081300.json,eb921388f7c17813e16c5307ee29f18667e09c9a8406f56153a3df793183b6b3
2019081300,2019-08,day3_24h,p02,FAIL,ValueError: materially negative reconstructed precipitation for 51--54,FAIL,ValueError: negative difference exceeds packing bound for 51--54,,,,,,,,data/manifests/phase1e/2019-08/daily/source_2019081300.json,eb921388f7c17813e16c5307ee29f18667e09c9a8406f56153a3df793183b6b3
2019081300,2019-08,day1_24h,p03,FAIL,ValueError: materially negative reconstructed precipitation for 9--12,PASS,,1,5,0,,(GEFS:2019-08-13T00:00:00+00:00:p03:2 - GEFS:2019-08-13T00:00:00+00:00:p03:1) + GEFS:2019-08-13T00:00:00+00:00:p03:4 + GEFS:2019-08-13T00:00:00+00:00:p03:6 + GEFS:2019-08-13T00:00:00+00:00:p03:8 + GEFS:2019-08-13T00:00:00+00:00:p03:9,,,data/manifests/phase1e/2019-08/daily/source_2019081300.json,eb921388f7c17813e16c5307ee29f18667e09c9a8406f56153a3df793183b6b3
2019081300,2019-08,day2_24h,p03,FAIL,ValueError: materially negative reconstructed precipitation for 27--30,FAIL,ValueError: negative difference exceeds packing bound for 27--30,,,,,,,,data/manifests/phase1e/2019-08/daily/source_2019081300.json,eb921388f7c17813e16c5307ee29f18667e09c9a8406f56153a3df793183b6b3
2019081300,2019-08,day3_24h,p03,PASS,,PASS,,1,5,0,,(GEFS:2019-08-13T00:00:00+00:00:p03:18 - GEFS:2019-08-13T00:00:00+00:00:p03:17) + GEFS:2019-08-13T00:00:00+00:00:p03:20 + GEFS:2019-08-13T00:00:00+00:00:p03:22 + GEFS:2019-08-13T00:00:00+00:00:p03:24 + GEFS:2019-08-13T00:00:00+00:00:p03:25,1.0658141036401503e-14,5.638739972424603e-16,data/manifests/phase1e/2019-08/daily/source_2019081300.json,eb921388f7c17813e16c5307ee29f18667e09c9a8406f56153a3df793183b6b3
2019081300,2019-08,day1_24h,p04,FAIL,ValueError: materially negative reconstructed precipitation for 9--12,PASS,,1,5,0,,(GEFS:2019-08-13T00:00:00+00:00:p04:2 - GEFS:2019-08-13T00:00:00+00:00:p04:1) + GEFS:2019-08-13T00:00:00+00:00:p04:4 + GEFS:2019-08-13T00:00:00+00:00:p04:6 + GEFS:2019-08-13T00:00:00+00:00:p04:8 + GEFS:2019-08-13T00:00:00+00:00:p04:9,,,data/manifests/phase1e/2019-08/daily/source_2019081300.json,eb921388f7c17813e16c5307ee29f18667e09c9a8406f56153a3df793183b6b3
2019081300,2019-08,day2_24h,p04,PASS,,PASS,,1,5,0,,(GEFS:2019-08-13T00:00:00+00:00:p04:10 - GEFS:2019-08-13T00:00:00+00:00:p04:9) + GEFS:2019-08-13T00:00:00+00:00:p04:12 + GEFS:2019-08-13T00:00:00+00:00:p04:14 + GEFS:2019-08-13T00:00:00+00:00:p04:16 + GEFS:2019-08-13T00:00:00+00:00:p04:17,7.105427357601002e-15,4.700761044706098e-16,data/manifests/phase1e/2019-08/daily/source_2019081300.json,eb921388f7c17813e16c5307ee29f18667e09c9a8406f56153a3df793183b6b3
2019081300,2019-08,day3_24h,p04,PASS,,PASS,,1,5,58,-0.05,(GEFS:2019-08-13T00:00:00+00:00:p04:18 - GEFS:2019-08-13T00:00:00+00:00:p04:17) + GEFS:2019-08-13T00:00:00+00:00:p04:20 + GEFS:2019-08-13T00:00:00+00:00:p04:22 + GEFS:2019-08-13T00:00:00+00:00:p04:24 + GEFS:2019-08-13T00:00:00+00:00:p04:25,7.105427357601002e-15,3.134380163440909e-16,data/manifests/phase1e/2019-08/daily/source_2019081300.json,eb921388f7c17813e16c5307ee29f18667e09c9a8406f56153a3df793183b6b3
2019081400,2019-08,day1_24h,c00,FAIL,ValueError: materially negative reconstructed precipitation for 9--12,PASS,,1,5,0,,(GEFS:2019-08-14T00:00:00+00:00:c00:2 - GEFS:2019-08-14T00:00:00+00:00:c00:1) + GEFS:2019-08-14T00:00:00+00:00:c00:4 + GEFS:2019-08-14T00:00:00+00:00:c00:6 + GEFS:2019-08-14T00:00:00+00:00:c00:8 + GEFS:2019-08-14T00:00:00+00:00:c00:9,,,data/manifests/phase1e/2019-08/daily/source_2019081400.json,0061112cfa9fc1038ad2ae7419ef6b9ebb4e6b4229351ef64bf12df7643c037c
2019081400,2019-08,day2_24h,c00,FAIL,ValueError: materially negative reconstructed precipitation for 39--42,PASS,,1,5,0,,(GEFS:2019-08-14T00:00:00+00:00:c00:10 - GEFS:2019-08-14T00:00:00+00:00:c00:9) + GEFS:2019-08-14T00:00:00+00:00:c00:12 + GEFS:2019-08-14T00:00:00+00:00:c00:14 + GEFS:2019-08-14T00:00:00+00:00:c00:16 + GEFS:2019-08-14T00:00:00+00:00:c00:17,,,data/manifests/phase1e/2019-08/daily/source_2019081400.json,0061112cfa9fc1038ad2ae7419ef6b9ebb4e6b4229351ef64bf12df7643c037c
2019081400,2019-08,day3_24h,c00,FAIL,ValueError: materially negative reconstructed precipitation for 51--54,FAIL,ValueError: negative difference exceeds packing bound for 51--54,,,,,,,,data/manifests/phase1e/2019-08/daily/source_2019081400.json,0061112cfa9fc1038ad2ae7419ef6b9ebb4e6b4229351ef64bf12df7643c037c
2019081400,2019-08,day1_24h,p01,FAIL,ValueError: materially negative reconstructed precipitation for 9--12,PASS,,1,5,111,-0.04999999999999999,(GEFS:2019-08-14T00:00:00+00:00:p01:2 - GEFS:2019-08-14T00:00:00+00:00:p01:1) + GEFS:2019-08-14T00:00:00+00:00:p01:4 + GEFS:2019-08-14T00:00:00+00:00:p01:6 + GEFS:2019-08-14T00:00:00+00:00:p01:8 + GEFS:2019-08-14T00:00:00+00:00:p01:9,,,data/manifests/phase1e/2019-08/daily/source_2019081400.json,0061112cfa9fc1038ad2ae7419ef6b9ebb4e6b4229351ef64bf12df7643c037c
2019081400,2019-08,day2_24h,p01,FAIL,ValueError: materially negative reconstructed precipitation for 27--30,FAIL,ValueError: negative difference exceeds packing bound for 27--30,,,,,,,,data/manifests/phase1e/2019-08/daily/source_2019081400.json,0061112cfa9fc1038ad2ae7419ef6b9ebb4e6b4229351ef64bf12df7643c037c
2019081400,2019-08,day3_24h,p01,FAIL,ValueError: materially negative reconstructed precipitation for 63--66,PASS,,1,5,0,,(GEFS:2019-08-14T00:00:00+00:00:p01:18 - GEFS:2019-08-14T00:00:00+00:00:p01:17) + GEFS:2019-08-14T00:00:00+00:00:p01:20 + GEFS:2019-08-14T00:00:00+00:00:p01:22 + GEFS:2019-08-14T00:00:00+00:00:p01:24 + GEFS:2019-08-14T00:00:00+00:00:p01:25,,,data/manifests/phase1e/2019-08/daily/source_2019081400.json,0061112cfa9fc1038ad2ae7419ef6b9ebb4e6b4229351ef64bf12df7643c037c
2019081400,2019-08,day1_24h,p02,PASS,,PASS,,1,5,59,-0.04999999999999999,(GEFS:2019-08-14T00:00:00+00:00:p02:2 - GEFS:2019-08-14T00:00:00+00:00:p02:1) + GEFS:2019-08-14T00:00:00+00:00:p02:4 + GEFS:2019-08-14T00:00:00+00:00:p02:6 + GEFS:2019-08-14T00:00:00+00:00:p02:8 + GEFS:2019-08-14T00:00:00+00:00:p02:9,2.842170943040401e-14,1.016078331658192e-15,data/manifests/phase1e/2019-08/daily/source_2019081400.json,0061112cfa9fc1038ad2ae7419ef6b9ebb4e6b4229351ef64bf12df7643c037c
2019081400,2019-08,day2_24h,p02,FAIL,ValueError: materially negative reconstructed precipitation for 27--30,FAIL,ValueError: negative difference exceeds packing bound for 27--30,,,,,,,,data/manifests/phase1e/2019-08/daily/source_2019081400.json,0061112cfa9fc1038ad2ae7419ef6b9ebb4e6b4229351ef64bf12df7643c037c
2019081400,2019-08,day3_24h,p02,FAIL,ValueError: materially negative reconstructed precipitation for 57--60,PASS,,1,5,0,,(GEFS:2019-08-14T00:00:00+00:00:p02:18 - GEFS:2019-08-14T00:00:00+00:00:p02:17) + GEFS:2019-08-14T00:00:00+00:00:p02:20 + GEFS:2019-08-14T00:00:00+00:00:p02:22 + GEFS:2019-08-14T00:00:00+00:00:p02:24 + GEFS:2019-08-14T00:00:00+00:00:p02:25,,,data/manifests/phase1e/2019-08/daily/source_2019081400.json,0061112cfa9fc1038ad2ae7419ef6b9ebb4e6b4229351ef64bf12df7643c037c
2019081400,2019-08,day1_24h,p03,PASS,,PASS,,1,5,0,,(GEFS:2019-08-14T00:00:00+00:00:p03:2 - GEFS:2019-08-14T00:00:00+00:00:p03:1) + GEFS:2019-08-14T00:00:00+00:00:p03:4 + GEFS:2019-08-14T00:00:00+00:00:p03:6 + GEFS:2019-08-14T00:00:00+00:00:p03:8 + GEFS:2019-08-14T00:00:00+00:00:p03:9,2.842170943040401e-14,4.993113609187254e-16,data/manifests/phase1e/2019-08/daily/source_2019081400.json,0061112cfa9fc1038ad2ae7419ef6b9ebb4e6b4229351ef64bf12df7643c037c
2019081400,2019-08,day2_24h,p03,FAIL,ValueError: materially negative reconstructed precipitation for 39--42,PASS,,1,5,0,,(GEFS:2019-08-14T00:00:00+00:00:p03:10 - GEFS:2019-08-14T00:00:00+00:00:p03:9) + GEFS:2019-08-14T00:00:00+00:00:p03:12 + GEFS:2019-08-14T00:00:00+00:00:p03:14 + GEFS:2019-08-14T00:00:00+00:00:p03:16 + GEFS:2019-08-14T00:00:00+00:00:p03:17,,,data/manifests/phase1e/2019-08/daily/source_2019081400.json,0061112cfa9fc1038ad2ae7419ef6b9ebb4e6b4229351ef64bf12df7643c037c
2019081400,2019-08,day3_24h,p03,FAIL,ValueError: materially negative reconstructed precipitation for 57--60,PASS,,1,5,0,,(GEFS:2019-08-14T00:00:00+00:00:p03:18 - GEFS:2019-08-14T00:00:00+00:00:p03:17) + GEFS:2019-08-14T00:00:00+00:00:p03:20 + GEFS:2019-08-14T00:00:00+00:00:p03:22 + GEFS:2019-08-14T00:00:00+00:00:p03:24 + GEFS:2019-08-14T00:00:00+00:00:p03:25,,,data/manifests/phase1e/2019-08/daily/source_2019081400.json,0061112cfa9fc1038ad2ae7419ef6b9ebb4e6b4229351ef64bf12df7643c037c
2019081400,2019-08,day1_24h,p04,FAIL,ValueError: materially negative reconstructed precipitation for 9--12,PASS,,1,5,0,,(GEFS:2019-08-14T00:00:00+00:00:p04:2 - GEFS:2019-08-14T00:00:00+00:00:p04:1) + GEFS:2019-08-14T00:00:00+00:00:p04:4 + GEFS:2019-08-14T00:00:00+00:00:p04:6 + GEFS:2019-08-14T00:00:00+00:00:p04:8 + GEFS:2019-08-14T00:00:00+00:00:p04:9,,,data/manifests/phase1e/2019-08/daily/source_2019081400.json,0061112cfa9fc1038ad2ae7419ef6b9ebb4e6b4229351ef64bf12df7643c037c
2019081400,2019-08,day2_24h,p04,FAIL,ValueError: materially negative reconstructed precipitation for 45--48,PASS,,1,5,0,,(GEFS:2019-08-14T00:00:00+00:00:p04:10 - GEFS:2019-08-14T00:00:00+00:00:p04:9) + GEFS:2019-08-14T00:00:00+00:00:p04:12 + GEFS:2019-08-14T00:00:00+00:00:p04:14 + GEFS:2019-08-14T00:00:00+00:00:p04:16 + GEFS:2019-08-14T00:00:00+00:00:p04:17,,,data/manifests/phase1e/2019-08/daily/source_2019081400.json,0061112cfa9fc1038ad2ae7419ef6b9ebb4e6b4229351ef64bf12df7643c037c
2019081400,2019-08,day3_24h,p04,FAIL,ValueError: materially negative reconstructed precipitation for 57--60,PASS,,1,5,0,,(GEFS:2019-08-14T00:00:00+00:00:p04:18 - GEFS:2019-08-14T00:00:00+00:00:p04:17) + GEFS:2019-08-14T00:00:00+00:00:p04:20 + GEFS:2019-08-14T00:00:00+00:00:p04:22 + GEFS:2019-08-14T00:00:00+00:00:p04:24 + GEFS:2019-08-14T00:00:00+00:00:p04:25,,,data/manifests/phase1e/2019-08/daily/source_2019081400.json,0061112cfa9fc1038ad2ae7419ef6b9ebb4e6b4229351ef64bf12df7643c037c
2019081500,2019-08,day1_24h,c00,FAIL,ValueError: materially negative reconstructed precipitation for 15--18,PASS,,1,5,0,,(GEFS:2019-08-15T00:00:00+00:00:c00:2 - GEFS:2019-08-15T00:00:00+00:00:c00:1) + GEFS:2019-08-15T00:00:00+00:00:c00:4 + GEFS:2019-08-15T00:00:00+00:00:c00:6 + GEFS:2019-08-15T00:00:00+00:00:c00:8 + GEFS:2019-08-15T00:00:00+00:00:c00:9,,,data/manifests/phase1e/2019-08/daily/source_2019081500.json,c053bb86ad227f611f92393c7329f5cc9681e3156f066864f079a4c0fd094480
2019081500,2019-08,day2_24h,c00,FAIL,ValueError: materially negative reconstructed precipitation for 27--30,FAIL,ValueError: negative difference exceeds packing bound for 27--30,,,,,,,,data/manifests/phase1e/2019-08/daily/source_2019081500.json,c053bb86ad227f611f92393c7329f5cc9681e3156f066864f079a4c0fd094480
2019081500,2019-08,day3_24h,c00,FAIL,ValueError: materially negative reconstructed precipitation for 51--54,FAIL,ValueError: negative difference exceeds packing bound for 51--54,,,,,,,,data/manifests/phase1e/2019-08/daily/source_2019081500.json,c053bb86ad227f611f92393c7329f5cc9681e3156f066864f079a4c0fd094480
2019081500,2019-08,day1_24h,p01,FAIL,ValueError: materially negative reconstructed precipitation for 15--18,PASS,,1,5,0,,(GEFS:2019-08-15T00:00:00+00:00:p01:2 - GEFS:2019-08-15T00:00:00+00:00:p01:1) + GEFS:2019-08-15T00:00:00+00:00:p01:4 + GEFS:2019-08-15T00:00:00+00:00:p01:6 + GEFS:2019-08-15T00:00:00+00:00:p01:8 + GEFS:2019-08-15T00:00:00+00:00:p01:9,,,data/manifests/phase1e/2019-08/daily/source_2019081500.json,c053bb86ad227f611f92393c7329f5cc9681e3156f066864f079a4c0fd094480
2019081500,2019-08,day2_24h,p01,FAIL,ValueError: materially negative reconstructed precipitation for 39--42,PASS,,1,5,0,,(GEFS:2019-08-15T00:00:00+00:00:p01:10 - GEFS:2019-08-15T00:00:00+00:00:p01:9) + GEFS:2019-08-15T00:00:00+00:00:p01:12 + GEFS:2019-08-15T00:00:00+00:00:p01:14 + GEFS:2019-08-15T00:00:00+00:00:p01:16 + GEFS:2019-08-15T00:00:00+00:00:p01:17,,,data/manifests/phase1e/2019-08/daily/source_2019081500.json,c053bb86ad227f611f92393c7329f5cc9681e3156f066864f079a4c0fd094480
2019081500,2019-08,day3_24h,p01,FAIL,ValueError: materially negative reconstructed precipitation for 57--60,PASS,,1,5,0,,(GEFS:2019-08-15T00:00:00+00:00:p01:18 - GEFS:2019-08-15T00:00:00+00:00:p01:17) + GEFS:2019-08-15T00:00:00+00:00:p01:20 + GEFS:2019-08-15T00:00:00+00:00:p01:22 + GEFS:2019-08-15T00:00:00+00:00:p01:24 + GEFS:2019-08-15T00:00:00+00:00:p01:25,,,data/manifests/phase1e/2019-08/daily/source_2019081500.json,c053bb86ad227f611f92393c7329f5cc9681e3156f066864f079a4c0fd094480
2019081500,2019-08,day1_24h,p02,FAIL,ValueError: materially negative reconstructed precipitation for 15--18,PASS,,1,5,0,,(GEFS:2019-08-15T00:00:00+00:00:p02:2 - GEFS:2019-08-15T00:00:00+00:00:p02:1) + GEFS:2019-08-15T00:00:00+00:00:p02:4 + GEFS:2019-08-15T00:00:00+00:00:p02:6 + GEFS:2019-08-15T00:00:00+00:00:p02:8 + GEFS:2019-08-15T00:00:00+00:00:p02:9,,,data/manifests/phase1e/2019-08/daily/source_2019081500.json,c053bb86ad227f611f92393c7329f5cc9681e3156f066864f079a4c0fd094480
2019081500,2019-08,day2_24h,p02,FAIL,ValueError: materially negative reconstructed precipitation for 45--48,PASS,,1,5,0,,(GEFS:2019-08-15T00:00:00+00:00:p02:10 - GEFS:2019-08-15T00:00:00+00:00:p02:9) + GEFS:2019-08-15T00:00:00+00:00:p02:12 + GEFS:2019-08-15T00:00:00+00:00:p02:14 + GEFS:2019-08-15T00:00:00+00:00:p02:16 + GEFS:2019-08-15T00:00:00+00:00:p02:17,,,data/manifests/phase1e/2019-08/daily/source_2019081500.json,c053bb86ad227f611f92393c7329f5cc9681e3156f066864f079a4c0fd094480
2019081500,2019-08,day3_24h,p02,FAIL,ValueError: materially negative reconstructed precipitation for 57--60,PASS,,1,5,0,,(GEFS:2019-08-15T00:00:00+00:00:p02:18 - GEFS:2019-08-15T00:00:00+00:00:p02:17) + GEFS:2019-08-15T00:00:00+00:00:p02:20 + GEFS:2019-08-15T00:00:00+00:00:p02:22 + GEFS:2019-08-15T00:00:00+00:00:p02:24 + GEFS:2019-08-15T00:00:00+00:00:p02:25,,,data/manifests/phase1e/2019-08/daily/source_2019081500.json,c053bb86ad227f611f92393c7329f5cc9681e3156f066864f079a4c0fd094480
2019081500,2019-08,day1_24h,p03,PASS,,PASS,,1,5,0,,(GEFS:2019-08-15T00:00:00+00:00:p03:2 - GEFS:2019-08-15T00:00:00+00:00:p03:1) + GEFS:2019-08-15T00:00:00+00:00:p03:4 + GEFS:2019-08-15T00:00:00+00:00:p03:6 + GEFS:2019-08-15T00:00:00+00:00:p03:8 + GEFS:2019-08-15T00:00:00+00:00:p03:9,7.105427357601002e-15,3.7972309363689235e-16,data/manifests/phase1e/2019-08/daily/source_2019081500.json,c053bb86ad227f611f92393c7329f5cc9681e3156f066864f079a4c0fd094480
2019081500,2019-08,day2_24h,p03,FAIL,ValueError: materially negative reconstructed precipitation for 27--30,FAIL,ValueError: negative difference exceeds packing bound for 27--30,,,,,,,,data/manifests/phase1e/2019-08/daily/source_2019081500.json,c053bb86ad227f611f92393c7329f5cc9681e3156f066864f079a4c0fd094480
2019081500,2019-08,day3_24h,p03,FAIL,ValueError: materially negative reconstructed precipitation for 51--54,FAIL,ValueError: negative difference exceeds packing bound for 51--54,,,,,,,,data/manifests/phase1e/2019-08/daily/source_2019081500.json,c053bb86ad227f611f92393c7329f5cc9681e3156f066864f079a4c0fd094480
2019081500,2019-08,day1_24h,p04,PASS,,PASS,,1,5,0,,(GEFS:2019-08-15T00:00:00+00:00:p04:2 - GEFS:2019-08-15T00:00:00+00:00:p04:1) + GEFS:2019-08-15T00:00:00+00:00:p04:4 + GEFS:2019-08-15T00:00:00+00:00:p04:6 + GEFS:2019-08-15T00:00:00+00:00:p04:8 + GEFS:2019-08-15T00:00:00+00:00:p04:9,1.4210854715202004e-14,4.2741968047157992e-16,data/manifests/phase1e/2019-08/daily/source_2019081500.json,c053bb86ad227f611f92393c7329f5cc9681e3156f066864f079a4c0fd094480
2019081500,2019-08,day2_24h,p04,FAIL,ValueError: materially negative reconstructed precipitation for 27--30,FAIL,ValueError: negative difference exceeds packing bound for 27--30,,,,,,,,data/manifests/phase1e/2019-08/daily/source_2019081500.json,c053bb86ad227f611f92393c7329f5cc9681e3156f066864f079a4c0fd094480
2019081500,2019-08,day3_24h,p04,FAIL,ValueError: materially negative reconstructed precipitation for 57--60,PASS,,1,5,0,,(GEFS:2019-08-15T00:00:00+00:00:p04:18 - GEFS:2019-08-15T00:00:00+00:00:p04:17) + GEFS:2019-08-15T00:00:00+00:00:p04:20 + GEFS:2019-08-15T00:00:00+00:00:p04:22 + GEFS:2019-08-15T00:00:00+00:00:p04:24 + GEFS:2019-08-15T00:00:00+00:00:p04:25,,,data/manifests/phase1e/2019-08/daily/source_2019081500.json,c053bb86ad227f611f92393c7329f5cc9681e3156f066864f079a4c0fd094480
2019081600,2019-08,day1_24h,c00,FAIL,ValueError: materially negative reconstructed precipitation for 15--18,PASS,,1,5,0,,(GEFS:2019-08-16T00:00:00+00:00:c00:2 - GEFS:2019-08-16T00:00:00+00:00:c00:1) + GEFS:2019-08-16T00:00:00+00:00:c00:4 + GEFS:2019-08-16T00:00:00+00:00:c00:6 + GEFS:2019-08-16T00:00:00+00:00:c00:8 + GEFS:2019-08-16T00:00:00+00:00:c00:9,,,data/manifests/phase1e/2019-08/daily/source_2019081600.json,859be11d7cb712acbb988aab54b26523f99ae3f3f1ab95b72f63e8eb53d14a1d
2019081600,2019-08,day2_24h,c00,FAIL,ValueError: materially negative reconstructed precipitation for 27--30,FAIL,ValueError: negative difference exceeds packing bound for 27--30,,,,,,,,data/manifests/phase1e/2019-08/daily/source_2019081600.json,859be11d7cb712acbb988aab54b26523f99ae3f3f1ab95b72f63e8eb53d14a1d
2019081600,2019-08,day3_24h,c00,FAIL,ValueError: materially negative reconstructed precipitation for 51--54,FAIL,ValueError: negative difference exceeds packing bound for 51--54,,,,,,,,data/manifests/phase1e/2019-08/daily/source_2019081600.json,859be11d7cb712acbb988aab54b26523f99ae3f3f1ab95b72f63e8eb53d14a1d
2019081600,2019-08,day1_24h,p01,FAIL,ValueError: materially negative reconstructed precipitation for 21--24,PASS,,1,5,29,-0.04,(GEFS:2019-08-16T00:00:00+00:00:p01:2 - GEFS:2019-08-16T00:00:00+00:00:p01:1) + GEFS:2019-08-16T00:00:00+00:00:p01:4 + GEFS:2019-08-16T00:00:00+00:00:p01:6 + GEFS:2019-08-16T00:00:00+00:00:p01:8 + GEFS:2019-08-16T00:00:00+00:00:p01:9,,,data/manifests/phase1e/2019-08/daily/source_2019081600.json,859be11d7cb712acbb988aab54b26523f99ae3f3f1ab95b72f63e8eb53d14a1d
2019081600,2019-08,day2_24h,p01,FAIL,ValueError: materially negative reconstructed precipitation for 45--48,PASS,,1,5,0,,(GEFS:2019-08-16T00:00:00+00:00:p01:10 - GEFS:2019-08-16T00:00:00+00:00:p01:9) + GEFS:2019-08-16T00:00:00+00:00:p01:12 + GEFS:2019-08-16T00:00:00+00:00:p01:14 + GEFS:2019-08-16T00:00:00+00:00:p01:16 + GEFS:2019-08-16T00:00:00+00:00:p01:17,,,data/manifests/phase1e/2019-08/daily/source_2019081600.json,859be11d7cb712acbb988aab54b26523f99ae3f3f1ab95b72f63e8eb53d14a1d
2019081600,2019-08,day3_24h,p01,FAIL,ValueError: materially negative reconstructed precipitation for 57--60,PASS,,1,5,0,,(GEFS:2019-08-16T00:00:00+00:00:p01:18 - GEFS:2019-08-16T00:00:00+00:00:p01:17) + GEFS:2019-08-16T00:00:00+00:00:p01:20 + GEFS:2019-08-16T00:00:00+00:00:p01:22 + GEFS:2019-08-16T00:00:00+00:00:p01:24 + GEFS:2019-08-16T00:00:00+00:00:p01:25,,,data/manifests/phase1e/2019-08/daily/source_2019081600.json,859be11d7cb712acbb988aab54b26523f99ae3f3f1ab95b72f63e8eb53d14a1d
2019081600,2019-08,day1_24h,p02,FAIL,ValueError: materially negative reconstructed precipitation for 15--18,PASS,,1,5,73,-0.04,(GEFS:2019-08-16T00:00:00+00:00:p02:2 - GEFS:2019-08-16T00:00:00+00:00:p02:1) + GEFS:2019-08-16T00:00:00+00:00:p02:4 + GEFS:2019-08-16T00:00:00+00:00:p02:6 + GEFS:2019-08-16T00:00:00+00:00:p02:8 + GEFS:2019-08-16T00:00:00+00:00:p02:9,,,data/manifests/phase1e/2019-08/daily/source_2019081600.json,859be11d7cb712acbb988aab54b26523f99ae3f3f1ab95b72f63e8eb53d14a1d
2019081600,2019-08,day2_24h,p02,FAIL,ValueError: materially negative reconstructed precipitation for 33--36,PASS,,1,5,0,,(GEFS:2019-08-16T00:00:00+00:00:p02:10 - GEFS:2019-08-16T00:00:00+00:00:p02:9) + GEFS:2019-08-16T00:00:00+00:00:p02:12 + GEFS:2019-08-16T00:00:00+00:00:p02:14 + GEFS:2019-08-16T00:00:00+00:00:p02:16 + GEFS:2019-08-16T00:00:00+00:00:p02:17,,,data/manifests/phase1e/2019-08/daily/source_2019081600.json,859be11d7cb712acbb988aab54b26523f99ae3f3f1ab95b72f63e8eb53d14a1d
2019081600,2019-08,day3_24h,p02,FAIL,ValueError: materially negative reconstructed precipitation for 57--60,PASS,,1,5,0,,(GEFS:2019-08-16T00:00:00+00:00:p02:18 - GEFS:2019-08-16T00:00:00+00:00:p02:17) + GEFS:2019-08-16T00:00:00+00:00:p02:20 + GEFS:2019-08-16T00:00:00+00:00:p02:22 + GEFS:2019-08-16T00:00:00+00:00:p02:24 + GEFS:2019-08-16T00:00:00+00:00:p02:25,,,data/manifests/phase1e/2019-08/daily/source_2019081600.json,859be11d7cb712acbb988aab54b26523f99ae3f3f1ab95b72f63e8eb53d14a1d
2019081600,2019-08,day1_24h,p03,FAIL,ValueError: materially negative reconstructed precipitation for 15--18,PASS,,1,5,0,,(GEFS:2019-08-16T00:00:00+00:00:p03:2 - GEFS:2019-08-16T00:00:00+00:00:p03:1) + GEFS:2019-08-16T00:00:00+00:00:p03:4 + GEFS:2019-08-16T00:00:00+00:00:p03:6 + GEFS:2019-08-16T00:00:00+00:00:p03:8 + GEFS:2019-08-16T00:00:00+00:00:p03:9,,,data/manifests/phase1e/2019-08/daily/source_2019081600.json,859be11d7cb712acbb988aab54b26523f99ae3f3f1ab95b72f63e8eb53d14a1d
2019081600,2019-08,day2_24h,p03,FAIL,ValueError: materially negative reconstructed precipitation for 39--42,PASS,,1,5,0,,(GEFS:2019-08-16T00:00:00+00:00:p03:10 - GEFS:2019-08-16T00:00:00+00:00:p03:9) + GEFS:2019-08-16T00:00:00+00:00:p03:12 + GEFS:2019-08-16T00:00:00+00:00:p03:14 + GEFS:2019-08-16T00:00:00+00:00:p03:16 + GEFS:2019-08-16T00:00:00+00:00:p03:17,,,data/manifests/phase1e/2019-08/daily/source_2019081600.json,859be11d7cb712acbb988aab54b26523f99ae3f3f1ab95b72f63e8eb53d14a1d
2019081600,2019-08,day3_24h,p03,FAIL,ValueError: materially negative reconstructed precipitation for 57--60,PASS,,1,5,0,,(GEFS:2019-08-16T00:00:00+00:00:p03:18 - GEFS:2019-08-16T00:00:00+00:00:p03:17) + GEFS:2019-08-16T00:00:00+00:00:p03:20 + GEFS:2019-08-16T00:00:00+00:00:p03:22 + GEFS:2019-08-16T00:00:00+00:00:p03:24 + GEFS:2019-08-16T00:00:00+00:00:p03:25,,,data/manifests/phase1e/2019-08/daily/source_2019081600.json,859be11d7cb712acbb988aab54b26523f99ae3f3f1ab95b72f63e8eb53d14a1d
2019081600,2019-08,day1_24h,p04,FAIL,ValueError: materially negative reconstructed precipitation for 9--12,PASS,,1,5,0,,(GEFS:2019-08-16T00:00:00+00:00:p04:2 - GEFS:2019-08-16T00:00:00+00:00:p04:1) + GEFS:2019-08-16T00:00:00+00:00:p04:4 + GEFS:2019-08-16T00:00:00+00:00:p04:6 + GEFS:2019-08-16T00:00:00+00:00:p04:8 + GEFS:2019-08-16T00:00:00+00:00:p04:9,,,data/manifests/phase1e/2019-08/daily/source_2019081600.json,859be11d7cb712acbb988aab54b26523f99ae3f3f1ab95b72f63e8eb53d14a1d
2019081600,2019-08,day2_24h,p04,FAIL,ValueError: materially negative reconstructed precipitation for 33--36,PASS,,1,5,0,,(GEFS:2019-08-16T00:00:00+00:00:p04:10 - GEFS:2019-08-16T00:00:00+00:00:p04:9) + GEFS:2019-08-16T00:00:00+00:00:p04:12 + GEFS:2019-08-16T00:00:00+00:00:p04:14 + GEFS:2019-08-16T00:00:00+00:00:p04:16 + GEFS:2019-08-16T00:00:00+00:00:p04:17,,,data/manifests/phase1e/2019-08/daily/source_2019081600.json,859be11d7cb712acbb988aab54b26523f99ae3f3f1ab95b72f63e8eb53d14a1d
2019081600,2019-08,day3_24h,p04,FAIL,ValueError: materially negative reconstructed precipitation for 51--54,FAIL,ValueError: negative difference exceeds packing bound for 51--54,,,,,,,,data/manifests/phase1e/2019-08/daily/source_2019081600.json,859be11d7cb712acbb988aab54b26523f99ae3f3f1ab95b72f63e8eb53d14a1d
2019081700,2019-08,day1_24h,c00,FAIL,ValueError: materially negative reconstructed precipitation for 15--18,PASS,,1,5,0,,(GEFS:2019-08-17T00:00:00+00:00:c00:2 - GEFS:2019-08-17T00:00:00+00:00:c00:1) + GEFS:2019-08-17T00:00:00+00:00:c00:4 + GEFS:2019-08-17T00:00:00+00:00:c00:6 + GEFS:2019-08-17T00:00:00+00:00:c00:8 + GEFS:2019-08-17T00:00:00+00:00:c00:9,,,data/manifests/phase1e/2019-08/daily/source_2019081700.json,c7497a78fc3a7cc64bc8ec1d9fed80f16d7f21306cbba1d50e0986be13f41f4f
2019081700,2019-08,day2_24h,c00,FAIL,ValueError: materially negative reconstructed precipitation for 27--30,FAIL,ValueError: negative difference exceeds packing bound for 27--30,,,,,,,,data/manifests/phase1e/2019-08/daily/source_2019081700.json,c7497a78fc3a7cc64bc8ec1d9fed80f16d7f21306cbba1d50e0986be13f41f4f
2019081700,2019-08,day3_24h,c00,FAIL,ValueError: materially negative reconstructed precipitation for 51--54,FAIL,ValueError: negative difference exceeds packing bound for 51--54,,,,,,,,data/manifests/phase1e/2019-08/daily/source_2019081700.json,c7497a78fc3a7cc64bc8ec1d9fed80f16d7f21306cbba1d50e0986be13f41f4f
2019081700,2019-08,day1_24h,p01,FAIL,ValueError: materially negative reconstructed precipitation for 9--12,PASS,,1,5,0,,(GEFS:2019-08-17T00:00:00+00:00:p01:2 - GEFS:2019-08-17T00:00:00+00:00:p01:1) + GEFS:2019-08-17T00:00:00+00:00:p01:4 + GEFS:2019-08-17T00:00:00+00:00:p01:6 + GEFS:2019-08-17T00:00:00+00:00:p01:8 + GEFS:2019-08-17T00:00:00+00:00:p01:9,,,data/manifests/phase1e/2019-08/daily/source_2019081700.json,c7497a78fc3a7cc64bc8ec1d9fed80f16d7f21306cbba1d50e0986be13f41f4f
2019081700,2019-08,day2_24h,p01,FAIL,ValueError: materially negative reconstructed precipitation for 33--36,PASS,,1,5,0,,(GEFS:2019-08-17T00:00:00+00:00:p01:10 - GEFS:2019-08-17T00:00:00+00:00:p01:9) + GEFS:2019-08-17T00:00:00+00:00:p01:12 + GEFS:2019-08-17T00:00:00+00:00:p01:14 + GEFS:2019-08-17T00:00:00+00:00:p01:16 + GEFS:2019-08-17T00:00:00+00:00:p01:17,,,data/manifests/phase1e/2019-08/daily/source_2019081700.json,c7497a78fc3a7cc64bc8ec1d9fed80f16d7f21306cbba1d50e0986be13f41f4f
2019081700,2019-08,day3_24h,p01,FAIL,ValueError: materially negative reconstructed precipitation for 57--60,PASS,,1,5,0,,(GEFS:2019-08-17T00:00:00+00:00:p01:18 - GEFS:2019-08-17T00:00:00+00:00:p01:17) + GEFS:2019-08-17T00:00:00+00:00:p01:20 + GEFS:2019-08-17T00:00:00+00:00:p01:22 + GEFS:2019-08-17T00:00:00+00:00:p01:24 + GEFS:2019-08-17T00:00:00+00:00:p01:25,,,data/manifests/phase1e/2019-08/daily/source_2019081700.json,c7497a78fc3a7cc64bc8ec1d9fed80f16d7f21306cbba1d50e0986be13f41f4f
2019081700,2019-08,day1_24h,p02,FAIL,ValueError: materially negative reconstructed precipitation for 9--12,PASS,,1,5,0,,(GEFS:2019-08-17T00:00:00+00:00:p02:2 - GEFS:2019-08-17T00:00:00+00:00:p02:1) + GEFS:2019-08-17T00:00:00+00:00:p02:4 + GEFS:2019-08-17T00:00:00+00:00:p02:6 + GEFS:2019-08-17T00:00:00+00:00:p02:8 + GEFS:2019-08-17T00:00:00+00:00:p02:9,,,data/manifests/phase1e/2019-08/daily/source_2019081700.json,c7497a78fc3a7cc64bc8ec1d9fed80f16d7f21306cbba1d50e0986be13f41f4f
2019081700,2019-08,day2_24h,p02,FAIL,ValueError: materially negative reconstructed precipitation for 39--42,PASS,,1,5,0,,(GEFS:2019-08-17T00:00:00+00:00:p02:10 - GEFS:2019-08-17T00:00:00+00:00:p02:9) + GEFS:2019-08-17T00:00:00+00:00:p02:12 + GEFS:2019-08-17T00:00:00+00:00:p02:14 + GEFS:2019-08-17T00:00:00+00:00:p02:16 + GEFS:2019-08-17T00:00:00+00:00:p02:17,,,data/manifests/phase1e/2019-08/daily/source_2019081700.json,c7497a78fc3a7cc64bc8ec1d9fed80f16d7f21306cbba1d50e0986be13f41f4f
2019081700,2019-08,day3_24h,p02,FAIL,ValueError: materially negative reconstructed precipitation for 51--54,FAIL,ValueError: negative difference exceeds packing bound for 51--54,,,,,,,,data/manifests/phase1e/2019-08/daily/source_2019081700.json,c7497a78fc3a7cc64bc8ec1d9fed80f16d7f21306cbba1d50e0986be13f41f4f
2019081700,2019-08,day1_24h,p03,FAIL,ValueError: materially negative reconstructed precipitation for 9--12,PASS,,1,5,0,,(GEFS:2019-08-17T00:00:00+00:00:p03:2 - GEFS:2019-08-17T00:00:00+00:00:p03:1) + GEFS:2019-08-17T00:00:00+00:00:p03:4 + GEFS:2019-08-17T00:00:00+00:00:p03:6 + GEFS:2019-08-17T00:00:00+00:00:p03:8 + GEFS:2019-08-17T00:00:00+00:00:p03:9,,,data/manifests/phase1e/2019-08/daily/source_2019081700.json,c7497a78fc3a7cc64bc8ec1d9fed80f16d7f21306cbba1d50e0986be13f41f4f
2019081700,2019-08,day2_24h,p03,FAIL,ValueError: materially negative reconstructed precipitation for 33--36,PASS,,1,5,0,,(GEFS:2019-08-17T00:00:00+00:00:p03:10 - GEFS:2019-08-17T00:00:00+00:00:p03:9) + GEFS:2019-08-17T00:00:00+00:00:p03:12 + GEFS:2019-08-17T00:00:00+00:00:p03:14 + GEFS:2019-08-17T00:00:00+00:00:p03:16 + GEFS:2019-08-17T00:00:00+00:00:p03:17,,,data/manifests/phase1e/2019-08/daily/source_2019081700.json,c7497a78fc3a7cc64bc8ec1d9fed80f16d7f21306cbba1d50e0986be13f41f4f
2019081700,2019-08,day3_24h,p03,FAIL,ValueError: materially negative reconstructed precipitation for 51--54,FAIL,ValueError: negative difference exceeds packing bound for 51--54,,,,,,,,data/manifests/phase1e/2019-08/daily/source_2019081700.json,c7497a78fc3a7cc64bc8ec1d9fed80f16d7f21306cbba1d50e0986be13f41f4f
2019081700,2019-08,day1_24h,p04,FAIL,ValueError: materially negative reconstructed precipitation for 15--18,PASS,,1,5,0,,(GEFS:2019-08-17T00:00:00+00:00:p04:2 - GEFS:2019-08-17T00:00:00+00:00:p04:1) + GEFS:2019-08-17T00:00:00+00:00:p04:4 + GEFS:2019-08-17T00:00:00+00:00:p04:6 + GEFS:2019-08-17T00:00:00+00:00:p04:8 + GEFS:2019-08-17T00:00:00+00:00:p04:9,,,data/manifests/phase1e/2019-08/daily/source_2019081700.json,c7497a78fc3a7cc64bc8ec1d9fed80f16d7f21306cbba1d50e0986be13f41f4f
2019081700,2019-08,day2_24h,p04,FAIL,ValueError: materially negative reconstructed precipitation for 45--48,PASS,,1,5,0,,(GEFS:2019-08-17T00:00:00+00:00:p04:10 - GEFS:2019-08-17T00:00:00+00:00:p04:9) + GEFS:2019-08-17T00:00:00+00:00:p04:12 + GEFS:2019-08-17T00:00:00+00:00:p04:14 + GEFS:2019-08-17T00:00:00+00:00:p04:16 + GEFS:2019-08-17T00:00:00+00:00:p04:17,,,data/manifests/phase1e/2019-08/daily/source_2019081700.json,c7497a78fc3a7cc64bc8ec1d9fed80f16d7f21306cbba1d50e0986be13f41f4f
2019081700,2019-08,day3_24h,p04,FAIL,ValueError: materially negative reconstructed precipitation for 63--66,PASS,,1,5,0,,(GEFS:2019-08-17T00:00:00+00:00:p04:18 - GEFS:2019-08-17T00:00:00+00:00:p04:17) + GEFS:2019-08-17T00:00:00+00:00:p04:20 + GEFS:2019-08-17T00:00:00+00:00:p04:22 + GEFS:2019-08-17T00:00:00+00:00:p04:24 + GEFS:2019-08-17T00:00:00+00:00:p04:25,,,data/manifests/phase1e/2019-08/daily/source_2019081700.json,c7497a78fc3a7cc64bc8ec1d9fed80f16d7f21306cbba1d50e0986be13f41f4f
2019081800,2019-08,day1_24h,c00,PASS,,PASS,,1,5,0,,(GEFS:2019-08-18T00:00:00+00:00:c00:2 - GEFS:2019-08-18T00:00:00+00:00:c00:1) + GEFS:2019-08-18T00:00:00+00:00:c00:4 + GEFS:2019-08-18T00:00:00+00:00:c00:6 + GEFS:2019-08-18T00:00:00+00:00:c00:8 + GEFS:2019-08-18T00:00:00+00:00:c00:9,7.105427357601002e-15,3.329946573468982e-16,data/manifests/phase1e/2019-08/daily/source_2019081800.json,d20165c830513db5bbea24930e9bbf7de86c9ea86c397098306a9b7226d1ee9c
2019081800,2019-08,day2_24h,c00,FAIL,ValueError: materially negative reconstructed precipitation for 27--30,FAIL,ValueError: negative difference exceeds packing bound for 27--30,,,,,,,,data/manifests/phase1e/2019-08/daily/source_2019081800.json,d20165c830513db5bbea24930e9bbf7de86c9ea86c397098306a9b7226d1ee9c
2019081800,2019-08,day3_24h,c00,FAIL,ValueError: materially negative reconstructed precipitation for 51--54,FAIL,ValueError: negative difference exceeds packing bound for 51--54,,,,,,,,data/manifests/phase1e/2019-08/daily/source_2019081800.json,d20165c830513db5bbea24930e9bbf7de86c9ea86c397098306a9b7226d1ee9c
2019081800,2019-08,day1_24h,p01,FAIL,ValueError: materially negative reconstructed precipitation for 9--12,PASS,,1,5,0,,(GEFS:2019-08-18T00:00:00+00:00:p01:2 - GEFS:2019-08-18T00:00:00+00:00:p01:1) + GEFS:2019-08-18T00:00:00+00:00:p01:4 + GEFS:2019-08-18T00:00:00+00:00:p01:6 + GEFS:2019-08-18T00:00:00+00:00:p01:8 + GEFS:2019-08-18T00:00:00+00:00:p01:9,,,data/manifests/phase1e/2019-08/daily/source_2019081800.json,d20165c830513db5bbea24930e9bbf7de86c9ea86c397098306a9b7226d1ee9c
2019081800,2019-08,day2_24h,p01,FAIL,ValueError: materially negative reconstructed precipitation for 39--42,PASS,,1,5,0,,(GEFS:2019-08-18T00:00:00+00:00:p01:10 - GEFS:2019-08-18T00:00:00+00:00:p01:9) + GEFS:2019-08-18T00:00:00+00:00:p01:12 + GEFS:2019-08-18T00:00:00+00:00:p01:14 + GEFS:2019-08-18T00:00:00+00:00:p01:16 + GEFS:2019-08-18T00:00:00+00:00:p01:17,,,data/manifests/phase1e/2019-08/daily/source_2019081800.json,d20165c830513db5bbea24930e9bbf7de86c9ea86c397098306a9b7226d1ee9c
2019081800,2019-08,day3_24h,p01,FAIL,ValueError: materially negative reconstructed precipitation for 57--60,PASS,,1,5,0,,(GEFS:2019-08-18T00:00:00+00:00:p01:18 - GEFS:2019-08-18T00:00:00+00:00:p01:17) + GEFS:2019-08-18T00:00:00+00:00:p01:20 + GEFS:2019-08-18T00:00:00+00:00:p01:22 + GEFS:2019-08-18T00:00:00+00:00:p01:24 + GEFS:2019-08-18T00:00:00+00:00:p01:25,,,data/manifests/phase1e/2019-08/daily/source_2019081800.json,d20165c830513db5bbea24930e9bbf7de86c9ea86c397098306a9b7226d1ee9c
2019081800,2019-08,day1_24h,p02,FAIL,ValueError: materially negative reconstructed precipitation for 9--12,PASS,,1,5,0,,(GEFS:2019-08-18T00:00:00+00:00:p02:2 - GEFS:2019-08-18T00:00:00+00:00:p02:1) + GEFS:2019-08-18T00:00:00+00:00:p02:4 + GEFS:2019-08-18T00:00:00+00:00:p02:6 + GEFS:2019-08-18T00:00:00+00:00:p02:8 + GEFS:2019-08-18T00:00:00+00:00:p02:9,,,data/manifests/phase1e/2019-08/daily/source_2019081800.json,d20165c830513db5bbea24930e9bbf7de86c9ea86c397098306a9b7226d1ee9c
2019081800,2019-08,day2_24h,p02,FAIL,ValueError: materially negative reconstructed precipitation for 27--30,FAIL,ValueError: negative difference exceeds packing bound for 27--30,,,,,,,,data/manifests/phase1e/2019-08/daily/source_2019081800.json,d20165c830513db5bbea24930e9bbf7de86c9ea86c397098306a9b7226d1ee9c
2019081800,2019-08,day3_24h,p02,FAIL,ValueError: materially negative reconstructed precipitation for 51--54,FAIL,ValueError: negative difference exceeds packing bound for 51--54,,,,,,,,data/manifests/phase1e/2019-08/daily/source_2019081800.json,d20165c830513db5bbea24930e9bbf7de86c9ea86c397098306a9b7226d1ee9c
2019081800,2019-08,day1_24h,p03,FAIL,ValueError: materially negative reconstructed precipitation for 9--12,PASS,,1,5,0,,(GEFS:2019-08-18T00:00:00+00:00:p03:2 - GEFS:2019-08-18T00:00:00+00:00:p03:1) + GEFS:2019-08-18T00:00:00+00:00:p03:4 + GEFS:2019-08-18T00:00:00+00:00:p03:6 + GEFS:2019-08-18T00:00:00+00:00:p03:8 + GEFS:2019-08-18T00:00:00+00:00:p03:9,,,data/manifests/phase1e/2019-08/daily/source_2019081800.json,d20165c830513db5bbea24930e9bbf7de86c9ea86c397098306a9b7226d1ee9c
2019081800,2019-08,day2_24h,p03,FAIL,ValueError: materially negative reconstructed precipitation for 27--30,FAIL,ValueError: negative difference exceeds packing bound for 27--30,,,,,,,,data/manifests/phase1e/2019-08/daily/source_2019081800.json,d20165c830513db5bbea24930e9bbf7de86c9ea86c397098306a9b7226d1ee9c
2019081800,2019-08,day3_24h,p03,FAIL,ValueError: materially negative reconstructed precipitation for 51--54,FAIL,ValueError: negative difference exceeds packing bound for 51--54,,,,,,,,data/manifests/phase1e/2019-08/daily/source_2019081800.json,d20165c830513db5bbea24930e9bbf7de86c9ea86c397098306a9b7226d1ee9c
2019081800,2019-08,day1_24h,p04,FAIL,ValueError: materially negative reconstructed precipitation for 15--18,PASS,,1,5,0,,(GEFS:2019-08-18T00:00:00+00:00:p04:2 - GEFS:2019-08-18T00:00:00+00:00:p04:1) + GEFS:2019-08-18T00:00:00+00:00:p04:4 + GEFS:2019-08-18T00:00:00+00:00:p04:6 + GEFS:2019-08-18T00:00:00+00:00:p04:8 + GEFS:2019-08-18T00:00:00+00:00:p04:9,,,data/manifests/phase1e/2019-08/daily/source_2019081800.json,d20165c830513db5bbea24930e9bbf7de86c9ea86c397098306a9b7226d1ee9c
2019081800,2019-08,day2_24h,p04,FAIL,ValueError: materially negative reconstructed precipitation for 33--36,PASS,,1,5,0,,(GEFS:2019-08-18T00:00:00+00:00:p04:10 - GEFS:2019-08-18T00:00:00+00:00:p04:9) + GEFS:2019-08-18T00:00:00+00:00:p04:12 + GEFS:2019-08-18T00:00:00+00:00:p04:14 + GEFS:2019-08-18T00:00:00+00:00:p04:16 + GEFS:2019-08-18T00:00:00+00:00:p04:17,,,data/manifests/phase1e/2019-08/daily/source_2019081800.json,d20165c830513db5bbea24930e9bbf7de86c9ea86c397098306a9b7226d1ee9c
2019081800,2019-08,day3_24h,p04,FAIL,ValueError: materially negative reconstructed precipitation for 57--60,PASS,,1,5,0,,(GEFS:2019-08-18T00:00:00+00:00:p04:18 - GEFS:2019-08-18T00:00:00+00:00:p04:17) + GEFS:2019-08-18T00:00:00+00:00:p04:20 + GEFS:2019-08-18T00:00:00+00:00:p04:22 + GEFS:2019-08-18T00:00:00+00:00:p04:24 + GEFS:2019-08-18T00:00:00+00:00:p04:25,,,data/manifests/phase1e/2019-08/daily/source_2019081800.json,d20165c830513db5bbea24930e9bbf7de86c9ea86c397098306a9b7226d1ee9c
2019081900,2019-08,day1_24h,c00,FAIL,ValueError: materially negative reconstructed precipitation for 9--12,PASS,,1,5,0,,(GEFS:2019-08-19T00:00:00+00:00:c00:2 - GEFS:2019-08-19T00:00:00+00:00:c00:1) + GEFS:2019-08-19T00:00:00+00:00:c00:4 + GEFS:2019-08-19T00:00:00+00:00:c00:6 + GEFS:2019-08-19T00:00:00+00:00:c00:8 + GEFS:2019-08-19T00:00:00+00:00:c00:9,,,data/manifests/phase1e/2019-08/daily/source_2019081900.json,92e0a3f1511809787dd0ab24f78d89ad86a28ebf3786c605a836e18e906dd069
2019081900,2019-08,day2_24h,c00,FAIL,ValueError: materially negative reconstructed precipitation for 27--30,FAIL,ValueError: negative difference exceeds packing bound for 27--30,,,,,,,,data/manifests/phase1e/2019-08/daily/source_2019081900.json,92e0a3f1511809787dd0ab24f78d89ad86a28ebf3786c605a836e18e906dd069
2019081900,2019-08,day3_24h,c00,FAIL,ValueError: materially negative reconstructed precipitation for 51--54,FAIL,ValueError: negative difference exceeds packing bound for 51--54,,,,,,,,data/manifests/phase1e/2019-08/daily/source_2019081900.json,92e0a3f1511809787dd0ab24f78d89ad86a28ebf3786c605a836e18e906dd069
2019081900,2019-08,day1_24h,p01,FAIL,ValueError: materially negative reconstructed precipitation for 9--12,PASS,,1,5,94,-0.050000000000000044,(GEFS:2019-08-19T00:00:00+00:00:p01:2 - GEFS:2019-08-19T00:00:00+00:00:p01:1) + GEFS:2019-08-19T00:00:00+00:00:p01:4 + GEFS:2019-08-19T00:00:00+00:00:p01:6 + GEFS:2019-08-19T00:00:00+00:00:p01:8 + GEFS:2019-08-19T00:00:00+00:00:p01:9,,,data/manifests/phase1e/2019-08/daily/source_2019081900.json,92e0a3f1511809787dd0ab24f78d89ad86a28ebf3786c605a836e18e906dd069
2019081900,2019-08,day2_24h,p01,PASS,,PASS,,1,5,0,,(GEFS:2019-08-19T00:00:00+00:00:p01:10 - GEFS:2019-08-19T00:00:00+00:00:p01:9) + GEFS:2019-08-19T00:00:00+00:00:p01:12 + GEFS:2019-08-19T00:00:00+00:00:p01:14 + GEFS:2019-08-19T00:00:00+00:00:p01:16 + GEFS:2019-08-19T00:00:00+00:00:p01:17,7.105427357601002e-15,2.7838807662456287e-16,data/manifests/phase1e/2019-08/daily/source_2019081900.json,92e0a3f1511809787dd0ab24f78d89ad86a28ebf3786c605a836e18e906dd069
2019081900,2019-08,day3_24h,p01,PASS,,PASS,,1,5,0,,(GEFS:2019-08-19T00:00:00+00:00:p01:18 - GEFS:2019-08-19T00:00:00+00:00:p01:17) + GEFS:2019-08-19T00:00:00+00:00:p01:20 + GEFS:2019-08-19T00:00:00+00:00:p01:22 + GEFS:2019-08-19T00:00:00+00:00:p01:24 + GEFS:2019-08-19T00:00:00+00:00:p01:25,2.842170943040401e-14,4.293617615642187e-16,data/manifests/phase1e/2019-08/daily/source_2019081900.json,92e0a3f1511809787dd0ab24f78d89ad86a28ebf3786c605a836e18e906dd069
2019081900,2019-08,day1_24h,p02,FAIL,ValueError: materially negative reconstructed precipitation for 9--12,PASS,,1,5,81,-0.050000000000000044,(GEFS:2019-08-19T00:00:00+00:00:p02:2 - GEFS:2019-08-19T00:00:00+00:00:p02:1) + GEFS:2019-08-19T00:00:00+00:00:p02:4 + GEFS:2019-08-19T00:00:00+00:00:p02:6 + GEFS:2019-08-19T00:00:00+00:00:p02:8 + GEFS:2019-08-19T00:00:00+00:00:p02:9,,,data/manifests/phase1e/2019-08/daily/source_2019081900.json,92e0a3f1511809787dd0ab24f78d89ad86a28ebf3786c605a836e18e906dd069
2019081900,2019-08,day2_24h,p02,FAIL,ValueError: materially negative reconstructed precipitation for 27--30,FAIL,ValueError: negative difference exceeds packing bound for 27--30,,,,,,,,data/manifests/phase1e/2019-08/daily/source_2019081900.json,92e0a3f1511809787dd0ab24f78d89ad86a28ebf3786c605a836e18e906dd069
2019081900,2019-08,day3_24h,p02,FAIL,ValueError: materially negative reconstructed precipitation for 63--66,PASS,,1,5,0,,(GEFS:2019-08-19T00:00:00+00:00:p02:18 - GEFS:2019-08-19T00:00:00+00:00:p02:17) + GEFS:2019-08-19T00:00:00+00:00:p02:20 + GEFS:2019-08-19T00:00:00+00:00:p02:22 + GEFS:2019-08-19T00:00:00+00:00:p02:24 + GEFS:2019-08-19T00:00:00+00:00:p02:25,,,data/manifests/phase1e/2019-08/daily/source_2019081900.json,92e0a3f1511809787dd0ab24f78d89ad86a28ebf3786c605a836e18e906dd069
2019081900,2019-08,day1_24h,p03,FAIL,ValueError: materially negative reconstructed precipitation for 9--12,PASS,,1,5,0,,(GEFS:2019-08-19T00:00:00+00:00:p03:2 - GEFS:2019-08-19T00:00:00+00:00:p03:1) + GEFS:2019-08-19T00:00:00+00:00:p03:4 + GEFS:2019-08-19T00:00:00+00:00:p03:6 + GEFS:2019-08-19T00:00:00+00:00:p03:8 + GEFS:2019-08-19T00:00:00+00:00:p03:9,,,data/manifests/phase1e/2019-08/daily/source_2019081900.json,92e0a3f1511809787dd0ab24f78d89ad86a28ebf3786c605a836e18e906dd069
2019081900,2019-08,day2_24h,p03,FAIL,ValueError: materially negative reconstructed precipitation for 27--30,FAIL,ValueError: negative difference exceeds packing bound for 27--30,,,,,,,,data/manifests/phase1e/2019-08/daily/source_2019081900.json,92e0a3f1511809787dd0ab24f78d89ad86a28ebf3786c605a836e18e906dd069
2019081900,2019-08,day3_24h,p03,FAIL,ValueError: materially negative reconstructed precipitation for 51--54,FAIL,ValueError: negative difference exceeds packing bound for 51--54,,,,,,,,data/manifests/phase1e/2019-08/daily/source_2019081900.json,92e0a3f1511809787dd0ab24f78d89ad86a28ebf3786c605a836e18e906dd069
2019081900,2019-08,day1_24h,p04,FAIL,ValueError: materially negative reconstructed precipitation for 21--24,PASS,,1,5,0,,(GEFS:2019-08-19T00:00:00+00:00:p04:2 - GEFS:2019-08-19T00:00:00+00:00:p04:1) + GEFS:2019-08-19T00:00:00+00:00:p04:4 + GEFS:2019-08-19T00:00:00+00:00:p04:6 + GEFS:2019-08-19T00:00:00+00:00:p04:8 + GEFS:2019-08-19T00:00:00+00:00:p04:9,,,data/manifests/phase1e/2019-08/daily/source_2019081900.json,92e0a3f1511809787dd0ab24f78d89ad86a28ebf3786c605a836e18e906dd069
2019081900,2019-08,day2_24h,p04,FAIL,ValueError: materially negative reconstructed precipitation for 39--42,PASS,,1,5,0,,(GEFS:2019-08-19T00:00:00+00:00:p04:10 - GEFS:2019-08-19T00:00:00+00:00:p04:9) + GEFS:2019-08-19T00:00:00+00:00:p04:12 + GEFS:2019-08-19T00:00:00+00:00:p04:14 + GEFS:2019-08-19T00:00:00+00:00:p04:16 + GEFS:2019-08-19T00:00:00+00:00:p04:17,,,data/manifests/phase1e/2019-08/daily/source_2019081900.json,92e0a3f1511809787dd0ab24f78d89ad86a28ebf3786c605a836e18e906dd069
2019081900,2019-08,day3_24h,p04,FAIL,ValueError: materially negative reconstructed precipitation for 51--54,FAIL,ValueError: negative difference exceeds packing bound for 51--54,,,,,,,,data/manifests/phase1e/2019-08/daily/source_2019081900.json,92e0a3f1511809787dd0ab24f78d89ad86a28ebf3786c605a836e18e906dd069
2019082000,2019-08,day1_24h,c00,FAIL,ValueError: materially negative reconstructed precipitation for 9--12,PASS,,1,5,0,,(GEFS:2019-08-20T00:00:00+00:00:c00:2 - GEFS:2019-08-20T00:00:00+00:00:c00:1) + GEFS:2019-08-20T00:00:00+00:00:c00:4 + GEFS:2019-08-20T00:00:00+00:00:c00:6 + GEFS:2019-08-20T00:00:00+00:00:c00:8 + GEFS:2019-08-20T00:00:00+00:00:c00:9,,,data/manifests/phase1e/2019-08/daily/source_2019082000.json,d400d8f70ba8f9b409123daeee8faba7ac6c60aeb8a87d3ca7f873cc68f40bdf
2019082000,2019-08,day2_24h,c00,FAIL,ValueError: materially negative reconstructed precipitation for 27--30,FAIL,ValueError: negative difference exceeds packing bound for 27--30,,,,,,,,data/manifests/phase1e/2019-08/daily/source_2019082000.json,d400d8f70ba8f9b409123daeee8faba7ac6c60aeb8a87d3ca7f873cc68f40bdf
2019082000,2019-08,day3_24h,c00,FAIL,ValueError: materially negative reconstructed precipitation for 57--60,PASS,,1,5,0,,(GEFS:2019-08-20T00:00:00+00:00:c00:18 - GEFS:2019-08-20T00:00:00+00:00:c00:17) + GEFS:2019-08-20T00:00:00+00:00:c00:20 + GEFS:2019-08-20T00:00:00+00:00:c00:22 + GEFS:2019-08-20T00:00:00+00:00:c00:24 + GEFS:2019-08-20T00:00:00+00:00:c00:25,,,data/manifests/phase1e/2019-08/daily/source_2019082000.json,d400d8f70ba8f9b409123daeee8faba7ac6c60aeb8a87d3ca7f873cc68f40bdf
2019082000,2019-08,day1_24h,p01,FAIL,ValueError: materially negative reconstructed precipitation for 21--24,PASS,,1,5,180,-0.04999999999999999,(GEFS:2019-08-20T00:00:00+00:00:p01:2 - GEFS:2019-08-20T00:00:00+00:00:p01:1) + GEFS:2019-08-20T00:00:00+00:00:p01:4 + GEFS:2019-08-20T00:00:00+00:00:p01:6 + GEFS:2019-08-20T00:00:00+00:00:p01:8 + GEFS:2019-08-20T00:00:00+00:00:p01:9,,,data/manifests/phase1e/2019-08/daily/source_2019082000.json,d400d8f70ba8f9b409123daeee8faba7ac6c60aeb8a87d3ca7f873cc68f40bdf
2019082000,2019-08,day2_24h,p01,FAIL,ValueError: materially negative reconstructed precipitation for 27--30,FAIL,ValueError: negative difference exceeds packing bound for 27--30,,,,,,,,data/manifests/phase1e/2019-08/daily/source_2019082000.json,d400d8f70ba8f9b409123daeee8faba7ac6c60aeb8a87d3ca7f873cc68f40bdf
2019082000,2019-08,day3_24h,p01,FAIL,ValueError: materially negative reconstructed precipitation for 63--66,PASS,,1,5,0,,(GEFS:2019-08-20T00:00:00+00:00:p01:18 - GEFS:2019-08-20T00:00:00+00:00:p01:17) + GEFS:2019-08-20T00:00:00+00:00:p01:20 + GEFS:2019-08-20T00:00:00+00:00:p01:22 + GEFS:2019-08-20T00:00:00+00:00:p01:24 + GEFS:2019-08-20T00:00:00+00:00:p01:25,,,data/manifests/phase1e/2019-08/daily/source_2019082000.json,d400d8f70ba8f9b409123daeee8faba7ac6c60aeb8a87d3ca7f873cc68f40bdf
2019082000,2019-08,day1_24h,p02,PASS,,PASS,,1,5,193,-0.04999999999999999,(GEFS:2019-08-20T00:00:00+00:00:p02:2 - GEFS:2019-08-20T00:00:00+00:00:p02:1) + GEFS:2019-08-20T00:00:00+00:00:p02:4 + GEFS:2019-08-20T00:00:00+00:00:p02:6 + GEFS:2019-08-20T00:00:00+00:00:p02:8 + GEFS:2019-08-20T00:00:00+00:00:p02:9,7.105427357601002e-15,3.2791114448685124e-16,data/manifests/phase1e/2019-08/daily/source_2019082000.json,d400d8f70ba8f9b409123daeee8faba7ac6c60aeb8a87d3ca7f873cc68f40bdf
2019082000,2019-08,day2_24h,p02,FAIL,ValueError: materially negative reconstructed precipitation for 45--48,PASS,,1,5,0,,(GEFS:2019-08-20T00:00:00+00:00:p02:10 - GEFS:2019-08-20T00:00:00+00:00:p02:9) + GEFS:2019-08-20T00:00:00+00:00:p02:12 + GEFS:2019-08-20T00:00:00+00:00:p02:14 + GEFS:2019-08-20T00:00:00+00:00:p02:16 + GEFS:2019-08-20T00:00:00+00:00:p02:17,,,data/manifests/phase1e/2019-08/daily/source_2019082000.json,d400d8f70ba8f9b409123daeee8faba7ac6c60aeb8a87d3ca7f873cc68f40bdf
2019082000,2019-08,day3_24h,p02,FAIL,ValueError: materially negative reconstructed precipitation for 51--54,FAIL,ValueError: negative difference exceeds packing bound for 51--54,,,,,,,,data/manifests/phase1e/2019-08/daily/source_2019082000.json,d400d8f70ba8f9b409123daeee8faba7ac6c60aeb8a87d3ca7f873cc68f40bdf
2019082000,2019-08,day1_24h,p03,FAIL,ValueError: materially negative reconstructed precipitation for 15--18,PASS,,1,5,95,-0.040000000000000036,(GEFS:2019-08-20T00:00:00+00:00:p03:2 - GEFS:2019-08-20T00:00:00+00:00:p03:1) + GEFS:2019-08-20T00:00:00+00:00:p03:4 + GEFS:2019-08-20T00:00:00+00:00:p03:6 + GEFS:2019-08-20T00:00:00+00:00:p03:8 + GEFS:2019-08-20T00:00:00+00:00:p03:9,,,data/manifests/phase1e/2019-08/daily/source_2019082000.json,d400d8f70ba8f9b409123daeee8faba7ac6c60aeb8a87d3ca7f873cc68f40bdf
2019082000,2019-08,day2_24h,p03,FAIL,ValueError: materially negative reconstructed precipitation for 39--42,PASS,,1,5,0,,(GEFS:2019-08-20T00:00:00+00:00:p03:10 - GEFS:2019-08-20T00:00:00+00:00:p03:9) + GEFS:2019-08-20T00:00:00+00:00:p03:12 + GEFS:2019-08-20T00:00:00+00:00:p03:14 + GEFS:2019-08-20T00:00:00+00:00:p03:16 + GEFS:2019-08-20T00:00:00+00:00:p03:17,,,data/manifests/phase1e/2019-08/daily/source_2019082000.json,d400d8f70ba8f9b409123daeee8faba7ac6c60aeb8a87d3ca7f873cc68f40bdf
2019082000,2019-08,day3_24h,p03,FAIL,ValueError: materially negative reconstructed precipitation for 63--66,PASS,,1,5,0,,(GEFS:2019-08-20T00:00:00+00:00:p03:18 - GEFS:2019-08-20T00:00:00+00:00:p03:17) + GEFS:2019-08-20T00:00:00+00:00:p03:20 + GEFS:2019-08-20T00:00:00+00:00:p03:22 + GEFS:2019-08-20T00:00:00+00:00:p03:24 + GEFS:2019-08-20T00:00:00+00:00:p03:25,,,data/manifests/phase1e/2019-08/daily/source_2019082000.json,d400d8f70ba8f9b409123daeee8faba7ac6c60aeb8a87d3ca7f873cc68f40bdf
2019082000,2019-08,day1_24h,p04,FAIL,ValueError: materially negative reconstructed precipitation for 15--18,PASS,,1,5,193,-0.04999999999999999,(GEFS:2019-08-20T00:00:00+00:00:p04:2 - GEFS:2019-08-20T00:00:00+00:00:p04:1) + GEFS:2019-08-20T00:00:00+00:00:p04:4 + GEFS:2019-08-20T00:00:00+00:00:p04:6 + GEFS:2019-08-20T00:00:00+00:00:p04:8 + GEFS:2019-08-20T00:00:00+00:00:p04:9,,,data/manifests/phase1e/2019-08/daily/source_2019082000.json,d400d8f70ba8f9b409123daeee8faba7ac6c60aeb8a87d3ca7f873cc68f40bdf
2019082000,2019-08,day2_24h,p04,PASS,,PASS,,1,5,0,,(GEFS:2019-08-20T00:00:00+00:00:p04:10 - GEFS:2019-08-20T00:00:00+00:00:p04:9) + GEFS:2019-08-20T00:00:00+00:00:p04:12 + GEFS:2019-08-20T00:00:00+00:00:p04:14 + GEFS:2019-08-20T00:00:00+00:00:p04:16 + GEFS:2019-08-20T00:00:00+00:00:p04:17,1.4210854715202004e-14,3.9285526102521157e-16,data/manifests/phase1e/2019-08/daily/source_2019082000.json,d400d8f70ba8f9b409123daeee8faba7ac6c60aeb8a87d3ca7f873cc68f40bdf
2019082000,2019-08,day3_24h,p04,FAIL,ValueError: materially negative reconstructed precipitation for 51--54,FAIL,ValueError: negative difference exceeds packing bound for 51--54,,,,,,,,data/manifests/phase1e/2019-08/daily/source_2019082000.json,d400d8f70ba8f9b409123daeee8faba7ac6c60aeb8a87d3ca7f873cc68f40bdf
2019082100,2019-08,day1_24h,c00,FAIL,ValueError: materially negative reconstructed precipitation for 9--12,PASS,,1,5,0,,(GEFS:2019-08-21T00:00:00+00:00:c00:2 - GEFS:2019-08-21T00:00:00+00:00:c00:1) + GEFS:2019-08-21T00:00:00+00:00:c00:4 + GEFS:2019-08-21T00:00:00+00:00:c00:6 + GEFS:2019-08-21T00:00:00+00:00:c00:8 + GEFS:2019-08-21T00:00:00+00:00:c00:9,,,data/manifests/phase1e/2019-08/daily/source_2019082100.json,dd6739e1b172c88328268d4eee4002386990cc9255d183b99c74a15b8393eb59
2019082100,2019-08,day2_24h,c00,FAIL,ValueError: materially negative reconstructed precipitation for 27--30,FAIL,ValueError: negative difference exceeds packing bound for 27--30,,,,,,,,data/manifests/phase1e/2019-08/daily/source_2019082100.json,dd6739e1b172c88328268d4eee4002386990cc9255d183b99c74a15b8393eb59
2019082100,2019-08,day3_24h,c00,FAIL,ValueError: materially negative reconstructed precipitation for 63--66,PASS,,1,5,0,,(GEFS:2019-08-21T00:00:00+00:00:c00:18 - GEFS:2019-08-21T00:00:00+00:00:c00:17) + GEFS:2019-08-21T00:00:00+00:00:c00:20 + GEFS:2019-08-21T00:00:00+00:00:c00:22 + GEFS:2019-08-21T00:00:00+00:00:c00:24 + GEFS:2019-08-21T00:00:00+00:00:c00:25,,,data/manifests/phase1e/2019-08/daily/source_2019082100.json,dd6739e1b172c88328268d4eee4002386990cc9255d183b99c74a15b8393eb59
2019082100,2019-08,day1_24h,p01,FAIL,ValueError: materially negative reconstructed precipitation for 9--12,PASS,,1,5,72,-0.04999999999999999,(GEFS:2019-08-21T00:00:00+00:00:p01:2 - GEFS:2019-08-21T00:00:00+00:00:p01:1) + GEFS:2019-08-21T00:00:00+00:00:p01:4 + GEFS:2019-08-21T00:00:00+00:00:p01:6 + GEFS:2019-08-21T00:00:00+00:00:p01:8 + GEFS:2019-08-21T00:00:00+00:00:p01:9,,,data/manifests/phase1e/2019-08/daily/source_2019082100.json,dd6739e1b172c88328268d4eee4002386990cc9255d183b99c74a15b8393eb59
2019082100,2019-08,day2_24h,p01,FAIL,ValueError: materially negative reconstructed precipitation for 39--42,PASS,,1,5,0,,(GEFS:2019-08-21T00:00:00+00:00:p01:10 - GEFS:2019-08-21T00:00:00+00:00:p01:9) + GEFS:2019-08-21T00:00:00+00:00:p01:12 + GEFS:2019-08-21T00:00:00+00:00:p01:14 + GEFS:2019-08-21T00:00:00+00:00:p01:16 + GEFS:2019-08-21T00:00:00+00:00:p01:17,,,data/manifests/phase1e/2019-08/daily/source_2019082100.json,dd6739e1b172c88328268d4eee4002386990cc9255d183b99c74a15b8393eb59
2019082100,2019-08,day3_24h,p01,PASS,,PASS,,1,5,0,,(GEFS:2019-08-21T00:00:00+00:00:p01:18 - GEFS:2019-08-21T00:00:00+00:00:p01:17) + GEFS:2019-08-21T00:00:00+00:00:p01:20 + GEFS:2019-08-21T00:00:00+00:00:p01:22 + GEFS:2019-08-21T00:00:00+00:00:p01:24 + GEFS:2019-08-21T00:00:00+00:00:p01:25,7.105427357601002e-15,2.214897246128488e-16,data/manifests/phase1e/2019-08/daily/source_2019082100.json,dd6739e1b172c88328268d4eee4002386990cc9255d183b99c74a15b8393eb59
2019082100,2019-08,day1_24h,p02,PASS,,PASS,,1,5,168,-0.050000000000000044,(GEFS:2019-08-21T00:00:00+00:00:p02:2 - GEFS:2019-08-21T00:00:00+00:00:p02:1) + GEFS:2019-08-21T00:00:00+00:00:p02:4 + GEFS:2019-08-21T00:00:00+00:00:p02:6 + GEFS:2019-08-21T00:00:00+00:00:p02:8 + GEFS:2019-08-21T00:00:00+00:00:p02:9,1.4210854715202004e-14,3.4377147341006775e-16,data/manifests/phase1e/2019-08/daily/source_2019082100.json,dd6739e1b172c88328268d4eee4002386990cc9255d183b99c74a15b8393eb59
2019082100,2019-08,day2_24h,p02,PASS,,PASS,,1,5,0,,(GEFS:2019-08-21T00:00:00+00:00:p02:10 - GEFS:2019-08-21T00:00:00+00:00:p02:9) + GEFS:2019-08-21T00:00:00+00:00:p02:12 + GEFS:2019-08-21T00:00:00+00:00:p02:14 + GEFS:2019-08-21T00:00:00+00:00:p02:16 + GEFS:2019-08-21T00:00:00+00:00:p02:17,3.552713678800501e-15,1.688223349815263e-16,data/manifests/phase1e/2019-08/daily/source_2019082100.json,dd6739e1b172c88328268d4eee4002386990cc9255d183b99c74a15b8393eb59
2019082100,2019-08,day3_24h,p02,PASS,,PASS,,1,5,0,,(GEFS:2019-08-21T00:00:00+00:00:p02:18 - GEFS:2019-08-21T00:00:00+00:00:p02:17) + GEFS:2019-08-21T00:00:00+00:00:p02:20 + GEFS:2019-08-21T00:00:00+00:00:p02:22 + GEFS:2019-08-21T00:00:00+00:00:p02:24 + GEFS:2019-08-21T00:00:00+00:00:p02:25,7.105427357601002e-15,2.681921508882094e-16,data/manifests/phase1e/2019-08/daily/source_2019082100.json,dd6739e1b172c88328268d4eee4002386990cc9255d183b99c74a15b8393eb59
2019082100,2019-08,day1_24h,p03,PASS,,PASS,,1,5,99,-0.04999999999999999,(GEFS:2019-08-21T00:00:00+00:00:p03:2 - GEFS:2019-08-21T00:00:00+00:00:p03:1) + GEFS:2019-08-21T00:00:00+00:00:p03:4 + GEFS:2019-08-21T00:00:00+00:00:p03:6 + GEFS:2019-08-21T00:00:00+00:00:p03:8 + GEFS:2019-08-21T00:00:00+00:00:p03:9,1.4210854715202004e-14,3.5130859765054675e-16,data/manifests/phase1e/2019-08/daily/source_2019082100.json,dd6739e1b172c88328268d4eee4002386990cc9255d183b99c74a15b8393eb59
2019082100,2019-08,day2_24h,p03,FAIL,ValueError: materially negative reconstructed precipitation for 27--30,FAIL,ValueError: negative difference exceeds packing bound for 27--30,,,,,,,,data/manifests/phase1e/2019-08/daily/source_2019082100.json,dd6739e1b172c88328268d4eee4002386990cc9255d183b99c74a15b8393eb59
2019082100,2019-08,day3_24h,p03,PASS,,PASS,,1,5,0,,(GEFS:2019-08-21T00:00:00+00:00:p03:18 - GEFS:2019-08-21T00:00:00+00:00:p03:17) + GEFS:2019-08-21T00:00:00+00:00:p03:20 + GEFS:2019-08-21T00:00:00+00:00:p03:22 + GEFS:2019-08-21T00:00:00+00:00:p03:24 + GEFS:2019-08-21T00:00:00+00:00:p03:25,1.4210854715202004e-14,4.969184395724384e-16,data/manifests/phase1e/2019-08/daily/source_2019082100.json,dd6739e1b172c88328268d4eee4002386990cc9255d183b99c74a15b8393eb59
2019082100,2019-08,day1_24h,p04,PASS,,PASS,,1,5,135,-0.050000000000000044,(GEFS:2019-08-21T00:00:00+00:00:p04:2 - GEFS:2019-08-21T00:00:00+00:00:p04:1) + GEFS:2019-08-21T00:00:00+00:00:p04:4 + GEFS:2019-08-21T00:00:00+00:00:p04:6 + GEFS:2019-08-21T00:00:00+00:00:p04:8 + GEFS:2019-08-21T00:00:00+00:00:p04:9,1.4210854715202004e-14,5.048948440600618e-16,data/manifests/phase1e/2019-08/daily/source_2019082100.json,dd6739e1b172c88328268d4eee4002386990cc9255d183b99c74a15b8393eb59
2019082100,2019-08,day2_24h,p04,PASS,,PASS,,1,5,0,,(GEFS:2019-08-21T00:00:00+00:00:p04:10 - GEFS:2019-08-21T00:00:00+00:00:p04:9) + GEFS:2019-08-21T00:00:00+00:00:p04:12 + GEFS:2019-08-21T00:00:00+00:00:p04:14 + GEFS:2019-08-21T00:00:00+00:00:p04:16 + GEFS:2019-08-21T00:00:00+00:00:p04:17,2.842170943040401e-14,5.951322548287412e-16,data/manifests/phase1e/2019-08/daily/source_2019082100.json,dd6739e1b172c88328268d4eee4002386990cc9255d183b99c74a15b8393eb59
2019082100,2019-08,day3_24h,p04,PASS,,PASS,,1,5,0,,(GEFS:2019-08-21T00:00:00+00:00:p04:18 - GEFS:2019-08-21T00:00:00+00:00:p04:17) + GEFS:2019-08-21T00:00:00+00:00:p04:20 + GEFS:2019-08-21T00:00:00+00:00:p04:22 + GEFS:2019-08-21T00:00:00+00:00:p04:24 + GEFS:2019-08-21T00:00:00+00:00:p04:25,2.842170943040401e-14,3.4219931252555066e-16,data/manifests/phase1e/2019-08/daily/source_2019082100.json,dd6739e1b172c88328268d4eee4002386990cc9255d183b99c74a15b8393eb59
2019082200,2019-08,day1_24h,c00,FAIL,ValueError: materially negative reconstructed precipitation for 21--24,PASS,,1,5,0,,(GEFS:2019-08-22T00:00:00+00:00:c00:2 - GEFS:2019-08-22T00:00:00+00:00:c00:1) + GEFS:2019-08-22T00:00:00+00:00:c00:4 + GEFS:2019-08-22T00:00:00+00:00:c00:6 + GEFS:2019-08-22T00:00:00+00:00:c00:8 + GEFS:2019-08-22T00:00:00+00:00:c00:9,,,data/manifests/phase1e/2019-08/daily/source_2019082200.json,d1df33c0eda08c39e48f198a893fbe4afcff26273cec6e0eec1678dfc56a078e
2019082200,2019-08,day2_24h,c00,FAIL,ValueError: materially negative reconstructed precipitation for 33--36,PASS,,1,5,0,,(GEFS:2019-08-22T00:00:00+00:00:c00:10 - GEFS:2019-08-22T00:00:00+00:00:c00:9) + GEFS:2019-08-22T00:00:00+00:00:c00:12 + GEFS:2019-08-22T00:00:00+00:00:c00:14 + GEFS:2019-08-22T00:00:00+00:00:c00:16 + GEFS:2019-08-22T00:00:00+00:00:c00:17,,,data/manifests/phase1e/2019-08/daily/source_2019082200.json,d1df33c0eda08c39e48f198a893fbe4afcff26273cec6e0eec1678dfc56a078e
2019082200,2019-08,day3_24h,c00,FAIL,ValueError: materially negative reconstructed precipitation for 63--66,PASS,,1,5,0,,(GEFS:2019-08-22T00:00:00+00:00:c00:18 - GEFS:2019-08-22T00:00:00+00:00:c00:17) + GEFS:2019-08-22T00:00:00+00:00:c00:20 + GEFS:2019-08-22T00:00:00+00:00:c00:22 + GEFS:2019-08-22T00:00:00+00:00:c00:24 + GEFS:2019-08-22T00:00:00+00:00:c00:25,,,data/manifests/phase1e/2019-08/daily/source_2019082200.json,d1df33c0eda08c39e48f198a893fbe4afcff26273cec6e0eec1678dfc56a078e
2019082200,2019-08,day1_24h,p01,PASS,,PASS,,1,5,0,,(GEFS:2019-08-22T00:00:00+00:00:p01:2 - GEFS:2019-08-22T00:00:00+00:00:p01:1) + GEFS:2019-08-22T00:00:00+00:00:p01:4 + GEFS:2019-08-22T00:00:00+00:00:p01:6 + GEFS:2019-08-22T00:00:00+00:00:p01:8 + GEFS:2019-08-22T00:00:00+00:00:p01:9,1.4210854715202004e-14,4.391184070534277e-16,data/manifests/phase1e/2019-08/daily/source_2019082200.json,d1df33c0eda08c39e48f198a893fbe4afcff26273cec6e0eec1678dfc56a078e
2019082200,2019-08,day2_24h,p01,FAIL,ValueError: materially negative reconstructed precipitation for 27--30,FAIL,ValueError: negative difference exceeds packing bound for 27--30,,,,,,,,data/manifests/phase1e/2019-08/daily/source_2019082200.json,d1df33c0eda08c39e48f198a893fbe4afcff26273cec6e0eec1678dfc56a078e
2019082200,2019-08,day3_24h,p01,PASS,,PASS,,1,5,0,,(GEFS:2019-08-22T00:00:00+00:00:p01:18 - GEFS:2019-08-22T00:00:00+00:00:p01:17) + GEFS:2019-08-22T00:00:00+00:00:p01:20 + GEFS:2019-08-22T00:00:00+00:00:p01:22 + GEFS:2019-08-22T00:00:00+00:00:p01:24 + GEFS:2019-08-22T00:00:00+00:00:p01:25,7.105427357601002e-15,3.285122648250489e-16,data/manifests/phase1e/2019-08/daily/source_2019082200.json,d1df33c0eda08c39e48f198a893fbe4afcff26273cec6e0eec1678dfc56a078e
2019082200,2019-08,day1_24h,p02,FAIL,ValueError: materially negative reconstructed precipitation for 9--12,PASS,,1,5,0,,(GEFS:2019-08-22T00:00:00+00:00:p02:2 - GEFS:2019-08-22T00:00:00+00:00:p02:1) + GEFS:2019-08-22T00:00:00+00:00:p02:4 + GEFS:2019-08-22T00:00:00+00:00:p02:6 + GEFS:2019-08-22T00:00:00+00:00:p02:8 + GEFS:2019-08-22T00:00:00+00:00:p02:9,,,data/manifests/phase1e/2019-08/daily/source_2019082200.json,d1df33c0eda08c39e48f198a893fbe4afcff26273cec6e0eec1678dfc56a078e
2019082200,2019-08,day2_24h,p02,FAIL,ValueError: materially negative reconstructed precipitation for 33--36,PASS,,1,5,0,,(GEFS:2019-08-22T00:00:00+00:00:p02:10 - GEFS:2019-08-22T00:00:00+00:00:p02:9) + GEFS:2019-08-22T00:00:00+00:00:p02:12 + GEFS:2019-08-22T00:00:00+00:00:p02:14 + GEFS:2019-08-22T00:00:00+00:00:p02:16 + GEFS:2019-08-22T00:00:00+00:00:p02:17,,,data/manifests/phase1e/2019-08/daily/source_2019082200.json,d1df33c0eda08c39e48f198a893fbe4afcff26273cec6e0eec1678dfc56a078e
2019082200,2019-08,day3_24h,p02,FAIL,ValueError: materially negative reconstructed precipitation for 57--60,PASS,,1,5,0,,(GEFS:2019-08-22T00:00:00+00:00:p02:18 - GEFS:2019-08-22T00:00:00+00:00:p02:17) + GEFS:2019-08-22T00:00:00+00:00:p02:20 + GEFS:2019-08-22T00:00:00+00:00:p02:22 + GEFS:2019-08-22T00:00:00+00:00:p02:24 + GEFS:2019-08-22T00:00:00+00:00:p02:25,,,data/manifests/phase1e/2019-08/daily/source_2019082200.json,d1df33c0eda08c39e48f198a893fbe4afcff26273cec6e0eec1678dfc56a078e
2019082200,2019-08,day1_24h,p03,FAIL,ValueError: materially negative reconstructed precipitation for 15--18,PASS,,1,5,57,-0.04999999999999999,(GEFS:2019-08-22T00:00:00+00:00:p03:2 - GEFS:2019-08-22T00:00:00+00:00:p03:1) + GEFS:2019-08-22T00:00:00+00:00:p03:4 + GEFS:2019-08-22T00:00:00+00:00:p03:6 + GEFS:2019-08-22T00:00:00+00:00:p03:8 + GEFS:2019-08-22T00:00:00+00:00:p03:9,,,data/manifests/phase1e/2019-08/daily/source_2019082200.json,d1df33c0eda08c39e48f198a893fbe4afcff26273cec6e0eec1678dfc56a078e
2019082200,2019-08,day2_24h,p03,PASS,,PASS,,1,5,0,,(GEFS:2019-08-22T00:00:00+00:00:p03:10 - GEFS:2019-08-22T00:00:00+00:00:p03:9) + GEFS:2019-08-22T00:00:00+00:00:p03:12 + GEFS:2019-08-22T00:00:00+00:00:p03:14 + GEFS:2019-08-22T00:00:00+00:00:p03:16 + GEFS:2019-08-22T00:00:00+00:00:p03:17,1.4210854715202004e-14,3.065944924938401e-16,data/manifests/phase1e/2019-08/daily/source_2019082200.json,d1df33c0eda08c39e48f198a893fbe4afcff26273cec6e0eec1678dfc56a078e
2019082200,2019-08,day3_24h,p03,PASS,,PASS,,1,5,0,,(GEFS:2019-08-22T00:00:00+00:00:p03:18 - GEFS:2019-08-22T00:00:00+00:00:p03:17) + GEFS:2019-08-22T00:00:00+00:00:p03:20 + GEFS:2019-08-22T00:00:00+00:00:p03:22 + GEFS:2019-08-22T00:00:00+00:00:p03:24 + GEFS:2019-08-22T00:00:00+00:00:p03:25,1.4210854715202004e-14,5.379102226349207e-16,data/manifests/phase1e/2019-08/daily/source_2019082200.json,d1df33c0eda08c39e48f198a893fbe4afcff26273cec6e0eec1678dfc56a078e
2019082200,2019-08,day1_24h,p04,PASS,,PASS,,1,5,0,,(GEFS:2019-08-22T00:00:00+00:00:p04:2 - GEFS:2019-08-22T00:00:00+00:00:p04:1) + GEFS:2019-08-22T00:00:00+00:00:p04:4 + GEFS:2019-08-22T00:00:00+00:00:p04:6 + GEFS:2019-08-22T00:00:00+00:00:p04:8 + GEFS:2019-08-22T00:00:00+00:00:p04:9,7.105427357601002e-15,2.6937127155159725e-16,data/manifests/phase1e/2019-08/daily/source_2019082200.json,d1df33c0eda08c39e48f198a893fbe4afcff26273cec6e0eec1678dfc56a078e
2019082200,2019-08,day2_24h,p04,PASS,,PASS,,1,5,0,,(GEFS:2019-08-22T00:00:00+00:00:p04:10 - GEFS:2019-08-22T00:00:00+00:00:p04:9) + GEFS:2019-08-22T00:00:00+00:00:p04:12 + GEFS:2019-08-22T00:00:00+00:00:p04:14 + GEFS:2019-08-22T00:00:00+00:00:p04:16 + GEFS:2019-08-22T00:00:00+00:00:p04:17,7.105427357601002e-15,1.6355097201579253e-16,data/manifests/phase1e/2019-08/daily/source_2019082200.json,d1df33c0eda08c39e48f198a893fbe4afcff26273cec6e0eec1678dfc56a078e
2019082200,2019-08,day3_24h,p04,PASS,,PASS,,1,5,0,,(GEFS:2019-08-22T00:00:00+00:00:p04:18 - GEFS:2019-08-22T00:00:00+00:00:p04:17) + GEFS:2019-08-22T00:00:00+00:00:p04:20 + GEFS:2019-08-22T00:00:00+00:00:p04:22 + GEFS:2019-08-22T00:00:00+00:00:p04:24 + GEFS:2019-08-22T00:00:00+00:00:p04:25,1.4210854715202004e-14,2.794284772099051e-16,data/manifests/phase1e/2019-08/daily/source_2019082200.json,d1df33c0eda08c39e48f198a893fbe4afcff26273cec6e0eec1678dfc56a078e
2019082300,2019-08,day1_24h,c00,FAIL,ValueError: materially negative reconstructed precipitation for 15--18,PASS,,1,5,0,,(GEFS:2019-08-23T00:00:00+00:00:c00:2 - GEFS:2019-08-23T00:00:00+00:00:c00:1) + GEFS:2019-08-23T00:00:00+00:00:c00:4 + GEFS:2019-08-23T00:00:00+00:00:c00:6 + GEFS:2019-08-23T00:00:00+00:00:c00:8 + GEFS:2019-08-23T00:00:00+00:00:c00:9,,,data/manifests/phase1e/2019-08/daily/source_2019082300.json,77cf7c4d56d0794ef4abf0ca6e49c57ebafa122519bb0d5fb6dd1e932bf2cf91
2019082300,2019-08,day2_24h,c00,FAIL,ValueError: materially negative reconstructed precipitation for 39--42,PASS,,1,5,0,,(GEFS:2019-08-23T00:00:00+00:00:c00:10 - GEFS:2019-08-23T00:00:00+00:00:c00:9) + GEFS:2019-08-23T00:00:00+00:00:c00:12 + GEFS:2019-08-23T00:00:00+00:00:c00:14 + GEFS:2019-08-23T00:00:00+00:00:c00:16 + GEFS:2019-08-23T00:00:00+00:00:c00:17,,,data/manifests/phase1e/2019-08/daily/source_2019082300.json,77cf7c4d56d0794ef4abf0ca6e49c57ebafa122519bb0d5fb6dd1e932bf2cf91
2019082300,2019-08,day3_24h,c00,FAIL,ValueError: materially negative reconstructed precipitation for 51--54,FAIL,ValueError: negative difference exceeds packing bound for 51--54,,,,,,,,data/manifests/phase1e/2019-08/daily/source_2019082300.json,77cf7c4d56d0794ef4abf0ca6e49c57ebafa122519bb0d5fb6dd1e932bf2cf91
2019082300,2019-08,day1_24h,p01,FAIL,ValueError: materially negative reconstructed precipitation for 15--18,PASS,,1,5,0,,(GEFS:2019-08-23T00:00:00+00:00:p01:2 - GEFS:2019-08-23T00:00:00+00:00:p01:1) + GEFS:2019-08-23T00:00:00+00:00:p01:4 + GEFS:2019-08-23T00:00:00+00:00:p01:6 + GEFS:2019-08-23T00:00:00+00:00:p01:8 + GEFS:2019-08-23T00:00:00+00:00:p01:9,,,data/manifests/phase1e/2019-08/daily/source_2019082300.json,77cf7c4d56d0794ef4abf0ca6e49c57ebafa122519bb0d5fb6dd1e932bf2cf91
2019082300,2019-08,day2_24h,p01,FAIL,ValueError: materially negative reconstructed precipitation for 33--36,PASS,,1,5,0,,(GEFS:2019-08-23T00:00:00+00:00:p01:10 - GEFS:2019-08-23T00:00:00+00:00:p01:9) + GEFS:2019-08-23T00:00:00+00:00:p01:12 + GEFS:2019-08-23T00:00:00+00:00:p01:14 + GEFS:2019-08-23T00:00:00+00:00:p01:16 + GEFS:2019-08-23T00:00:00+00:00:p01:17,,,data/manifests/phase1e/2019-08/daily/source_2019082300.json,77cf7c4d56d0794ef4abf0ca6e49c57ebafa122519bb0d5fb6dd1e932bf2cf91
2019082300,2019-08,day3_24h,p01,FAIL,ValueError: materially negative reconstructed precipitation for 57--60,PASS,,1,5,0,,(GEFS:2019-08-23T00:00:00+00:00:p01:18 - GEFS:2019-08-23T00:00:00+00:00:p01:17) + GEFS:2019-08-23T00:00:00+00:00:p01:20 + GEFS:2019-08-23T00:00:00+00:00:p01:22 + GEFS:2019-08-23T00:00:00+00:00:p01:24 + GEFS:2019-08-23T00:00:00+00:00:p01:25,,,data/manifests/phase1e/2019-08/daily/source_2019082300.json,77cf7c4d56d0794ef4abf0ca6e49c57ebafa122519bb0d5fb6dd1e932bf2cf91
2019082300,2019-08,day1_24h,p02,PASS,,PASS,,1,5,0,,(GEFS:2019-08-23T00:00:00+00:00:p02:2 - GEFS:2019-08-23T00:00:00+00:00:p02:1) + GEFS:2019-08-23T00:00:00+00:00:p02:4 + GEFS:2019-08-23T00:00:00+00:00:p02:6 + GEFS:2019-08-23T00:00:00+00:00:p02:8 + GEFS:2019-08-23T00:00:00+00:00:p02:9,1.4210854715202004e-14,3.7528405113943233e-16,data/manifests/phase1e/2019-08/daily/source_2019082300.json,77cf7c4d56d0794ef4abf0ca6e49c57ebafa122519bb0d5fb6dd1e932bf2cf91
2019082300,2019-08,day2_24h,p02,FAIL,ValueError: materially negative reconstructed precipitation for 27--30,FAIL,ValueError: negative difference exceeds packing bound for 27--30,,,,,,,,data/manifests/phase1e/2019-08/daily/source_2019082300.json,77cf7c4d56d0794ef4abf0ca6e49c57ebafa122519bb0d5fb6dd1e932bf2cf91
2019082300,2019-08,day3_24h,p02,FAIL,ValueError: materially negative reconstructed precipitation for 51--54,FAIL,ValueError: negative difference exceeds packing bound for 51--54,,,,,,,,data/manifests/phase1e/2019-08/daily/source_2019082300.json,77cf7c4d56d0794ef4abf0ca6e49c57ebafa122519bb0d5fb6dd1e932bf2cf91
2019082300,2019-08,day1_24h,p03,FAIL,ValueError: materially negative reconstructed precipitation for 21--24,PASS,,1,5,0,,(GEFS:2019-08-23T00:00:00+00:00:p03:2 - GEFS:2019-08-23T00:00:00+00:00:p03:1) + GEFS:2019-08-23T00:00:00+00:00:p03:4 + GEFS:2019-08-23T00:00:00+00:00:p03:6 + GEFS:2019-08-23T00:00:00+00:00:p03:8 + GEFS:2019-08-23T00:00:00+00:00:p03:9,,,data/manifests/phase1e/2019-08/daily/source_2019082300.json,77cf7c4d56d0794ef4abf0ca6e49c57ebafa122519bb0d5fb6dd1e932bf2cf91
2019082300,2019-08,day2_24h,p03,FAIL,ValueError: materially negative reconstructed precipitation for 39--42,PASS,,1,5,0,,(GEFS:2019-08-23T00:00:00+00:00:p03:10 - GEFS:2019-08-23T00:00:00+00:00:p03:9) + GEFS:2019-08-23T00:00:00+00:00:p03:12 + GEFS:2019-08-23T00:00:00+00:00:p03:14 + GEFS:2019-08-23T00:00:00+00:00:p03:16 + GEFS:2019-08-23T00:00:00+00:00:p03:17,,,data/manifests/phase1e/2019-08/daily/source_2019082300.json,77cf7c4d56d0794ef4abf0ca6e49c57ebafa122519bb0d5fb6dd1e932bf2cf91
2019082300,2019-08,day3_24h,p03,PASS,,PASS,,1,5,0,,(GEFS:2019-08-23T00:00:00+00:00:p03:18 - GEFS:2019-08-23T00:00:00+00:00:p03:17) + GEFS:2019-08-23T00:00:00+00:00:p03:20 + GEFS:2019-08-23T00:00:00+00:00:p03:22 + GEFS:2019-08-23T00:00:00+00:00:p03:24 + GEFS:2019-08-23T00:00:00+00:00:p03:25,1.4210854715202004e-14,3.9151430027077053e-16,data/manifests/phase1e/2019-08/daily/source_2019082300.json,77cf7c4d56d0794ef4abf0ca6e49c57ebafa122519bb0d5fb6dd1e932bf2cf91
2019082300,2019-08,day1_24h,p04,PASS,,PASS,,1,5,0,,(GEFS:2019-08-23T00:00:00+00:00:p04:2 - GEFS:2019-08-23T00:00:00+00:00:p04:1) + GEFS:2019-08-23T00:00:00+00:00:p04:4 + GEFS:2019-08-23T00:00:00+00:00:p04:6 + GEFS:2019-08-23T00:00:00+00:00:p04:8 + GEFS:2019-08-23T00:00:00+00:00:p04:9,7.105427357601002e-15,2.5905974575020574e-16,data/manifests/phase1e/2019-08/daily/source_2019082300.json,77cf7c4d56d0794ef4abf0ca6e49c57ebafa122519bb0d5fb6dd1e932bf2cf91
2019082300,2019-08,day2_24h,p04,PASS,,PASS,,1,5,0,,(GEFS:2019-08-23T00:00:00+00:00:p04:10 - GEFS:2019-08-23T00:00:00+00:00:p04:9) + GEFS:2019-08-23T00:00:00+00:00:p04:12 + GEFS:2019-08-23T00:00:00+00:00:p04:14 + GEFS:2019-08-23T00:00:00+00:00:p04:16 + GEFS:2019-08-23T00:00:00+00:00:p04:17,7.105427357601002e-15,2.7565991508966557e-16,data/manifests/phase1e/2019-08/daily/source_2019082300.json,77cf7c4d56d0794ef4abf0ca6e49c57ebafa122519bb0d5fb6dd1e932bf2cf91
2019082300,2019-08,day3_24h,p04,FAIL,ValueError: materially negative reconstructed precipitation for 51--54,FAIL,ValueError: negative difference exceeds packing bound for 51--54,,,,,,,,data/manifests/phase1e/2019-08/daily/source_2019082300.json,77cf7c4d56d0794ef4abf0ca6e49c57ebafa122519bb0d5fb6dd1e932bf2cf91
2019082400,2019-08,day1_24h,c00,FAIL,ValueError: materially negative reconstructed precipitation for 15--18,PASS,,1,5,0,,(GEFS:2019-08-24T00:00:00+00:00:c00:2 - GEFS:2019-08-24T00:00:00+00:00:c00:1) + GEFS:2019-08-24T00:00:00+00:00:c00:4 + GEFS:2019-08-24T00:00:00+00:00:c00:6 + GEFS:2019-08-24T00:00:00+00:00:c00:8 + GEFS:2019-08-24T00:00:00+00:00:c00:9,,,data/manifests/phase1e/2019-08/daily/source_2019082400.json,80c4574d31d0ccac79c04f52a4bf04eeec9877306b99bde4982ab09a2422f286
2019082400,2019-08,day2_24h,c00,FAIL,ValueError: materially negative reconstructed precipitation for 27--30,FAIL,ValueError: negative difference exceeds packing bound for 27--30,,,,,,,,data/manifests/phase1e/2019-08/daily/source_2019082400.json,80c4574d31d0ccac79c04f52a4bf04eeec9877306b99bde4982ab09a2422f286
2019082400,2019-08,day3_24h,c00,FAIL,ValueError: materially negative reconstructed precipitation for 57--60,PASS,,1,5,108,-0.05,(GEFS:2019-08-24T00:00:00+00:00:c00:18 - GEFS:2019-08-24T00:00:00+00:00:c00:17) + GEFS:2019-08-24T00:00:00+00:00:c00:20 + GEFS:2019-08-24T00:00:00+00:00:c00:22 + GEFS:2019-08-24T00:00:00+00:00:c00:24 + GEFS:2019-08-24T00:00:00+00:00:c00:25,,,data/manifests/phase1e/2019-08/daily/source_2019082400.json,80c4574d31d0ccac79c04f52a4bf04eeec9877306b99bde4982ab09a2422f286
2019082400,2019-08,day1_24h,p01,FAIL,ValueError: materially negative reconstructed precipitation for 15--18,PASS,,1,5,0,,(GEFS:2019-08-24T00:00:00+00:00:p01:2 - GEFS:2019-08-24T00:00:00+00:00:p01:1) + GEFS:2019-08-24T00:00:00+00:00:p01:4 + GEFS:2019-08-24T00:00:00+00:00:p01:6 + GEFS:2019-08-24T00:00:00+00:00:p01:8 + GEFS:2019-08-24T00:00:00+00:00:p01:9,,,data/manifests/phase1e/2019-08/daily/source_2019082400.json,80c4574d31d0ccac79c04f52a4bf04eeec9877306b99bde4982ab09a2422f286
2019082400,2019-08,day2_24h,p01,FAIL,ValueError: materially negative reconstructed precipitation for 45--48,PASS,,1,5,0,,(GEFS:2019-08-24T00:00:00+00:00:p01:10 - GEFS:2019-08-24T00:00:00+00:00:p01:9) + GEFS:2019-08-24T00:00:00+00:00:p01:12 + GEFS:2019-08-24T00:00:00+00:00:p01:14 + GEFS:2019-08-24T00:00:00+00:00:p01:16 + GEFS:2019-08-24T00:00:00+00:00:p01:17,,,data/manifests/phase1e/2019-08/daily/source_2019082400.json,80c4574d31d0ccac79c04f52a4bf04eeec9877306b99bde4982ab09a2422f286
2019082400,2019-08,day3_24h,p01,FAIL,ValueError: materially negative reconstructed precipitation for 57--60,PASS,,1,5,0,,(GEFS:2019-08-24T00:00:00+00:00:p01:18 - GEFS:2019-08-24T00:00:00+00:00:p01:17) + GEFS:2019-08-24T00:00:00+00:00:p01:20 + GEFS:2019-08-24T00:00:00+00:00:p01:22 + GEFS:2019-08-24T00:00:00+00:00:p01:24 + GEFS:2019-08-24T00:00:00+00:00:p01:25,,,data/manifests/phase1e/2019-08/daily/source_2019082400.json,80c4574d31d0ccac79c04f52a4bf04eeec9877306b99bde4982ab09a2422f286
2019082400,2019-08,day1_24h,p02,FAIL,ValueError: materially negative reconstructed precipitation for 21--24,PASS,,1,5,0,,(GEFS:2019-08-24T00:00:00+00:00:p02:2 - GEFS:2019-08-24T00:00:00+00:00:p02:1) + GEFS:2019-08-24T00:00:00+00:00:p02:4 + GEFS:2019-08-24T00:00:00+00:00:p02:6 + GEFS:2019-08-24T00:00:00+00:00:p02:8 + GEFS:2019-08-24T00:00:00+00:00:p02:9,,,data/manifests/phase1e/2019-08/daily/source_2019082400.json,80c4574d31d0ccac79c04f52a4bf04eeec9877306b99bde4982ab09a2422f286
2019082400,2019-08,day2_24h,p02,FAIL,ValueError: materially negative reconstructed precipitation for 33--36,PASS,,1,5,0,,(GEFS:2019-08-24T00:00:00+00:00:p02:10 - GEFS:2019-08-24T00:00:00+00:00:p02:9) + GEFS:2019-08-24T00:00:00+00:00:p02:12 + GEFS:2019-08-24T00:00:00+00:00:p02:14 + GEFS:2019-08-24T00:00:00+00:00:p02:16 + GEFS:2019-08-24T00:00:00+00:00:p02:17,,,data/manifests/phase1e/2019-08/daily/source_2019082400.json,80c4574d31d0ccac79c04f52a4bf04eeec9877306b99bde4982ab09a2422f286
2019082400,2019-08,day3_24h,p02,FAIL,ValueError: materially negative reconstructed precipitation for 51--54,FAIL,ValueError: negative difference exceeds packing bound for 51--54,,,,,,,,data/manifests/phase1e/2019-08/daily/source_2019082400.json,80c4574d31d0ccac79c04f52a4bf04eeec9877306b99bde4982ab09a2422f286
2019082400,2019-08,day1_24h,p03,FAIL,ValueError: materially negative reconstructed precipitation for 15--18,PASS,,1,5,0,,(GEFS:2019-08-24T00:00:00+00:00:p03:2 - GEFS:2019-08-24T00:00:00+00:00:p03:1) + GEFS:2019-08-24T00:00:00+00:00:p03:4 + GEFS:2019-08-24T00:00:00+00:00:p03:6 + GEFS:2019-08-24T00:00:00+00:00:p03:8 + GEFS:2019-08-24T00:00:00+00:00:p03:9,,,data/manifests/phase1e/2019-08/daily/source_2019082400.json,80c4574d31d0ccac79c04f52a4bf04eeec9877306b99bde4982ab09a2422f286
2019082400,2019-08,day2_24h,p03,FAIL,ValueError: materially negative reconstructed precipitation for 27--30,FAIL,ValueError: negative difference exceeds packing bound for 27--30,,,,,,,,data/manifests/phase1e/2019-08/daily/source_2019082400.json,80c4574d31d0ccac79c04f52a4bf04eeec9877306b99bde4982ab09a2422f286
2019082400,2019-08,day3_24h,p03,FAIL,ValueError: materially negative reconstructed precipitation for 57--60,PASS,,1,5,41,-0.05,(GEFS:2019-08-24T00:00:00+00:00:p03:18 - GEFS:2019-08-24T00:00:00+00:00:p03:17) + GEFS:2019-08-24T00:00:00+00:00:p03:20 + GEFS:2019-08-24T00:00:00+00:00:p03:22 + GEFS:2019-08-24T00:00:00+00:00:p03:24 + GEFS:2019-08-24T00:00:00+00:00:p03:25,,,data/manifests/phase1e/2019-08/daily/source_2019082400.json,80c4574d31d0ccac79c04f52a4bf04eeec9877306b99bde4982ab09a2422f286
2019082400,2019-08,day1_24h,p04,PASS,,PASS,,1,5,0,,(GEFS:2019-08-24T00:00:00+00:00:p04:2 - GEFS:2019-08-24T00:00:00+00:00:p04:1) + GEFS:2019-08-24T00:00:00+00:00:p04:4 + GEFS:2019-08-24T00:00:00+00:00:p04:6 + GEFS:2019-08-24T00:00:00+00:00:p04:8 + GEFS:2019-08-24T00:00:00+00:00:p04:9,1.4210854715202004e-14,3.772723722580863e-16,data/manifests/phase1e/2019-08/daily/source_2019082400.json,80c4574d31d0ccac79c04f52a4bf04eeec9877306b99bde4982ab09a2422f286
2019082400,2019-08,day2_24h,p04,FAIL,ValueError: materially negative reconstructed precipitation for 27--30,FAIL,ValueError: negative difference exceeds packing bound for 27--30,,,,,,,,data/manifests/phase1e/2019-08/daily/source_2019082400.json,80c4574d31d0ccac79c04f52a4bf04eeec9877306b99bde4982ab09a2422f286
2019082400,2019-08,day3_24h,p04,FAIL,ValueError: materially negative reconstructed precipitation for 63--66,PASS,,1,5,0,,(GEFS:2019-08-24T00:00:00+00:00:p04:18 - GEFS:2019-08-24T00:00:00+00:00:p04:17) + GEFS:2019-08-24T00:00:00+00:00:p04:20 + GEFS:2019-08-24T00:00:00+00:00:p04:22 + GEFS:2019-08-24T00:00:00+00:00:p04:24 + GEFS:2019-08-24T00:00:00+00:00:p04:25,,,data/manifests/phase1e/2019-08/daily/source_2019082400.json,80c4574d31d0ccac79c04f52a4bf04eeec9877306b99bde4982ab09a2422f286
2019082500,2019-08,day1_24h,c00,FAIL,ValueError: materially negative reconstructed precipitation for 9--12,PASS,,1,5,0,,(GEFS:2019-08-25T00:00:00+00:00:c00:2 - GEFS:2019-08-25T00:00:00+00:00:c00:1) + GEFS:2019-08-25T00:00:00+00:00:c00:4 + GEFS:2019-08-25T00:00:00+00:00:c00:6 + GEFS:2019-08-25T00:00:00+00:00:c00:8 + GEFS:2019-08-25T00:00:00+00:00:c00:9,,,data/manifests/phase1e/2019-08/daily/source_2019082500.json,36c254eb3f06d9749213334ce6537c807bd5b8aac96fe644905d966542868030
2019082500,2019-08,day2_24h,c00,FAIL,ValueError: materially negative reconstructed precipitation for 27--30,FAIL,ValueError: negative difference exceeds packing bound for 27--30,,,,,,,,data/manifests/phase1e/2019-08/daily/source_2019082500.json,36c254eb3f06d9749213334ce6537c807bd5b8aac96fe644905d966542868030
2019082500,2019-08,day3_24h,c00,FAIL,ValueError: materially negative reconstructed precipitation for 51--54,FAIL,ValueError: negative difference exceeds packing bound for 51--54,,,,,,,,data/manifests/phase1e/2019-08/daily/source_2019082500.json,36c254eb3f06d9749213334ce6537c807bd5b8aac96fe644905d966542868030
2019082500,2019-08,day1_24h,p01,FAIL,ValueError: materially negative reconstructed precipitation for 15--18,PASS,,1,5,0,,(GEFS:2019-08-25T00:00:00+00:00:p01:2 - GEFS:2019-08-25T00:00:00+00:00:p01:1) + GEFS:2019-08-25T00:00:00+00:00:p01:4 + GEFS:2019-08-25T00:00:00+00:00:p01:6 + GEFS:2019-08-25T00:00:00+00:00:p01:8 + GEFS:2019-08-25T00:00:00+00:00:p01:9,,,data/manifests/phase1e/2019-08/daily/source_2019082500.json,36c254eb3f06d9749213334ce6537c807bd5b8aac96fe644905d966542868030
2019082500,2019-08,day2_24h,p01,FAIL,ValueError: materially negative reconstructed precipitation for 39--42,PASS,,1,5,0,,(GEFS:2019-08-25T00:00:00+00:00:p01:10 - GEFS:2019-08-25T00:00:00+00:00:p01:9) + GEFS:2019-08-25T00:00:00+00:00:p01:12 + GEFS:2019-08-25T00:00:00+00:00:p01:14 + GEFS:2019-08-25T00:00:00+00:00:p01:16 + GEFS:2019-08-25T00:00:00+00:00:p01:17,,,data/manifests/phase1e/2019-08/daily/source_2019082500.json,36c254eb3f06d9749213334ce6537c807bd5b8aac96fe644905d966542868030
2019082500,2019-08,day3_24h,p01,FAIL,ValueError: materially negative reconstructed precipitation for 57--60,PASS,,1,5,0,,(GEFS:2019-08-25T00:00:00+00:00:p01:18 - GEFS:2019-08-25T00:00:00+00:00:p01:17) + GEFS:2019-08-25T00:00:00+00:00:p01:20 + GEFS:2019-08-25T00:00:00+00:00:p01:22 + GEFS:2019-08-25T00:00:00+00:00:p01:24 + GEFS:2019-08-25T00:00:00+00:00:p01:25,,,data/manifests/phase1e/2019-08/daily/source_2019082500.json,36c254eb3f06d9749213334ce6537c807bd5b8aac96fe644905d966542868030
2019082500,2019-08,day1_24h,p02,FAIL,ValueError: materially negative reconstructed precipitation for 9--12,PASS,,1,5,64,-0.04999999999999999,(GEFS:2019-08-25T00:00:00+00:00:p02:2 - GEFS:2019-08-25T00:00:00+00:00:p02:1) + GEFS:2019-08-25T00:00:00+00:00:p02:4 + GEFS:2019-08-25T00:00:00+00:00:p02:6 + GEFS:2019-08-25T00:00:00+00:00:p02:8 + GEFS:2019-08-25T00:00:00+00:00:p02:9,,,data/manifests/phase1e/2019-08/daily/source_2019082500.json,36c254eb3f06d9749213334ce6537c807bd5b8aac96fe644905d966542868030
2019082500,2019-08,day2_24h,p02,FAIL,ValueError: materially negative reconstructed precipitation for 45--48,PASS,,1,5,0,,(GEFS:2019-08-25T00:00:00+00:00:p02:10 - GEFS:2019-08-25T00:00:00+00:00:p02:9) + GEFS:2019-08-25T00:00:00+00:00:p02:12 + GEFS:2019-08-25T00:00:00+00:00:p02:14 + GEFS:2019-08-25T00:00:00+00:00:p02:16 + GEFS:2019-08-25T00:00:00+00:00:p02:17,,,data/manifests/phase1e/2019-08/daily/source_2019082500.json,36c254eb3f06d9749213334ce6537c807bd5b8aac96fe644905d966542868030
2019082500,2019-08,day3_24h,p02,FAIL,ValueError: materially negative reconstructed precipitation for 57--60,PASS,,1,5,0,,(GEFS:2019-08-25T00:00:00+00:00:p02:18 - GEFS:2019-08-25T00:00:00+00:00:p02:17) + GEFS:2019-08-25T00:00:00+00:00:p02:20 + GEFS:2019-08-25T00:00:00+00:00:p02:22 + GEFS:2019-08-25T00:00:00+00:00:p02:24 + GEFS:2019-08-25T00:00:00+00:00:p02:25,,,data/manifests/phase1e/2019-08/daily/source_2019082500.json,36c254eb3f06d9749213334ce6537c807bd5b8aac96fe644905d966542868030
2019082500,2019-08,day1_24h,p03,FAIL,ValueError: materially negative reconstructed precipitation for 21--24,PASS,,1,5,85,-0.04999999999999999,(GEFS:2019-08-25T00:00:00+00:00:p03:2 - GEFS:2019-08-25T00:00:00+00:00:p03:1) + GEFS:2019-08-25T00:00:00+00:00:p03:4 + GEFS:2019-08-25T00:00:00+00:00:p03:6 + GEFS:2019-08-25T00:00:00+00:00:p03:8 + GEFS:2019-08-25T00:00:00+00:00:p03:9,,,data/manifests/phase1e/2019-08/daily/source_2019082500.json,36c254eb3f06d9749213334ce6537c807bd5b8aac96fe644905d966542868030
2019082500,2019-08,day2_24h,p03,FAIL,ValueError: materially negative reconstructed precipitation for 39--42,PASS,,1,5,0,,(GEFS:2019-08-25T00:00:00+00:00:p03:10 - GEFS:2019-08-25T00:00:00+00:00:p03:9) + GEFS:2019-08-25T00:00:00+00:00:p03:12 + GEFS:2019-08-25T00:00:00+00:00:p03:14 + GEFS:2019-08-25T00:00:00+00:00:p03:16 + GEFS:2019-08-25T00:00:00+00:00:p03:17,,,data/manifests/phase1e/2019-08/daily/source_2019082500.json,36c254eb3f06d9749213334ce6537c807bd5b8aac96fe644905d966542868030
2019082500,2019-08,day3_24h,p03,FAIL,ValueError: materially negative reconstructed precipitation for 57--60,PASS,,1,5,0,,(GEFS:2019-08-25T00:00:00+00:00:p03:18 - GEFS:2019-08-25T00:00:00+00:00:p03:17) + GEFS:2019-08-25T00:00:00+00:00:p03:20 + GEFS:2019-08-25T00:00:00+00:00:p03:22 + GEFS:2019-08-25T00:00:00+00:00:p03:24 + GEFS:2019-08-25T00:00:00+00:00:p03:25,,,data/manifests/phase1e/2019-08/daily/source_2019082500.json,36c254eb3f06d9749213334ce6537c807bd5b8aac96fe644905d966542868030
2019082500,2019-08,day1_24h,p04,PASS,,PASS,,1,5,98,-0.04999999999999999,(GEFS:2019-08-25T00:00:00+00:00:p04:2 - GEFS:2019-08-25T00:00:00+00:00:p04:1) + GEFS:2019-08-25T00:00:00+00:00:p04:4 + GEFS:2019-08-25T00:00:00+00:00:p04:6 + GEFS:2019-08-25T00:00:00+00:00:p04:8 + GEFS:2019-08-25T00:00:00+00:00:p04:9,2.842170943040401e-14,3.799080537409532e-16,data/manifests/phase1e/2019-08/daily/source_2019082500.json,36c254eb3f06d9749213334ce6537c807bd5b8aac96fe644905d966542868030
2019082500,2019-08,day2_24h,p04,PASS,,PASS,,1,5,0,,(GEFS:2019-08-25T00:00:00+00:00:p04:10 - GEFS:2019-08-25T00:00:00+00:00:p04:9) + GEFS:2019-08-25T00:00:00+00:00:p04:12 + GEFS:2019-08-25T00:00:00+00:00:p04:14 + GEFS:2019-08-25T00:00:00+00:00:p04:16 + GEFS:2019-08-25T00:00:00+00:00:p04:17,1.4210854715202004e-14,2.698336718117493e-16,data/manifests/phase1e/2019-08/daily/source_2019082500.json,36c254eb3f06d9749213334ce6537c807bd5b8aac96fe644905d966542868030
2019082500,2019-08,day3_24h,p04,PASS,,PASS,,1,5,0,,(GEFS:2019-08-25T00:00:00+00:00:p04:18 - GEFS:2019-08-25T00:00:00+00:00:p04:17) + GEFS:2019-08-25T00:00:00+00:00:p04:20 + GEFS:2019-08-25T00:00:00+00:00:p04:22 + GEFS:2019-08-25T00:00:00+00:00:p04:24 + GEFS:2019-08-25T00:00:00+00:00:p04:25,7.105427357601002e-15,1.8625482478925991e-16,data/manifests/phase1e/2019-08/daily/source_2019082500.json,36c254eb3f06d9749213334ce6537c807bd5b8aac96fe644905d966542868030
2019082600,2019-08,day1_24h,c00,FAIL,ValueError: materially negative reconstructed precipitation for 15--18,PASS,,1,5,0,,(GEFS:2019-08-26T00:00:00+00:00:c00:2 - GEFS:2019-08-26T00:00:00+00:00:c00:1) + GEFS:2019-08-26T00:00:00+00:00:c00:4 + GEFS:2019-08-26T00:00:00+00:00:c00:6 + GEFS:2019-08-26T00:00:00+00:00:c00:8 + GEFS:2019-08-26T00:00:00+00:00:c00:9,,,data/manifests/phase1e/2019-08/daily/source_2019082600.json,abf4a1e24752270cf0bc91be52a3ed74548853adfd4caf3197d6caec147d0460
2019082600,2019-08,day2_24h,c00,FAIL,ValueError: materially negative reconstructed precipitation for 27--30,FAIL,ValueError: negative difference exceeds packing bound for 27--30,,,,,,,,data/manifests/phase1e/2019-08/daily/source_2019082600.json,abf4a1e24752270cf0bc91be52a3ed74548853adfd4caf3197d6caec147d0460
2019082600,2019-08,day3_24h,c00,FAIL,ValueError: materially negative reconstructed precipitation for 63--66,PASS,,1,5,0,,(GEFS:2019-08-26T00:00:00+00:00:c00:18 - GEFS:2019-08-26T00:00:00+00:00:c00:17) + GEFS:2019-08-26T00:00:00+00:00:c00:20 + GEFS:2019-08-26T00:00:00+00:00:c00:22 + GEFS:2019-08-26T00:00:00+00:00:c00:24 + GEFS:2019-08-26T00:00:00+00:00:c00:25,,,data/manifests/phase1e/2019-08/daily/source_2019082600.json,abf4a1e24752270cf0bc91be52a3ed74548853adfd4caf3197d6caec147d0460
2019082600,2019-08,day1_24h,p01,FAIL,ValueError: materially negative reconstructed precipitation for 21--24,PASS,,1,5,0,,(GEFS:2019-08-26T00:00:00+00:00:p01:2 - GEFS:2019-08-26T00:00:00+00:00:p01:1) + GEFS:2019-08-26T00:00:00+00:00:p01:4 + GEFS:2019-08-26T00:00:00+00:00:p01:6 + GEFS:2019-08-26T00:00:00+00:00:p01:8 + GEFS:2019-08-26T00:00:00+00:00:p01:9,,,data/manifests/phase1e/2019-08/daily/source_2019082600.json,abf4a1e24752270cf0bc91be52a3ed74548853adfd4caf3197d6caec147d0460
2019082600,2019-08,day2_24h,p01,FAIL,ValueError: materially negative reconstructed precipitation for 27--30,FAIL,ValueError: negative difference exceeds packing bound for 27--30,,,,,,,,data/manifests/phase1e/2019-08/daily/source_2019082600.json,abf4a1e24752270cf0bc91be52a3ed74548853adfd4caf3197d6caec147d0460
2019082600,2019-08,day3_24h,p01,FAIL,ValueError: materially negative reconstructed precipitation for 57--60,PASS,,1,5,42,-0.04999999999999999,(GEFS:2019-08-26T00:00:00+00:00:p01:18 - GEFS:2019-08-26T00:00:00+00:00:p01:17) + GEFS:2019-08-26T00:00:00+00:00:p01:20 + GEFS:2019-08-26T00:00:00+00:00:p01:22 + GEFS:2019-08-26T00:00:00+00:00:p01:24 + GEFS:2019-08-26T00:00:00+00:00:p01:25,,,data/manifests/phase1e/2019-08/daily/source_2019082600.json,abf4a1e24752270cf0bc91be52a3ed74548853adfd4caf3197d6caec147d0460
2019082600,2019-08,day1_24h,p02,FAIL,ValueError: materially negative reconstructed precipitation for 15--18,PASS,,1,5,0,,(GEFS:2019-08-26T00:00:00+00:00:p02:2 - GEFS:2019-08-26T00:00:00+00:00:p02:1) + GEFS:2019-08-26T00:00:00+00:00:p02:4 + GEFS:2019-08-26T00:00:00+00:00:p02:6 + GEFS:2019-08-26T00:00:00+00:00:p02:8 + GEFS:2019-08-26T00:00:00+00:00:p02:9,,,data/manifests/phase1e/2019-08/daily/source_2019082600.json,abf4a1e24752270cf0bc91be52a3ed74548853adfd4caf3197d6caec147d0460
2019082600,2019-08,day2_24h,p02,FAIL,ValueError: materially negative reconstructed precipitation for 33--36,PASS,,1,5,0,,(GEFS:2019-08-26T00:00:00+00:00:p02:10 - GEFS:2019-08-26T00:00:00+00:00:p02:9) + GEFS:2019-08-26T00:00:00+00:00:p02:12 + GEFS:2019-08-26T00:00:00+00:00:p02:14 + GEFS:2019-08-26T00:00:00+00:00:p02:16 + GEFS:2019-08-26T00:00:00+00:00:p02:17,,,data/manifests/phase1e/2019-08/daily/source_2019082600.json,abf4a1e24752270cf0bc91be52a3ed74548853adfd4caf3197d6caec147d0460
2019082600,2019-08,day3_24h,p02,FAIL,ValueError: materially negative reconstructed precipitation for 63--66,PASS,,1,5,45,-0.05,(GEFS:2019-08-26T00:00:00+00:00:p02:18 - GEFS:2019-08-26T00:00:00+00:00:p02:17) + GEFS:2019-08-26T00:00:00+00:00:p02:20 + GEFS:2019-08-26T00:00:00+00:00:p02:22 + GEFS:2019-08-26T00:00:00+00:00:p02:24 + GEFS:2019-08-26T00:00:00+00:00:p02:25,,,data/manifests/phase1e/2019-08/daily/source_2019082600.json,abf4a1e24752270cf0bc91be52a3ed74548853adfd4caf3197d6caec147d0460
2019082600,2019-08,day1_24h,p03,PASS,,PASS,,1,5,0,,(GEFS:2019-08-26T00:00:00+00:00:p03:2 - GEFS:2019-08-26T00:00:00+00:00:p03:1) + GEFS:2019-08-26T00:00:00+00:00:p03:4 + GEFS:2019-08-26T00:00:00+00:00:p03:6 + GEFS:2019-08-26T00:00:00+00:00:p03:8 + GEFS:2019-08-26T00:00:00+00:00:p03:9,1.4210854715202004e-14,4.527360947149066e-16,data/manifests/phase1e/2019-08/daily/source_2019082600.json,abf4a1e24752270cf0bc91be52a3ed74548853adfd4caf3197d6caec147d0460
2019082600,2019-08,day2_24h,p03,FAIL,ValueError: materially negative reconstructed precipitation for 27--30,FAIL,ValueError: negative difference exceeds packing bound for 27--30,,,,,,,,data/manifests/phase1e/2019-08/daily/source_2019082600.json,abf4a1e24752270cf0bc91be52a3ed74548853adfd4caf3197d6caec147d0460
2019082600,2019-08,day3_24h,p03,PASS,,PASS,,1,5,0,,(GEFS:2019-08-26T00:00:00+00:00:p03:18 - GEFS:2019-08-26T00:00:00+00:00:p03:17) + GEFS:2019-08-26T00:00:00+00:00:p03:20 + GEFS:2019-08-26T00:00:00+00:00:p03:22 + GEFS:2019-08-26T00:00:00+00:00:p03:24 + GEFS:2019-08-26T00:00:00+00:00:p03:25,7.105427357601002e-15,2.8754360177557417e-16,data/manifests/phase1e/2019-08/daily/source_2019082600.json,abf4a1e24752270cf0bc91be52a3ed74548853adfd4caf3197d6caec147d0460
2019082600,2019-08,day1_24h,p04,PASS,,PASS,,1,5,0,,(GEFS:2019-08-26T00:00:00+00:00:p04:2 - GEFS:2019-08-26T00:00:00+00:00:p04:1) + GEFS:2019-08-26T00:00:00+00:00:p04:4 + GEFS:2019-08-26T00:00:00+00:00:p04:6 + GEFS:2019-08-26T00:00:00+00:00:p04:8 + GEFS:2019-08-26T00:00:00+00:00:p04:9,2.842170943040401e-14,4.1003343068986153e-16,data/manifests/phase1e/2019-08/daily/source_2019082600.json,abf4a1e24752270cf0bc91be52a3ed74548853adfd4caf3197d6caec147d0460
2019082600,2019-08,day2_24h,p04,FAIL,ValueError: materially negative reconstructed precipitation for 27--30,FAIL,ValueError: negative difference exceeds packing bound for 27--30,,,,,,,,data/manifests/phase1e/2019-08/daily/source_2019082600.json,abf4a1e24752270cf0bc91be52a3ed74548853adfd4caf3197d6caec147d0460
2019082600,2019-08,day3_24h,p04,PASS,,PASS,,1,5,0,,(GEFS:2019-08-26T00:00:00+00:00:p04:18 - GEFS:2019-08-26T00:00:00+00:00:p04:17) + GEFS:2019-08-26T00:00:00+00:00:p04:20 + GEFS:2019-08-26T00:00:00+00:00:p04:22 + GEFS:2019-08-26T00:00:00+00:00:p04:24 + GEFS:2019-08-26T00:00:00+00:00:p04:25,7.105427357601002e-15,3.198422599471973e-16,data/manifests/phase1e/2019-08/daily/source_2019082600.json,abf4a1e24752270cf0bc91be52a3ed74548853adfd4caf3197d6caec147d0460
2019082700,2019-08,day1_24h,c00,FAIL,ValueError: materially negative reconstructed precipitation for 9--12,PASS,,1,5,0,,(GEFS:2019-08-27T00:00:00+00:00:c00:2 - GEFS:2019-08-27T00:00:00+00:00:c00:1) + GEFS:2019-08-27T00:00:00+00:00:c00:4 + GEFS:2019-08-27T00:00:00+00:00:c00:6 + GEFS:2019-08-27T00:00:00+00:00:c00:8 + GEFS:2019-08-27T00:00:00+00:00:c00:9,,,data/manifests/phase1e/2019-08/daily/source_2019082700.json,1937731f4b8ae222886f110c3141134616313269c54aca55528ed470c0cb592d
2019082700,2019-08,day2_24h,c00,FAIL,ValueError: materially negative reconstructed precipitation for 33--36,PASS,,1,5,53,-0.05,(GEFS:2019-08-27T00:00:00+00:00:c00:10 - GEFS:2019-08-27T00:00:00+00:00:c00:9) + GEFS:2019-08-27T00:00:00+00:00:c00:12 + GEFS:2019-08-27T00:00:00+00:00:c00:14 + GEFS:2019-08-27T00:00:00+00:00:c00:16 + GEFS:2019-08-27T00:00:00+00:00:c00:17,,,data/manifests/phase1e/2019-08/daily/source_2019082700.json,1937731f4b8ae222886f110c3141134616313269c54aca55528ed470c0cb592d
2019082700,2019-08,day3_24h,c00,FAIL,ValueError: materially negative reconstructed precipitation for 57--60,PASS,,1,5,65,-0.04999999999999999,(GEFS:2019-08-27T00:00:00+00:00:c00:18 - GEFS:2019-08-27T00:00:00+00:00:c00:17) + GEFS:2019-08-27T00:00:00+00:00:c00:20 + GEFS:2019-08-27T00:00:00+00:00:c00:22 + GEFS:2019-08-27T00:00:00+00:00:c00:24 + GEFS:2019-08-27T00:00:00+00:00:c00:25,,,data/manifests/phase1e/2019-08/daily/source_2019082700.json,1937731f4b8ae222886f110c3141134616313269c54aca55528ed470c0cb592d
2019082700,2019-08,day1_24h,p01,PASS,,PASS,,1,5,0,,(GEFS:2019-08-27T00:00:00+00:00:p01:2 - GEFS:2019-08-27T00:00:00+00:00:p01:1) + GEFS:2019-08-27T00:00:00+00:00:p01:4 + GEFS:2019-08-27T00:00:00+00:00:p01:6 + GEFS:2019-08-27T00:00:00+00:00:p01:8 + GEFS:2019-08-27T00:00:00+00:00:p01:9,1.4210854715202004e-14,3.106404947701708e-16,data/manifests/phase1e/2019-08/daily/source_2019082700.json,1937731f4b8ae222886f110c3141134616313269c54aca55528ed470c0cb592d
2019082700,2019-08,day2_24h,p01,FAIL,ValueError: materially negative reconstructed precipitation for 27--30,FAIL,ValueError: negative difference exceeds packing bound for 27--30,,,,,,,,data/manifests/phase1e/2019-08/daily/source_2019082700.json,1937731f4b8ae222886f110c3141134616313269c54aca55528ed470c0cb592d
2019082700,2019-08,day3_24h,p01,FAIL,ValueError: materially negative reconstructed precipitation for 69--72,PASS,,1,5,0,,(GEFS:2019-08-27T00:00:00+00:00:p01:18 - GEFS:2019-08-27T00:00:00+00:00:p01:17) + GEFS:2019-08-27T00:00:00+00:00:p01:20 + GEFS:2019-08-27T00:00:00+00:00:p01:22 + GEFS:2019-08-27T00:00:00+00:00:p01:24 + GEFS:2019-08-27T00:00:00+00:00:p01:25,,,data/manifests/phase1e/2019-08/daily/source_2019082700.json,1937731f4b8ae222886f110c3141134616313269c54aca55528ed470c0cb592d
2019082700,2019-08,day1_24h,p02,FAIL,ValueError: materially negative reconstructed precipitation for 9--12,PASS,,1,5,0,,(GEFS:2019-08-27T00:00:00+00:00:p02:2 - GEFS:2019-08-27T00:00:00+00:00:p02:1) + GEFS:2019-08-27T00:00:00+00:00:p02:4 + GEFS:2019-08-27T00:00:00+00:00:p02:6 + GEFS:2019-08-27T00:00:00+00:00:p02:8 + GEFS:2019-08-27T00:00:00+00:00:p02:9,,,data/manifests/phase1e/2019-08/daily/source_2019082700.json,1937731f4b8ae222886f110c3141134616313269c54aca55528ed470c0cb592d
2019082700,2019-08,day2_24h,p02,FAIL,ValueError: materially negative reconstructed precipitation for 33--36,PASS,,1,5,61,-0.05,(GEFS:2019-08-27T00:00:00+00:00:p02:10 - GEFS:2019-08-27T00:00:00+00:00:p02:9) + GEFS:2019-08-27T00:00:00+00:00:p02:12 + GEFS:2019-08-27T00:00:00+00:00:p02:14 + GEFS:2019-08-27T00:00:00+00:00:p02:16 + GEFS:2019-08-27T00:00:00+00:00:p02:17,,,data/manifests/phase1e/2019-08/daily/source_2019082700.json,1937731f4b8ae222886f110c3141134616313269c54aca55528ed470c0cb592d
2019082700,2019-08,day3_24h,p02,PASS,,PASS,,1,5,38,-0.05,(GEFS:2019-08-27T00:00:00+00:00:p02:18 - GEFS:2019-08-27T00:00:00+00:00:p02:17) + GEFS:2019-08-27T00:00:00+00:00:p02:20 + GEFS:2019-08-27T00:00:00+00:00:p02:22 + GEFS:2019-08-27T00:00:00+00:00:p02:24 + GEFS:2019-08-27T00:00:00+00:00:p02:25,7.105427357601002e-15,2.4433229746436183e-16,data/manifests/phase1e/2019-08/daily/source_2019082700.json,1937731f4b8ae222886f110c3141134616313269c54aca55528ed470c0cb592d
2019082700,2019-08,day1_24h,p03,PASS,,PASS,,1,5,0,,(GEFS:2019-08-27T00:00:00+00:00:p03:2 - GEFS:2019-08-27T00:00:00+00:00:p03:1) + GEFS:2019-08-27T00:00:00+00:00:p03:4 + GEFS:2019-08-27T00:00:00+00:00:p03:6 + GEFS:2019-08-27T00:00:00+00:00:p03:8 + GEFS:2019-08-27T00:00:00+00:00:p03:9,1.4210854715202004e-14,3.521640381318281e-16,data/manifests/phase1e/2019-08/daily/source_2019082700.json,1937731f4b8ae222886f110c3141134616313269c54aca55528ed470c0cb592d
2019082700,2019-08,day2_24h,p03,FAIL,ValueError: materially negative reconstructed precipitation for 39--42,PASS,,1,5,0,,(GEFS:2019-08-27T00:00:00+00:00:p03:10 - GEFS:2019-08-27T00:00:00+00:00:p03:9) + GEFS:2019-08-27T00:00:00+00:00:p03:12 + GEFS:2019-08-27T00:00:00+00:00:p03:14 + GEFS:2019-08-27T00:00:00+00:00:p03:16 + GEFS:2019-08-27T00:00:00+00:00:p03:17,,,data/manifests/phase1e/2019-08/daily/source_2019082700.json,1937731f4b8ae222886f110c3141134616313269c54aca55528ed470c0cb592d
2019082700,2019-08,day3_24h,p03,FAIL,ValueError: materially negative reconstructed precipitation for 63--66,PASS,,1,5,0,,(GEFS:2019-08-27T00:00:00+00:00:p03:18 - GEFS:2019-08-27T00:00:00+00:00:p03:17) + GEFS:2019-08-27T00:00:00+00:00:p03:20 + GEFS:2019-08-27T00:00:00+00:00:p03:22 + GEFS:2019-08-27T00:00:00+00:00:p03:24 + GEFS:2019-08-27T00:00:00+00:00:p03:25,,,data/manifests/phase1e/2019-08/daily/source_2019082700.json,1937731f4b8ae222886f110c3141134616313269c54aca55528ed470c0cb592d
2019082700,2019-08,day1_24h,p04,FAIL,ValueError: materially negative reconstructed precipitation for 9--12,PASS,,1,5,0,,(GEFS:2019-08-27T00:00:00+00:00:p04:2 - GEFS:2019-08-27T00:00:00+00:00:p04:1) + GEFS:2019-08-27T00:00:00+00:00:p04:4 + GEFS:2019-08-27T00:00:00+00:00:p04:6 + GEFS:2019-08-27T00:00:00+00:00:p04:8 + GEFS:2019-08-27T00:00:00+00:00:p04:9,,,data/manifests/phase1e/2019-08/daily/source_2019082700.json,1937731f4b8ae222886f110c3141134616313269c54aca55528ed470c0cb592d
2019082700,2019-08,day2_24h,p04,FAIL,ValueError: materially negative reconstructed precipitation for 33--36,PASS,,1,5,60,-0.05,(GEFS:2019-08-27T00:00:00+00:00:p04:10 - GEFS:2019-08-27T00:00:00+00:00:p04:9) + GEFS:2019-08-27T00:00:00+00:00:p04:12 + GEFS:2019-08-27T00:00:00+00:00:p04:14 + GEFS:2019-08-27T00:00:00+00:00:p04:16 + GEFS:2019-08-27T00:00:00+00:00:p04:17,,,data/manifests/phase1e/2019-08/daily/source_2019082700.json,1937731f4b8ae222886f110c3141134616313269c54aca55528ed470c0cb592d
2019082700,2019-08,day3_24h,p04,PASS,,PASS,,1,5,0,,(GEFS:2019-08-27T00:00:00+00:00:p04:18 - GEFS:2019-08-27T00:00:00+00:00:p04:17) + GEFS:2019-08-27T00:00:00+00:00:p04:20 + GEFS:2019-08-27T00:00:00+00:00:p04:22 + GEFS:2019-08-27T00:00:00+00:00:p04:24 + GEFS:2019-08-27T00:00:00+00:00:p04:25,7.105427357601002e-15,2.2225846504535163e-16,data/manifests/phase1e/2019-08/daily/source_2019082700.json,1937731f4b8ae222886f110c3141134616313269c54aca55528ed470c0cb592d
2019082800,2019-08,day1_24h,c00,PASS,,PASS,,1,5,0,,(GEFS:2019-08-28T00:00:00+00:00:c00:2 - GEFS:2019-08-28T00:00:00+00:00:c00:1) + GEFS:2019-08-28T00:00:00+00:00:c00:4 + GEFS:2019-08-28T00:00:00+00:00:c00:6 + GEFS:2019-08-28T00:00:00+00:00:c00:8 + GEFS:2019-08-28T00:00:00+00:00:c00:9,7.105427357601002e-15,2.865494412162472e-16,data/manifests/phase1e/2019-08/daily/source_2019082800.json,178d7eb6bf766ee6186de6e8788247ee13d9d8854e6cb4c7ae149b8e0ba3e3b1
2019082800,2019-08,day2_24h,c00,FAIL,ValueError: materially negative reconstructed precipitation for 33--36,PASS,,1,5,72,-0.05,(GEFS:2019-08-28T00:00:00+00:00:c00:10 - GEFS:2019-08-28T00:00:00+00:00:c00:9) + GEFS:2019-08-28T00:00:00+00:00:c00:12 + GEFS:2019-08-28T00:00:00+00:00:c00:14 + GEFS:2019-08-28T00:00:00+00:00:c00:16 + GEFS:2019-08-28T00:00:00+00:00:c00:17,,,data/manifests/phase1e/2019-08/daily/source_2019082800.json,178d7eb6bf766ee6186de6e8788247ee13d9d8854e6cb4c7ae149b8e0ba3e3b1
2019082800,2019-08,day3_24h,c00,FAIL,ValueError: materially negative reconstructed precipitation for 51--54,FAIL,ValueError: negative difference exceeds packing bound for 51--54,,,,,,,,data/manifests/phase1e/2019-08/daily/source_2019082800.json,178d7eb6bf766ee6186de6e8788247ee13d9d8854e6cb4c7ae149b8e0ba3e3b1
2019082800,2019-08,day1_24h,p01,FAIL,ValueError: materially negative reconstructed precipitation for 9--12,PASS,,1,5,0,,(GEFS:2019-08-28T00:00:00+00:00:p01:2 - GEFS:2019-08-28T00:00:00+00:00:p01:1) + GEFS:2019-08-28T00:00:00+00:00:p01:4 + GEFS:2019-08-28T00:00:00+00:00:p01:6 + GEFS:2019-08-28T00:00:00+00:00:p01:8 + GEFS:2019-08-28T00:00:00+00:00:p01:9,,,data/manifests/phase1e/2019-08/daily/source_2019082800.json,178d7eb6bf766ee6186de6e8788247ee13d9d8854e6cb4c7ae149b8e0ba3e3b1
2019082800,2019-08,day2_24h,p01,FAIL,ValueError: materially negative reconstructed precipitation for 45--48,PASS,,1,5,0,,(GEFS:2019-08-28T00:00:00+00:00:p01:10 - GEFS:2019-08-28T00:00:00+00:00:p01:9) + GEFS:2019-08-28T00:00:00+00:00:p01:12 + GEFS:2019-08-28T00:00:00+00:00:p01:14 + GEFS:2019-08-28T00:00:00+00:00:p01:16 + GEFS:2019-08-28T00:00:00+00:00:p01:17,,,data/manifests/phase1e/2019-08/daily/source_2019082800.json,178d7eb6bf766ee6186de6e8788247ee13d9d8854e6cb4c7ae149b8e0ba3e3b1
2019082800,2019-08,day3_24h,p01,FAIL,ValueError: materially negative reconstructed precipitation for 57--60,PASS,,1,5,0,,(GEFS:2019-08-28T00:00:00+00:00:p01:18 - GEFS:2019-08-28T00:00:00+00:00:p01:17) + GEFS:2019-08-28T00:00:00+00:00:p01:20 + GEFS:2019-08-28T00:00:00+00:00:p01:22 + GEFS:2019-08-28T00:00:00+00:00:p01:24 + GEFS:2019-08-28T00:00:00+00:00:p01:25,,,data/manifests/phase1e/2019-08/daily/source_2019082800.json,178d7eb6bf766ee6186de6e8788247ee13d9d8854e6cb4c7ae149b8e0ba3e3b1
2019082800,2019-08,day1_24h,p02,FAIL,ValueError: materially negative reconstructed precipitation for 15--18,PASS,,1,5,0,,(GEFS:2019-08-28T00:00:00+00:00:p02:2 - GEFS:2019-08-28T00:00:00+00:00:p02:1) + GEFS:2019-08-28T00:00:00+00:00:p02:4 + GEFS:2019-08-28T00:00:00+00:00:p02:6 + GEFS:2019-08-28T00:00:00+00:00:p02:8 + GEFS:2019-08-28T00:00:00+00:00:p02:9,,,data/manifests/phase1e/2019-08/daily/source_2019082800.json,178d7eb6bf766ee6186de6e8788247ee13d9d8854e6cb4c7ae149b8e0ba3e3b1
2019082800,2019-08,day2_24h,p02,FAIL,ValueError: materially negative reconstructed precipitation for 33--36,PASS,,1,5,0,,(GEFS:2019-08-28T00:00:00+00:00:p02:10 - GEFS:2019-08-28T00:00:00+00:00:p02:9) + GEFS:2019-08-28T00:00:00+00:00:p02:12 + GEFS:2019-08-28T00:00:00+00:00:p02:14 + GEFS:2019-08-28T00:00:00+00:00:p02:16 + GEFS:2019-08-28T00:00:00+00:00:p02:17,,,data/manifests/phase1e/2019-08/daily/source_2019082800.json,178d7eb6bf766ee6186de6e8788247ee13d9d8854e6cb4c7ae149b8e0ba3e3b1
2019082800,2019-08,day3_24h,p02,FAIL,ValueError: materially negative reconstructed precipitation for 57--60,PASS,,1,5,0,,(GEFS:2019-08-28T00:00:00+00:00:p02:18 - GEFS:2019-08-28T00:00:00+00:00:p02:17) + GEFS:2019-08-28T00:00:00+00:00:p02:20 + GEFS:2019-08-28T00:00:00+00:00:p02:22 + GEFS:2019-08-28T00:00:00+00:00:p02:24 + GEFS:2019-08-28T00:00:00+00:00:p02:25,,,data/manifests/phase1e/2019-08/daily/source_2019082800.json,178d7eb6bf766ee6186de6e8788247ee13d9d8854e6cb4c7ae149b8e0ba3e3b1
2019082800,2019-08,day1_24h,p03,PASS,,PASS,,1,5,50,-0.04,(GEFS:2019-08-28T00:00:00+00:00:p03:2 - GEFS:2019-08-28T00:00:00+00:00:p03:1) + GEFS:2019-08-28T00:00:00+00:00:p03:4 + GEFS:2019-08-28T00:00:00+00:00:p03:6 + GEFS:2019-08-28T00:00:00+00:00:p03:8 + GEFS:2019-08-28T00:00:00+00:00:p03:9,1.4210854715202004e-14,4.922713169579099e-16,data/manifests/phase1e/2019-08/daily/source_2019082800.json,178d7eb6bf766ee6186de6e8788247ee13d9d8854e6cb4c7ae149b8e0ba3e3b1
2019082800,2019-08,day2_24h,p03,FAIL,ValueError: materially negative reconstructed precipitation for 27--30,FAIL,ValueError: negative difference exceeds packing bound for 27--30,,,,,,,,data/manifests/phase1e/2019-08/daily/source_2019082800.json,178d7eb6bf766ee6186de6e8788247ee13d9d8854e6cb4c7ae149b8e0ba3e3b1
2019082800,2019-08,day3_24h,p03,FAIL,ValueError: materially negative reconstructed precipitation for 63--66,PASS,,1,5,0,,(GEFS:2019-08-28T00:00:00+00:00:p03:18 - GEFS:2019-08-28T00:00:00+00:00:p03:17) + GEFS:2019-08-28T00:00:00+00:00:p03:20 + GEFS:2019-08-28T00:00:00+00:00:p03:22 + GEFS:2019-08-28T00:00:00+00:00:p03:24 + GEFS:2019-08-28T00:00:00+00:00:p03:25,,,data/manifests/phase1e/2019-08/daily/source_2019082800.json,178d7eb6bf766ee6186de6e8788247ee13d9d8854e6cb4c7ae149b8e0ba3e3b1
2019082800,2019-08,day1_24h,p04,PASS,,PASS,,1,5,91,-0.04000000000000001,(GEFS:2019-08-28T00:00:00+00:00:p04:2 - GEFS:2019-08-28T00:00:00+00:00:p04:1) + GEFS:2019-08-28T00:00:00+00:00:p04:4 + GEFS:2019-08-28T00:00:00+00:00:p04:6 + GEFS:2019-08-28T00:00:00+00:00:p04:8 + GEFS:2019-08-28T00:00:00+00:00:p04:9,7.105427357601002e-15,1.9665883064268184e-16,data/manifests/phase1e/2019-08/daily/source_2019082800.json,178d7eb6bf766ee6186de6e8788247ee13d9d8854e6cb4c7ae149b8e0ba3e3b1
2019082800,2019-08,day2_24h,p04,FAIL,ValueError: materially negative reconstructed precipitation for 33--36,PASS,,1,5,0,,(GEFS:2019-08-28T00:00:00+00:00:p04:10 - GEFS:2019-08-28T00:00:00+00:00:p04:9) + GEFS:2019-08-28T00:00:00+00:00:p04:12 + GEFS:2019-08-28T00:00:00+00:00:p04:14 + GEFS:2019-08-28T00:00:00+00:00:p04:16 + GEFS:2019-08-28T00:00:00+00:00:p04:17,,,data/manifests/phase1e/2019-08/daily/source_2019082800.json,178d7eb6bf766ee6186de6e8788247ee13d9d8854e6cb4c7ae149b8e0ba3e3b1
2019082800,2019-08,day3_24h,p04,FAIL,ValueError: materially negative reconstructed precipitation for 57--60,PASS,,1,5,0,,(GEFS:2019-08-28T00:00:00+00:00:p04:18 - GEFS:2019-08-28T00:00:00+00:00:p04:17) + GEFS:2019-08-28T00:00:00+00:00:p04:20 + GEFS:2019-08-28T00:00:00+00:00:p04:22 + GEFS:2019-08-28T00:00:00+00:00:p04:24 + GEFS:2019-08-28T00:00:00+00:00:p04:25,,,data/manifests/phase1e/2019-08/daily/source_2019082800.json,178d7eb6bf766ee6186de6e8788247ee13d9d8854e6cb4c7ae149b8e0ba3e3b1
2019082900,2019-08,day1_24h,c00,FAIL,ValueError: materially negative reconstructed precipitation for 15--18,PASS,,1,5,0,,(GEFS:2019-08-29T00:00:00+00:00:c00:2 - GEFS:2019-08-29T00:00:00+00:00:c00:1) + GEFS:2019-08-29T00:00:00+00:00:c00:4 + GEFS:2019-08-29T00:00:00+00:00:c00:6 + GEFS:2019-08-29T00:00:00+00:00:c00:8 + GEFS:2019-08-29T00:00:00+00:00:c00:9,,,data/manifests/phase1e/2019-08/daily/source_2019082900.json,66de092aad0c52e44c56353949b38384b22aa1f6895ae744790b47c1c66464f1
2019082900,2019-08,day2_24h,c00,FAIL,ValueError: materially negative reconstructed precipitation for 39--42,PASS,,1,5,92,-0.05,(GEFS:2019-08-29T00:00:00+00:00:c00:10 - GEFS:2019-08-29T00:00:00+00:00:c00:9) + GEFS:2019-08-29T00:00:00+00:00:c00:12 + GEFS:2019-08-29T00:00:00+00:00:c00:14 + GEFS:2019-08-29T00:00:00+00:00:c00:16 + GEFS:2019-08-29T00:00:00+00:00:c00:17,,,data/manifests/phase1e/2019-08/daily/source_2019082900.json,66de092aad0c52e44c56353949b38384b22aa1f6895ae744790b47c1c66464f1
2019082900,2019-08,day3_24h,c00,FAIL,ValueError: materially negative reconstructed precipitation for 57--60,PASS,,1,5,0,,(GEFS:2019-08-29T00:00:00+00:00:c00:18 - GEFS:2019-08-29T00:00:00+00:00:c00:17) + GEFS:2019-08-29T00:00:00+00:00:c00:20 + GEFS:2019-08-29T00:00:00+00:00:c00:22 + GEFS:2019-08-29T00:00:00+00:00:c00:24 + GEFS:2019-08-29T00:00:00+00:00:c00:25,,,data/manifests/phase1e/2019-08/daily/source_2019082900.json,66de092aad0c52e44c56353949b38384b22aa1f6895ae744790b47c1c66464f1
2019082900,2019-08,day1_24h,p01,PASS,,PASS,,1,5,0,,(GEFS:2019-08-29T00:00:00+00:00:p01:2 - GEFS:2019-08-29T00:00:00+00:00:p01:1) + GEFS:2019-08-29T00:00:00+00:00:p01:4 + GEFS:2019-08-29T00:00:00+00:00:p01:6 + GEFS:2019-08-29T00:00:00+00:00:p01:8 + GEFS:2019-08-29T00:00:00+00:00:p01:9,1.4210854715202004e-14,2.3908405451163563e-16,data/manifests/phase1e/2019-08/daily/source_2019082900.json,66de092aad0c52e44c56353949b38384b22aa1f6895ae744790b47c1c66464f1
2019082900,2019-08,day2_24h,p01,FAIL,ValueError: materially negative reconstructed precipitation for 27--30,FAIL,ValueError: negative difference exceeds packing bound for 27--30,,,,,,,,data/manifests/phase1e/2019-08/daily/source_2019082900.json,66de092aad0c52e44c56353949b38384b22aa1f6895ae744790b47c1c66464f1
2019082900,2019-08,day3_24h,p01,PASS,,PASS,,1,5,0,,(GEFS:2019-08-29T00:00:00+00:00:p01:18 - GEFS:2019-08-29T00:00:00+00:00:p01:17) + GEFS:2019-08-29T00:00:00+00:00:p01:20 + GEFS:2019-08-29T00:00:00+00:00:p01:22 + GEFS:2019-08-29T00:00:00+00:00:p01:24 + GEFS:2019-08-29T00:00:00+00:00:p01:25,7.105427357601002e-15,1.7402433790823727e-16,data/manifests/phase1e/2019-08/daily/source_2019082900.json,66de092aad0c52e44c56353949b38384b22aa1f6895ae744790b47c1c66464f1
2019082900,2019-08,day1_24h,p02,PASS,,PASS,,1,5,0,,(GEFS:2019-08-29T00:00:00+00:00:p02:2 - GEFS:2019-08-29T00:00:00+00:00:p02:1) + GEFS:2019-08-29T00:00:00+00:00:p02:4 + GEFS:2019-08-29T00:00:00+00:00:p02:6 + GEFS:2019-08-29T00:00:00+00:00:p02:8 + GEFS:2019-08-29T00:00:00+00:00:p02:9,7.105427357601002e-15,3.311710663209234e-16,data/manifests/phase1e/2019-08/daily/source_2019082900.json,66de092aad0c52e44c56353949b38384b22aa1f6895ae744790b47c1c66464f1
2019082900,2019-08,day2_24h,p02,FAIL,ValueError: materially negative reconstructed precipitation for 27--30,FAIL,ValueError: negative difference exceeds packing bound for 27--30,,,,,,,,data/manifests/phase1e/2019-08/daily/source_2019082900.json,66de092aad0c52e44c56353949b38384b22aa1f6895ae744790b47c1c66464f1
2019082900,2019-08,day3_24h,p02,FAIL,ValueError: materially negative reconstructed precipitation for 69--72,PASS,,1,5,0,,(GEFS:2019-08-29T00:00:00+00:00:p02:18 - GEFS:2019-08-29T00:00:00+00:00:p02:17) + GEFS:2019-08-29T00:00:00+00:00:p02:20 + GEFS:2019-08-29T00:00:00+00:00:p02:22 + GEFS:2019-08-29T00:00:00+00:00:p02:24 + GEFS:2019-08-29T00:00:00+00:00:p02:25,,,data/manifests/phase1e/2019-08/daily/source_2019082900.json,66de092aad0c52e44c56353949b38384b22aa1f6895ae744790b47c1c66464f1
2019082900,2019-08,day1_24h,p03,FAIL,ValueError: materially negative reconstructed precipitation for 21--24,PASS,,1,5,51,-0.050000000000000044,(GEFS:2019-08-29T00:00:00+00:00:p03:2 - GEFS:2019-08-29T00:00:00+00:00:p03:1) + GEFS:2019-08-29T00:00:00+00:00:p03:4 + GEFS:2019-08-29T00:00:00+00:00:p03:6 + GEFS:2019-08-29T00:00:00+00:00:p03:8 + GEFS:2019-08-29T00:00:00+00:00:p03:9,,,data/manifests/phase1e/2019-08/daily/source_2019082900.json,66de092aad0c52e44c56353949b38384b22aa1f6895ae744790b47c1c66464f1
2019082900,2019-08,day2_24h,p03,PASS,,PASS,,1,5,0,,(GEFS:2019-08-29T00:00:00+00:00:p03:10 - GEFS:2019-08-29T00:00:00+00:00:p03:9) + GEFS:2019-08-29T00:00:00+00:00:p03:12 + GEFS:2019-08-29T00:00:00+00:00:p03:14 + GEFS:2019-08-29T00:00:00+00:00:p03:16 + GEFS:2019-08-29T00:00:00+00:00:p03:17,1.7763568394002505e-15,7.315172115605988e-17,data/manifests/phase1e/2019-08/daily/source_2019082900.json,66de092aad0c52e44c56353949b38384b22aa1f6895ae744790b47c1c66464f1
2019082900,2019-08,day3_24h,p03,FAIL,ValueError: materially negative reconstructed precipitation for 63--66,PASS,,1,5,0,,(GEFS:2019-08-29T00:00:00+00:00:p03:18 - GEFS:2019-08-29T00:00:00+00:00:p03:17) + GEFS:2019-08-29T00:00:00+00:00:p03:20 + GEFS:2019-08-29T00:00:00+00:00:p03:22 + GEFS:2019-08-29T00:00:00+00:00:p03:24 + GEFS:2019-08-29T00:00:00+00:00:p03:25,,,data/manifests/phase1e/2019-08/daily/source_2019082900.json,66de092aad0c52e44c56353949b38384b22aa1f6895ae744790b47c1c66464f1
2019082900,2019-08,day1_24h,p04,PASS,,PASS,,1,5,0,,(GEFS:2019-08-29T00:00:00+00:00:p04:2 - GEFS:2019-08-29T00:00:00+00:00:p04:1) + GEFS:2019-08-29T00:00:00+00:00:p04:4 + GEFS:2019-08-29T00:00:00+00:00:p04:6 + GEFS:2019-08-29T00:00:00+00:00:p04:8 + GEFS:2019-08-29T00:00:00+00:00:p04:9,1.4210854715202004e-14,3.7905261325967186e-16,data/manifests/phase1e/2019-08/daily/source_2019082900.json,66de092aad0c52e44c56353949b38384b22aa1f6895ae744790b47c1c66464f1
2019082900,2019-08,day2_24h,p04,FAIL,ValueError: materially negative reconstructed precipitation for 39--42,PASS,,1,5,0,,(GEFS:2019-08-29T00:00:00+00:00:p04:10 - GEFS:2019-08-29T00:00:00+00:00:p04:9) + GEFS:2019-08-29T00:00:00+00:00:p04:12 + GEFS:2019-08-29T00:00:00+00:00:p04:14 + GEFS:2019-08-29T00:00:00+00:00:p04:16 + GEFS:2019-08-29T00:00:00+00:00:p04:17,,,data/manifests/phase1e/2019-08/daily/source_2019082900.json,66de092aad0c52e44c56353949b38384b22aa1f6895ae744790b47c1c66464f1
2019082900,2019-08,day3_24h,p04,FAIL,ValueError: materially negative reconstructed precipitation for 63--66,PASS,,1,5,0,,(GEFS:2019-08-29T00:00:00+00:00:p04:18 - GEFS:2019-08-29T00:00:00+00:00:p04:17) + GEFS:2019-08-29T00:00:00+00:00:p04:20 + GEFS:2019-08-29T00:00:00+00:00:p04:22 + GEFS:2019-08-29T00:00:00+00:00:p04:24 + GEFS:2019-08-29T00:00:00+00:00:p04:25,,,data/manifests/phase1e/2019-08/daily/source_2019082900.json,66de092aad0c52e44c56353949b38384b22aa1f6895ae744790b47c1c66464f1
2019083000,2019-08,day1_24h,c00,FAIL,ValueError: materially negative reconstructed precipitation for 9--12,PASS,,1,5,0,,(GEFS:2019-08-30T00:00:00+00:00:c00:2 - GEFS:2019-08-30T00:00:00+00:00:c00:1) + GEFS:2019-08-30T00:00:00+00:00:c00:4 + GEFS:2019-08-30T00:00:00+00:00:c00:6 + GEFS:2019-08-30T00:00:00+00:00:c00:8 + GEFS:2019-08-30T00:00:00+00:00:c00:9,,,data/manifests/phase1e/2019-08/daily/source_2019083000.json,edba9963e9b9e4dd0e28f605da507af77ab9fd5d8fc1d58a97470e00d63abfaa
2019083000,2019-08,day2_24h,c00,FAIL,ValueError: materially negative reconstructed precipitation for 27--30,FAIL,ValueError: negative difference exceeds packing bound for 27--30,,,,,,,,data/manifests/phase1e/2019-08/daily/source_2019083000.json,edba9963e9b9e4dd0e28f605da507af77ab9fd5d8fc1d58a97470e00d63abfaa
2019083000,2019-08,day3_24h,c00,FAIL,ValueError: materially negative reconstructed precipitation for 51--54,FAIL,ValueError: negative difference exceeds packing bound for 51--54,,,,,,,,data/manifests/phase1e/2019-08/daily/source_2019083000.json,edba9963e9b9e4dd0e28f605da507af77ab9fd5d8fc1d58a97470e00d63abfaa
2019083000,2019-08,day1_24h,p01,PASS,,PASS,,1,5,52,-0.040000000000000036,(GEFS:2019-08-30T00:00:00+00:00:p01:2 - GEFS:2019-08-30T00:00:00+00:00:p01:1) + GEFS:2019-08-30T00:00:00+00:00:p01:4 + GEFS:2019-08-30T00:00:00+00:00:p01:6 + GEFS:2019-08-30T00:00:00+00:00:p01:8 + GEFS:2019-08-30T00:00:00+00:00:p01:9,1.4210854715202004e-14,4.788617094134994e-16,data/manifests/phase1e/2019-08/daily/source_2019083000.json,edba9963e9b9e4dd0e28f605da507af77ab9fd5d8fc1d58a97470e00d63abfaa
2019083000,2019-08,day2_24h,p01,FAIL,ValueError: materially negative reconstructed precipitation for 33--36,PASS,,1,5,0,,(GEFS:2019-08-30T00:00:00+00:00:p01:10 - GEFS:2019-08-30T00:00:00+00:00:p01:9) + GEFS:2019-08-30T00:00:00+00:00:p01:12 + GEFS:2019-08-30T00:00:00+00:00:p01:14 + GEFS:2019-08-30T00:00:00+00:00:p01:16 + GEFS:2019-08-30T00:00:00+00:00:p01:17,,,data/manifests/phase1e/2019-08/daily/source_2019083000.json,edba9963e9b9e4dd0e28f605da507af77ab9fd5d8fc1d58a97470e00d63abfaa
2019083000,2019-08,day3_24h,p01,FAIL,ValueError: materially negative reconstructed precipitation for 63--66,PASS,,1,5,0,,(GEFS:2019-08-30T00:00:00+00:00:p01:18 - GEFS:2019-08-30T00:00:00+00:00:p01:17) + GEFS:2019-08-30T00:00:00+00:00:p01:20 + GEFS:2019-08-30T00:00:00+00:00:p01:22 + GEFS:2019-08-30T00:00:00+00:00:p01:24 + GEFS:2019-08-30T00:00:00+00:00:p01:25,,,data/manifests/phase1e/2019-08/daily/source_2019083000.json,edba9963e9b9e4dd0e28f605da507af77ab9fd5d8fc1d58a97470e00d63abfaa
2019083000,2019-08,day1_24h,p02,FAIL,ValueError: materially negative reconstructed precipitation for 9--12,PASS,,1,5,54,-0.04999999999999999,(GEFS:2019-08-30T00:00:00+00:00:p02:2 - GEFS:2019-08-30T00:00:00+00:00:p02:1) + GEFS:2019-08-30T00:00:00+00:00:p02:4 + GEFS:2019-08-30T00:00:00+00:00:p02:6 + GEFS:2019-08-30T00:00:00+00:00:p02:8 + GEFS:2019-08-30T00:00:00+00:00:p02:9,,,data/manifests/phase1e/2019-08/daily/source_2019083000.json,edba9963e9b9e4dd0e28f605da507af77ab9fd5d8fc1d58a97470e00d63abfaa
2019083000,2019-08,day2_24h,p02,PASS,,PASS,,1,5,0,,(GEFS:2019-08-30T00:00:00+00:00:p02:10 - GEFS:2019-08-30T00:00:00+00:00:p02:9) + GEFS:2019-08-30T00:00:00+00:00:p02:12 + GEFS:2019-08-30T00:00:00+00:00:p02:14 + GEFS:2019-08-30T00:00:00+00:00:p02:16 + GEFS:2019-08-30T00:00:00+00:00:p02:17,1.4210854715202004e-14,4.2034495649125303e-16,data/manifests/phase1e/2019-08/daily/source_2019083000.json,edba9963e9b9e4dd0e28f605da507af77ab9fd5d8fc1d58a97470e00d63abfaa
2019083000,2019-08,day3_24h,p02,FAIL,ValueError: materially negative reconstructed precipitation for 63--66,PASS,,1,5,0,,(GEFS:2019-08-30T00:00:00+00:00:p02:18 - GEFS:2019-08-30T00:00:00+00:00:p02:17) + GEFS:2019-08-30T00:00:00+00:00:p02:20 + GEFS:2019-08-30T00:00:00+00:00:p02:22 + GEFS:2019-08-30T00:00:00+00:00:p02:24 + GEFS:2019-08-30T00:00:00+00:00:p02:25,,,data/manifests/phase1e/2019-08/daily/source_2019083000.json,edba9963e9b9e4dd0e28f605da507af77ab9fd5d8fc1d58a97470e00d63abfaa
2019083000,2019-08,day1_24h,p03,FAIL,ValueError: materially negative reconstructed precipitation for 21--24,PASS,,1,5,53,-0.050000000000000044,(GEFS:2019-08-30T00:00:00+00:00:p03:2 - GEFS:2019-08-30T00:00:00+00:00:p03:1) + GEFS:2019-08-30T00:00:00+00:00:p03:4 + GEFS:2019-08-30T00:00:00+00:00:p03:6 + GEFS:2019-08-30T00:00:00+00:00:p03:8 + GEFS:2019-08-30T00:00:00+00:00:p03:9,,,data/manifests/phase1e/2019-08/daily/source_2019083000.json,edba9963e9b9e4dd0e28f605da507af77ab9fd5d8fc1d58a97470e00d63abfaa
2019083000,2019-08,day2_24h,p03,FAIL,ValueError: materially negative reconstructed precipitation for 39--42,PASS,,1,5,0,,(GEFS:2019-08-30T00:00:00+00:00:p03:10 - GEFS:2019-08-30T00:00:00+00:00:p03:9) + GEFS:2019-08-30T00:00:00+00:00:p03:12 + GEFS:2019-08-30T00:00:00+00:00:p03:14 + GEFS:2019-08-30T00:00:00+00:00:p03:16 + GEFS:2019-08-30T00:00:00+00:00:p03:17,,,data/manifests/phase1e/2019-08/daily/source_2019083000.json,edba9963e9b9e4dd0e28f605da507af77ab9fd5d8fc1d58a97470e00d63abfaa
2019083000,2019-08,day3_24h,p03,PASS,,PASS,,1,5,0,,(GEFS:2019-08-30T00:00:00+00:00:p03:18 - GEFS:2019-08-30T00:00:00+00:00:p03:17) + GEFS:2019-08-30T00:00:00+00:00:p03:20 + GEFS:2019-08-30T00:00:00+00:00:p03:22 + GEFS:2019-08-30T00:00:00+00:00:p03:24 + GEFS:2019-08-30T00:00:00+00:00:p03:25,0.050000000000000266,0.0004206580591428113,data/manifests/phase1e/2019-08/daily/source_2019083000.json,edba9963e9b9e4dd0e28f605da507af77ab9fd5d8fc1d58a97470e00d63abfaa
2019083000,2019-08,day1_24h,p04,FAIL,ValueError: materially negative reconstructed precipitation for 15--18,PASS,,1,5,143,-0.050000000000000044,(GEFS:2019-08-30T00:00:00+00:00:p04:2 - GEFS:2019-08-30T00:00:00+00:00:p04:1) + GEFS:2019-08-30T00:00:00+00:00:p04:4 + GEFS:2019-08-30T00:00:00+00:00:p04:6 + GEFS:2019-08-30T00:00:00+00:00:p04:8 + GEFS:2019-08-30T00:00:00+00:00:p04:9,,,data/manifests/phase1e/2019-08/daily/source_2019083000.json,edba9963e9b9e4dd0e28f605da507af77ab9fd5d8fc1d58a97470e00d63abfaa
2019083000,2019-08,day2_24h,p04,PASS,,PASS,,1,5,0,,(GEFS:2019-08-30T00:00:00+00:00:p04:10 - GEFS:2019-08-30T00:00:00+00:00:p04:9) + GEFS:2019-08-30T00:00:00+00:00:p04:12 + GEFS:2019-08-30T00:00:00+00:00:p04:14 + GEFS:2019-08-30T00:00:00+00:00:p04:16 + GEFS:2019-08-30T00:00:00+00:00:p04:17,2.842170943040401e-14,6.912652689143597e-16,data/manifests/phase1e/2019-08/daily/source_2019083000.json,edba9963e9b9e4dd0e28f605da507af77ab9fd5d8fc1d58a97470e00d63abfaa
2019083000,2019-08,day3_24h,p04,FAIL,ValueError: materially negative reconstructed precipitation for 57--60,PASS,,1,5,0,,(GEFS:2019-08-30T00:00:00+00:00:p04:18 - GEFS:2019-08-30T00:00:00+00:00:p04:17) + GEFS:2019-08-30T00:00:00+00:00:p04:20 + GEFS:2019-08-30T00:00:00+00:00:p04:22 + GEFS:2019-08-30T00:00:00+00:00:p04:24 + GEFS:2019-08-30T00:00:00+00:00:p04:25,,,data/manifests/phase1e/2019-08/daily/source_2019083000.json,edba9963e9b9e4dd0e28f605da507af77ab9fd5d8fc1d58a97470e00d63abfaa
2019083100,2019-08,day1_24h,c00,FAIL,ValueError: materially negative reconstructed precipitation for 9--12,PASS,,1,5,0,,(GEFS:2019-08-31T00:00:00+00:00:c00:2 - GEFS:2019-08-31T00:00:00+00:00:c00:1) + GEFS:2019-08-31T00:00:00+00:00:c00:4 + GEFS:2019-08-31T00:00:00+00:00:c00:6 + GEFS:2019-08-31T00:00:00+00:00:c00:8 + GEFS:2019-08-31T00:00:00+00:00:c00:9,,,data/manifests/phase1e/2019-08/daily/source_2019083100.json,c517b8dc1e20932e32838ce55551e99ff8e701c60d7cd158f409d81a8376b3bd
2019083100,2019-08,day2_24h,c00,FAIL,ValueError: materially negative reconstructed precipitation for 27--30,FAIL,ValueError: negative difference exceeds packing bound for 27--30,,,,,,,,data/manifests/phase1e/2019-08/daily/source_2019083100.json,c517b8dc1e20932e32838ce55551e99ff8e701c60d7cd158f409d81a8376b3bd
2019083100,2019-08,day3_24h,c00,PASS,,PASS,,1,5,0,,(GEFS:2019-08-31T00:00:00+00:00:c00:18 - GEFS:2019-08-31T00:00:00+00:00:c00:17) + GEFS:2019-08-31T00:00:00+00:00:c00:20 + GEFS:2019-08-31T00:00:00+00:00:c00:22 + GEFS:2019-08-31T00:00:00+00:00:c00:24 + GEFS:2019-08-31T00:00:00+00:00:c00:25,1.4210854715202004e-14,5.008257217707235e-16,data/manifests/phase1e/2019-08/daily/source_2019083100.json,c517b8dc1e20932e32838ce55551e99ff8e701c60d7cd158f409d81a8376b3bd
2019083100,2019-08,day1_24h,p01,FAIL,ValueError: materially negative reconstructed precipitation for 9--12,PASS,,1,5,0,,(GEFS:2019-08-31T00:00:00+00:00:p01:2 - GEFS:2019-08-31T00:00:00+00:00:p01:1) + GEFS:2019-08-31T00:00:00+00:00:p01:4 + GEFS:2019-08-31T00:00:00+00:00:p01:6 + GEFS:2019-08-31T00:00:00+00:00:p01:8 + GEFS:2019-08-31T00:00:00+00:00:p01:9,,,data/manifests/phase1e/2019-08/daily/source_2019083100.json,c517b8dc1e20932e32838ce55551e99ff8e701c60d7cd158f409d81a8376b3bd
2019083100,2019-08,day2_24h,p01,FAIL,ValueError: materially negative reconstructed precipitation for 27--30,FAIL,ValueError: negative difference exceeds packing bound for 27--30,,,,,,,,data/manifests/phase1e/2019-08/daily/source_2019083100.json,c517b8dc1e20932e32838ce55551e99ff8e701c60d7cd158f409d81a8376b3bd
2019083100,2019-08,day3_24h,p01,PASS,,PASS,,1,5,0,,(GEFS:2019-08-31T00:00:00+00:00:p01:18 - GEFS:2019-08-31T00:00:00+00:00:p01:17) + GEFS:2019-08-31T00:00:00+00:00:p01:20 + GEFS:2019-08-31T00:00:00+00:00:p01:22 + GEFS:2019-08-31T00:00:00+00:00:p01:24 + GEFS:2019-08-31T00:00:00+00:00:p01:25,1.4210854715202004e-14,4.1486551340845083e-16,data/manifests/phase1e/2019-08/daily/source_2019083100.json,c517b8dc1e20932e32838ce55551e99ff8e701c60d7cd158f409d81a8376b3bd
2019083100,2019-08,day1_24h,p02,FAIL,ValueError: materially negative reconstructed precipitation for 9--12,PASS,,1,5,61,-0.050000000000000044,(GEFS:2019-08-31T00:00:00+00:00:p02:2 - GEFS:2019-08-31T00:00:00+00:00:p02:1) + GEFS:2019-08-31T00:00:00+00:00:p02:4 + GEFS:2019-08-31T00:00:00+00:00:p02:6 + GEFS:2019-08-31T00:00:00+00:00:p02:8 + GEFS:2019-08-31T00:00:00+00:00:p02:9,,,data/manifests/phase1e/2019-08/daily/source_2019083100.json,c517b8dc1e20932e32838ce55551e99ff8e701c60d7cd158f409d81a8376b3bd
2019083100,2019-08,day2_24h,p02,FAIL,ValueError: materially negative reconstructed precipitation for 39--42,PASS,,1,5,55,-0.05,(GEFS:2019-08-31T00:00:00+00:00:p02:10 - GEFS:2019-08-31T00:00:00+00:00:p02:9) + GEFS:2019-08-31T00:00:00+00:00:p02:12 + GEFS:2019-08-31T00:00:00+00:00:p02:14 + GEFS:2019-08-31T00:00:00+00:00:p02:16 + GEFS:2019-08-31T00:00:00+00:00:p02:17,,,data/manifests/phase1e/2019-08/daily/source_2019083100.json,c517b8dc1e20932e32838ce55551e99ff8e701c60d7cd158f409d81a8376b3bd
2019083100,2019-08,day3_24h,p02,FAIL,ValueError: materially negative reconstructed precipitation for 51--54,FAIL,ValueError: negative difference exceeds packing bound for 51--54,,,,,,,,data/manifests/phase1e/2019-08/daily/source_2019083100.json,c517b8dc1e20932e32838ce55551e99ff8e701c60d7cd158f409d81a8376b3bd
2019083100,2019-08,day1_24h,p03,FAIL,ValueError: materially negative reconstructed precipitation for 9--12,PASS,,1,5,45,-0.04999999999999999,(GEFS:2019-08-31T00:00:00+00:00:p03:2 - GEFS:2019-08-31T00:00:00+00:00:p03:1) + GEFS:2019-08-31T00:00:00+00:00:p03:4 + GEFS:2019-08-31T00:00:00+00:00:p03:6 + GEFS:2019-08-31T00:00:00+00:00:p03:8 + GEFS:2019-08-31T00:00:00+00:00:p03:9,,,data/manifests/phase1e/2019-08/daily/source_2019083100.json,c517b8dc1e20932e32838ce55551e99ff8e701c60d7cd158f409d81a8376b3bd
2019083100,2019-08,day2_24h,p03,FAIL,ValueError: materially negative reconstructed precipitation for 27--30,FAIL,ValueError: negative difference exceeds packing bound for 27--30,,,,,,,,data/manifests/phase1e/2019-08/daily/source_2019083100.json,c517b8dc1e20932e32838ce55551e99ff8e701c60d7cd158f409d81a8376b3bd
2019083100,2019-08,day3_24h,p03,PASS,,PASS,,1,5,0,,(GEFS:2019-08-31T00:00:00+00:00:p03:18 - GEFS:2019-08-31T00:00:00+00:00:p03:17) + GEFS:2019-08-31T00:00:00+00:00:p03:20 + GEFS:2019-08-31T00:00:00+00:00:p03:22 + GEFS:2019-08-31T00:00:00+00:00:p03:24 + GEFS:2019-08-31T00:00:00+00:00:p03:25,2.842170943040401e-14,7.393780159831842e-16,data/manifests/phase1e/2019-08/daily/source_2019083100.json,c517b8dc1e20932e32838ce55551e99ff8e701c60d7cd158f409d81a8376b3bd
2019083100,2019-08,day1_24h,p04,PASS,,PASS,,1,5,0,,(GEFS:2019-08-31T00:00:00+00:00:p04:2 - GEFS:2019-08-31T00:00:00+00:00:p04:1) + GEFS:2019-08-31T00:00:00+00:00:p04:4 + GEFS:2019-08-31T00:00:00+00:00:p04:6 + GEFS:2019-08-31T00:00:00+00:00:p04:8 + GEFS:2019-08-31T00:00:00+00:00:p04:9,7.105427357601002e-15,4.715557853030965e-16,data/manifests/phase1e/2019-08/daily/source_2019083100.json,c517b8dc1e20932e32838ce55551e99ff8e701c60d7cd158f409d81a8376b3bd
2019083100,2019-08,day2_24h,p04,PASS,,PASS,,1,5,0,,(GEFS:2019-08-31T00:00:00+00:00:p04:10 - GEFS:2019-08-31T00:00:00+00:00:p04:9) + GEFS:2019-08-31T00:00:00+00:00:p04:12 + GEFS:2019-08-31T00:00:00+00:00:p04:14 + GEFS:2019-08-31T00:00:00+00:00:p04:16 + GEFS:2019-08-31T00:00:00+00:00:p04:17,1.4210854715202004e-14,4.052938280233027e-16,data/manifests/phase1e/2019-08/daily/source_2019083100.json,c517b8dc1e20932e32838ce55551e99ff8e701c60d7cd158f409d81a8376b3bd
2019083100,2019-08,day3_24h,p04,PASS,,PASS,,1,5,0,,(GEFS:2019-08-31T00:00:00+00:00:p04:18 - GEFS:2019-08-31T00:00:00+00:00:p04:17) + GEFS:2019-08-31T00:00:00+00:00:p04:20 + GEFS:2019-08-31T00:00:00+00:00:p04:22 + GEFS:2019-08-31T00:00:00+00:00:p04:24 + GEFS:2019-08-31T00:00:00+00:00:p04:25,1.4210854715202004e-14,4.731279461876136e-16,data/manifests/phase1e/2019-08/daily/source_2019083100.json,c517b8dc1e20932e32838ce55551e99ff8e701c60d7cd158f409d81a8376b3bd
2019090100,2019-09,day1_24h,c00,FAIL,ValueError: materially negative reconstructed precipitation for 9--12,PASS,,1,5,0,,(GEFS:2019-09-01T00:00:00+00:00:c00:2 - GEFS:2019-09-01T00:00:00+00:00:c00:1) + GEFS:2019-09-01T00:00:00+00:00:c00:4 + GEFS:2019-09-01T00:00:00+00:00:c00:6 + GEFS:2019-09-01T00:00:00+00:00:c00:8 + GEFS:2019-09-01T00:00:00+00:00:c00:9,,,data/manifests/phase1e/2019-09/daily/source_2019090100.json,250af241e68604c8904cca9f6b8045e7dcd84d9e047e9d115dbe4e2c0fca3bf8
2019090100,2019-09,day2_24h,c00,FAIL,ValueError: materially negative reconstructed precipitation for 33--36,PASS,,1,5,0,,(GEFS:2019-09-01T00:00:00+00:00:c00:10 - GEFS:2019-09-01T00:00:00+00:00:c00:9) + GEFS:2019-09-01T00:00:00+00:00:c00:12 + GEFS:2019-09-01T00:00:00+00:00:c00:14 + GEFS:2019-09-01T00:00:00+00:00:c00:16 + GEFS:2019-09-01T00:00:00+00:00:c00:17,,,data/manifests/phase1e/2019-09/daily/source_2019090100.json,250af241e68604c8904cca9f6b8045e7dcd84d9e047e9d115dbe4e2c0fca3bf8
2019090100,2019-09,day3_24h,c00,FAIL,ValueError: materially negative reconstructed precipitation for 51--54,FAIL,ValueError: negative difference exceeds packing bound for 51--54,,,,,,,,data/manifests/phase1e/2019-09/daily/source_2019090100.json,250af241e68604c8904cca9f6b8045e7dcd84d9e047e9d115dbe4e2c0fca3bf8
2019090100,2019-09,day1_24h,p01,PASS,,PASS,,1,5,48,-0.04999999999999999,(GEFS:2019-09-01T00:00:00+00:00:p01:2 - GEFS:2019-09-01T00:00:00+00:00:p01:1) + GEFS:2019-09-01T00:00:00+00:00:p01:4 + GEFS:2019-09-01T00:00:00+00:00:p01:6 + GEFS:2019-09-01T00:00:00+00:00:p01:8 + GEFS:2019-09-01T00:00:00+00:00:p01:9,1.4210854715202004e-14,6.462506035885543e-16,data/manifests/phase1e/2019-09/daily/source_2019090100.json,250af241e68604c8904cca9f6b8045e7dcd84d9e047e9d115dbe4e2c0fca3bf8
2019090100,2019-09,day2_24h,p01,FAIL,ValueError: materially negative reconstructed precipitation for 33--36,PASS,,1,5,0,,(GEFS:2019-09-01T00:00:00+00:00:p01:10 - GEFS:2019-09-01T00:00:00+00:00:p01:9) + GEFS:2019-09-01T00:00:00+00:00:p01:12 + GEFS:2019-09-01T00:00:00+00:00:p01:14 + GEFS:2019-09-01T00:00:00+00:00:p01:16 + GEFS:2019-09-01T00:00:00+00:00:p01:17,,,data/manifests/phase1e/2019-09/daily/source_2019090100.json,250af241e68604c8904cca9f6b8045e7dcd84d9e047e9d115dbe4e2c0fca3bf8
2019090100,2019-09,day3_24h,p01,PASS,,PASS,,1,5,0,,(GEFS:2019-09-01T00:00:00+00:00:p01:18 - GEFS:2019-09-01T00:00:00+00:00:p01:17) + GEFS:2019-09-01T00:00:00+00:00:p01:20 + GEFS:2019-09-01T00:00:00+00:00:p01:22 + GEFS:2019-09-01T00:00:00+00:00:p01:24 + GEFS:2019-09-01T00:00:00+00:00:p01:25,7.105427357601002e-15,3.3248890706235684e-16,data/manifests/phase1e/2019-09/daily/source_2019090100.json,250af241e68604c8904cca9f6b8045e7dcd84d9e047e9d115dbe4e2c0fca3bf8
2019090100,2019-09,day1_24h,p02,PASS,,PASS,,1,5,38,-0.04999999999999999,(GEFS:2019-09-01T00:00:00+00:00:p02:2 - GEFS:2019-09-01T00:00:00+00:00:p02:1) + GEFS:2019-09-01T00:00:00+00:00:p02:4 + GEFS:2019-09-01T00:00:00+00:00:p02:6 + GEFS:2019-09-01T00:00:00+00:00:p02:8 + GEFS:2019-09-01T00:00:00+00:00:p02:9,1.4210854715202004e-14,6.712202176367668e-16,data/manifests/phase1e/2019-09/daily/source_2019090100.json,250af241e68604c8904cca9f6b8045e7dcd84d9e047e9d115dbe4e2c0fca3bf8
2019090100,2019-09,day2_24h,p02,PASS,,PASS,,1,5,0,,(GEFS:2019-09-01T00:00:00+00:00:p02:10 - GEFS:2019-09-01T00:00:00+00:00:p02:9) + GEFS:2019-09-01T00:00:00+00:00:p02:12 + GEFS:2019-09-01T00:00:00+00:00:p02:14 + GEFS:2019-09-01T00:00:00+00:00:p02:16 + GEFS:2019-09-01T00:00:00+00:00:p02:17,1.4210854715202004e-14,5.896990517719542e-16,data/manifests/phase1e/2019-09/daily/source_2019090100.json,250af241e68604c8904cca9f6b8045e7dcd84d9e047e9d115dbe4e2c0fca3bf8
2019090100,2019-09,day3_24h,p02,PASS,,PASS,,1,5,0,,(GEFS:2019-09-01T00:00:00+00:00:p02:18 - GEFS:2019-09-01T00:00:00+00:00:p02:17) + GEFS:2019-09-01T00:00:00+00:00:p02:20 + GEFS:2019-09-01T00:00:00+00:00:p02:22 + GEFS:2019-09-01T00:00:00+00:00:p02:24 + GEFS:2019-09-01T00:00:00+00:00:p02:25,1.4210854715202004e-14,6.10923223712935e-16,data/manifests/phase1e/2019-09/daily/source_2019090100.json,250af241e68604c8904cca9f6b8045e7dcd84d9e047e9d115dbe4e2c0fca3bf8
2019090100,2019-09,day1_24h,p03,FAIL,ValueError: materially negative reconstructed precipitation for 9--12,PASS,,1,5,52,-0.04999999999999999,(GEFS:2019-09-01T00:00:00+00:00:p03:2 - GEFS:2019-09-01T00:00:00+00:00:p03:1) + GEFS:2019-09-01T00:00:00+00:00:p03:4 + GEFS:2019-09-01T00:00:00+00:00:p03:6 + GEFS:2019-09-01T00:00:00+00:00:p03:8 + GEFS:2019-09-01T00:00:00+00:00:p03:9,,,data/manifests/phase1e/2019-09/daily/source_2019090100.json,250af241e68604c8904cca9f6b8045e7dcd84d9e047e9d115dbe4e2c0fca3bf8
2019090100,2019-09,day2_24h,p03,FAIL,ValueError: materially negative reconstructed precipitation for 27--30,FAIL,ValueError: negative difference exceeds packing bound for 27--30,,,,,,,,data/manifests/phase1e/2019-09/daily/source_2019090100.json,250af241e68604c8904cca9f6b8045e7dcd84d9e047e9d115dbe4e2c0fca3bf8
2019090100,2019-09,day3_24h,p03,PASS,,PASS,,1,5,0,,(GEFS:2019-09-01T00:00:00+00:00:p03:18 - GEFS:2019-09-01T00:00:00+00:00:p03:17) + GEFS:2019-09-01T00:00:00+00:00:p03:20 + GEFS:2019-09-01T00:00:00+00:00:p03:22 + GEFS:2019-09-01T00:00:00+00:00:p03:24 + GEFS:2019-09-01T00:00:00+00:00:p03:25,1.4210854715202004e-14,4.855896331987123e-16,data/manifests/phase1e/2019-09/daily/source_2019090100.json,250af241e68604c8904cca9f6b8045e7dcd84d9e047e9d115dbe4e2c0fca3bf8
2019090100,2019-09,day1_24h,p04,FAIL,ValueError: materially negative reconstructed precipitation for 9--12,PASS,,1,5,0,,(GEFS:2019-09-01T00:00:00+00:00:p04:2 - GEFS:2019-09-01T00:00:00+00:00:p04:1) + GEFS:2019-09-01T00:00:00+00:00:p04:4 + GEFS:2019-09-01T00:00:00+00:00:p04:6 + GEFS:2019-09-01T00:00:00+00:00:p04:8 + GEFS:2019-09-01T00:00:00+00:00:p04:9,,,data/manifests/phase1e/2019-09/daily/source_2019090100.json,250af241e68604c8904cca9f6b8045e7dcd84d9e047e9d115dbe4e2c0fca3bf8
2019090100,2019-09,day2_24h,p04,PASS,,PASS,,1,5,0,,(GEFS:2019-09-01T00:00:00+00:00:p04:10 - GEFS:2019-09-01T00:00:00+00:00:p04:9) + GEFS:2019-09-01T00:00:00+00:00:p04:12 + GEFS:2019-09-01T00:00:00+00:00:p04:14 + GEFS:2019-09-01T00:00:00+00:00:p04:16 + GEFS:2019-09-01T00:00:00+00:00:p04:17,1.4210854715202004e-14,5.869477702240493e-16,data/manifests/phase1e/2019-09/daily/source_2019090100.json,250af241e68604c8904cca9f6b8045e7dcd84d9e047e9d115dbe4e2c0fca3bf8
2019090100,2019-09,day3_24h,p04,FAIL,ValueError: materially negative reconstructed precipitation for 69--72,PASS,,1,5,0,,(GEFS:2019-09-01T00:00:00+00:00:p04:18 - GEFS:2019-09-01T00:00:00+00:00:p04:17) + GEFS:2019-09-01T00:00:00+00:00:p04:20 + GEFS:2019-09-01T00:00:00+00:00:p04:22 + GEFS:2019-09-01T00:00:00+00:00:p04:24 + GEFS:2019-09-01T00:00:00+00:00:p04:25,,,data/manifests/phase1e/2019-09/daily/source_2019090100.json,250af241e68604c8904cca9f6b8045e7dcd84d9e047e9d115dbe4e2c0fca3bf8
2019090200,2019-09,day1_24h,c00,FAIL,ValueError: materially negative reconstructed precipitation for 9--12,PASS,,1,5,0,,(GEFS:2019-09-02T00:00:00+00:00:c00:2 - GEFS:2019-09-02T00:00:00+00:00:c00:1) + GEFS:2019-09-02T00:00:00+00:00:c00:4 + GEFS:2019-09-02T00:00:00+00:00:c00:6 + GEFS:2019-09-02T00:00:00+00:00:c00:8 + GEFS:2019-09-02T00:00:00+00:00:c00:9,,,data/manifests/phase1e/2019-09/daily/source_2019090200.json,b5adfc0a945931c84838557c58420cfe1af55aeffcbe18089ffa8c76c5b57bab
2019090200,2019-09,day2_24h,c00,PASS,,PASS,,1,5,0,,(GEFS:2019-09-02T00:00:00+00:00:c00:10 - GEFS:2019-09-02T00:00:00+00:00:c00:9) + GEFS:2019-09-02T00:00:00+00:00:c00:12 + GEFS:2019-09-02T00:00:00+00:00:c00:14 + GEFS:2019-09-02T00:00:00+00:00:c00:16 + GEFS:2019-09-02T00:00:00+00:00:c00:17,1.4210854715202004e-14,4.561809766530397e-16,data/manifests/phase1e/2019-09/daily/source_2019090200.json,b5adfc0a945931c84838557c58420cfe1af55aeffcbe18089ffa8c76c5b57bab
2019090200,2019-09,day3_24h,c00,PASS,,PASS,,1,5,0,,(GEFS:2019-09-02T00:00:00+00:00:c00:18 - GEFS:2019-09-02T00:00:00+00:00:c00:17) + GEFS:2019-09-02T00:00:00+00:00:c00:20 + GEFS:2019-09-02T00:00:00+00:00:c00:22 + GEFS:2019-09-02T00:00:00+00:00:c00:24 + GEFS:2019-09-02T00:00:00+00:00:c00:25,1.4210854715202004e-14,4.727580259794919e-16,data/manifests/phase1e/2019-09/daily/source_2019090200.json,b5adfc0a945931c84838557c58420cfe1af55aeffcbe18089ffa8c76c5b57bab
2019090200,2019-09,day1_24h,p01,PASS,,PASS,,1,5,49,-0.050000000000000044,(GEFS:2019-09-02T00:00:00+00:00:p01:2 - GEFS:2019-09-02T00:00:00+00:00:p01:1) + GEFS:2019-09-02T00:00:00+00:00:p01:4 + GEFS:2019-09-02T00:00:00+00:00:p01:6 + GEFS:2019-09-02T00:00:00+00:00:p01:8 + GEFS:2019-09-02T00:00:00+00:00:p01:9,7.105427357601002e-15,4.0705094901188058e-16,data/manifests/phase1e/2019-09/daily/source_2019090200.json,b5adfc0a945931c84838557c58420cfe1af55aeffcbe18089ffa8c76c5b57bab
2019090200,2019-09,day2_24h,p01,PASS,,PASS,,1,5,0,,(GEFS:2019-09-02T00:00:00+00:00:p01:10 - GEFS:2019-09-02T00:00:00+00:00:p01:9) + GEFS:2019-09-02T00:00:00+00:00:p01:12 + GEFS:2019-09-02T00:00:00+00:00:p01:14 + GEFS:2019-09-02T00:00:00+00:00:p01:16 + GEFS:2019-09-02T00:00:00+00:00:p01:17,1.4210854715202004e-14,4.168769545401124e-16,data/manifests/phase1e/2019-09/daily/source_2019090200.json,b5adfc0a945931c84838557c58420cfe1af55aeffcbe18089ffa8c76c5b57bab
2019090200,2019-09,day3_24h,p01,PASS,,PASS,,1,5,52,-0.05,(GEFS:2019-09-02T00:00:00+00:00:p01:18 - GEFS:2019-09-02T00:00:00+00:00:p01:17) + GEFS:2019-09-02T00:00:00+00:00:p01:20 + GEFS:2019-09-02T00:00:00+00:00:p01:22 + GEFS:2019-09-02T00:00:00+00:00:p01:24 + GEFS:2019-09-02T00:00:00+00:00:p01:25,1.4210854715202004e-14,4.152816736425877e-16,data/manifests/phase1e/2019-09/daily/source_2019090200.json,b5adfc0a945931c84838557c58420cfe1af55aeffcbe18089ffa8c76c5b57bab
2019090200,2019-09,day1_24h,p02,PASS,,PASS,,1,5,26,-0.04999999999999999,(GEFS:2019-09-02T00:00:00+00:00:p02:2 - GEFS:2019-09-02T00:00:00+00:00:p02:1) + GEFS:2019-09-02T00:00:00+00:00:p02:4 + GEFS:2019-09-02T00:00:00+00:00:p02:6 + GEFS:2019-09-02T00:00:00+00:00:p02:8 + GEFS:2019-09-02T00:00:00+00:00:p02:9,1.4210854715202004e-14,4.662381823113475e-16,data/manifests/phase1e/2019-09/daily/source_2019090200.json,b5adfc0a945931c84838557c58420cfe1af55aeffcbe18089ffa8c76c5b57bab
2019090200,2019-09,day2_24h,p02,FAIL,ValueError: materially negative reconstructed precipitation for 45--48,PASS,,1,5,0,,(GEFS:2019-09-02T00:00:00+00:00:p02:10 - GEFS:2019-09-02T00:00:00+00:00:p02:9) + GEFS:2019-09-02T00:00:00+00:00:p02:12 + GEFS:2019-09-02T00:00:00+00:00:p02:14 + GEFS:2019-09-02T00:00:00+00:00:p02:16 + GEFS:2019-09-02T00:00:00+00:00:p02:17,,,data/manifests/phase1e/2019-09/daily/source_2019090200.json,b5adfc0a945931c84838557c58420cfe1af55aeffcbe18089ffa8c76c5b57bab
2019090200,2019-09,day3_24h,p02,FAIL,ValueError: materially negative reconstructed precipitation for 63--66,PASS,,1,5,0,,(GEFS:2019-09-02T00:00:00+00:00:p02:18 - GEFS:2019-09-02T00:00:00+00:00:p02:17) + GEFS:2019-09-02T00:00:00+00:00:p02:20 + GEFS:2019-09-02T00:00:00+00:00:p02:22 + GEFS:2019-09-02T00:00:00+00:00:p02:24 + GEFS:2019-09-02T00:00:00+00:00:p02:25,,,data/manifests/phase1e/2019-09/daily/source_2019090200.json,b5adfc0a945931c84838557c58420cfe1af55aeffcbe18089ffa8c76c5b57bab
2019090200,2019-09,day1_24h,p03,PASS,,PASS,,1,5,51,-0.04999999999999999,(GEFS:2019-09-02T00:00:00+00:00:p03:2 - GEFS:2019-09-02T00:00:00+00:00:p03:1) + GEFS:2019-09-02T00:00:00+00:00:p03:4 + GEFS:2019-09-02T00:00:00+00:00:p03:6 + GEFS:2019-09-02T00:00:00+00:00:p03:8 + GEFS:2019-09-02T00:00:00+00:00:p03:9,2.842170943040401e-14,4.87416114226313e-16,data/manifests/phase1e/2019-09/daily/source_2019090200.json,b5adfc0a945931c84838557c58420cfe1af55aeffcbe18089ffa8c76c5b57bab
2019090200,2019-09,day2_24h,p03,FAIL,ValueError: materially negative reconstructed precipitation for 27--30,FAIL,ValueError: negative difference exceeds packing bound for 27--30,,,,,,,,data/manifests/phase1e/2019-09/daily/source_2019090200.json,b5adfc0a945931c84838557c58420cfe1af55aeffcbe18089ffa8c76c5b57bab
2019090200,2019-09,day3_24h,p03,PASS,,PASS,,1,5,0,,(GEFS:2019-09-02T00:00:00+00:00:p03:18 - GEFS:2019-09-02T00:00:00+00:00:p03:17) + GEFS:2019-09-02T00:00:00+00:00:p03:20 + GEFS:2019-09-02T00:00:00+00:00:p03:22 + GEFS:2019-09-02T00:00:00+00:00:p03:24 + GEFS:2019-09-02T00:00:00+00:00:p03:25,1.4210854715202004e-14,5.31760299174898e-16,data/manifests/phase1e/2019-09/daily/source_2019090200.json,b5adfc0a945931c84838557c58420cfe1af55aeffcbe18089ffa8c76c5b57bab
2019090200,2019-09,day1_24h,p04,PASS,,PASS,,1,5,19,-0.040000000000000036,(GEFS:2019-09-02T00:00:00+00:00:p04:2 - GEFS:2019-09-02T00:00:00+00:00:p04:1) + GEFS:2019-09-02T00:00:00+00:00:p04:4 + GEFS:2019-09-02T00:00:00+00:00:p04:6 + GEFS:2019-09-02T00:00:00+00:00:p04:8 + GEFS:2019-09-02T00:00:00+00:00:p04:9,1.4210854715202004e-14,5.567992732621333e-16,data/manifests/phase1e/2019-09/daily/source_2019090200.json,b5adfc0a945931c84838557c58420cfe1af55aeffcbe18089ffa8c76c5b57bab
2019090200,2019-09,day2_24h,p04,PASS,,PASS,,1,5,0,,(GEFS:2019-09-02T00:00:00+00:00:p04:10 - GEFS:2019-09-02T00:00:00+00:00:p04:9) + GEFS:2019-09-02T00:00:00+00:00:p04:12 + GEFS:2019-09-02T00:00:00+00:00:p04:14 + GEFS:2019-09-02T00:00:00+00:00:p04:16 + GEFS:2019-09-02T00:00:00+00:00:p04:17,2.842170943040401e-14,4.795090697777124e-16,data/manifests/phase1e/2019-09/daily/source_2019090200.json,b5adfc0a945931c84838557c58420cfe1af55aeffcbe18089ffa8c76c5b57bab
2019090200,2019-09,day3_24h,p04,PASS,,PASS,,1,5,0,,(GEFS:2019-09-02T00:00:00+00:00:p04:18 - GEFS:2019-09-02T00:00:00+00:00:p04:17) + GEFS:2019-09-02T00:00:00+00:00:p04:20 + GEFS:2019-09-02T00:00:00+00:00:p04:22 + GEFS:2019-09-02T00:00:00+00:00:p04:24 + GEFS:2019-09-02T00:00:00+00:00:p04:25,1.4210854715202004e-14,7.988889294647576e-16,data/manifests/phase1e/2019-09/daily/source_2019090200.json,b5adfc0a945931c84838557c58420cfe1af55aeffcbe18089ffa8c76c5b57bab
2019090300,2019-09,day1_24h,c00,FAIL,ValueError: materially negative reconstructed precipitation for 9--12,PASS,,1,5,0,,(GEFS:2019-09-03T00:00:00+00:00:c00:2 - GEFS:2019-09-03T00:00:00+00:00:c00:1) + GEFS:2019-09-03T00:00:00+00:00:c00:4 + GEFS:2019-09-03T00:00:00+00:00:c00:6 + GEFS:2019-09-03T00:00:00+00:00:c00:8 + GEFS:2019-09-03T00:00:00+00:00:c00:9,,,data/manifests/phase1e/2019-09/daily/source_2019090300.json,47fe703191659e47c7d375caf09f4328012120786d3af152dea2ace3746a7bf4
2019090300,2019-09,day2_24h,c00,PASS,,PASS,,1,5,0,,(GEFS:2019-09-03T00:00:00+00:00:c00:10 - GEFS:2019-09-03T00:00:00+00:00:c00:9) + GEFS:2019-09-03T00:00:00+00:00:c00:12 + GEFS:2019-09-03T00:00:00+00:00:c00:14 + GEFS:2019-09-03T00:00:00+00:00:c00:16 + GEFS:2019-09-03T00:00:00+00:00:c00:17,2.842170943040401e-14,8.520418393692397e-16,data/manifests/phase1e/2019-09/daily/source_2019090300.json,47fe703191659e47c7d375caf09f4328012120786d3af152dea2ace3746a7bf4
2019090300,2019-09,day3_24h,c00,FAIL,ValueError: materially negative reconstructed precipitation for 57--60,PASS,,1,5,46,-0.04,(GEFS:2019-09-03T00:00:00+00:00:c00:18 - GEFS:2019-09-03T00:00:00+00:00:c00:17) + GEFS:2019-09-03T00:00:00+00:00:c00:20 + GEFS:2019-09-03T00:00:00+00:00:c00:22 + GEFS:2019-09-03T00:00:00+00:00:c00:24 + GEFS:2019-09-03T00:00:00+00:00:c00:25,,,data/manifests/phase1e/2019-09/daily/source_2019090300.json,47fe703191659e47c7d375caf09f4328012120786d3af152dea2ace3746a7bf4
2019090300,2019-09,day1_24h,p01,PASS,,PASS,,1,5,0,,(GEFS:2019-09-03T00:00:00+00:00:p01:2 - GEFS:2019-09-03T00:00:00+00:00:p01:1) + GEFS:2019-09-03T00:00:00+00:00:p01:4 + GEFS:2019-09-03T00:00:00+00:00:p01:6 + GEFS:2019-09-03T00:00:00+00:00:p01:8 + GEFS:2019-09-03T00:00:00+00:00:p01:9,1.4210854715202004e-14,6.032126993748989e-16,data/manifests/phase1e/2019-09/daily/source_2019090300.json,47fe703191659e47c7d375caf09f4328012120786d3af152dea2ace3746a7bf4
2019090300,2019-09,day2_24h,p01,FAIL,ValueError: materially negative reconstructed precipitation for 27--30,FAIL,ValueError: negative difference exceeds packing bound for 27--30,,,,,,,,data/manifests/phase1e/2019-09/daily/source_2019090300.json,47fe703191659e47c7d375caf09f4328012120786d3af152dea2ace3746a7bf4
2019090300,2019-09,day3_24h,p01,PASS,,PASS,,1,5,0,,(GEFS:2019-09-03T00:00:00+00:00:p01:18 - GEFS:2019-09-03T00:00:00+00:00:p01:17) + GEFS:2019-09-03T00:00:00+00:00:p01:20 + GEFS:2019-09-03T00:00:00+00:00:p01:22 + GEFS:2019-09-03T00:00:00+00:00:p01:24 + GEFS:2019-09-03T00:00:00+00:00:p01:25,5.684341886080802e-14,9.434814908143147e-16,data/manifests/phase1e/2019-09/daily/source_2019090300.json,47fe703191659e47c7d375caf09f4328012120786d3af152dea2ace3746a7bf4
2019090300,2019-09,day1_24h,p02,PASS,,PASS,,1,5,0,,(GEFS:2019-09-03T00:00:00+00:00:p02:2 - GEFS:2019-09-03T00:00:00+00:00:p02:1) + GEFS:2019-09-03T00:00:00+00:00:p02:4 + GEFS:2019-09-03T00:00:00+00:00:p02:6 + GEFS:2019-09-03T00:00:00+00:00:p02:8 + GEFS:2019-09-03T00:00:00+00:00:p02:9,1.4210854715202004e-14,7.000508738572493e-16,data/manifests/phase1e/2019-09/daily/source_2019090300.json,47fe703191659e47c7d375caf09f4328012120786d3af152dea2ace3746a7bf4
2019090300,2019-09,day2_24h,p02,FAIL,ValueError: materially negative reconstructed precipitation for 45--48,PASS,,1,5,0,,(GEFS:2019-09-03T00:00:00+00:00:p02:10 - GEFS:2019-09-03T00:00:00+00:00:p02:9) + GEFS:2019-09-03T00:00:00+00:00:p02:12 + GEFS:2019-09-03T00:00:00+00:00:p02:14 + GEFS:2019-09-03T00:00:00+00:00:p02:16 + GEFS:2019-09-03T00:00:00+00:00:p02:17,,,data/manifests/phase1e/2019-09/daily/source_2019090300.json,47fe703191659e47c7d375caf09f4328012120786d3af152dea2ace3746a7bf4
2019090300,2019-09,day3_24h,p02,FAIL,ValueError: materially negative reconstructed precipitation for 57--60,PASS,,1,5,0,,(GEFS:2019-09-03T00:00:00+00:00:p02:18 - GEFS:2019-09-03T00:00:00+00:00:p02:17) + GEFS:2019-09-03T00:00:00+00:00:p02:20 + GEFS:2019-09-03T00:00:00+00:00:p02:22 + GEFS:2019-09-03T00:00:00+00:00:p02:24 + GEFS:2019-09-03T00:00:00+00:00:p02:25,,,data/manifests/phase1e/2019-09/daily/source_2019090300.json,47fe703191659e47c7d375caf09f4328012120786d3af152dea2ace3746a7bf4
2019090300,2019-09,day1_24h,p03,FAIL,ValueError: materially negative reconstructed precipitation for 9--12,PASS,,1,5,0,,(GEFS:2019-09-03T00:00:00+00:00:p03:2 - GEFS:2019-09-03T00:00:00+00:00:p03:1) + GEFS:2019-09-03T00:00:00+00:00:p03:4 + GEFS:2019-09-03T00:00:00+00:00:p03:6 + GEFS:2019-09-03T00:00:00+00:00:p03:8 + GEFS:2019-09-03T00:00:00+00:00:p03:9,,,data/manifests/phase1e/2019-09/daily/source_2019090300.json,47fe703191659e47c7d375caf09f4328012120786d3af152dea2ace3746a7bf4
2019090300,2019-09,day2_24h,p03,PASS,,PASS,,1,5,0,,(GEFS:2019-09-03T00:00:00+00:00:p03:10 - GEFS:2019-09-03T00:00:00+00:00:p03:9) + GEFS:2019-09-03T00:00:00+00:00:p03:12 + GEFS:2019-09-03T00:00:00+00:00:p03:14 + GEFS:2019-09-03T00:00:00+00:00:p03:16 + GEFS:2019-09-03T00:00:00+00:00:p03:17,1.4210854715202004e-14,5.306042985245177e-16,data/manifests/phase1e/2019-09/daily/source_2019090300.json,47fe703191659e47c7d375caf09f4328012120786d3af152dea2ace3746a7bf4
2019090300,2019-09,day3_24h,p03,FAIL,ValueError: materially negative reconstructed precipitation for 51--54,FAIL,ValueError: negative difference exceeds packing bound for 51--54,,,,,,,,data/manifests/phase1e/2019-09/daily/source_2019090300.json,47fe703191659e47c7d375caf09f4328012120786d3af152dea2ace3746a7bf4
2019090300,2019-09,day1_24h,p04,PASS,,PASS,,1,5,67,-0.04999999999999999,(GEFS:2019-09-03T00:00:00+00:00:p04:2 - GEFS:2019-09-03T00:00:00+00:00:p04:1) + GEFS:2019-09-03T00:00:00+00:00:p04:4 + GEFS:2019-09-03T00:00:00+00:00:p04:6 + GEFS:2019-09-03T00:00:00+00:00:p04:8 + GEFS:2019-09-03T00:00:00+00:00:p04:9,1.4210854715202004e-14,5.3488150093092455e-16,data/manifests/phase1e/2019-09/daily/source_2019090300.json,47fe703191659e47c7d375caf09f4328012120786d3af152dea2ace3746a7bf4
2019090300,2019-09,day2_24h,p04,PASS,,PASS,,1,5,0,,(GEFS:2019-09-03T00:00:00+00:00:p04:10 - GEFS:2019-09-03T00:00:00+00:00:p04:9) + GEFS:2019-09-03T00:00:00+00:00:p04:12 + GEFS:2019-09-03T00:00:00+00:00:p04:14 + GEFS:2019-09-03T00:00:00+00:00:p04:16 + GEFS:2019-09-03T00:00:00+00:00:p04:17,2.842170943040401e-14,4.959242790131113e-16,data/manifests/phase1e/2019-09/daily/source_2019090300.json,47fe703191659e47c7d375caf09f4328012120786d3af152dea2ace3746a7bf4
2019090300,2019-09,day3_24h,p04,PASS,,PASS,,1,5,0,,(GEFS:2019-09-03T00:00:00+00:00:p04:18 - GEFS:2019-09-03T00:00:00+00:00:p04:17) + GEFS:2019-09-03T00:00:00+00:00:p04:20 + GEFS:2019-09-03T00:00:00+00:00:p04:22 + GEFS:2019-09-03T00:00:00+00:00:p04:24 + GEFS:2019-09-03T00:00:00+00:00:p04:25,1.4210854715202004e-14,6.173737073420566e-16,data/manifests/phase1e/2019-09/daily/source_2019090300.json,47fe703191659e47c7d375caf09f4328012120786d3af152dea2ace3746a7bf4
2019090400,2019-09,day1_24h,c00,FAIL,ValueError: materially negative reconstructed precipitation for 21--24,PASS,,1,5,0,,(GEFS:2019-09-04T00:00:00+00:00:c00:2 - GEFS:2019-09-04T00:00:00+00:00:c00:1) + GEFS:2019-09-04T00:00:00+00:00:c00:4 + GEFS:2019-09-04T00:00:00+00:00:c00:6 + GEFS:2019-09-04T00:00:00+00:00:c00:8 + GEFS:2019-09-04T00:00:00+00:00:c00:9,,,data/manifests/phase1e/2019-09/daily/source_2019090400.json,7341b4229e6d806b2fd8f904ae426b6060cb098b96bb2cd15d80da8ff3268f43
2019090400,2019-09,day2_24h,c00,FAIL,ValueError: materially negative reconstructed precipitation for 39--42,PASS,,1,5,0,,(GEFS:2019-09-04T00:00:00+00:00:c00:10 - GEFS:2019-09-04T00:00:00+00:00:c00:9) + GEFS:2019-09-04T00:00:00+00:00:c00:12 + GEFS:2019-09-04T00:00:00+00:00:c00:14 + GEFS:2019-09-04T00:00:00+00:00:c00:16 + GEFS:2019-09-04T00:00:00+00:00:c00:17,,,data/manifests/phase1e/2019-09/daily/source_2019090400.json,7341b4229e6d806b2fd8f904ae426b6060cb098b96bb2cd15d80da8ff3268f43
2019090400,2019-09,day3_24h,c00,FAIL,ValueError: materially negative reconstructed precipitation for 63--66,PASS,,1,5,0,,(GEFS:2019-09-04T00:00:00+00:00:c00:18 - GEFS:2019-09-04T00:00:00+00:00:c00:17) + GEFS:2019-09-04T00:00:00+00:00:c00:20 + GEFS:2019-09-04T00:00:00+00:00:c00:22 + GEFS:2019-09-04T00:00:00+00:00:c00:24 + GEFS:2019-09-04T00:00:00+00:00:c00:25,,,data/manifests/phase1e/2019-09/daily/source_2019090400.json,7341b4229e6d806b2fd8f904ae426b6060cb098b96bb2cd15d80da8ff3268f43
2019090400,2019-09,day1_24h,p01,FAIL,ValueError: materially negative reconstructed precipitation for 15--18,PASS,,1,5,0,,(GEFS:2019-09-04T00:00:00+00:00:p01:2 - GEFS:2019-09-04T00:00:00+00:00:p01:1) + GEFS:2019-09-04T00:00:00+00:00:p01:4 + GEFS:2019-09-04T00:00:00+00:00:p01:6 + GEFS:2019-09-04T00:00:00+00:00:p01:8 + GEFS:2019-09-04T00:00:00+00:00:p01:9,,,data/manifests/phase1e/2019-09/daily/source_2019090400.json,7341b4229e6d806b2fd8f904ae426b6060cb098b96bb2cd15d80da8ff3268f43
2019090400,2019-09,day2_24h,p01,PASS,,PASS,,1,5,0,,(GEFS:2019-09-04T00:00:00+00:00:p01:10 - GEFS:2019-09-04T00:00:00+00:00:p01:9) + GEFS:2019-09-04T00:00:00+00:00:p01:12 + GEFS:2019-09-04T00:00:00+00:00:p01:14 + GEFS:2019-09-04T00:00:00+00:00:p01:16 + GEFS:2019-09-04T00:00:00+00:00:p01:17,1.4210854715202004e-14,7.450192991570397e-16,data/manifests/phase1e/2019-09/daily/source_2019090400.json,7341b4229e6d806b2fd8f904ae426b6060cb098b96bb2cd15d80da8ff3268f43
2019090400,2019-09,day3_24h,p01,PASS,,PASS,,1,5,0,,(GEFS:2019-09-04T00:00:00+00:00:p01:18 - GEFS:2019-09-04T00:00:00+00:00:p01:17) + GEFS:2019-09-04T00:00:00+00:00:p01:20 + GEFS:2019-09-04T00:00:00+00:00:p01:22 + GEFS:2019-09-04T00:00:00+00:00:p01:24 + GEFS:2019-09-04T00:00:00+00:00:p01:25,1.4210854715202004e-14,7.177376838080666e-16,data/manifests/phase1e/2019-09/daily/source_2019090400.json,7341b4229e6d806b2fd8f904ae426b6060cb098b96bb2cd15d80da8ff3268f43
2019090400,2019-09,day1_24h,p02,PASS,,PASS,,1,5,0,,(GEFS:2019-09-04T00:00:00+00:00:p02:2 - GEFS:2019-09-04T00:00:00+00:00:p02:1) + GEFS:2019-09-04T00:00:00+00:00:p02:4 + GEFS:2019-09-04T00:00:00+00:00:p02:6 + GEFS:2019-09-04T00:00:00+00:00:p02:8 + GEFS:2019-09-04T00:00:00+00:00:p02:9,1.4210854715202004e-14,6.887451874965309e-16,data/manifests/phase1e/2019-09/daily/source_2019090400.json,7341b4229e6d806b2fd8f904ae426b6060cb098b96bb2cd15d80da8ff3268f43
2019090400,2019-09,day2_24h,p02,FAIL,ValueError: materially negative reconstructed precipitation for 39--42,PASS,,1,5,0,,(GEFS:2019-09-04T00:00:00+00:00:p02:10 - GEFS:2019-09-04T00:00:00+00:00:p02:9) + GEFS:2019-09-04T00:00:00+00:00:p02:12 + GEFS:2019-09-04T00:00:00+00:00:p02:14 + GEFS:2019-09-04T00:00:00+00:00:p02:16 + GEFS:2019-09-04T00:00:00+00:00:p02:17,,,data/manifests/phase1e/2019-09/daily/source_2019090400.json,7341b4229e6d806b2fd8f904ae426b6060cb098b96bb2cd15d80da8ff3268f43
2019090400,2019-09,day3_24h,p02,FAIL,ValueError: materially negative reconstructed precipitation for 57--60,PASS,,1,5,0,,(GEFS:2019-09-04T00:00:00+00:00:p02:18 - GEFS:2019-09-04T00:00:00+00:00:p02:17) + GEFS:2019-09-04T00:00:00+00:00:p02:20 + GEFS:2019-09-04T00:00:00+00:00:p02:22 + GEFS:2019-09-04T00:00:00+00:00:p02:24 + GEFS:2019-09-04T00:00:00+00:00:p02:25,,,data/manifests/phase1e/2019-09/daily/source_2019090400.json,7341b4229e6d806b2fd8f904ae426b6060cb098b96bb2cd15d80da8ff3268f43
2019090400,2019-09,day1_24h,p03,PASS,,PASS,,1,5,0,,(GEFS:2019-09-04T00:00:00+00:00:p03:2 - GEFS:2019-09-04T00:00:00+00:00:p03:1) + GEFS:2019-09-04T00:00:00+00:00:p03:4 + GEFS:2019-09-04T00:00:00+00:00:p03:6 + GEFS:2019-09-04T00:00:00+00:00:p03:8 + GEFS:2019-09-04T00:00:00+00:00:p03:9,2.842170943040401e-14,6.509208462160903e-16,data/manifests/phase1e/2019-09/daily/source_2019090400.json,7341b4229e6d806b2fd8f904ae426b6060cb098b96bb2cd15d80da8ff3268f43
2019090400,2019-09,day2_24h,p03,PASS,,PASS,,1,5,0,,(GEFS:2019-09-04T00:00:00+00:00:p03:10 - GEFS:2019-09-04T00:00:00+00:00:p03:9) + GEFS:2019-09-04T00:00:00+00:00:p03:12 + GEFS:2019-09-04T00:00:00+00:00:p03:14 + GEFS:2019-09-04T00:00:00+00:00:p03:16 + GEFS:2019-09-04T00:00:00+00:00:p03:17,2.842170943040401e-14,6.148536259242277e-16,data/manifests/phase1e/2019-09/daily/source_2019090400.json,7341b4229e6d806b2fd8f904ae426b6060cb098b96bb2cd15d80da8ff3268f43
2019090400,2019-09,day3_24h,p03,FAIL,ValueError: materially negative reconstructed precipitation for 63--66,PASS,,1,5,0,,(GEFS:2019-09-04T00:00:00+00:00:p03:18 - GEFS:2019-09-04T00:00:00+00:00:p03:17) + GEFS:2019-09-04T00:00:00+00:00:p03:20 + GEFS:2019-09-04T00:00:00+00:00:p03:22 + GEFS:2019-09-04T00:00:00+00:00:p03:24 + GEFS:2019-09-04T00:00:00+00:00:p03:25,,,data/manifests/phase1e/2019-09/daily/source_2019090400.json,7341b4229e6d806b2fd8f904ae426b6060cb098b96bb2cd15d80da8ff3268f43
2019090400,2019-09,day1_24h,p04,FAIL,ValueError: materially negative reconstructed precipitation for 15--18,PASS,,1,5,0,,(GEFS:2019-09-04T00:00:00+00:00:p04:2 - GEFS:2019-09-04T00:00:00+00:00:p04:1) + GEFS:2019-09-04T00:00:00+00:00:p04:4 + GEFS:2019-09-04T00:00:00+00:00:p04:6 + GEFS:2019-09-04T00:00:00+00:00:p04:8 + GEFS:2019-09-04T00:00:00+00:00:p04:9,,,data/manifests/phase1e/2019-09/daily/source_2019090400.json,7341b4229e6d806b2fd8f904ae426b6060cb098b96bb2cd15d80da8ff3268f43
2019090400,2019-09,day2_24h,p04,FAIL,ValueError: materially negative reconstructed precipitation for 27--30,FAIL,ValueError: negative difference exceeds packing bound for 27--30,,,,,,,,data/manifests/phase1e/2019-09/daily/source_2019090400.json,7341b4229e6d806b2fd8f904ae426b6060cb098b96bb2cd15d80da8ff3268f43
2019090400,2019-09,day3_24h,p04,PASS,,PASS,,1,5,0,,(GEFS:2019-09-04T00:00:00+00:00:p04:18 - GEFS:2019-09-04T00:00:00+00:00:p04:17) + GEFS:2019-09-04T00:00:00+00:00:p04:20 + GEFS:2019-09-04T00:00:00+00:00:p04:22 + GEFS:2019-09-04T00:00:00+00:00:p04:24 + GEFS:2019-09-04T00:00:00+00:00:p04:25,1.4210854715202004e-14,3.953059824040176e-16,data/manifests/phase1e/2019-09/daily/source_2019090400.json,7341b4229e6d806b2fd8f904ae426b6060cb098b96bb2cd15d80da8ff3268f43
2019090500,2019-09,day1_24h,c00,FAIL,ValueError: materially negative reconstructed precipitation for 9--12,PASS,,1,5,0,,(GEFS:2019-09-05T00:00:00+00:00:c00:2 - GEFS:2019-09-05T00:00:00+00:00:c00:1) + GEFS:2019-09-05T00:00:00+00:00:c00:4 + GEFS:2019-09-05T00:00:00+00:00:c00:6 + GEFS:2019-09-05T00:00:00+00:00:c00:8 + GEFS:2019-09-05T00:00:00+00:00:c00:9,,,data/manifests/phase1e/2019-09/daily/source_2019090500.json,971c908fb72e472a04871237ec11c84367f6e40dd2d58c2269e5d1c6b16f8a57
2019090500,2019-09,day2_24h,c00,FAIL,ValueError: materially negative reconstructed precipitation for 33--36,PASS,,1,5,52,-0.03,(GEFS:2019-09-05T00:00:00+00:00:c00:10 - GEFS:2019-09-05T00:00:00+00:00:c00:9) + GEFS:2019-09-05T00:00:00+00:00:c00:12 + GEFS:2019-09-05T00:00:00+00:00:c00:14 + GEFS:2019-09-05T00:00:00+00:00:c00:16 + GEFS:2019-09-05T00:00:00+00:00:c00:17,,,data/manifests/phase1e/2019-09/daily/source_2019090500.json,971c908fb72e472a04871237ec11c84367f6e40dd2d58c2269e5d1c6b16f8a57
2019090500,2019-09,day3_24h,c00,FAIL,ValueError: materially negative reconstructed precipitation for 57--60,PASS,,1,5,0,,(GEFS:2019-09-05T00:00:00+00:00:c00:18 - GEFS:2019-09-05T00:00:00+00:00:c00:17) + GEFS:2019-09-05T00:00:00+00:00:c00:20 + GEFS:2019-09-05T00:00:00+00:00:c00:22 + GEFS:2019-09-05T00:00:00+00:00:c00:24 + GEFS:2019-09-05T00:00:00+00:00:c00:25,,,data/manifests/phase1e/2019-09/daily/source_2019090500.json,971c908fb72e472a04871237ec11c84367f6e40dd2d58c2269e5d1c6b16f8a57
2019090500,2019-09,day1_24h,p01,PASS,,PASS,,1,5,0,,(GEFS:2019-09-05T00:00:00+00:00:p01:2 - GEFS:2019-09-05T00:00:00+00:00:p01:1) + GEFS:2019-09-05T00:00:00+00:00:p01:4 + GEFS:2019-09-05T00:00:00+00:00:p01:6 + GEFS:2019-09-05T00:00:00+00:00:p01:8 + GEFS:2019-09-05T00:00:00+00:00:p01:9,2.842170943040401e-14,1.092443734622309e-15,data/manifests/phase1e/2019-09/daily/source_2019090500.json,971c908fb72e472a04871237ec11c84367f6e40dd2d58c2269e5d1c6b16f8a57
2019090500,2019-09,day2_24h,p01,FAIL,ValueError: materially negative reconstructed precipitation for 33--36,PASS,,1,5,0,,(GEFS:2019-09-05T00:00:00+00:00:p01:10 - GEFS:2019-09-05T00:00:00+00:00:p01:9) + GEFS:2019-09-05T00:00:00+00:00:p01:12 + GEFS:2019-09-05T00:00:00+00:00:p01:14 + GEFS:2019-09-05T00:00:00+00:00:p01:16 + GEFS:2019-09-05T00:00:00+00:00:p01:17,,,data/manifests/phase1e/2019-09/daily/source_2019090500.json,971c908fb72e472a04871237ec11c84367f6e40dd2d58c2269e5d1c6b16f8a57
2019090500,2019-09,day3_24h,p01,PASS,,PASS,,1,5,0,,(GEFS:2019-09-05T00:00:00+00:00:p01:18 - GEFS:2019-09-05T00:00:00+00:00:p01:17) + GEFS:2019-09-05T00:00:00+00:00:p01:20 + GEFS:2019-09-05T00:00:00+00:00:p01:22 + GEFS:2019-09-05T00:00:00+00:00:p01:24 + GEFS:2019-09-05T00:00:00+00:00:p01:25,7.105427357601002e-15,3.447656339693947e-16,data/manifests/phase1e/2019-09/daily/source_2019090500.json,971c908fb72e472a04871237ec11c84367f6e40dd2d58c2269e5d1c6b16f8a57
2019090500,2019-09,day1_24h,p02,PASS,,PASS,,1,5,0,,(GEFS:2019-09-05T00:00:00+00:00:p02:2 - GEFS:2019-09-05T00:00:00+00:00:p02:1) + GEFS:2019-09-05T00:00:00+00:00:p02:4 + GEFS:2019-09-05T00:00:00+00:00:p02:6 + GEFS:2019-09-05T00:00:00+00:00:p02:8 + GEFS:2019-09-05T00:00:00+00:00:p02:9,2.842170943040401e-14,8.111425363587878e-16,data/manifests/phase1e/2019-09/daily/source_2019090500.json,971c908fb72e472a04871237ec11c84367f6e40dd2d58c2269e5d1c6b16f8a57
2019090500,2019-09,day2_24h,p02,FAIL,ValueError: materially negative reconstructed precipitation for 27--30,FAIL,ValueError: negative difference exceeds packing bound for 27--30,,,,,,,,data/manifests/phase1e/2019-09/daily/source_2019090500.json,971c908fb72e472a04871237ec11c84367f6e40dd2d58c2269e5d1c6b16f8a57
2019090500,2019-09,day3_24h,p02,PASS,,PASS,,1,5,0,,(GEFS:2019-09-05T00:00:00+00:00:p02:18 - GEFS:2019-09-05T00:00:00+00:00:p02:17) + GEFS:2019-09-05T00:00:00+00:00:p02:20 + GEFS:2019-09-05T00:00:00+00:00:p02:22 + GEFS:2019-09-05T00:00:00+00:00:p02:24 + GEFS:2019-09-05T00:00:00+00:00:p02:25,2.842170943040401e-14,7.283266497655494e-16,data/manifests/phase1e/2019-09/daily/source_2019090500.json,971c908fb72e472a04871237ec11c84367f6e40dd2d58c2269e5d1c6b16f8a57
2019090500,2019-09,day1_24h,p03,FAIL,ValueError: materially negative reconstructed precipitation for 15--18,PASS,,1,5,0,,(GEFS:2019-09-05T00:00:00+00:00:p03:2 - GEFS:2019-09-05T00:00:00+00:00:p03:1) + GEFS:2019-09-05T00:00:00+00:00:p03:4 + GEFS:2019-09-05T00:00:00+00:00:p03:6 + GEFS:2019-09-05T00:00:00+00:00:p03:8 + GEFS:2019-09-05T00:00:00+00:00:p03:9,,,data/manifests/phase1e/2019-09/daily/source_2019090500.json,971c908fb72e472a04871237ec11c84367f6e40dd2d58c2269e5d1c6b16f8a57
2019090500,2019-09,day2_24h,p03,PASS,,PASS,,1,5,0,,(GEFS:2019-09-05T00:00:00+00:00:p03:10 - GEFS:2019-09-05T00:00:00+00:00:p03:9) + GEFS:2019-09-05T00:00:00+00:00:p03:12 + GEFS:2019-09-05T00:00:00+00:00:p03:14 + GEFS:2019-09-05T00:00:00+00:00:p03:16 + GEFS:2019-09-05T00:00:00+00:00:p03:17,5.684341886080802e-14,5.59041914523871e-16,data/manifests/phase1e/2019-09/daily/source_2019090500.json,971c908fb72e472a04871237ec11c84367f6e40dd2d58c2269e5d1c6b16f8a57
2019090500,2019-09,day3_24h,p03,PASS,,PASS,,1,5,0,,(GEFS:2019-09-05T00:00:00+00:00:p03:18 - GEFS:2019-09-05T00:00:00+00:00:p03:17) + GEFS:2019-09-05T00:00:00+00:00:p03:20 + GEFS:2019-09-05T00:00:00+00:00:p03:22 + GEFS:2019-09-05T00:00:00+00:00:p03:24 + GEFS:2019-09-05T00:00:00+00:00:p03:25,2.842170943040401e-14,7.7840459794002025e-16,data/manifests/phase1e/2019-09/daily/source_2019090500.json,971c908fb72e472a04871237ec11c84367f6e40dd2d58c2269e5d1c6b16f8a57
2019090500,2019-09,day1_24h,p04,PASS,,PASS,,1,5,0,,(GEFS:2019-09-05T00:00:00+00:00:p04:2 - GEFS:2019-09-05T00:00:00+00:00:p04:1) + GEFS:2019-09-05T00:00:00+00:00:p04:4 + GEFS:2019-09-05T00:00:00+00:00:p04:6 + GEFS:2019-09-05T00:00:00+00:00:p04:8 + GEFS:2019-09-05T00:00:00+00:00:p04:9,2.842170943040401e-14,7.426379378172564e-16,data/manifests/phase1e/2019-09/daily/source_2019090500.json,971c908fb72e472a04871237ec11c84367f6e40dd2d58c2269e5d1c6b16f8a57
2019090500,2019-09,day2_24h,p04,FAIL,ValueError: materially negative reconstructed precipitation for 27--30,FAIL,ValueError: negative difference exceeds packing bound for 27--30,,,,,,,,data/manifests/phase1e/2019-09/daily/source_2019090500.json,971c908fb72e472a04871237ec11c84367f6e40dd2d58c2269e5d1c6b16f8a57
2019090500,2019-09,day3_24h,p04,FAIL,ValueError: materially negative reconstructed precipitation for 63--66,PASS,,1,5,0,,(GEFS:2019-09-05T00:00:00+00:00:p04:18 - GEFS:2019-09-05T00:00:00+00:00:p04:17) + GEFS:2019-09-05T00:00:00+00:00:p04:20 + GEFS:2019-09-05T00:00:00+00:00:p04:22 + GEFS:2019-09-05T00:00:00+00:00:p04:24 + GEFS:2019-09-05T00:00:00+00:00:p04:25,,,data/manifests/phase1e/2019-09/daily/source_2019090500.json,971c908fb72e472a04871237ec11c84367f6e40dd2d58c2269e5d1c6b16f8a57
2019090600,2019-09,day1_24h,c00,FAIL,ValueError: materially negative reconstructed precipitation for 15--18,PASS,,1,5,0,,(GEFS:2019-09-06T00:00:00+00:00:c00:2 - GEFS:2019-09-06T00:00:00+00:00:c00:1) + GEFS:2019-09-06T00:00:00+00:00:c00:4 + GEFS:2019-09-06T00:00:00+00:00:c00:6 + GEFS:2019-09-06T00:00:00+00:00:c00:8 + GEFS:2019-09-06T00:00:00+00:00:c00:9,,,data/manifests/phase1e/2019-09/daily/source_2019090600.json,c22fc3f721b2f2ee1bae1bf7369b086538ac1a566852c93c1f778c442ce30d5e
2019090600,2019-09,day2_24h,c00,FAIL,ValueError: materially negative reconstructed precipitation for 39--42,PASS,,1,5,0,,(GEFS:2019-09-06T00:00:00+00:00:c00:10 - GEFS:2019-09-06T00:00:00+00:00:c00:9) + GEFS:2019-09-06T00:00:00+00:00:c00:12 + GEFS:2019-09-06T00:00:00+00:00:c00:14 + GEFS:2019-09-06T00:00:00+00:00:c00:16 + GEFS:2019-09-06T00:00:00+00:00:c00:17,,,data/manifests/phase1e/2019-09/daily/source_2019090600.json,c22fc3f721b2f2ee1bae1bf7369b086538ac1a566852c93c1f778c442ce30d5e
2019090600,2019-09,day3_24h,c00,FAIL,ValueError: materially negative reconstructed precipitation for 63--66,PASS,,1,5,72,-0.050000000000000044,(GEFS:2019-09-06T00:00:00+00:00:c00:18 - GEFS:2019-09-06T00:00:00+00:00:c00:17) + GEFS:2019-09-06T00:00:00+00:00:c00:20 + GEFS:2019-09-06T00:00:00+00:00:c00:22 + GEFS:2019-09-06T00:00:00+00:00:c00:24 + GEFS:2019-09-06T00:00:00+00:00:c00:25,,,data/manifests/phase1e/2019-09/daily/source_2019090600.json,c22fc3f721b2f2ee1bae1bf7369b086538ac1a566852c93c1f778c442ce30d5e
2019090600,2019-09,day1_24h,p01,PASS,,PASS,,1,5,0,,(GEFS:2019-09-06T00:00:00+00:00:p01:2 - GEFS:2019-09-06T00:00:00+00:00:p01:1) + GEFS:2019-09-06T00:00:00+00:00:p01:4 + GEFS:2019-09-06T00:00:00+00:00:p01:6 + GEFS:2019-09-06T00:00:00+00:00:p01:8 + GEFS:2019-09-06T00:00:00+00:00:p01:9,5.684341886080802e-14,8.79311894711709e-16,data/manifests/phase1e/2019-09/daily/source_2019090600.json,c22fc3f721b2f2ee1bae1bf7369b086538ac1a566852c93c1f778c442ce30d5e
2019090600,2019-09,day2_24h,p01,PASS,,PASS,,1,5,0,,(GEFS:2019-09-06T00:00:00+00:00:p01:10 - GEFS:2019-09-06T00:00:00+00:00:p01:9) + GEFS:2019-09-06T00:00:00+00:00:p01:12 + GEFS:2019-09-06T00:00:00+00:00:p01:14 + GEFS:2019-09-06T00:00:00+00:00:p01:16 + GEFS:2019-09-06T00:00:00+00:00:p01:17,1.4210854715202004e-14,5.911093725654181e-16,data/manifests/phase1e/2019-09/daily/source_2019090600.json,c22fc3f721b2f2ee1bae1bf7369b086538ac1a566852c93c1f778c442ce30d5e
2019090600,2019-09,day3_24h,p01,FAIL,ValueError: materially negative reconstructed precipitation for 57--60,PASS,,1,5,0,,(GEFS:2019-09-06T00:00:00+00:00:p01:18 - GEFS:2019-09-06T00:00:00+00:00:p01:17) + GEFS:2019-09-06T00:00:00+00:00:p01:20 + GEFS:2019-09-06T00:00:00+00:00:p01:22 + GEFS:2019-09-06T00:00:00+00:00:p01:24 + GEFS:2019-09-06T00:00:00+00:00:p01:25,,,data/manifests/phase1e/2019-09/daily/source_2019090600.json,c22fc3f721b2f2ee1bae1bf7369b086538ac1a566852c93c1f778c442ce30d5e
2019090600,2019-09,day1_24h,p02,PASS,,PASS,,1,5,0,,(GEFS:2019-09-06T00:00:00+00:00:p02:2 - GEFS:2019-09-06T00:00:00+00:00:p02:1) + GEFS:2019-09-06T00:00:00+00:00:p02:4 + GEFS:2019-09-06T00:00:00+00:00:p02:6 + GEFS:2019-09-06T00:00:00+00:00:p02:8 + GEFS:2019-09-06T00:00:00+00:00:p02:9,0.05,0.0005747605164521426,data/manifests/phase1e/2019-09/daily/source_2019090600.json,c22fc3f721b2f2ee1bae1bf7369b086538ac1a566852c93c1f778c442ce30d5e
2019090600,2019-09,day2_24h,p02,FAIL,ValueError: materially negative reconstructed precipitation for 45--48,PASS,,1,5,0,,(GEFS:2019-09-06T00:00:00+00:00:p02:10 - GEFS:2019-09-06T00:00:00+00:00:p02:9) + GEFS:2019-09-06T00:00:00+00:00:p02:12 + GEFS:2019-09-06T00:00:00+00:00:p02:14 + GEFS:2019-09-06T00:00:00+00:00:p02:16 + GEFS:2019-09-06T00:00:00+00:00:p02:17,,,data/manifests/phase1e/2019-09/daily/source_2019090600.json,c22fc3f721b2f2ee1bae1bf7369b086538ac1a566852c93c1f778c442ce30d5e
2019090600,2019-09,day3_24h,p02,FAIL,ValueError: materially negative reconstructed precipitation for 57--60,PASS,,1,5,115,-0.05,(GEFS:2019-09-06T00:00:00+00:00:p02:18 - GEFS:2019-09-06T00:00:00+00:00:p02:17) + GEFS:2019-09-06T00:00:00+00:00:p02:20 + GEFS:2019-09-06T00:00:00+00:00:p02:22 + GEFS:2019-09-06T00:00:00+00:00:p02:24 + GEFS:2019-09-06T00:00:00+00:00:p02:25,,,data/manifests/phase1e/2019-09/daily/source_2019090600.json,c22fc3f721b2f2ee1bae1bf7369b086538ac1a566852c93c1f778c442ce30d5e
2019090600,2019-09,day1_24h,p03,FAIL,ValueError: materially negative reconstructed precipitation for 15--18,PASS,,1,5,0,,(GEFS:2019-09-06T00:00:00+00:00:p03:2 - GEFS:2019-09-06T00:00:00+00:00:p03:1) + GEFS:2019-09-06T00:00:00+00:00:p03:4 + GEFS:2019-09-06T00:00:00+00:00:p03:6 + GEFS:2019-09-06T00:00:00+00:00:p03:8 + GEFS:2019-09-06T00:00:00+00:00:p03:9,,,data/manifests/phase1e/2019-09/daily/source_2019090600.json,c22fc3f721b2f2ee1bae1bf7369b086538ac1a566852c93c1f778c442ce30d5e
2019090600,2019-09,day2_24h,p03,PASS,,PASS,,1,5,0,,(GEFS:2019-09-06T00:00:00+00:00:p03:10 - GEFS:2019-09-06T00:00:00+00:00:p03:9) + GEFS:2019-09-06T00:00:00+00:00:p03:12 + GEFS:2019-09-06T00:00:00+00:00:p03:14 + GEFS:2019-09-06T00:00:00+00:00:p03:16 + GEFS:2019-09-06T00:00:00+00:00:p03:17,2.842170943040401e-14,5.692840802862397e-16,data/manifests/phase1e/2019-09/daily/source_2019090600.json,c22fc3f721b2f2ee1bae1bf7369b086538ac1a566852c93c1f778c442ce30d5e
2019090600,2019-09,day3_24h,p03,PASS,,PASS,,1,5,0,,(GEFS:2019-09-06T00:00:00+00:00:p03:18 - GEFS:2019-09-06T00:00:00+00:00:p03:17) + GEFS:2019-09-06T00:00:00+00:00:p03:20 + GEFS:2019-09-06T00:00:00+00:00:p03:22 + GEFS:2019-09-06T00:00:00+00:00:p03:24 + GEFS:2019-09-06T00:00:00+00:00:p03:25,7.105427357601002e-15,4.1340895258897176e-16,data/manifests/phase1e/2019-09/daily/source_2019090600.json,c22fc3f721b2f2ee1bae1bf7369b086538ac1a566852c93c1f778c442ce30d5e
2019090600,2019-09,day1_24h,p04,FAIL,ValueError: materially negative reconstructed precipitation for 15--18,PASS,,1,5,0,,(GEFS:2019-09-06T00:00:00+00:00:p04:2 - GEFS:2019-09-06T00:00:00+00:00:p04:1) + GEFS:2019-09-06T00:00:00+00:00:p04:4 + GEFS:2019-09-06T00:00:00+00:00:p04:6 + GEFS:2019-09-06T00:00:00+00:00:p04:8 + GEFS:2019-09-06T00:00:00+00:00:p04:9,,,data/manifests/phase1e/2019-09/daily/source_2019090600.json,c22fc3f721b2f2ee1bae1bf7369b086538ac1a566852c93c1f778c442ce30d5e
2019090600,2019-09,day2_24h,p04,FAIL,ValueError: materially negative reconstructed precipitation for 39--42,PASS,,1,5,0,,(GEFS:2019-09-06T00:00:00+00:00:p04:10 - GEFS:2019-09-06T00:00:00+00:00:p04:9) + GEFS:2019-09-06T00:00:00+00:00:p04:12 + GEFS:2019-09-06T00:00:00+00:00:p04:14 + GEFS:2019-09-06T00:00:00+00:00:p04:16 + GEFS:2019-09-06T00:00:00+00:00:p04:17,,,data/manifests/phase1e/2019-09/daily/source_2019090600.json,c22fc3f721b2f2ee1bae1bf7369b086538ac1a566852c93c1f778c442ce30d5e
2019090600,2019-09,day3_24h,p04,PASS,,PASS,,1,5,0,,(GEFS:2019-09-06T00:00:00+00:00:p04:18 - GEFS:2019-09-06T00:00:00+00:00:p04:17) + GEFS:2019-09-06T00:00:00+00:00:p04:20 + GEFS:2019-09-06T00:00:00+00:00:p04:22 + GEFS:2019-09-06T00:00:00+00:00:p04:24 + GEFS:2019-09-06T00:00:00+00:00:p04:25,2.842170943040401e-14,4.496611329848952e-16,data/manifests/phase1e/2019-09/daily/source_2019090600.json,c22fc3f721b2f2ee1bae1bf7369b086538ac1a566852c93c1f778c442ce30d5e
2019090700,2019-09,day1_24h,c00,FAIL,ValueError: materially negative reconstructed precipitation for 15--18,PASS,,1,5,0,,(GEFS:2019-09-07T00:00:00+00:00:c00:2 - GEFS:2019-09-07T00:00:00+00:00:c00:1) + GEFS:2019-09-07T00:00:00+00:00:c00:4 + GEFS:2019-09-07T00:00:00+00:00:c00:6 + GEFS:2019-09-07T00:00:00+00:00:c00:8 + GEFS:2019-09-07T00:00:00+00:00:c00:9,,,data/manifests/phase1e/2019-09/daily/source_2019090700.json,45368da9aa6d8aa07ad503e5d2b0b44e160a811da5dd125f28ac19e56c81decf
2019090700,2019-09,day2_24h,c00,FAIL,ValueError: materially negative reconstructed precipitation for 33--36,PASS,,1,5,73,-0.05,(GEFS:2019-09-07T00:00:00+00:00:c00:10 - GEFS:2019-09-07T00:00:00+00:00:c00:9) + GEFS:2019-09-07T00:00:00+00:00:c00:12 + GEFS:2019-09-07T00:00:00+00:00:c00:14 + GEFS:2019-09-07T00:00:00+00:00:c00:16 + GEFS:2019-09-07T00:00:00+00:00:c00:17,,,data/manifests/phase1e/2019-09/daily/source_2019090700.json,45368da9aa6d8aa07ad503e5d2b0b44e160a811da5dd125f28ac19e56c81decf
2019090700,2019-09,day3_24h,c00,FAIL,ValueError: materially negative reconstructed precipitation for 51--54,FAIL,ValueError: negative difference exceeds packing bound for 51--54,,,,,,,,data/manifests/phase1e/2019-09/daily/source_2019090700.json,45368da9aa6d8aa07ad503e5d2b0b44e160a811da5dd125f28ac19e56c81decf
2019090700,2019-09,day1_24h,p01,FAIL,ValueError: materially negative reconstructed precipitation for 9--12,PASS,,1,5,0,,(GEFS:2019-09-07T00:00:00+00:00:p01:2 - GEFS:2019-09-07T00:00:00+00:00:p01:1) + GEFS:2019-09-07T00:00:00+00:00:p01:4 + GEFS:2019-09-07T00:00:00+00:00:p01:6 + GEFS:2019-09-07T00:00:00+00:00:p01:8 + GEFS:2019-09-07T00:00:00+00:00:p01:9,,,data/manifests/phase1e/2019-09/daily/source_2019090700.json,45368da9aa6d8aa07ad503e5d2b0b44e160a811da5dd125f28ac19e56c81decf
2019090700,2019-09,day2_24h,p01,FAIL,ValueError: materially negative reconstructed precipitation for 27--30,FAIL,ValueError: negative difference exceeds packing bound for 27--30,,,,,,,,data/manifests/phase1e/2019-09/daily/source_2019090700.json,45368da9aa6d8aa07ad503e5d2b0b44e160a811da5dd125f28ac19e56c81decf
2019090700,2019-09,day3_24h,p01,FAIL,ValueError: materially negative reconstructed precipitation for 57--60,PASS,,1,5,0,,(GEFS:2019-09-07T00:00:00+00:00:p01:18 - GEFS:2019-09-07T00:00:00+00:00:p01:17) + GEFS:2019-09-07T00:00:00+00:00:p01:20 + GEFS:2019-09-07T00:00:00+00:00:p01:22 + GEFS:2019-09-07T00:00:00+00:00:p01:24 + GEFS:2019-09-07T00:00:00+00:00:p01:25,,,data/manifests/phase1e/2019-09/daily/source_2019090700.json,45368da9aa6d8aa07ad503e5d2b0b44e160a811da5dd125f28ac19e56c81decf
2019090700,2019-09,day1_24h,p02,FAIL,ValueError: materially negative reconstructed precipitation for 9--12,PASS,,1,5,105,-0.04000000000000001,(GEFS:2019-09-07T00:00:00+00:00:p02:2 - GEFS:2019-09-07T00:00:00+00:00:p02:1) + GEFS:2019-09-07T00:00:00+00:00:p02:4 + GEFS:2019-09-07T00:00:00+00:00:p02:6 + GEFS:2019-09-07T00:00:00+00:00:p02:8 + GEFS:2019-09-07T00:00:00+00:00:p02:9,,,data/manifests/phase1e/2019-09/daily/source_2019090700.json,45368da9aa6d8aa07ad503e5d2b0b44e160a811da5dd125f28ac19e56c81decf
2019090700,2019-09,day2_24h,p02,FAIL,ValueError: materially negative reconstructed precipitation for 33--36,PASS,,1,5,0,,(GEFS:2019-09-07T00:00:00+00:00:p02:10 - GEFS:2019-09-07T00:00:00+00:00:p02:9) + GEFS:2019-09-07T00:00:00+00:00:p02:12 + GEFS:2019-09-07T00:00:00+00:00:p02:14 + GEFS:2019-09-07T00:00:00+00:00:p02:16 + GEFS:2019-09-07T00:00:00+00:00:p02:17,,,data/manifests/phase1e/2019-09/daily/source_2019090700.json,45368da9aa6d8aa07ad503e5d2b0b44e160a811da5dd125f28ac19e56c81decf
2019090700,2019-09,day3_24h,p02,FAIL,ValueError: materially negative reconstructed precipitation for 57--60,PASS,,1,5,0,,(GEFS:2019-09-07T00:00:00+00:00:p02:18 - GEFS:2019-09-07T00:00:00+00:00:p02:17) + GEFS:2019-09-07T00:00:00+00:00:p02:20 + GEFS:2019-09-07T00:00:00+00:00:p02:22 + GEFS:2019-09-07T00:00:00+00:00:p02:24 + GEFS:2019-09-07T00:00:00+00:00:p02:25,,,data/manifests/phase1e/2019-09/daily/source_2019090700.json,45368da9aa6d8aa07ad503e5d2b0b44e160a811da5dd125f28ac19e56c81decf
2019090700,2019-09,day1_24h,p03,PASS,,PASS,,1,5,0,,(GEFS:2019-09-07T00:00:00+00:00:p03:2 - GEFS:2019-09-07T00:00:00+00:00:p03:1) + GEFS:2019-09-07T00:00:00+00:00:p03:4 + GEFS:2019-09-07T00:00:00+00:00:p03:6 + GEFS:2019-09-07T00:00:00+00:00:p03:8 + GEFS:2019-09-07T00:00:00+00:00:p03:9,2.842170943040401e-14,1.2597979487778524e-15,data/manifests/phase1e/2019-09/daily/source_2019090700.json,45368da9aa6d8aa07ad503e5d2b0b44e160a811da5dd125f28ac19e56c81decf
2019090700,2019-09,day2_24h,p03,PASS,,PASS,,1,5,0,,(GEFS:2019-09-07T00:00:00+00:00:p03:10 - GEFS:2019-09-07T00:00:00+00:00:p03:9) + GEFS:2019-09-07T00:00:00+00:00:p03:12 + GEFS:2019-09-07T00:00:00+00:00:p03:14 + GEFS:2019-09-07T00:00:00+00:00:p03:16 + GEFS:2019-09-07T00:00:00+00:00:p03:17,1.4210854715202004e-14,4.2517703920984233e-16,data/manifests/phase1e/2019-09/daily/source_2019090700.json,45368da9aa6d8aa07ad503e5d2b0b44e160a811da5dd125f28ac19e56c81decf
2019090700,2019-09,day3_24h,p03,FAIL,ValueError: materially negative reconstructed precipitation for 63--66,PASS,,1,5,0,,(GEFS:2019-09-07T00:00:00+00:00:p03:18 - GEFS:2019-09-07T00:00:00+00:00:p03:17) + GEFS:2019-09-07T00:00:00+00:00:p03:20 + GEFS:2019-09-07T00:00:00+00:00:p03:22 + GEFS:2019-09-07T00:00:00+00:00:p03:24 + GEFS:2019-09-07T00:00:00+00:00:p03:25,,,data/manifests/phase1e/2019-09/daily/source_2019090700.json,45368da9aa6d8aa07ad503e5d2b0b44e160a811da5dd125f28ac19e56c81decf
2019090700,2019-09,day1_24h,p04,PASS,,PASS,,1,5,0,,(GEFS:2019-09-07T00:00:00+00:00:p04:2 - GEFS:2019-09-07T00:00:00+00:00:p04:1) + GEFS:2019-09-07T00:00:00+00:00:p04:4 + GEFS:2019-09-07T00:00:00+00:00:p04:6 + GEFS:2019-09-07T00:00:00+00:00:p04:8 + GEFS:2019-09-07T00:00:00+00:00:p04:9,5.684341886080802e-14,1.4262042424000839e-15,data/manifests/phase1e/2019-09/daily/source_2019090700.json,45368da9aa6d8aa07ad503e5d2b0b44e160a811da5dd125f28ac19e56c81decf
2019090700,2019-09,day2_24h,p04,FAIL,ValueError: materially negative reconstructed precipitation for 39--42,PASS,,1,5,0,,(GEFS:2019-09-07T00:00:00+00:00:p04:10 - GEFS:2019-09-07T00:00:00+00:00:p04:9) + GEFS:2019-09-07T00:00:00+00:00:p04:12 + GEFS:2019-09-07T00:00:00+00:00:p04:14 + GEFS:2019-09-07T00:00:00+00:00:p04:16 + GEFS:2019-09-07T00:00:00+00:00:p04:17,,,data/manifests/phase1e/2019-09/daily/source_2019090700.json,45368da9aa6d8aa07ad503e5d2b0b44e160a811da5dd125f28ac19e56c81decf
2019090700,2019-09,day3_24h,p04,PASS,,PASS,,1,5,0,,(GEFS:2019-09-07T00:00:00+00:00:p04:18 - GEFS:2019-09-07T00:00:00+00:00:p04:17) + GEFS:2019-09-07T00:00:00+00:00:p04:20 + GEFS:2019-09-07T00:00:00+00:00:p04:22 + GEFS:2019-09-07T00:00:00+00:00:p04:24 + GEFS:2019-09-07T00:00:00+00:00:p04:25,1.4210854715202004e-14,4.3289912355438217e-16,data/manifests/phase1e/2019-09/daily/source_2019090700.json,45368da9aa6d8aa07ad503e5d2b0b44e160a811da5dd125f28ac19e56c81decf
2019090800,2019-09,day1_24h,c00,PASS,,PASS,,1,5,0,,(GEFS:2019-09-08T00:00:00+00:00:c00:2 - GEFS:2019-09-08T00:00:00+00:00:c00:1) + GEFS:2019-09-08T00:00:00+00:00:c00:4 + GEFS:2019-09-08T00:00:00+00:00:c00:6 + GEFS:2019-09-08T00:00:00+00:00:c00:8 + GEFS:2019-09-08T00:00:00+00:00:c00:9,2.842170943040401e-14,5.30997338745647e-16,data/manifests/phase1e/2019-09/daily/source_2019090800.json,8bdc4302d619163a12bc56e4b215be51dccad7d3558e0c49f11684dcfc646779
2019090800,2019-09,day2_24h,c00,FAIL,ValueError: materially negative reconstructed precipitation for 33--36,PASS,,1,5,0,,(GEFS:2019-09-08T00:00:00+00:00:c00:10 - GEFS:2019-09-08T00:00:00+00:00:c00:9) + GEFS:2019-09-08T00:00:00+00:00:c00:12 + GEFS:2019-09-08T00:00:00+00:00:c00:14 + GEFS:2019-09-08T00:00:00+00:00:c00:16 + GEFS:2019-09-08T00:00:00+00:00:c00:17,,,data/manifests/phase1e/2019-09/daily/source_2019090800.json,8bdc4302d619163a12bc56e4b215be51dccad7d3558e0c49f11684dcfc646779
2019090800,2019-09,day3_24h,c00,FAIL,ValueError: materially negative reconstructed precipitation for 51--54,FAIL,ValueError: negative difference exceeds packing bound for 51--54,,,,,,,,data/manifests/phase1e/2019-09/daily/source_2019090800.json,8bdc4302d619163a12bc56e4b215be51dccad7d3558e0c49f11684dcfc646779
2019090800,2019-09,day1_24h,p01,PASS,,PASS,,1,5,0,,(GEFS:2019-09-08T00:00:00+00:00:p01:2 - GEFS:2019-09-08T00:00:00+00:00:p01:1) + GEFS:2019-09-08T00:00:00+00:00:p01:4 + GEFS:2019-09-08T00:00:00+00:00:p01:6 + GEFS:2019-09-08T00:00:00+00:00:p01:8 + GEFS:2019-09-08T00:00:00+00:00:p01:9,2.842170943040401e-14,4.68781383742184e-16,data/manifests/phase1e/2019-09/daily/source_2019090800.json,8bdc4302d619163a12bc56e4b215be51dccad7d3558e0c49f11684dcfc646779
2019090800,2019-09,day2_24h,p01,PASS,,PASS,,1,5,0,,(GEFS:2019-09-08T00:00:00+00:00:p01:10 - GEFS:2019-09-08T00:00:00+00:00:p01:9) + GEFS:2019-09-08T00:00:00+00:00:p01:12 + GEFS:2019-09-08T00:00:00+00:00:p01:14 + GEFS:2019-09-08T00:00:00+00:00:p01:16 + GEFS:2019-09-08T00:00:00+00:00:p01:17,1.4210854715202004e-14,3.0173928976224317e-16,data/manifests/phase1e/2019-09/daily/source_2019090800.json,8bdc4302d619163a12bc56e4b215be51dccad7d3558e0c49f11684dcfc646779
2019090800,2019-09,day3_24h,p01,PASS,,PASS,,1,5,0,,(GEFS:2019-09-08T00:00:00+00:00:p01:18 - GEFS:2019-09-08T00:00:00+00:00:p01:17) + GEFS:2019-09-08T00:00:00+00:00:p01:20 + GEFS:2019-09-08T00:00:00+00:00:p01:22 + GEFS:2019-09-08T00:00:00+00:00:p01:24 + GEFS:2019-09-08T00:00:00+00:00:p01:25,3.552713678800501e-15,8.806412954596463e-17,data/manifests/phase1e/2019-09/daily/source_2019090800.json,8bdc4302d619163a12bc56e4b215be51dccad7d3558e0c49f11684dcfc646779
2019090800,2019-09,day1_24h,p02,FAIL,ValueError: materially negative reconstructed precipitation for 9--12,PASS,,1,5,0,,(GEFS:2019-09-08T00:00:00+00:00:p02:2 - GEFS:2019-09-08T00:00:00+00:00:p02:1) + GEFS:2019-09-08T00:00:00+00:00:p02:4 + GEFS:2019-09-08T00:00:00+00:00:p02:6 + GEFS:2019-09-08T00:00:00+00:00:p02:8 + GEFS:2019-09-08T00:00:00+00:00:p02:9,,,data/manifests/phase1e/2019-09/daily/source_2019090800.json,8bdc4302d619163a12bc56e4b215be51dccad7d3558e0c49f11684dcfc646779
2019090800,2019-09,day2_24h,p02,FAIL,ValueError: materially negative reconstructed precipitation for 33--36,PASS,,1,5,0,,(GEFS:2019-09-08T00:00:00+00:00:p02:10 - GEFS:2019-09-08T00:00:00+00:00:p02:9) + GEFS:2019-09-08T00:00:00+00:00:p02:12 + GEFS:2019-09-08T00:00:00+00:00:p02:14 + GEFS:2019-09-08T00:00:00+00:00:p02:16 + GEFS:2019-09-08T00:00:00+00:00:p02:17,,,data/manifests/phase1e/2019-09/daily/source_2019090800.json,8bdc4302d619163a12bc56e4b215be51dccad7d3558e0c49f11684dcfc646779
2019090800,2019-09,day3_24h,p02,PASS,,PASS,,1,5,0,,(GEFS:2019-09-08T00:00:00+00:00:p02:18 - GEFS:2019-09-08T00:00:00+00:00:p02:17) + GEFS:2019-09-08T00:00:00+00:00:p02:20 + GEFS:2019-09-08T00:00:00+00:00:p02:22 + GEFS:2019-09-08T00:00:00+00:00:p02:24 + GEFS:2019-09-08T00:00:00+00:00:p02:25,7.105427357601002e-15,2.5647030429335403e-16,data/manifests/phase1e/2019-09/daily/source_2019090800.json,8bdc4302d619163a12bc56e4b215be51dccad7d3558e0c49f11684dcfc646779
2019090800,2019-09,day1_24h,p03,PASS,,PASS,,1,5,0,,(GEFS:2019-09-08T00:00:00+00:00:p03:2 - GEFS:2019-09-08T00:00:00+00:00:p03:1) + GEFS:2019-09-08T00:00:00+00:00:p03:4 + GEFS:2019-09-08T00:00:00+00:00:p03:6 + GEFS:2019-09-08T00:00:00+00:00:p03:8 + GEFS:2019-09-08T00:00:00+00:00:p03:9,2.842170943040401e-14,6.751506198480596e-16,data/manifests/phase1e/2019-09/daily/source_2019090800.json,8bdc4302d619163a12bc56e4b215be51dccad7d3558e0c49f11684dcfc646779
2019090800,2019-09,day2_24h,p03,FAIL,ValueError: materially negative reconstructed precipitation for 33--36,PASS,,1,5,0,,(GEFS:2019-09-08T00:00:00+00:00:p03:10 - GEFS:2019-09-08T00:00:00+00:00:p03:9) + GEFS:2019-09-08T00:00:00+00:00:p03:12 + GEFS:2019-09-08T00:00:00+00:00:p03:14 + GEFS:2019-09-08T00:00:00+00:00:p03:16 + GEFS:2019-09-08T00:00:00+00:00:p03:17,,,data/manifests/phase1e/2019-09/daily/source_2019090800.json,8bdc4302d619163a12bc56e4b215be51dccad7d3558e0c49f11684dcfc646779
2019090800,2019-09,day3_24h,p03,FAIL,ValueError: materially negative reconstructed precipitation for 51--54,FAIL,ValueError: negative difference exceeds packing bound for 51--54,,,,,,,,data/manifests/phase1e/2019-09/daily/source_2019090800.json,8bdc4302d619163a12bc56e4b215be51dccad7d3558e0c49f11684dcfc646779
2019090800,2019-09,day1_24h,p04,PASS,,PASS,,1,5,0,,(GEFS:2019-09-08T00:00:00+00:00:p04:2 - GEFS:2019-09-08T00:00:00+00:00:p04:1) + GEFS:2019-09-08T00:00:00+00:00:p04:4 + GEFS:2019-09-08T00:00:00+00:00:p04:6 + GEFS:2019-09-08T00:00:00+00:00:p04:8 + GEFS:2019-09-08T00:00:00+00:00:p04:9,2.842170943040401e-14,6.435455620666646e-16,data/manifests/phase1e/2019-09/daily/source_2019090800.json,8bdc4302d619163a12bc56e4b215be51dccad7d3558e0c49f11684dcfc646779
2019090800,2019-09,day2_24h,p04,PASS,,PASS,,1,5,0,,(GEFS:2019-09-08T00:00:00+00:00:p04:10 - GEFS:2019-09-08T00:00:00+00:00:p04:9) + GEFS:2019-09-08T00:00:00+00:00:p04:12 + GEFS:2019-09-08T00:00:00+00:00:p04:14 + GEFS:2019-09-08T00:00:00+00:00:p04:16 + GEFS:2019-09-08T00:00:00+00:00:p04:17,1.4210854715202004e-14,3.132068162140149e-16,data/manifests/phase1e/2019-09/daily/source_2019090800.json,8bdc4302d619163a12bc56e4b215be51dccad7d3558e0c49f11684dcfc646779
2019090800,2019-09,day3_24h,p04,PASS,,PASS,,1,5,0,,(GEFS:2019-09-08T00:00:00+00:00:p04:18 - GEFS:2019-09-08T00:00:00+00:00:p04:17) + GEFS:2019-09-08T00:00:00+00:00:p04:20 + GEFS:2019-09-08T00:00:00+00:00:p04:22 + GEFS:2019-09-08T00:00:00+00:00:p04:24 + GEFS:2019-09-08T00:00:00+00:00:p04:25,7.105427357601002e-15,2.578575050738103e-16,data/manifests/phase1e/2019-09/daily/source_2019090800.json,8bdc4302d619163a12bc56e4b215be51dccad7d3558e0c49f11684dcfc646779
2019090900,2019-09,day1_24h,c00,FAIL,ValueError: materially negative reconstructed precipitation for 9--12,PASS,,1,5,0,,(GEFS:2019-09-09T00:00:00+00:00:c00:2 - GEFS:2019-09-09T00:00:00+00:00:c00:1) + GEFS:2019-09-09T00:00:00+00:00:c00:4 + GEFS:2019-09-09T00:00:00+00:00:c00:6 + GEFS:2019-09-09T00:00:00+00:00:c00:8 + GEFS:2019-09-09T00:00:00+00:00:c00:9,,,data/manifests/phase1e/2019-09/daily/source_2019090900.json,2da85f1c82d859b24066eaae3b590711da95cd93fd0199637704f52eebce2847
2019090900,2019-09,day2_24h,c00,FAIL,ValueError: materially negative reconstructed precipitation for 33--36,PASS,,1,5,0,,(GEFS:2019-09-09T00:00:00+00:00:c00:10 - GEFS:2019-09-09T00:00:00+00:00:c00:9) + GEFS:2019-09-09T00:00:00+00:00:c00:12 + GEFS:2019-09-09T00:00:00+00:00:c00:14 + GEFS:2019-09-09T00:00:00+00:00:c00:16 + GEFS:2019-09-09T00:00:00+00:00:c00:17,,,data/manifests/phase1e/2019-09/daily/source_2019090900.json,2da85f1c82d859b24066eaae3b590711da95cd93fd0199637704f52eebce2847
2019090900,2019-09,day3_24h,c00,FAIL,ValueError: materially negative reconstructed precipitation for 57--60,PASS,,1,5,0,,(GEFS:2019-09-09T00:00:00+00:00:c00:18 - GEFS:2019-09-09T00:00:00+00:00:c00:17) + GEFS:2019-09-09T00:00:00+00:00:c00:20 + GEFS:2019-09-09T00:00:00+00:00:c00:22 + GEFS:2019-09-09T00:00:00+00:00:c00:24 + GEFS:2019-09-09T00:00:00+00:00:c00:25,,,data/manifests/phase1e/2019-09/daily/source_2019090900.json,2da85f1c82d859b24066eaae3b590711da95cd93fd0199637704f52eebce2847
2019090900,2019-09,day1_24h,p01,FAIL,ValueError: materially negative reconstructed precipitation for 3--6,FAIL,ValueError: negative difference exceeds packing bound for 3--6,,,,,,,,data/manifests/phase1e/2019-09/daily/source_2019090900.json,2da85f1c82d859b24066eaae3b590711da95cd93fd0199637704f52eebce2847
2019090900,2019-09,day2_24h,p01,FAIL,ValueError: materially negative reconstructed precipitation for 45--48,PASS,,1,5,0,,(GEFS:2019-09-09T00:00:00+00:00:p01:10 - GEFS:2019-09-09T00:00:00+00:00:p01:9) + GEFS:2019-09-09T00:00:00+00:00:p01:12 + GEFS:2019-09-09T00:00:00+00:00:p01:14 + GEFS:2019-09-09T00:00:00+00:00:p01:16 + GEFS:2019-09-09T00:00:00+00:00:p01:17,,,data/manifests/phase1e/2019-09/daily/source_2019090900.json,2da85f1c82d859b24066eaae3b590711da95cd93fd0199637704f52eebce2847
2019090900,2019-09,day3_24h,p01,PASS,,PASS,,1,5,0,,(GEFS:2019-09-09T00:00:00+00:00:p01:18 - GEFS:2019-09-09T00:00:00+00:00:p01:17) + GEFS:2019-09-09T00:00:00+00:00:p01:20 + GEFS:2019-09-09T00:00:00+00:00:p01:22 + GEFS:2019-09-09T00:00:00+00:00:p01:24 + GEFS:2019-09-09T00:00:00+00:00:p01:25,0.04999999999999999,0.0007371928363186873,data/manifests/phase1e/2019-09/daily/source_2019090900.json,2da85f1c82d859b24066eaae3b590711da95cd93fd0199637704f52eebce2847
2019090900,2019-09,day1_24h,p02,FAIL,ValueError: materially negative reconstructed precipitation for 9--12,PASS,,1,5,0,,(GEFS:2019-09-09T00:00:00+00:00:p02:2 - GEFS:2019-09-09T00:00:00+00:00:p02:1) + GEFS:2019-09-09T00:00:00+00:00:p02:4 + GEFS:2019-09-09T00:00:00+00:00:p02:6 + GEFS:2019-09-09T00:00:00+00:00:p02:8 + GEFS:2019-09-09T00:00:00+00:00:p02:9,,,data/manifests/phase1e/2019-09/daily/source_2019090900.json,2da85f1c82d859b24066eaae3b590711da95cd93fd0199637704f52eebce2847
2019090900,2019-09,day2_24h,p02,PASS,,PASS,,1,5,0,,(GEFS:2019-09-09T00:00:00+00:00:p02:10 - GEFS:2019-09-09T00:00:00+00:00:p02:9) + GEFS:2019-09-09T00:00:00+00:00:p02:12 + GEFS:2019-09-09T00:00:00+00:00:p02:14 + GEFS:2019-09-09T00:00:00+00:00:p02:16 + GEFS:2019-09-09T00:00:00+00:00:p02:17,7.105427357601002e-15,1.4630344231211976e-16,data/manifests/phase1e/2019-09/daily/source_2019090900.json,2da85f1c82d859b24066eaae3b590711da95cd93fd0199637704f52eebce2847
2019090900,2019-09,day3_24h,p02,FAIL,ValueError: materially negative reconstructed precipitation for 63--66,PASS,,1,5,0,,(GEFS:2019-09-09T00:00:00+00:00:p02:18 - GEFS:2019-09-09T00:00:00+00:00:p02:17) + GEFS:2019-09-09T00:00:00+00:00:p02:20 + GEFS:2019-09-09T00:00:00+00:00:p02:22 + GEFS:2019-09-09T00:00:00+00:00:p02:24 + GEFS:2019-09-09T00:00:00+00:00:p02:25,,,data/manifests/phase1e/2019-09/daily/source_2019090900.json,2da85f1c82d859b24066eaae3b590711da95cd93fd0199637704f52eebce2847
2019090900,2019-09,day1_24h,p03,FAIL,ValueError: materially negative reconstructed precipitation for 3--6,FAIL,ValueError: negative difference exceeds packing bound for 3--6,,,,,,,,data/manifests/phase1e/2019-09/daily/source_2019090900.json,2da85f1c82d859b24066eaae3b590711da95cd93fd0199637704f52eebce2847
2019090900,2019-09,day2_24h,p03,FAIL,ValueError: materially negative reconstructed precipitation for 39--42,PASS,,1,5,0,,(GEFS:2019-09-09T00:00:00+00:00:p03:10 - GEFS:2019-09-09T00:00:00+00:00:p03:9) + GEFS:2019-09-09T00:00:00+00:00:p03:12 + GEFS:2019-09-09T00:00:00+00:00:p03:14 + GEFS:2019-09-09T00:00:00+00:00:p03:16 + GEFS:2019-09-09T00:00:00+00:00:p03:17,,,data/manifests/phase1e/2019-09/daily/source_2019090900.json,2da85f1c82d859b24066eaae3b590711da95cd93fd0199637704f52eebce2847
2019090900,2019-09,day3_24h,p03,PASS,,PASS,,1,5,0,,(GEFS:2019-09-09T00:00:00+00:00:p03:18 - GEFS:2019-09-09T00:00:00+00:00:p03:17) + GEFS:2019-09-09T00:00:00+00:00:p03:20 + GEFS:2019-09-09T00:00:00+00:00:p03:22 + GEFS:2019-09-09T00:00:00+00:00:p03:24 + GEFS:2019-09-09T00:00:00+00:00:p03:25,1.4210854715202004e-14,1.7113433628228674e-16,data/manifests/phase1e/2019-09/daily/source_2019090900.json,2da85f1c82d859b24066eaae3b590711da95cd93fd0199637704f52eebce2847
2019090900,2019-09,day1_24h,p04,FAIL,ValueError: materially negative reconstructed precipitation for 3--6,FAIL,ValueError: negative difference exceeds packing bound for 3--6,,,,,,,,data/manifests/phase1e/2019-09/daily/source_2019090900.json,2da85f1c82d859b24066eaae3b590711da95cd93fd0199637704f52eebce2847
2019090900,2019-09,day2_24h,p04,FAIL,ValueError: materially negative reconstructed precipitation for 27--30,FAIL,ValueError: negative difference exceeds packing bound for 27--30,,,,,,,,data/manifests/phase1e/2019-09/daily/source_2019090900.json,2da85f1c82d859b24066eaae3b590711da95cd93fd0199637704f52eebce2847
2019090900,2019-09,day3_24h,p04,FAIL,ValueError: materially negative reconstructed precipitation for 57--60,PASS,,1,5,0,,(GEFS:2019-09-09T00:00:00+00:00:p04:18 - GEFS:2019-09-09T00:00:00+00:00:p04:17) + GEFS:2019-09-09T00:00:00+00:00:p04:20 + GEFS:2019-09-09T00:00:00+00:00:p04:22 + GEFS:2019-09-09T00:00:00+00:00:p04:24 + GEFS:2019-09-09T00:00:00+00:00:p04:25,,,data/manifests/phase1e/2019-09/daily/source_2019090900.json,2da85f1c82d859b24066eaae3b590711da95cd93fd0199637704f52eebce2847
2019091000,2019-09,day1_24h,c00,FAIL,ValueError: materially negative reconstructed precipitation for 15--18,PASS,,1,5,0,,(GEFS:2019-09-10T00:00:00+00:00:c00:2 - GEFS:2019-09-10T00:00:00+00:00:c00:1) + GEFS:2019-09-10T00:00:00+00:00:c00:4 + GEFS:2019-09-10T00:00:00+00:00:c00:6 + GEFS:2019-09-10T00:00:00+00:00:c00:8 + GEFS:2019-09-10T00:00:00+00:00:c00:9,,,data/manifests/phase1e/2019-09/daily/source_2019091000.json,530ffbf21f76d8bb38f0c801fc55be42749c3be3ad43d0d705e0e6399be31566
2019091000,2019-09,day2_24h,c00,FAIL,ValueError: materially negative reconstructed precipitation for 27--30,FAIL,ValueError: negative difference exceeds packing bound for 27--30,,,,,,,,data/manifests/phase1e/2019-09/daily/source_2019091000.json,530ffbf21f76d8bb38f0c801fc55be42749c3be3ad43d0d705e0e6399be31566
2019091000,2019-09,day3_24h,c00,FAIL,ValueError: materially negative reconstructed precipitation for 57--60,PASS,,1,5,0,,(GEFS:2019-09-10T00:00:00+00:00:c00:18 - GEFS:2019-09-10T00:00:00+00:00:c00:17) + GEFS:2019-09-10T00:00:00+00:00:c00:20 + GEFS:2019-09-10T00:00:00+00:00:c00:22 + GEFS:2019-09-10T00:00:00+00:00:c00:24 + GEFS:2019-09-10T00:00:00+00:00:c00:25,,,data/manifests/phase1e/2019-09/daily/source_2019091000.json,530ffbf21f76d8bb38f0c801fc55be42749c3be3ad43d0d705e0e6399be31566
2019091000,2019-09,day1_24h,p01,FAIL,ValueError: materially negative reconstructed precipitation for 15--18,PASS,,1,5,0,,(GEFS:2019-09-10T00:00:00+00:00:p01:2 - GEFS:2019-09-10T00:00:00+00:00:p01:1) + GEFS:2019-09-10T00:00:00+00:00:p01:4 + GEFS:2019-09-10T00:00:00+00:00:p01:6 + GEFS:2019-09-10T00:00:00+00:00:p01:8 + GEFS:2019-09-10T00:00:00+00:00:p01:9,,,data/manifests/phase1e/2019-09/daily/source_2019091000.json,530ffbf21f76d8bb38f0c801fc55be42749c3be3ad43d0d705e0e6399be31566
2019091000,2019-09,day2_24h,p01,PASS,,PASS,,1,5,0,,(GEFS:2019-09-10T00:00:00+00:00:p01:10 - GEFS:2019-09-10T00:00:00+00:00:p01:9) + GEFS:2019-09-10T00:00:00+00:00:p01:12 + GEFS:2019-09-10T00:00:00+00:00:p01:14 + GEFS:2019-09-10T00:00:00+00:00:p01:16 + GEFS:2019-09-10T00:00:00+00:00:p01:17,7.105427357601002e-15,2.975314473948592e-16,data/manifests/phase1e/2019-09/daily/source_2019091000.json,530ffbf21f76d8bb38f0c801fc55be42749c3be3ad43d0d705e0e6399be31566
2019091000,2019-09,day3_24h,p01,FAIL,ValueError: materially negative reconstructed precipitation for 69--72,PASS,,1,5,0,,(GEFS:2019-09-10T00:00:00+00:00:p01:18 - GEFS:2019-09-10T00:00:00+00:00:p01:17) + GEFS:2019-09-10T00:00:00+00:00:p01:20 + GEFS:2019-09-10T00:00:00+00:00:p01:22 + GEFS:2019-09-10T00:00:00+00:00:p01:24 + GEFS:2019-09-10T00:00:00+00:00:p01:25,,,data/manifests/phase1e/2019-09/daily/source_2019091000.json,530ffbf21f76d8bb38f0c801fc55be42749c3be3ad43d0d705e0e6399be31566
2019091000,2019-09,day1_24h,p02,PASS,,PASS,,1,5,0,,(GEFS:2019-09-10T00:00:00+00:00:p02:2 - GEFS:2019-09-10T00:00:00+00:00:p02:1) + GEFS:2019-09-10T00:00:00+00:00:p02:4 + GEFS:2019-09-10T00:00:00+00:00:p02:6 + GEFS:2019-09-10T00:00:00+00:00:p02:8 + GEFS:2019-09-10T00:00:00+00:00:p02:9,5.684341886080802e-14,1.0044258451023594e-15,data/manifests/phase1e/2019-09/daily/source_2019091000.json,530ffbf21f76d8bb38f0c801fc55be42749c3be3ad43d0d705e0e6399be31566
2019091000,2019-09,day2_24h,p02,FAIL,ValueError: materially negative reconstructed precipitation for 45--48,PASS,,1,5,0,,(GEFS:2019-09-10T00:00:00+00:00:p02:10 - GEFS:2019-09-10T00:00:00+00:00:p02:9) + GEFS:2019-09-10T00:00:00+00:00:p02:12 + GEFS:2019-09-10T00:00:00+00:00:p02:14 + GEFS:2019-09-10T00:00:00+00:00:p02:16 + GEFS:2019-09-10T00:00:00+00:00:p02:17,,,data/manifests/phase1e/2019-09/daily/source_2019091000.json,530ffbf21f76d8bb38f0c801fc55be42749c3be3ad43d0d705e0e6399be31566
2019091000,2019-09,day3_24h,p02,PASS,,PASS,,1,5,112,-0.05,(GEFS:2019-09-10T00:00:00+00:00:p02:18 - GEFS:2019-09-10T00:00:00+00:00:p02:17) + GEFS:2019-09-10T00:00:00+00:00:p02:20 + GEFS:2019-09-10T00:00:00+00:00:p02:22 + GEFS:2019-09-10T00:00:00+00:00:p02:24 + GEFS:2019-09-10T00:00:00+00:00:p02:25,1.4210854715202004e-14,4.698680243535413e-16,data/manifests/phase1e/2019-09/daily/source_2019091000.json,530ffbf21f76d8bb38f0c801fc55be42749c3be3ad43d0d705e0e6399be31566
2019091000,2019-09,day1_24h,p03,FAIL,ValueError: materially negative reconstructed precipitation for 3--6,FAIL,ValueError: negative difference exceeds packing bound for 3--6,,,,,,,,data/manifests/phase1e/2019-09/daily/source_2019091000.json,530ffbf21f76d8bb38f0c801fc55be42749c3be3ad43d0d705e0e6399be31566
2019091000,2019-09,day2_24h,p03,FAIL,ValueError: materially negative reconstructed precipitation for 27--30,FAIL,ValueError: negative difference exceeds packing bound for 27--30,,,,,,,,data/manifests/phase1e/2019-09/daily/source_2019091000.json,530ffbf21f76d8bb38f0c801fc55be42749c3be3ad43d0d705e0e6399be31566
2019091000,2019-09,day3_24h,p03,PASS,,PASS,,1,5,0,,(GEFS:2019-09-10T00:00:00+00:00:p03:18 - GEFS:2019-09-10T00:00:00+00:00:p03:17) + GEFS:2019-09-10T00:00:00+00:00:p03:20 + GEFS:2019-09-10T00:00:00+00:00:p03:22 + GEFS:2019-09-10T00:00:00+00:00:p03:24 + GEFS:2019-09-10T00:00:00+00:00:p03:25,7.105427357601002e-15,2.295817291655103e-16,data/manifests/phase1e/2019-09/daily/source_2019091000.json,530ffbf21f76d8bb38f0c801fc55be42749c3be3ad43d0d705e0e6399be31566
2019091000,2019-09,day1_24h,p04,FAIL,ValueError: materially negative reconstructed precipitation for 3--6,FAIL,ValueError: negative difference exceeds packing bound for 3--6,,,,,,,,data/manifests/phase1e/2019-09/daily/source_2019091000.json,530ffbf21f76d8bb38f0c801fc55be42749c3be3ad43d0d705e0e6399be31566
2019091000,2019-09,day2_24h,p04,FAIL,ValueError: materially negative reconstructed precipitation for 33--36,PASS,,1,5,0,,(GEFS:2019-09-10T00:00:00+00:00:p04:10 - GEFS:2019-09-10T00:00:00+00:00:p04:9) + GEFS:2019-09-10T00:00:00+00:00:p04:12 + GEFS:2019-09-10T00:00:00+00:00:p04:14 + GEFS:2019-09-10T00:00:00+00:00:p04:16 + GEFS:2019-09-10T00:00:00+00:00:p04:17,,,data/manifests/phase1e/2019-09/daily/source_2019091000.json,530ffbf21f76d8bb38f0c801fc55be42749c3be3ad43d0d705e0e6399be31566
2019091000,2019-09,day3_24h,p04,FAIL,ValueError: materially negative reconstructed precipitation for 51--54,FAIL,ValueError: negative difference exceeds packing bound for 51--54,,,,,,,,data/manifests/phase1e/2019-09/daily/source_2019091000.json,530ffbf21f76d8bb38f0c801fc55be42749c3be3ad43d0d705e0e6399be31566
2019091100,2019-09,day1_24h,c00,FAIL,ValueError: materially negative reconstructed precipitation for 9--12,PASS,,1,5,0,,(GEFS:2019-09-11T00:00:00+00:00:c00:2 - GEFS:2019-09-11T00:00:00+00:00:c00:1) + GEFS:2019-09-11T00:00:00+00:00:c00:4 + GEFS:2019-09-11T00:00:00+00:00:c00:6 + GEFS:2019-09-11T00:00:00+00:00:c00:8 + GEFS:2019-09-11T00:00:00+00:00:c00:9,,,data/manifests/phase1e/2019-09/daily/source_2019091100.json,607cf18947b981b2d69d8270b81b3076952ae2e0d5eaa97579c4a8f4d5b21bf3
2019091100,2019-09,day2_24h,c00,FAIL,ValueError: materially negative reconstructed precipitation for 33--36,PASS,,1,5,0,,(GEFS:2019-09-11T00:00:00+00:00:c00:10 - GEFS:2019-09-11T00:00:00+00:00:c00:9) + GEFS:2019-09-11T00:00:00+00:00:c00:12 + GEFS:2019-09-11T00:00:00+00:00:c00:14 + GEFS:2019-09-11T00:00:00+00:00:c00:16 + GEFS:2019-09-11T00:00:00+00:00:c00:17,,,data/manifests/phase1e/2019-09/daily/source_2019091100.json,607cf18947b981b2d69d8270b81b3076952ae2e0d5eaa97579c4a8f4d5b21bf3
2019091100,2019-09,day3_24h,c00,FAIL,ValueError: materially negative reconstructed precipitation for 57--60,PASS,,1,5,0,,(GEFS:2019-09-11T00:00:00+00:00:c00:18 - GEFS:2019-09-11T00:00:00+00:00:c00:17) + GEFS:2019-09-11T00:00:00+00:00:c00:20 + GEFS:2019-09-11T00:00:00+00:00:c00:22 + GEFS:2019-09-11T00:00:00+00:00:c00:24 + GEFS:2019-09-11T00:00:00+00:00:c00:25,,,data/manifests/phase1e/2019-09/daily/source_2019091100.json,607cf18947b981b2d69d8270b81b3076952ae2e0d5eaa97579c4a8f4d5b21bf3
2019091100,2019-09,day1_24h,p01,FAIL,ValueError: materially negative reconstructed precipitation for 3--6,FAIL,ValueError: negative difference exceeds packing bound for 3--6,,,,,,,,data/manifests/phase1e/2019-09/daily/source_2019091100.json,607cf18947b981b2d69d8270b81b3076952ae2e0d5eaa97579c4a8f4d5b21bf3
2019091100,2019-09,day2_24h,p01,PASS,,PASS,,1,5,0,,(GEFS:2019-09-11T00:00:00+00:00:p01:10 - GEFS:2019-09-11T00:00:00+00:00:p01:9) + GEFS:2019-09-11T00:00:00+00:00:p01:12 + GEFS:2019-09-11T00:00:00+00:00:p01:14 + GEFS:2019-09-11T00:00:00+00:00:p01:16 + GEFS:2019-09-11T00:00:00+00:00:p01:17,1.4210854715202004e-14,3.6266052403728043e-16,data/manifests/phase1e/2019-09/daily/source_2019091100.json,607cf18947b981b2d69d8270b81b3076952ae2e0d5eaa97579c4a8f4d5b21bf3
2019091100,2019-09,day3_24h,p01,FAIL,ValueError: materially negative reconstructed precipitation for 57--60,PASS,,1,5,0,,(GEFS:2019-09-11T00:00:00+00:00:p01:18 - GEFS:2019-09-11T00:00:00+00:00:p01:17) + GEFS:2019-09-11T00:00:00+00:00:p01:20 + GEFS:2019-09-11T00:00:00+00:00:p01:22 + GEFS:2019-09-11T00:00:00+00:00:p01:24 + GEFS:2019-09-11T00:00:00+00:00:p01:25,,,data/manifests/phase1e/2019-09/daily/source_2019091100.json,607cf18947b981b2d69d8270b81b3076952ae2e0d5eaa97579c4a8f4d5b21bf3
2019091100,2019-09,day1_24h,p02,FAIL,ValueError: materially negative reconstructed precipitation for 3--6,FAIL,ValueError: negative difference exceeds packing bound for 3--6,,,,,,,,data/manifests/phase1e/2019-09/daily/source_2019091100.json,607cf18947b981b2d69d8270b81b3076952ae2e0d5eaa97579c4a8f4d5b21bf3
2019091100,2019-09,day2_24h,p02,FAIL,ValueError: materially negative reconstructed precipitation for 27--30,FAIL,ValueError: negative difference exceeds packing bound for 27--30,,,,,,,,data/manifests/phase1e/2019-09/daily/source_2019091100.json,607cf18947b981b2d69d8270b81b3076952ae2e0d5eaa97579c4a8f4d5b21bf3
2019091100,2019-09,day3_24h,p02,FAIL,ValueError: materially negative reconstructed precipitation for 51--54,FAIL,ValueError: negative difference exceeds packing bound for 51--54,,,,,,,,data/manifests/phase1e/2019-09/daily/source_2019091100.json,607cf18947b981b2d69d8270b81b3076952ae2e0d5eaa97579c4a8f4d5b21bf3
2019091100,2019-09,day1_24h,p03,FAIL,ValueError: materially negative reconstructed precipitation for 3--6,FAIL,ValueError: negative difference exceeds packing bound for 3--6,,,,,,,,data/manifests/phase1e/2019-09/daily/source_2019091100.json,607cf18947b981b2d69d8270b81b3076952ae2e0d5eaa97579c4a8f4d5b21bf3
2019091100,2019-09,day2_24h,p03,FAIL,ValueError: materially negative reconstructed precipitation for 39--42,PASS,,1,5,0,,(GEFS:2019-09-11T00:00:00+00:00:p03:10 - GEFS:2019-09-11T00:00:00+00:00:p03:9) + GEFS:2019-09-11T00:00:00+00:00:p03:12 + GEFS:2019-09-11T00:00:00+00:00:p03:14 + GEFS:2019-09-11T00:00:00+00:00:p03:16 + GEFS:2019-09-11T00:00:00+00:00:p03:17,,,data/manifests/phase1e/2019-09/daily/source_2019091100.json,607cf18947b981b2d69d8270b81b3076952ae2e0d5eaa97579c4a8f4d5b21bf3
2019091100,2019-09,day3_24h,p03,FAIL,ValueError: materially negative reconstructed precipitation for 51--54,FAIL,ValueError: negative difference exceeds packing bound for 51--54,,,,,,,,data/manifests/phase1e/2019-09/daily/source_2019091100.json,607cf18947b981b2d69d8270b81b3076952ae2e0d5eaa97579c4a8f4d5b21bf3
2019091100,2019-09,day1_24h,p04,FAIL,ValueError: materially negative reconstructed precipitation for 3--6,FAIL,ValueError: negative difference exceeds packing bound for 3--6,,,,,,,,data/manifests/phase1e/2019-09/daily/source_2019091100.json,607cf18947b981b2d69d8270b81b3076952ae2e0d5eaa97579c4a8f4d5b21bf3
2019091100,2019-09,day2_24h,p04,PASS,,PASS,,1,5,0,,(GEFS:2019-09-11T00:00:00+00:00:p04:10 - GEFS:2019-09-11T00:00:00+00:00:p04:9) + GEFS:2019-09-11T00:00:00+00:00:p04:12 + GEFS:2019-09-11T00:00:00+00:00:p04:14 + GEFS:2019-09-11T00:00:00+00:00:p04:16 + GEFS:2019-09-11T00:00:00+00:00:p04:17,2.842170943040401e-14,5.799655262957528e-16,data/manifests/phase1e/2019-09/daily/source_2019091100.json,607cf18947b981b2d69d8270b81b3076952ae2e0d5eaa97579c4a8f4d5b21bf3
2019091100,2019-09,day3_24h,p04,PASS,,PASS,,1,5,0,,(GEFS:2019-09-11T00:00:00+00:00:p04:18 - GEFS:2019-09-11T00:00:00+00:00:p04:17) + GEFS:2019-09-11T00:00:00+00:00:p04:20 + GEFS:2019-09-11T00:00:00+00:00:p04:22 + GEFS:2019-09-11T00:00:00+00:00:p04:24 + GEFS:2019-09-11T00:00:00+00:00:p04:25,7.105427357601002e-15,2.6523278922323604e-16,data/manifests/phase1e/2019-09/daily/source_2019091100.json,607cf18947b981b2d69d8270b81b3076952ae2e0d5eaa97579c4a8f4d5b21bf3
2019091200,2019-09,day1_24h,c00,FAIL,ValueError: materially negative reconstructed precipitation for 9--12,PASS,,1,5,0,,(GEFS:2019-09-12T00:00:00+00:00:c00:2 - GEFS:2019-09-12T00:00:00+00:00:c00:1) + GEFS:2019-09-12T00:00:00+00:00:c00:4 + GEFS:2019-09-12T00:00:00+00:00:c00:6 + GEFS:2019-09-12T00:00:00+00:00:c00:8 + GEFS:2019-09-12T00:00:00+00:00:c00:9,,,data/manifests/phase1e/2019-09/daily/source_2019091200.json,4a902e0fa28bb568a16c7b0f241ccb913dda612a056604623890ee495b899ce4
2019091200,2019-09,day2_24h,c00,FAIL,ValueError: materially negative reconstructed precipitation for 27--30,FAIL,ValueError: negative difference exceeds packing bound for 27--30,,,,,,,,data/manifests/phase1e/2019-09/daily/source_2019091200.json,4a902e0fa28bb568a16c7b0f241ccb913dda612a056604623890ee495b899ce4
2019091200,2019-09,day3_24h,c00,FAIL,ValueError: materially negative reconstructed precipitation for 51--54,FAIL,ValueError: negative difference exceeds packing bound for 51--54,,,,,,,,data/manifests/phase1e/2019-09/daily/source_2019091200.json,4a902e0fa28bb568a16c7b0f241ccb913dda612a056604623890ee495b899ce4
2019091200,2019-09,day1_24h,p01,PASS,,PASS,,1,5,43,-0.050000000000000044,(GEFS:2019-09-12T00:00:00+00:00:p01:2 - GEFS:2019-09-12T00:00:00+00:00:p01:1) + GEFS:2019-09-12T00:00:00+00:00:p01:4 + GEFS:2019-09-12T00:00:00+00:00:p01:6 + GEFS:2019-09-12T00:00:00+00:00:p01:8 + GEFS:2019-09-12T00:00:00+00:00:p01:9,1.4210854715202004e-14,3.585451617219269e-16,data/manifests/phase1e/2019-09/daily/source_2019091200.json,4a902e0fa28bb568a16c7b0f241ccb913dda612a056604623890ee495b899ce4
2019091200,2019-09,day2_24h,p01,PASS,,PASS,,1,5,0,,(GEFS:2019-09-12T00:00:00+00:00:p01:10 - GEFS:2019-09-12T00:00:00+00:00:p01:9) + GEFS:2019-09-12T00:00:00+00:00:p01:12 + GEFS:2019-09-12T00:00:00+00:00:p01:14 + GEFS:2019-09-12T00:00:00+00:00:p01:16 + GEFS:2019-09-12T00:00:00+00:00:p01:17,1.4210854715202004e-14,2.7612231534981767e-16,data/manifests/phase1e/2019-09/daily/source_2019091200.json,4a902e0fa28bb568a16c7b0f241ccb913dda612a056604623890ee495b899ce4
2019091200,2019-09,day3_24h,p01,PASS,,PASS,,1,5,0,,(GEFS:2019-09-12T00:00:00+00:00:p01:18 - GEFS:2019-09-12T00:00:00+00:00:p01:17) + GEFS:2019-09-12T00:00:00+00:00:p01:20 + GEFS:2019-09-12T00:00:00+00:00:p01:22 + GEFS:2019-09-12T00:00:00+00:00:p01:24 + GEFS:2019-09-12T00:00:00+00:00:p01:25,7.105427357601002e-15,2.210273243526967e-16,data/manifests/phase1e/2019-09/daily/source_2019091200.json,4a902e0fa28bb568a16c7b0f241ccb913dda612a056604623890ee495b899ce4
2019091200,2019-09,day1_24h,p02,FAIL,ValueError: materially negative reconstructed precipitation for 9--12,PASS,,1,5,0,,(GEFS:2019-09-12T00:00:00+00:00:p02:2 - GEFS:2019-09-12T00:00:00+00:00:p02:1) + GEFS:2019-09-12T00:00:00+00:00:p02:4 + GEFS:2019-09-12T00:00:00+00:00:p02:6 + GEFS:2019-09-12T00:00:00+00:00:p02:8 + GEFS:2019-09-12T00:00:00+00:00:p02:9,,,data/manifests/phase1e/2019-09/daily/source_2019091200.json,4a902e0fa28bb568a16c7b0f241ccb913dda612a056604623890ee495b899ce4
2019091200,2019-09,day2_24h,p02,PASS,,PASS,,1,5,0,,(GEFS:2019-09-12T00:00:00+00:00:p02:10 - GEFS:2019-09-12T00:00:00+00:00:p02:9) + GEFS:2019-09-12T00:00:00+00:00:p02:12 + GEFS:2019-09-12T00:00:00+00:00:p02:14 + GEFS:2019-09-12T00:00:00+00:00:p02:16 + GEFS:2019-09-12T00:00:00+00:00:p02:17,2.842170943040401e-14,4.4339560945983446e-16,data/manifests/phase1e/2019-09/daily/source_2019091200.json,4a902e0fa28bb568a16c7b0f241ccb913dda612a056604623890ee495b899ce4
2019091200,2019-09,day3_24h,p02,PASS,,PASS,,1,5,0,,(GEFS:2019-09-12T00:00:00+00:00:p02:18 - GEFS:2019-09-12T00:00:00+00:00:p02:17) + GEFS:2019-09-12T00:00:00+00:00:p02:20 + GEFS:2019-09-12T00:00:00+00:00:p02:22 + GEFS:2019-09-12T00:00:00+00:00:p02:24 + GEFS:2019-09-12T00:00:00+00:00:p02:25,7.105427357601002e-15,3.9648510306740547e-16,data/manifests/phase1e/2019-09/daily/source_2019091200.json,4a902e0fa28bb568a16c7b0f241ccb913dda612a056604623890ee495b899ce4
2019091200,2019-09,day1_24h,p03,FAIL,ValueError: materially negative reconstructed precipitation for 15--18,PASS,,1,5,0,,(GEFS:2019-09-12T00:00:00+00:00:p03:2 - GEFS:2019-09-12T00:00:00+00:00:p03:1) + GEFS:2019-09-12T00:00:00+00:00:p03:4 + GEFS:2019-09-12T00:00:00+00:00:p03:6 + GEFS:2019-09-12T00:00:00+00:00:p03:8 + GEFS:2019-09-12T00:00:00+00:00:p03:9,,,data/manifests/phase1e/2019-09/daily/source_2019091200.json,4a902e0fa28bb568a16c7b0f241ccb913dda612a056604623890ee495b899ce4
2019091200,2019-09,day2_24h,p03,FAIL,ValueError: materially negative reconstructed precipitation for 27--30,FAIL,ValueError: negative difference exceeds packing bound for 27--30,,,,,,,,data/manifests/phase1e/2019-09/daily/source_2019091200.json,4a902e0fa28bb568a16c7b0f241ccb913dda612a056604623890ee495b899ce4
2019091200,2019-09,day3_24h,p03,FAIL,ValueError: materially negative reconstructed precipitation for 57--60,PASS,,1,5,0,,(GEFS:2019-09-12T00:00:00+00:00:p03:18 - GEFS:2019-09-12T00:00:00+00:00:p03:17) + GEFS:2019-09-12T00:00:00+00:00:p03:20 + GEFS:2019-09-12T00:00:00+00:00:p03:22 + GEFS:2019-09-12T00:00:00+00:00:p03:24 + GEFS:2019-09-12T00:00:00+00:00:p03:25,,,data/manifests/phase1e/2019-09/daily/source_2019091200.json,4a902e0fa28bb568a16c7b0f241ccb913dda612a056604623890ee495b899ce4
2019091200,2019-09,day1_24h,p04,PASS,,PASS,,1,5,0,,(GEFS:2019-09-12T00:00:00+00:00:p04:2 - GEFS:2019-09-12T00:00:00+00:00:p04:1) + GEFS:2019-09-12T00:00:00+00:00:p04:4 + GEFS:2019-09-12T00:00:00+00:00:p04:6 + GEFS:2019-09-12T00:00:00+00:00:p04:8 + GEFS:2019-09-12T00:00:00+00:00:p04:9,1.4210854715202004e-14,3.9197670053092263e-16,data/manifests/phase1e/2019-09/daily/source_2019091200.json,4a902e0fa28bb568a16c7b0f241ccb913dda612a056604623890ee495b899ce4
2019091200,2019-09,day2_24h,p04,PASS,,PASS,,1,5,0,,(GEFS:2019-09-12T00:00:00+00:00:p04:10 - GEFS:2019-09-12T00:00:00+00:00:p04:9) + GEFS:2019-09-12T00:00:00+00:00:p04:12 + GEFS:2019-09-12T00:00:00+00:00:p04:14 + GEFS:2019-09-12T00:00:00+00:00:p04:16 + GEFS:2019-09-12T00:00:00+00:00:p04:17,1.4210854715202004e-14,3.950285422479264e-16,data/manifests/phase1e/2019-09/daily/source_2019091200.json,4a902e0fa28bb568a16c7b0f241ccb913dda612a056604623890ee495b899ce4
2019091200,2019-09,day3_24h,p04,FAIL,ValueError: materially negative reconstructed precipitation for 69--72,PASS,,1,5,0,,(GEFS:2019-09-12T00:00:00+00:00:p04:18 - GEFS:2019-09-12T00:00:00+00:00:p04:17) + GEFS:2019-09-12T00:00:00+00:00:p04:20 + GEFS:2019-09-12T00:00:00+00:00:p04:22 + GEFS:2019-09-12T00:00:00+00:00:p04:24 + GEFS:2019-09-12T00:00:00+00:00:p04:25,,,data/manifests/phase1e/2019-09/daily/source_2019091200.json,4a902e0fa28bb568a16c7b0f241ccb913dda612a056604623890ee495b899ce4
2019091300,2019-09,day1_24h,c00,PASS,,PASS,,1,5,0,,(GEFS:2019-09-13T00:00:00+00:00:c00:2 - GEFS:2019-09-13T00:00:00+00:00:c00:1) + GEFS:2019-09-13T00:00:00+00:00:c00:4 + GEFS:2019-09-13T00:00:00+00:00:c00:6 + GEFS:2019-09-13T00:00:00+00:00:c00:8 + GEFS:2019-09-13T00:00:00+00:00:c00:9,1.4210854715202004e-14,2.5115270130160507e-16,data/manifests/phase1e/2019-09/daily/source_2019091300.json,87b67557d9c76d30352eb2abef51851c4c7da48edcfb96aa14a3c87128d64586
2019091300,2019-09,day2_24h,c00,PASS,,PASS,,1,5,0,,(GEFS:2019-09-13T00:00:00+00:00:c00:10 - GEFS:2019-09-13T00:00:00+00:00:c00:9) + GEFS:2019-09-13T00:00:00+00:00:c00:12 + GEFS:2019-09-13T00:00:00+00:00:c00:14 + GEFS:2019-09-13T00:00:00+00:00:c00:16 + GEFS:2019-09-13T00:00:00+00:00:c00:17,7.105427357601002e-15,2.370032533409513e-16,data/manifests/phase1e/2019-09/daily/source_2019091300.json,87b67557d9c76d30352eb2abef51851c4c7da48edcfb96aa14a3c87128d64586
2019091300,2019-09,day3_24h,c00,FAIL,ValueError: materially negative reconstructed precipitation for 63--66,PASS,,1,5,0,,(GEFS:2019-09-13T00:00:00+00:00:c00:18 - GEFS:2019-09-13T00:00:00+00:00:c00:17) + GEFS:2019-09-13T00:00:00+00:00:c00:20 + GEFS:2019-09-13T00:00:00+00:00:c00:22 + GEFS:2019-09-13T00:00:00+00:00:c00:24 + GEFS:2019-09-13T00:00:00+00:00:c00:25,,,data/manifests/phase1e/2019-09/daily/source_2019091300.json,87b67557d9c76d30352eb2abef51851c4c7da48edcfb96aa14a3c87128d64586
2019091300,2019-09,day1_24h,p01,PASS,,PASS,,1,5,0,,(GEFS:2019-09-13T00:00:00+00:00:p01:2 - GEFS:2019-09-13T00:00:00+00:00:p01:1) + GEFS:2019-09-13T00:00:00+00:00:p01:4 + GEFS:2019-09-13T00:00:00+00:00:p01:6 + GEFS:2019-09-13T00:00:00+00:00:p01:8 + GEFS:2019-09-13T00:00:00+00:00:p01:9,2.842170943040401e-14,2.512451813536355e-16,data/manifests/phase1e/2019-09/daily/source_2019091300.json,87b67557d9c76d30352eb2abef51851c4c7da48edcfb96aa14a3c87128d64586
2019091300,2019-09,day2_24h,p01,FAIL,ValueError: materially negative reconstructed precipitation for 33--36,PASS,,1,5,0,,(GEFS:2019-09-13T00:00:00+00:00:p01:10 - GEFS:2019-09-13T00:00:00+00:00:p01:9) + GEFS:2019-09-13T00:00:00+00:00:p01:12 + GEFS:2019-09-13T00:00:00+00:00:p01:14 + GEFS:2019-09-13T00:00:00+00:00:p01:16 + GEFS:2019-09-13T00:00:00+00:00:p01:17,,,data/manifests/phase1e/2019-09/daily/source_2019091300.json,87b67557d9c76d30352eb2abef51851c4c7da48edcfb96aa14a3c87128d64586
2019091300,2019-09,day3_24h,p01,PASS,,PASS,,1,5,0,,(GEFS:2019-09-13T00:00:00+00:00:p01:18 - GEFS:2019-09-13T00:00:00+00:00:p01:17) + GEFS:2019-09-13T00:00:00+00:00:p01:20 + GEFS:2019-09-13T00:00:00+00:00:p01:22 + GEFS:2019-09-13T00:00:00+00:00:p01:24 + GEFS:2019-09-13T00:00:00+00:00:p01:25,1.0658141036401503e-14,2.2988228933460917e-16,data/manifests/phase1e/2019-09/daily/source_2019091300.json,87b67557d9c76d30352eb2abef51851c4c7da48edcfb96aa14a3c87128d64586
2019091300,2019-09,day1_24h,p02,PASS,,PASS,,1,5,0,,(GEFS:2019-09-13T00:00:00+00:00:p02:2 - GEFS:2019-09-13T00:00:00+00:00:p02:1) + GEFS:2019-09-13T00:00:00+00:00:p02:4 + GEFS:2019-09-13T00:00:00+00:00:p02:6 + GEFS:2019-09-13T00:00:00+00:00:p02:8 + GEFS:2019-09-13T00:00:00+00:00:p02:9,2.842170943040401e-14,4.409217680680208e-16,data/manifests/phase1e/2019-09/daily/source_2019091300.json,87b67557d9c76d30352eb2abef51851c4c7da48edcfb96aa14a3c87128d64586
2019091300,2019-09,day2_24h,p02,PASS,,PASS,,1,5,0,,(GEFS:2019-09-13T00:00:00+00:00:p02:10 - GEFS:2019-09-13T00:00:00+00:00:p02:9) + GEFS:2019-09-13T00:00:00+00:00:p02:12 + GEFS:2019-09-13T00:00:00+00:00:p02:14 + GEFS:2019-09-13T00:00:00+00:00:p02:16 + GEFS:2019-09-13T00:00:00+00:00:p02:17,7.105427357601002e-15,2.2169780472991723e-16,data/manifests/phase1e/2019-09/daily/source_2019091300.json,87b67557d9c76d30352eb2abef51851c4c7da48edcfb96aa14a3c87128d64586
2019091300,2019-09,day3_24h,p02,PASS,,PASS,,1,5,0,,(GEFS:2019-09-13T00:00:00+00:00:p02:18 - GEFS:2019-09-13T00:00:00+00:00:p02:17) + GEFS:2019-09-13T00:00:00+00:00:p02:20 + GEFS:2019-09-13T00:00:00+00:00:p02:22 + GEFS:2019-09-13T00:00:00+00:00:p02:24 + GEFS:2019-09-13T00:00:00+00:00:p02:25,7.105427357601002e-15,2.248421264989514e-16,data/manifests/phase1e/2019-09/daily/source_2019091300.json,87b67557d9c76d30352eb2abef51851c4c7da48edcfb96aa14a3c87128d64586
2019091300,2019-09,day1_24h,p03,FAIL,ValueError: materially negative reconstructed precipitation for 9--12,PASS,,1,5,38,-0.04999999999999999,(GEFS:2019-09-13T00:00:00+00:00:p03:2 - GEFS:2019-09-13T00:00:00+00:00:p03:1) + GEFS:2019-09-13T00:00:00+00:00:p03:4 + GEFS:2019-09-13T00:00:00+00:00:p03:6 + GEFS:2019-09-13T00:00:00+00:00:p03:8 + GEFS:2019-09-13T00:00:00+00:00:p03:9,,,data/manifests/phase1e/2019-09/daily/source_2019091300.json,87b67557d9c76d30352eb2abef51851c4c7da48edcfb96aa14a3c87128d64586
2019091300,2019-09,day2_24h,p03,PASS,,PASS,,1,5,0,,(GEFS:2019-09-13T00:00:00+00:00:p03:10 - GEFS:2019-09-13T00:00:00+00:00:p03:9) + GEFS:2019-09-13T00:00:00+00:00:p03:12 + GEFS:2019-09-13T00:00:00+00:00:p03:14 + GEFS:2019-09-13T00:00:00+00:00:p03:16 + GEFS:2019-09-13T00:00:00+00:00:p03:17,7.105427357601002e-15,1.5770160872486865e-16,data/manifests/phase1e/2019-09/daily/source_2019091300.json,87b67557d9c76d30352eb2abef51851c4c7da48edcfb96aa14a3c87128d64586
2019091300,2019-09,day3_24h,p03,PASS,,PASS,,1,5,0,,(GEFS:2019-09-13T00:00:00+00:00:p03:18 - GEFS:2019-09-13T00:00:00+00:00:p03:17) + GEFS:2019-09-13T00:00:00+00:00:p03:20 + GEFS:2019-09-13T00:00:00+00:00:p03:22 + GEFS:2019-09-13T00:00:00+00:00:p03:24 + GEFS:2019-09-13T00:00:00+00:00:p03:25,3.552713678800501e-15,1.0845598101867158e-16,data/manifests/phase1e/2019-09/daily/source_2019091300.json,87b67557d9c76d30352eb2abef51851c4c7da48edcfb96aa14a3c87128d64586
2019091300,2019-09,day1_24h,p04,PASS,,PASS,,1,5,0,,(GEFS:2019-09-13T00:00:00+00:00:p04:2 - GEFS:2019-09-13T00:00:00+00:00:p04:1) + GEFS:2019-09-13T00:00:00+00:00:p04:4 + GEFS:2019-09-13T00:00:00+00:00:p04:6 + GEFS:2019-09-13T00:00:00+00:00:p04:8 + GEFS:2019-09-13T00:00:00+00:00:p04:9,1.4210854715202004e-14,2.057681157676779e-16,data/manifests/phase1e/2019-09/daily/source_2019091300.json,87b67557d9c76d30352eb2abef51851c4c7da48edcfb96aa14a3c87128d64586
2019091300,2019-09,day2_24h,p04,PASS,,PASS,,1,5,0,,(GEFS:2019-09-13T00:00:00+00:00:p04:10 - GEFS:2019-09-13T00:00:00+00:00:p04:9) + GEFS:2019-09-13T00:00:00+00:00:p04:12 + GEFS:2019-09-13T00:00:00+00:00:p04:14 + GEFS:2019-09-13T00:00:00+00:00:p04:16 + GEFS:2019-09-13T00:00:00+00:00:p04:17,7.105427357601002e-15,1.6209441119631346e-16,data/manifests/phase1e/2019-09/daily/source_2019091300.json,87b67557d9c76d30352eb2abef51851c4c7da48edcfb96aa14a3c87128d64586
2019091300,2019-09,day3_24h,p04,PASS,,PASS,,1,5,0,,(GEFS:2019-09-13T00:00:00+00:00:p04:18 - GEFS:2019-09-13T00:00:00+00:00:p04:17) + GEFS:2019-09-13T00:00:00+00:00:p04:20 + GEFS:2019-09-13T00:00:00+00:00:p04:22 + GEFS:2019-09-13T00:00:00+00:00:p04:24 + GEFS:2019-09-13T00:00:00+00:00:p04:25,7.105427357601002e-15,2.1321275995612648e-16,data/manifests/phase1e/2019-09/daily/source_2019091300.json,87b67557d9c76d30352eb2abef51851c4c7da48edcfb96aa14a3c87128d64586
2019091400,2019-09,day1_24h,c00,FAIL,ValueError: materially negative reconstructed precipitation for 21--24,PASS,,1,5,0,,(GEFS:2019-09-14T00:00:00+00:00:c00:2 - GEFS:2019-09-14T00:00:00+00:00:c00:1) + GEFS:2019-09-14T00:00:00+00:00:c00:4 + GEFS:2019-09-14T00:00:00+00:00:c00:6 + GEFS:2019-09-14T00:00:00+00:00:c00:8 + GEFS:2019-09-14T00:00:00+00:00:c00:9,,,data/manifests/phase1e/2019-09/daily/source_2019091400.json,c5d5340c0852771b84f13fbc7eb72316d6fb8cdcb9e275c23e787ed9a41d7e4f
2019091400,2019-09,day2_24h,c00,FAIL,ValueError: materially negative reconstructed precipitation for 33--36,PASS,,1,5,0,,(GEFS:2019-09-14T00:00:00+00:00:c00:10 - GEFS:2019-09-14T00:00:00+00:00:c00:9) + GEFS:2019-09-14T00:00:00+00:00:c00:12 + GEFS:2019-09-14T00:00:00+00:00:c00:14 + GEFS:2019-09-14T00:00:00+00:00:c00:16 + GEFS:2019-09-14T00:00:00+00:00:c00:17,,,data/manifests/phase1e/2019-09/daily/source_2019091400.json,c5d5340c0852771b84f13fbc7eb72316d6fb8cdcb9e275c23e787ed9a41d7e4f
2019091400,2019-09,day3_24h,c00,PASS,,PASS,,1,5,0,,(GEFS:2019-09-14T00:00:00+00:00:c00:18 - GEFS:2019-09-14T00:00:00+00:00:c00:17) + GEFS:2019-09-14T00:00:00+00:00:c00:20 + GEFS:2019-09-14T00:00:00+00:00:c00:22 + GEFS:2019-09-14T00:00:00+00:00:c00:24 + GEFS:2019-09-14T00:00:00+00:00:c00:25,7.105427357601002e-15,2.0551379562459427e-16,data/manifests/phase1e/2019-09/daily/source_2019091400.json,c5d5340c0852771b84f13fbc7eb72316d6fb8cdcb9e275c23e787ed9a41d7e4f
2019091400,2019-09,day1_24h,p01,PASS,,PASS,,1,5,0,,(GEFS:2019-09-14T00:00:00+00:00:p01:2 - GEFS:2019-09-14T00:00:00+00:00:p01:1) + GEFS:2019-09-14T00:00:00+00:00:p01:4 + GEFS:2019-09-14T00:00:00+00:00:p01:6 + GEFS:2019-09-14T00:00:00+00:00:p01:8 + GEFS:2019-09-14T00:00:00+00:00:p01:9,7.105427357601002e-15,1.948323496150811e-16,data/manifests/phase1e/2019-09/daily/source_2019091400.json,c5d5340c0852771b84f13fbc7eb72316d6fb8cdcb9e275c23e787ed9a41d7e4f
2019091400,2019-09,day2_24h,p01,PASS,,PASS,,1,5,0,,(GEFS:2019-09-14T00:00:00+00:00:p01:10 - GEFS:2019-09-14T00:00:00+00:00:p01:9) + GEFS:2019-09-14T00:00:00+00:00:p01:12 + GEFS:2019-09-14T00:00:00+00:00:p01:14 + GEFS:2019-09-14T00:00:00+00:00:p01:16 + GEFS:2019-09-14T00:00:00+00:00:p01:17,7.105427357601002e-15,1.7189729671153768e-16,data/manifests/phase1e/2019-09/daily/source_2019091400.json,c5d5340c0852771b84f13fbc7eb72316d6fb8cdcb9e275c23e787ed9a41d7e4f
2019091400,2019-09,day3_24h,p01,PASS,,PASS,,1,5,0,,(GEFS:2019-09-14T00:00:00+00:00:p01:18 - GEFS:2019-09-14T00:00:00+00:00:p01:17) + GEFS:2019-09-14T00:00:00+00:00:p01:20 + GEFS:2019-09-14T00:00:00+00:00:p01:22 + GEFS:2019-09-14T00:00:00+00:00:p01:24 + GEFS:2019-09-14T00:00:00+00:00:p01:25,7.105427357601002e-15,8.318580680136012e-17,data/manifests/phase1e/2019-09/daily/source_2019091400.json,c5d5340c0852771b84f13fbc7eb72316d6fb8cdcb9e275c23e787ed9a41d7e4f
2019091400,2019-09,day1_24h,p02,PASS,,PASS,,1,5,0,,(GEFS:2019-09-14T00:00:00+00:00:p02:2 - GEFS:2019-09-14T00:00:00+00:00:p02:1) + GEFS:2019-09-14T00:00:00+00:00:p02:4 + GEFS:2019-09-14T00:00:00+00:00:p02:6 + GEFS:2019-09-14T00:00:00+00:00:p02:8 + GEFS:2019-09-14T00:00:00+00:00:p02:9,1.4210854715202004e-14,3.6624412605345906e-16,data/manifests/phase1e/2019-09/daily/source_2019091400.json,c5d5340c0852771b84f13fbc7eb72316d6fb8cdcb9e275c23e787ed9a41d7e4f
2019091400,2019-09,day2_24h,p02,FAIL,ValueError: materially negative reconstructed precipitation for 33--36,PASS,,1,5,0,,(GEFS:2019-09-14T00:00:00+00:00:p02:10 - GEFS:2019-09-14T00:00:00+00:00:p02:9) + GEFS:2019-09-14T00:00:00+00:00:p02:12 + GEFS:2019-09-14T00:00:00+00:00:p02:14 + GEFS:2019-09-14T00:00:00+00:00:p02:16 + GEFS:2019-09-14T00:00:00+00:00:p02:17,,,data/manifests/phase1e/2019-09/daily/source_2019091400.json,c5d5340c0852771b84f13fbc7eb72316d6fb8cdcb9e275c23e787ed9a41d7e4f
2019091400,2019-09,day3_24h,p02,PASS,,PASS,,1,5,0,,(GEFS:2019-09-14T00:00:00+00:00:p02:18 - GEFS:2019-09-14T00:00:00+00:00:p02:17) + GEFS:2019-09-14T00:00:00+00:00:p02:20 + GEFS:2019-09-14T00:00:00+00:00:p02:22 + GEFS:2019-09-14T00:00:00+00:00:p02:24 + GEFS:2019-09-14T00:00:00+00:00:p02:25,7.105427357601002e-15,1.5349376635748468e-16,data/manifests/phase1e/2019-09/daily/source_2019091400.json,c5d5340c0852771b84f13fbc7eb72316d6fb8cdcb9e275c23e787ed9a41d7e4f
2019091400,2019-09,day1_24h,p03,PASS,,PASS,,1,5,0,,(GEFS:2019-09-14T00:00:00+00:00:p03:2 - GEFS:2019-09-14T00:00:00+00:00:p03:1) + GEFS:2019-09-14T00:00:00+00:00:p03:4 + GEFS:2019-09-14T00:00:00+00:00:p03:6 + GEFS:2019-09-14T00:00:00+00:00:p03:8 + GEFS:2019-09-14T00:00:00+00:00:p03:9,7.105427357601002e-15,2.166576418942595e-16,data/manifests/phase1e/2019-09/daily/source_2019091400.json,c5d5340c0852771b84f13fbc7eb72316d6fb8cdcb9e275c23e787ed9a41d7e4f
2019091400,2019-09,day2_24h,p03,PASS,,PASS,,1,5,0,,(GEFS:2019-09-14T00:00:00+00:00:p03:10 - GEFS:2019-09-14T00:00:00+00:00:p03:9) + GEFS:2019-09-14T00:00:00+00:00:p03:12 + GEFS:2019-09-14T00:00:00+00:00:p03:14 + GEFS:2019-09-14T00:00:00+00:00:p03:16 + GEFS:2019-09-14T00:00:00+00:00:p03:17,7.105427357601002e-15,1.693309752676936e-16,data/manifests/phase1e/2019-09/daily/source_2019091400.json,c5d5340c0852771b84f13fbc7eb72316d6fb8cdcb9e275c23e787ed9a41d7e4f
2019091400,2019-09,day3_24h,p03,PASS,,PASS,,1,5,0,,(GEFS:2019-09-14T00:00:00+00:00:p03:18 - GEFS:2019-09-14T00:00:00+00:00:p03:17) + GEFS:2019-09-14T00:00:00+00:00:p03:20 + GEFS:2019-09-14T00:00:00+00:00:p03:22 + GEFS:2019-09-14T00:00:00+00:00:p03:24 + GEFS:2019-09-14T00:00:00+00:00:p03:25,3.552713678800501e-15,7.698964331532218e-17,data/manifests/phase1e/2019-09/daily/source_2019091400.json,c5d5340c0852771b84f13fbc7eb72316d6fb8cdcb9e275c23e787ed9a41d7e4f
2019091400,2019-09,day1_24h,p04,PASS,,PASS,,1,5,0,,(GEFS:2019-09-14T00:00:00+00:00:p04:2 - GEFS:2019-09-14T00:00:00+00:00:p04:1) + GEFS:2019-09-14T00:00:00+00:00:p04:4 + GEFS:2019-09-14T00:00:00+00:00:p04:6 + GEFS:2019-09-14T00:00:00+00:00:p04:8 + GEFS:2019-09-14T00:00:00+00:00:p04:9,7.105427357601002e-15,1.8250938268202802e-16,data/manifests/phase1e/2019-09/daily/source_2019091400.json,c5d5340c0852771b84f13fbc7eb72316d6fb8cdcb9e275c23e787ed9a41d7e4f
2019091400,2019-09,day2_24h,p04,PASS,,PASS,,1,5,0,,(GEFS:2019-09-14T00:00:00+00:00:p04:10 - GEFS:2019-09-14T00:00:00+00:00:p04:9) + GEFS:2019-09-14T00:00:00+00:00:p04:12 + GEFS:2019-09-14T00:00:00+00:00:p04:14 + GEFS:2019-09-14T00:00:00+00:00:p04:16 + GEFS:2019-09-14T00:00:00+00:00:p04:17,7.105427357601002e-15,1.8664786501038918e-16,data/manifests/phase1e/2019-09/daily/source_2019091400.json,c5d5340c0852771b84f13fbc7eb72316d6fb8cdcb9e275c23e787ed9a41d7e4f
2019091400,2019-09,day3_24h,p04,PASS,,PASS,,1,5,0,,(GEFS:2019-09-14T00:00:00+00:00:p04:18 - GEFS:2019-09-14T00:00:00+00:00:p04:17) + GEFS:2019-09-14T00:00:00+00:00:p04:20 + GEFS:2019-09-14T00:00:00+00:00:p04:22 + GEFS:2019-09-14T00:00:00+00:00:p04:24 + GEFS:2019-09-14T00:00:00+00:00:p04:25,1.4210854715202004e-14,2.9124280385679087e-16,data/manifests/phase1e/2019-09/daily/source_2019091400.json,c5d5340c0852771b84f13fbc7eb72316d6fb8cdcb9e275c23e787ed9a41d7e4f
2019091500,2019-09,day1_24h,c00,PASS,,PASS,,1,5,0,,(GEFS:2019-09-15T00:00:00+00:00:c00:2 - GEFS:2019-09-15T00:00:00+00:00:c00:1) + GEFS:2019-09-15T00:00:00+00:00:c00:4 + GEFS:2019-09-15T00:00:00+00:00:c00:6 + GEFS:2019-09-15T00:00:00+00:00:c00:8 + GEFS:2019-09-15T00:00:00+00:00:c00:9,7.105427357601002e-15,1.671808140579864e-16,data/manifests/phase1e/2019-09/daily/source_2019091500.json,488ed5722fb44c6fa91f4d624ddb006ba6698cb32163dd822c12eb23bbde043c
2019091500,2019-09,day2_24h,c00,PASS,,PASS,,1,5,0,,(GEFS:2019-09-15T00:00:00+00:00:c00:10 - GEFS:2019-09-15T00:00:00+00:00:c00:9) + GEFS:2019-09-15T00:00:00+00:00:c00:12 + GEFS:2019-09-15T00:00:00+00:00:c00:14 + GEFS:2019-09-15T00:00:00+00:00:c00:16 + GEFS:2019-09-15T00:00:00+00:00:c00:17,1.4210854715202004e-14,3.4129763201825406e-16,data/manifests/phase1e/2019-09/daily/source_2019091500.json,488ed5722fb44c6fa91f4d624ddb006ba6698cb32163dd822c12eb23bbde043c
2019091500,2019-09,day3_24h,c00,FAIL,ValueError: materially negative reconstructed precipitation for 51--54,FAIL,ValueError: negative difference exceeds packing bound for 51--54,,,,,,,,data/manifests/phase1e/2019-09/daily/source_2019091500.json,488ed5722fb44c6fa91f4d624ddb006ba6698cb32163dd822c12eb23bbde043c
2019091500,2019-09,day1_24h,p01,PASS,,PASS,,1,5,0,,(GEFS:2019-09-15T00:00:00+00:00:p01:2 - GEFS:2019-09-15T00:00:00+00:00:p01:1) + GEFS:2019-09-15T00:00:00+00:00:p01:4 + GEFS:2019-09-15T00:00:00+00:00:p01:6 + GEFS:2019-09-15T00:00:00+00:00:p01:8 + GEFS:2019-09-15T00:00:00+00:00:p01:9,7.105427357601002e-15,1.7924946084795583e-16,data/manifests/phase1e/2019-09/daily/source_2019091500.json,488ed5722fb44c6fa91f4d624ddb006ba6698cb32163dd822c12eb23bbde043c
2019091500,2019-09,day2_24h,p01,PASS,,PASS,,1,5,0,,(GEFS:2019-09-15T00:00:00+00:00:p01:10 - GEFS:2019-09-15T00:00:00+00:00:p01:9) + GEFS:2019-09-15T00:00:00+00:00:p01:12 + GEFS:2019-09-15T00:00:00+00:00:p01:14 + GEFS:2019-09-15T00:00:00+00:00:p01:16 + GEFS:2019-09-15T00:00:00+00:00:p01:17,2.842170943040401e-14,4.625389802301308e-16,data/manifests/phase1e/2019-09/daily/source_2019091500.json,488ed5722fb44c6fa91f4d624ddb006ba6698cb32163dd822c12eb23bbde043c
2019091500,2019-09,day3_24h,p01,PASS,,PASS,,1,5,0,,(GEFS:2019-09-15T00:00:00+00:00:p01:18 - GEFS:2019-09-15T00:00:00+00:00:p01:17) + GEFS:2019-09-15T00:00:00+00:00:p01:20 + GEFS:2019-09-15T00:00:00+00:00:p01:22 + GEFS:2019-09-15T00:00:00+00:00:p01:24 + GEFS:2019-09-15T00:00:00+00:00:p01:25,1.4210854715202004e-14,6.837281446738808e-16,data/manifests/phase1e/2019-09/daily/source_2019091500.json,488ed5722fb44c6fa91f4d624ddb006ba6698cb32163dd822c12eb23bbde043c
2019091500,2019-09,day1_24h,p02,PASS,,PASS,,1,5,101,-0.050000000000000044,(GEFS:2019-09-15T00:00:00+00:00:p02:2 - GEFS:2019-09-15T00:00:00+00:00:p02:1) + GEFS:2019-09-15T00:00:00+00:00:p02:4 + GEFS:2019-09-15T00:00:00+00:00:p02:6 + GEFS:2019-09-15T00:00:00+00:00:p02:8 + GEFS:2019-09-15T00:00:00+00:00:p02:9,1.4210854715202004e-14,2.7383343406206487e-16,data/manifests/phase1e/2019-09/daily/source_2019091500.json,488ed5722fb44c6fa91f4d624ddb006ba6698cb32163dd822c12eb23bbde043c
2019091500,2019-09,day2_24h,p02,PASS,,PASS,,1,5,0,,(GEFS:2019-09-15T00:00:00+00:00:p02:10 - GEFS:2019-09-15T00:00:00+00:00:p02:9) + GEFS:2019-09-15T00:00:00+00:00:p02:12 + GEFS:2019-09-15T00:00:00+00:00:p02:14 + GEFS:2019-09-15T00:00:00+00:00:p02:16 + GEFS:2019-09-15T00:00:00+00:00:p02:17,1.4210854715202004e-14,3.9586086271620013e-16,data/manifests/phase1e/2019-09/daily/source_2019091500.json,488ed5722fb44c6fa91f4d624ddb006ba6698cb32163dd822c12eb23bbde043c
2019091500,2019-09,day3_24h,p02,PASS,,PASS,,1,5,0,,(GEFS:2019-09-15T00:00:00+00:00:p02:18 - GEFS:2019-09-15T00:00:00+00:00:p02:17) + GEFS:2019-09-15T00:00:00+00:00:p02:20 + GEFS:2019-09-15T00:00:00+00:00:p02:22 + GEFS:2019-09-15T00:00:00+00:00:p02:24 + GEFS:2019-09-15T00:00:00+00:00:p02:25,1.4210854715202004e-14,5.05704044515328e-16,data/manifests/phase1e/2019-09/daily/source_2019091500.json,488ed5722fb44c6fa91f4d624ddb006ba6698cb32163dd822c12eb23bbde043c
2019091500,2019-09,day1_24h,p03,FAIL,ValueError: materially negative reconstructed precipitation for 21--24,PASS,,1,5,137,-0.050000000000000044,(GEFS:2019-09-15T00:00:00+00:00:p03:2 - GEFS:2019-09-15T00:00:00+00:00:p03:1) + GEFS:2019-09-15T00:00:00+00:00:p03:4 + GEFS:2019-09-15T00:00:00+00:00:p03:6 + GEFS:2019-09-15T00:00:00+00:00:p03:8 + GEFS:2019-09-15T00:00:00+00:00:p03:9,,,data/manifests/phase1e/2019-09/daily/source_2019091500.json,488ed5722fb44c6fa91f4d624ddb006ba6698cb32163dd822c12eb23bbde043c
2019091500,2019-09,day2_24h,p03,PASS,,PASS,,1,5,0,,(GEFS:2019-09-15T00:00:00+00:00:p03:10 - GEFS:2019-09-15T00:00:00+00:00:p03:9) + GEFS:2019-09-15T00:00:00+00:00:p03:12 + GEFS:2019-09-15T00:00:00+00:00:p03:14 + GEFS:2019-09-15T00:00:00+00:00:p03:16 + GEFS:2019-09-15T00:00:00+00:00:p03:17,3.552713678800501e-15,9.287309225154631e-17,data/manifests/phase1e/2019-09/daily/source_2019091500.json,488ed5722fb44c6fa91f4d624ddb006ba6698cb32163dd822c12eb23bbde043c
2019091500,2019-09,day3_24h,p03,FAIL,ValueError: materially negative reconstructed precipitation for 51--54,FAIL,ValueError: negative difference exceeds packing bound for 51--54,,,,,,,,data/manifests/phase1e/2019-09/daily/source_2019091500.json,488ed5722fb44c6fa91f4d624ddb006ba6698cb32163dd822c12eb23bbde043c
2019091500,2019-09,day1_24h,p04,PASS,,PASS,,1,5,78,-0.050000000000000044,(GEFS:2019-09-15T00:00:00+00:00:p04:2 - GEFS:2019-09-15T00:00:00+00:00:p04:1) + GEFS:2019-09-15T00:00:00+00:00:p04:4 + GEFS:2019-09-15T00:00:00+00:00:p04:6 + GEFS:2019-09-15T00:00:00+00:00:p04:8 + GEFS:2019-09-15T00:00:00+00:00:p04:9,7.105427357601002e-15,2.0075107294502778e-16,data/manifests/phase1e/2019-09/daily/source_2019091500.json,488ed5722fb44c6fa91f4d624ddb006ba6698cb32163dd822c12eb23bbde043c
2019091500,2019-09,day2_24h,p04,PASS,,PASS,,1,5,0,,(GEFS:2019-09-15T00:00:00+00:00:p04:10 - GEFS:2019-09-15T00:00:00+00:00:p04:9) + GEFS:2019-09-15T00:00:00+00:00:p04:12 + GEFS:2019-09-15T00:00:00+00:00:p04:14 + GEFS:2019-09-15T00:00:00+00:00:p04:16 + GEFS:2019-09-15T00:00:00+00:00:p04:17,1.4210854715202004e-14,3.3887003065245563e-16,data/manifests/phase1e/2019-09/daily/source_2019091500.json,488ed5722fb44c6fa91f4d624ddb006ba6698cb32163dd822c12eb23bbde043c
2019091500,2019-09,day3_24h,p04,FAIL,ValueError: materially negative reconstructed precipitation for 57--60,PASS,,1,5,0,,(GEFS:2019-09-15T00:00:00+00:00:p04:18 - GEFS:2019-09-15T00:00:00+00:00:p04:17) + GEFS:2019-09-15T00:00:00+00:00:p04:20 + GEFS:2019-09-15T00:00:00+00:00:p04:22 + GEFS:2019-09-15T00:00:00+00:00:p04:24 + GEFS:2019-09-15T00:00:00+00:00:p04:25,,,data/manifests/phase1e/2019-09/daily/source_2019091500.json,488ed5722fb44c6fa91f4d624ddb006ba6698cb32163dd822c12eb23bbde043c
2019091600,2019-09,day1_24h,c00,FAIL,ValueError: materially negative reconstructed precipitation for 15--18,PASS,,1,5,0,,(GEFS:2019-09-16T00:00:00+00:00:c00:2 - GEFS:2019-09-16T00:00:00+00:00:c00:1) + GEFS:2019-09-16T00:00:00+00:00:c00:4 + GEFS:2019-09-16T00:00:00+00:00:c00:6 + GEFS:2019-09-16T00:00:00+00:00:c00:8 + GEFS:2019-09-16T00:00:00+00:00:c00:9,,,data/manifests/phase1e/2019-09/daily/source_2019091600.json,11061aee29aa18b0b388c56f1d94bbe9a074e7b2aad8b204ff27b87b3e5cd9a3
2019091600,2019-09,day2_24h,c00,PASS,,PASS,,1,5,0,,(GEFS:2019-09-16T00:00:00+00:00:c00:10 - GEFS:2019-09-16T00:00:00+00:00:c00:9) + GEFS:2019-09-16T00:00:00+00:00:c00:12 + GEFS:2019-09-16T00:00:00+00:00:c00:14 + GEFS:2019-09-16T00:00:00+00:00:c00:16 + GEFS:2019-09-16T00:00:00+00:00:c00:17,1.4210854715202004e-14,3.4097395183614764e-16,data/manifests/phase1e/2019-09/daily/source_2019091600.json,11061aee29aa18b0b388c56f1d94bbe9a074e7b2aad8b204ff27b87b3e5cd9a3
2019091600,2019-09,day3_24h,c00,FAIL,ValueError: materially negative reconstructed precipitation for 69--72,PASS,,1,5,0,,(GEFS:2019-09-16T00:00:00+00:00:c00:18 - GEFS:2019-09-16T00:00:00+00:00:c00:17) + GEFS:2019-09-16T00:00:00+00:00:c00:20 + GEFS:2019-09-16T00:00:00+00:00:c00:22 + GEFS:2019-09-16T00:00:00+00:00:c00:24 + GEFS:2019-09-16T00:00:00+00:00:c00:25,,,data/manifests/phase1e/2019-09/daily/source_2019091600.json,11061aee29aa18b0b388c56f1d94bbe9a074e7b2aad8b204ff27b87b3e5cd9a3
2019091600,2019-09,day1_24h,p01,PASS,,PASS,,1,5,115,-0.04999999999999999,(GEFS:2019-09-16T00:00:00+00:00:p01:2 - GEFS:2019-09-16T00:00:00+00:00:p01:1) + GEFS:2019-09-16T00:00:00+00:00:p01:4 + GEFS:2019-09-16T00:00:00+00:00:p01:6 + GEFS:2019-09-16T00:00:00+00:00:p01:8 + GEFS:2019-09-16T00:00:00+00:00:p01:9,1.4210854715202004e-14,1.7927258086096344e-16,data/manifests/phase1e/2019-09/daily/source_2019091600.json,11061aee29aa18b0b388c56f1d94bbe9a074e7b2aad8b204ff27b87b3e5cd9a3
2019091600,2019-09,day2_24h,p01,PASS,,PASS,,1,5,0,,(GEFS:2019-09-16T00:00:00+00:00:p01:10 - GEFS:2019-09-16T00:00:00+00:00:p01:9) + GEFS:2019-09-16T00:00:00+00:00:p01:12 + GEFS:2019-09-16T00:00:00+00:00:p01:14 + GEFS:2019-09-16T00:00:00+00:00:p01:16 + GEFS:2019-09-16T00:00:00+00:00:p01:17,1.4210854715202004e-14,1.9584963018741569e-16,data/manifests/phase1e/2019-09/daily/source_2019091600.json,11061aee29aa18b0b388c56f1d94bbe9a074e7b2aad8b204ff27b87b3e5cd9a3
2019091600,2019-09,day3_24h,p01,PASS,,PASS,,1,5,0,,(GEFS:2019-09-16T00:00:00+00:00:p01:18 - GEFS:2019-09-16T00:00:00+00:00:p01:17) + GEFS:2019-09-16T00:00:00+00:00:p01:20 + GEFS:2019-09-16T00:00:00+00:00:p01:22 + GEFS:2019-09-16T00:00:00+00:00:p01:24 + GEFS:2019-09-16T00:00:00+00:00:p01:25,1.4210854715202004e-14,4.818210710784728e-16,data/manifests/phase1e/2019-09/daily/source_2019091600.json,11061aee29aa18b0b388c56f1d94bbe9a074e7b2aad8b204ff27b87b3e5cd9a3
2019091600,2019-09,day1_24h,p02,FAIL,ValueError: materially negative reconstructed precipitation for 21--24,PASS,,1,5,58,-0.04999999999999999,(GEFS:2019-09-16T00:00:00+00:00:p02:2 - GEFS:2019-09-16T00:00:00+00:00:p02:1) + GEFS:2019-09-16T00:00:00+00:00:p02:4 + GEFS:2019-09-16T00:00:00+00:00:p02:6 + GEFS:2019-09-16T00:00:00+00:00:p02:8 + GEFS:2019-09-16T00:00:00+00:00:p02:9,,,data/manifests/phase1e/2019-09/daily/source_2019091600.json,11061aee29aa18b0b388c56f1d94bbe9a074e7b2aad8b204ff27b87b3e5cd9a3
2019091600,2019-09,day2_24h,p02,PASS,,PASS,,1,5,0,,(GEFS:2019-09-16T00:00:00+00:00:p02:10 - GEFS:2019-09-16T00:00:00+00:00:p02:9) + GEFS:2019-09-16T00:00:00+00:00:p02:12 + GEFS:2019-09-16T00:00:00+00:00:p02:14 + GEFS:2019-09-16T00:00:00+00:00:p02:16 + GEFS:2019-09-16T00:00:00+00:00:p02:17,1.4210854715202004e-14,6.357309976700943e-16,data/manifests/phase1e/2019-09/daily/source_2019091600.json,11061aee29aa18b0b388c56f1d94bbe9a074e7b2aad8b204ff27b87b3e5cd9a3
2019091600,2019-09,day3_24h,p02,FAIL,ValueError: materially negative reconstructed precipitation for 57--60,PASS,,1,5,0,,(GEFS:2019-09-16T00:00:00+00:00:p02:18 - GEFS:2019-09-16T00:00:00+00:00:p02:17) + GEFS:2019-09-16T00:00:00+00:00:p02:20 + GEFS:2019-09-16T00:00:00+00:00:p02:22 + GEFS:2019-09-16T00:00:00+00:00:p02:24 + GEFS:2019-09-16T00:00:00+00:00:p02:25,,,data/manifests/phase1e/2019-09/daily/source_2019091600.json,11061aee29aa18b0b388c56f1d94bbe9a074e7b2aad8b204ff27b87b3e5cd9a3
2019091600,2019-09,day1_24h,p03,PASS,,PASS,,1,5,0,,(GEFS:2019-09-16T00:00:00+00:00:p03:2 - GEFS:2019-09-16T00:00:00+00:00:p03:1) + GEFS:2019-09-16T00:00:00+00:00:p03:4 + GEFS:2019-09-16T00:00:00+00:00:p03:6 + GEFS:2019-09-16T00:00:00+00:00:p03:8 + GEFS:2019-09-16T00:00:00+00:00:p03:9,7.105427357601002e-15,1.7063725600262323e-16,data/manifests/phase1e/2019-09/daily/source_2019091600.json,11061aee29aa18b0b388c56f1d94bbe9a074e7b2aad8b204ff27b87b3e5cd9a3
2019091600,2019-09,day2_24h,p03,FAIL,ValueError: materially negative reconstructed precipitation for 39--42,PASS,,1,5,0,,(GEFS:2019-09-16T00:00:00+00:00:p03:10 - GEFS:2019-09-16T00:00:00+00:00:p03:9) + GEFS:2019-09-16T00:00:00+00:00:p03:12 + GEFS:2019-09-16T00:00:00+00:00:p03:14 + GEFS:2019-09-16T00:00:00+00:00:p03:16 + GEFS:2019-09-16T00:00:00+00:00:p03:17,,,data/manifests/phase1e/2019-09/daily/source_2019091600.json,11061aee29aa18b0b388c56f1d94bbe9a074e7b2aad8b204ff27b87b3e5cd9a3
2019091600,2019-09,day3_24h,p03,PASS,,PASS,,1,5,0,,(GEFS:2019-09-16T00:00:00+00:00:p03:18 - GEFS:2019-09-16T00:00:00+00:00:p03:17) + GEFS:2019-09-16T00:00:00+00:00:p03:20 + GEFS:2019-09-16T00:00:00+00:00:p03:22 + GEFS:2019-09-16T00:00:00+00:00:p03:24 + GEFS:2019-09-16T00:00:00+00:00:p03:25,1.4210854715202004e-14,4.51140813817382e-16,data/manifests/phase1e/2019-09/daily/source_2019091600.json,11061aee29aa18b0b388c56f1d94bbe9a074e7b2aad8b204ff27b87b3e5cd9a3
2019091600,2019-09,day1_24h,p04,FAIL,ValueError: materially negative reconstructed precipitation for 15--18,PASS,,1,5,0,,(GEFS:2019-09-16T00:00:00+00:00:p04:2 - GEFS:2019-09-16T00:00:00+00:00:p04:1) + GEFS:2019-09-16T00:00:00+00:00:p04:4 + GEFS:2019-09-16T00:00:00+00:00:p04:6 + GEFS:2019-09-16T00:00:00+00:00:p04:8 + GEFS:2019-09-16T00:00:00+00:00:p04:9,,,data/manifests/phase1e/2019-09/daily/source_2019091600.json,11061aee29aa18b0b388c56f1d94bbe9a074e7b2aad8b204ff27b87b3e5cd9a3
2019091600,2019-09,day2_24h,p04,FAIL,ValueError: materially negative reconstructed precipitation for 33--36,PASS,,1,5,0,,(GEFS:2019-09-16T00:00:00+00:00:p04:10 - GEFS:2019-09-16T00:00:00+00:00:p04:9) + GEFS:2019-09-16T00:00:00+00:00:p04:12 + GEFS:2019-09-16T00:00:00+00:00:p04:14 + GEFS:2019-09-16T00:00:00+00:00:p04:16 + GEFS:2019-09-16T00:00:00+00:00:p04:17,,,data/manifests/phase1e/2019-09/daily/source_2019091600.json,11061aee29aa18b0b388c56f1d94bbe9a074e7b2aad8b204ff27b87b3e5cd9a3
2019091600,2019-09,day3_24h,p04,FAIL,ValueError: materially negative reconstructed precipitation for 69--72,PASS,,1,5,0,,(GEFS:2019-09-16T00:00:00+00:00:p04:18 - GEFS:2019-09-16T00:00:00+00:00:p04:17) + GEFS:2019-09-16T00:00:00+00:00:p04:20 + GEFS:2019-09-16T00:00:00+00:00:p04:22 + GEFS:2019-09-16T00:00:00+00:00:p04:24 + GEFS:2019-09-16T00:00:00+00:00:p04:25,,,data/manifests/phase1e/2019-09/daily/source_2019091600.json,11061aee29aa18b0b388c56f1d94bbe9a074e7b2aad8b204ff27b87b3e5cd9a3
2019091700,2019-09,day1_24h,c00,FAIL,ValueError: materially negative reconstructed precipitation for 9--12,PASS,,1,5,0,,(GEFS:2019-09-17T00:00:00+00:00:c00:2 - GEFS:2019-09-17T00:00:00+00:00:c00:1) + GEFS:2019-09-17T00:00:00+00:00:c00:4 + GEFS:2019-09-17T00:00:00+00:00:c00:6 + GEFS:2019-09-17T00:00:00+00:00:c00:8 + GEFS:2019-09-17T00:00:00+00:00:c00:9,,,data/manifests/phase1e/2019-09/daily/source_2019091700.json,78d22eed3932d2137123516c15776bd2feae0c463e81db67c02e0ae8c405f661
2019091700,2019-09,day2_24h,c00,PASS,,PASS,,1,5,0,,(GEFS:2019-09-17T00:00:00+00:00:c00:10 - GEFS:2019-09-17T00:00:00+00:00:c00:9) + GEFS:2019-09-17T00:00:00+00:00:c00:12 + GEFS:2019-09-17T00:00:00+00:00:c00:14 + GEFS:2019-09-17T00:00:00+00:00:c00:16 + GEFS:2019-09-17T00:00:00+00:00:c00:17,1.4210854715202004e-14,4.199056762441086e-16,data/manifests/phase1e/2019-09/daily/source_2019091700.json,78d22eed3932d2137123516c15776bd2feae0c463e81db67c02e0ae8c405f661
2019091700,2019-09,day3_24h,c00,PASS,,PASS,,1,5,0,,(GEFS:2019-09-17T00:00:00+00:00:c00:18 - GEFS:2019-09-17T00:00:00+00:00:c00:17) + GEFS:2019-09-17T00:00:00+00:00:c00:20 + GEFS:2019-09-17T00:00:00+00:00:c00:22 + GEFS:2019-09-17T00:00:00+00:00:c00:24 + GEFS:2019-09-17T00:00:00+00:00:c00:25,1.4210854715202004e-14,4.321592831381388e-16,data/manifests/phase1e/2019-09/daily/source_2019091700.json,78d22eed3932d2137123516c15776bd2feae0c463e81db67c02e0ae8c405f661
2019091700,2019-09,day1_24h,p01,PASS,,PASS,,1,5,36,-0.04999999999999999,(GEFS:2019-09-17T00:00:00+00:00:p01:2 - GEFS:2019-09-17T00:00:00+00:00:p01:1) + GEFS:2019-09-17T00:00:00+00:00:p01:4 + GEFS:2019-09-17T00:00:00+00:00:p01:6 + GEFS:2019-09-17T00:00:00+00:00:p01:8 + GEFS:2019-09-17T00:00:00+00:00:p01:9,2.842170943040401e-14,6.599145312760484e-16,data/manifests/phase1e/2019-09/daily/source_2019091700.json,78d22eed3932d2137123516c15776bd2feae0c463e81db67c02e0ae8c405f661
2019091700,2019-09,day2_24h,p01,PASS,,PASS,,1,5,0,,(GEFS:2019-09-17T00:00:00+00:00:p01:10 - GEFS:2019-09-17T00:00:00+00:00:p01:9) + GEFS:2019-09-17T00:00:00+00:00:p01:12 + GEFS:2019-09-17T00:00:00+00:00:p01:14 + GEFS:2019-09-17T00:00:00+00:00:p01:16 + GEFS:2019-09-17T00:00:00+00:00:p01:17,1.4210854715202004e-14,4.512332938694124e-16,data/manifests/phase1e/2019-09/daily/source_2019091700.json,78d22eed3932d2137123516c15776bd2feae0c463e81db67c02e0ae8c405f661
2019091700,2019-09,day3_24h,p01,PASS,,PASS,,1,5,0,,(GEFS:2019-09-17T00:00:00+00:00:p01:18 - GEFS:2019-09-17T00:00:00+00:00:p01:17) + GEFS:2019-09-17T00:00:00+00:00:p01:20 + GEFS:2019-09-17T00:00:00+00:00:p01:22 + GEFS:2019-09-17T00:00:00+00:00:p01:24 + GEFS:2019-09-17T00:00:00+00:00:p01:25,7.105427357601002e-15,4.0857686987038246e-16,data/manifests/phase1e/2019-09/daily/source_2019091700.json,78d22eed3932d2137123516c15776bd2feae0c463e81db67c02e0ae8c405f661
2019091700,2019-09,day1_24h,p02,FAIL,ValueError: materially negative reconstructed precipitation for 21--24,PASS,,1,5,0,,(GEFS:2019-09-17T00:00:00+00:00:p02:2 - GEFS:2019-09-17T00:00:00+00:00:p02:1) + GEFS:2019-09-17T00:00:00+00:00:p02:4 + GEFS:2019-09-17T00:00:00+00:00:p02:6 + GEFS:2019-09-17T00:00:00+00:00:p02:8 + GEFS:2019-09-17T00:00:00+00:00:p02:9,,,data/manifests/phase1e/2019-09/daily/source_2019091700.json,78d22eed3932d2137123516c15776bd2feae0c463e81db67c02e0ae8c405f661
2019091700,2019-09,day2_24h,p02,FAIL,ValueError: materially negative reconstructed precipitation for 33--36,PASS,,1,5,0,,(GEFS:2019-09-17T00:00:00+00:00:p02:10 - GEFS:2019-09-17T00:00:00+00:00:p02:9) + GEFS:2019-09-17T00:00:00+00:00:p02:12 + GEFS:2019-09-17T00:00:00+00:00:p02:14 + GEFS:2019-09-17T00:00:00+00:00:p02:16 + GEFS:2019-09-17T00:00:00+00:00:p02:17,,,data/manifests/phase1e/2019-09/daily/source_2019091700.json,78d22eed3932d2137123516c15776bd2feae0c463e81db67c02e0ae8c405f661
2019091700,2019-09,day3_24h,p02,FAIL,ValueError: materially negative reconstructed precipitation for 51--54,FAIL,ValueError: negative difference exceeds packing bound for 51--54,,,,,,,,data/manifests/phase1e/2019-09/daily/source_2019091700.json,78d22eed3932d2137123516c15776bd2feae0c463e81db67c02e0ae8c405f661
2019091700,2019-09,day1_24h,p03,PASS,,PASS,,1,5,0,,(GEFS:2019-09-17T00:00:00+00:00:p03:2 - GEFS:2019-09-17T00:00:00+00:00:p03:1) + GEFS:2019-09-17T00:00:00+00:00:p03:4 + GEFS:2019-09-17T00:00:00+00:00:p03:6 + GEFS:2019-09-17T00:00:00+00:00:p03:8 + GEFS:2019-09-17T00:00:00+00:00:p03:9,1.4210854715202004e-14,7.307311311183402e-16,data/manifests/phase1e/2019-09/daily/source_2019091700.json,78d22eed3932d2137123516c15776bd2feae0c463e81db67c02e0ae8c405f661
2019091700,2019-09,day2_24h,p03,PASS,,PASS,,1,5,0,,(GEFS:2019-09-17T00:00:00+00:00:p03:10 - GEFS:2019-09-17T00:00:00+00:00:p03:9) + GEFS:2019-09-17T00:00:00+00:00:p03:12 + GEFS:2019-09-17T00:00:00+00:00:p03:14 + GEFS:2019-09-17T00:00:00+00:00:p03:16 + GEFS:2019-09-17T00:00:00+00:00:p03:17,7.105427357601002e-15,3.441182736051818e-16,data/manifests/phase1e/2019-09/daily/source_2019091700.json,78d22eed3932d2137123516c15776bd2feae0c463e81db67c02e0ae8c405f661
2019091700,2019-09,day3_24h,p03,PASS,,PASS,,1,5,0,,(GEFS:2019-09-17T00:00:00+00:00:p03:18 - GEFS:2019-09-17T00:00:00+00:00:p03:17) + GEFS:2019-09-17T00:00:00+00:00:p03:20 + GEFS:2019-09-17T00:00:00+00:00:p03:22 + GEFS:2019-09-17T00:00:00+00:00:p03:24 + GEFS:2019-09-17T00:00:00+00:00:p03:25,1.4210854715202004e-14,3.447887539824023e-16,data/manifests/phase1e/2019-09/daily/source_2019091700.json,78d22eed3932d2137123516c15776bd2feae0c463e81db67c02e0ae8c405f661
2019091700,2019-09,day1_24h,p04,PASS,,PASS,,1,5,0,,(GEFS:2019-09-17T00:00:00+00:00:p04:2 - GEFS:2019-09-17T00:00:00+00:00:p04:1) + GEFS:2019-09-17T00:00:00+00:00:p04:4 + GEFS:2019-09-17T00:00:00+00:00:p04:6 + GEFS:2019-09-17T00:00:00+00:00:p04:8 + GEFS:2019-09-17T00:00:00+00:00:p04:9,1.4210854715202004e-14,6.353379574489651e-16,data/manifests/phase1e/2019-09/daily/source_2019091700.json,78d22eed3932d2137123516c15776bd2feae0c463e81db67c02e0ae8c405f661
2019091700,2019-09,day2_24h,p04,PASS,,PASS,,1,5,0,,(GEFS:2019-09-17T00:00:00+00:00:p04:10 - GEFS:2019-09-17T00:00:00+00:00:p04:9) + GEFS:2019-09-17T00:00:00+00:00:p04:12 + GEFS:2019-09-17T00:00:00+00:00:p04:14 + GEFS:2019-09-17T00:00:00+00:00:p04:16 + GEFS:2019-09-17T00:00:00+00:00:p04:17,1.4210854715202004e-14,5.038775634877273e-16,data/manifests/phase1e/2019-09/daily/source_2019091700.json,78d22eed3932d2137123516c15776bd2feae0c463e81db67c02e0ae8c405f661
2019091700,2019-09,day3_24h,p04,PASS,,PASS,,1,5,0,,(GEFS:2019-09-17T00:00:00+00:00:p04:18 - GEFS:2019-09-17T00:00:00+00:00:p04:17) + GEFS:2019-09-17T00:00:00+00:00:p04:20 + GEFS:2019-09-17T00:00:00+00:00:p04:22 + GEFS:2019-09-17T00:00:00+00:00:p04:24 + GEFS:2019-09-17T00:00:00+00:00:p04:25,1.4210854715202004e-14,3.85526216901801e-16,data/manifests/phase1e/2019-09/daily/source_2019091700.json,78d22eed3932d2137123516c15776bd2feae0c463e81db67c02e0ae8c405f661
2019091800,2019-09,day1_24h,c00,FAIL,ValueError: materially negative reconstructed precipitation for 21--24,PASS,,1,5,0,,(GEFS:2019-09-18T00:00:00+00:00:c00:2 - GEFS:2019-09-18T00:00:00+00:00:c00:1) + GEFS:2019-09-18T00:00:00+00:00:c00:4 + GEFS:2019-09-18T00:00:00+00:00:c00:6 + GEFS:2019-09-18T00:00:00+00:00:c00:8 + GEFS:2019-09-18T00:00:00+00:00:c00:9,,,data/manifests/phase1e/2019-09/daily/source_2019091800.json,27efb8eaa1bd56a289810feaa4132902c9dc79723f17d72bfa54025f9e7578b8
2019091800,2019-09,day2_24h,c00,FAIL,ValueError: materially negative reconstructed precipitation for 39--42,PASS,,1,5,0,,(GEFS:2019-09-18T00:00:00+00:00:c00:10 - GEFS:2019-09-18T00:00:00+00:00:c00:9) + GEFS:2019-09-18T00:00:00+00:00:c00:12 + GEFS:2019-09-18T00:00:00+00:00:c00:14 + GEFS:2019-09-18T00:00:00+00:00:c00:16 + GEFS:2019-09-18T00:00:00+00:00:c00:17,,,data/manifests/phase1e/2019-09/daily/source_2019091800.json,27efb8eaa1bd56a289810feaa4132902c9dc79723f17d72bfa54025f9e7578b8
2019091800,2019-09,day3_24h,c00,FAIL,ValueError: materially negative reconstructed precipitation for 51--54,FAIL,ValueError: negative difference exceeds packing bound for 51--54,,,,,,,,data/manifests/phase1e/2019-09/daily/source_2019091800.json,27efb8eaa1bd56a289810feaa4132902c9dc79723f17d72bfa54025f9e7578b8
2019091800,2019-09,day1_24h,p01,PASS,,PASS,,1,5,0,,(GEFS:2019-09-18T00:00:00+00:00:p01:2 - GEFS:2019-09-18T00:00:00+00:00:p01:1) + GEFS:2019-09-18T00:00:00+00:00:p01:4 + GEFS:2019-09-18T00:00:00+00:00:p01:6 + GEFS:2019-09-18T00:00:00+00:00:p01:8 + GEFS:2019-09-18T00:00:00+00:00:p01:9,2.842170943040401e-14,1.040261865264146e-15,data/manifests/phase1e/2019-09/daily/source_2019091800.json,27efb8eaa1bd56a289810feaa4132902c9dc79723f17d72bfa54025f9e7578b8
2019091800,2019-09,day2_24h,p01,PASS,,PASS,,1,5,0,,(GEFS:2019-09-18T00:00:00+00:00:p01:10 - GEFS:2019-09-18T00:00:00+00:00:p01:9) + GEFS:2019-09-18T00:00:00+00:00:p01:12 + GEFS:2019-09-18T00:00:00+00:00:p01:14 + GEFS:2019-09-18T00:00:00+00:00:p01:16 + GEFS:2019-09-18T00:00:00+00:00:p01:17,2.842170943040401e-14,5.806360066729733e-16,data/manifests/phase1e/2019-09/daily/source_2019091800.json,27efb8eaa1bd56a289810feaa4132902c9dc79723f17d72bfa54025f9e7578b8
2019091800,2019-09,day3_24h,p01,PASS,,PASS,,1,5,0,,(GEFS:2019-09-18T00:00:00+00:00:p01:18 - GEFS:2019-09-18T00:00:00+00:00:p01:17) + GEFS:2019-09-18T00:00:00+00:00:p01:20 + GEFS:2019-09-18T00:00:00+00:00:p01:22 + GEFS:2019-09-18T00:00:00+00:00:p01:24 + GEFS:2019-09-18T00:00:00+00:00:p01:25,5.684341886080802e-14,5.123394882485104e-16,data/manifests/phase1e/2019-09/daily/source_2019091800.json,27efb8eaa1bd56a289810feaa4132902c9dc79723f17d72bfa54025f9e7578b8
2019091800,2019-09,day1_24h,p02,FAIL,ValueError: materially negative reconstructed precipitation for 3--6,FAIL,ValueError: negative difference exceeds packing bound for 3--6,,,,,,,,data/manifests/phase1e/2019-09/daily/source_2019091800.json,27efb8eaa1bd56a289810feaa4132902c9dc79723f17d72bfa54025f9e7578b8
2019091800,2019-09,day2_24h,p02,PASS,,PASS,,1,5,0,,(GEFS:2019-09-18T00:00:00+00:00:p02:10 - GEFS:2019-09-18T00:00:00+00:00:p02:9) + GEFS:2019-09-18T00:00:00+00:00:p02:12 + GEFS:2019-09-18T00:00:00+00:00:p02:14 + GEFS:2019-09-18T00:00:00+00:00:p02:16 + GEFS:2019-09-18T00:00:00+00:00:p02:17,5.684341886080802e-14,9.71919106813668e-16,data/manifests/phase1e/2019-09/daily/source_2019091800.json,27efb8eaa1bd56a289810feaa4132902c9dc79723f17d72bfa54025f9e7578b8
2019091800,2019-09,day3_24h,p02,FAIL,ValueError: materially negative reconstructed precipitation for 63--66,PASS,,1,5,0,,(GEFS:2019-09-18T00:00:00+00:00:p02:18 - GEFS:2019-09-18T00:00:00+00:00:p02:17) + GEFS:2019-09-18T00:00:00+00:00:p02:20 + GEFS:2019-09-18T00:00:00+00:00:p02:22 + GEFS:2019-09-18T00:00:00+00:00:p02:24 + GEFS:2019-09-18T00:00:00+00:00:p02:25,,,data/manifests/phase1e/2019-09/daily/source_2019091800.json,27efb8eaa1bd56a289810feaa4132902c9dc79723f17d72bfa54025f9e7578b8
2019091800,2019-09,day1_24h,p03,FAIL,ValueError: materially negative reconstructed precipitation for 3--6,FAIL,ValueError: negative difference exceeds packing bound for 3--6,,,,,,,,data/manifests/phase1e/2019-09/daily/source_2019091800.json,27efb8eaa1bd56a289810feaa4132902c9dc79723f17d72bfa54025f9e7578b8
2019091800,2019-09,day2_24h,p03,FAIL,ValueError: materially negative reconstructed precipitation for 33--36,PASS,,1,5,0,,(GEFS:2019-09-18T00:00:00+00:00:p03:10 - GEFS:2019-09-18T00:00:00+00:00:p03:9) + GEFS:2019-09-18T00:00:00+00:00:p03:12 + GEFS:2019-09-18T00:00:00+00:00:p03:14 + GEFS:2019-09-18T00:00:00+00:00:p03:16 + GEFS:2019-09-18T00:00:00+00:00:p03:17,,,data/manifests/phase1e/2019-09/daily/source_2019091800.json,27efb8eaa1bd56a289810feaa4132902c9dc79723f17d72bfa54025f9e7578b8
2019091800,2019-09,day3_24h,p03,FAIL,ValueError: materially negative reconstructed precipitation for 51--54,FAIL,ValueError: negative difference exceeds packing bound for 51--54,,,,,,,,data/manifests/phase1e/2019-09/daily/source_2019091800.json,27efb8eaa1bd56a289810feaa4132902c9dc79723f17d72bfa54025f9e7578b8
2019091800,2019-09,day1_24h,p04,FAIL,ValueError: materially negative reconstructed precipitation for 3--6,FAIL,ValueError: negative difference exceeds packing bound for 3--6,,,,,,,,data/manifests/phase1e/2019-09/daily/source_2019091800.json,27efb8eaa1bd56a289810feaa4132902c9dc79723f17d72bfa54025f9e7578b8
2019091800,2019-09,day2_24h,p04,PASS,,PASS,,1,5,82,-0.05,(GEFS:2019-09-18T00:00:00+00:00:p04:10 - GEFS:2019-09-18T00:00:00+00:00:p04:9) + GEFS:2019-09-18T00:00:00+00:00:p04:12 + GEFS:2019-09-18T00:00:00+00:00:p04:14 + GEFS:2019-09-18T00:00:00+00:00:p04:16 + GEFS:2019-09-18T00:00:00+00:00:p04:17,1.4210854715202004e-14,4.4066744792493717e-16,data/manifests/phase1e/2019-09/daily/source_2019091800.json,27efb8eaa1bd56a289810feaa4132902c9dc79723f17d72bfa54025f9e7578b8
2019091800,2019-09,day3_24h,p04,PASS,,PASS,,1,5,0,,(GEFS:2019-09-18T00:00:00+00:00:p04:18 - GEFS:2019-09-18T00:00:00+00:00:p04:17) + GEFS:2019-09-18T00:00:00+00:00:p04:20 + GEFS:2019-09-18T00:00:00+00:00:p04:22 + GEFS:2019-09-18T00:00:00+00:00:p04:24 + GEFS:2019-09-18T00:00:00+00:00:p04:25,2.842170943040401e-14,6.067616213715662e-16,data/manifests/phase1e/2019-09/daily/source_2019091800.json,27efb8eaa1bd56a289810feaa4132902c9dc79723f17d72bfa54025f9e7578b8
2019091900,2019-09,day1_24h,c00,PASS,,PASS,,1,5,0,,(GEFS:2019-09-19T00:00:00+00:00:c00:2 - GEFS:2019-09-19T00:00:00+00:00:c00:1) + GEFS:2019-09-19T00:00:00+00:00:c00:4 + GEFS:2019-09-19T00:00:00+00:00:c00:6 + GEFS:2019-09-19T00:00:00+00:00:c00:8 + GEFS:2019-09-19T00:00:00+00:00:c00:9,2.842170943040401e-14,7.39100575827093e-16,data/manifests/phase1e/2019-09/daily/source_2019091900.json,f0a71ad501ef31cdfa22c1adf71353766d013fcf092e481cec70388b09087ae7
2019091900,2019-09,day2_24h,c00,FAIL,ValueError: materially negative reconstructed precipitation for 27--30,FAIL,ValueError: negative difference exceeds packing bound for 27--30,,,,,,,,data/manifests/phase1e/2019-09/daily/source_2019091900.json,f0a71ad501ef31cdfa22c1adf71353766d013fcf092e481cec70388b09087ae7
2019091900,2019-09,day3_24h,c00,FAIL,ValueError: materially negative reconstructed precipitation for 51--54,FAIL,ValueError: negative difference exceeds packing bound for 51--54,,,,,,,,data/manifests/phase1e/2019-09/daily/source_2019091900.json,f0a71ad501ef31cdfa22c1adf71353766d013fcf092e481cec70388b09087ae7
2019091900,2019-09,day1_24h,p01,FAIL,ValueError: materially negative reconstructed precipitation for 21--24,PASS,,1,5,0,,(GEFS:2019-09-19T00:00:00+00:00:p01:2 - GEFS:2019-09-19T00:00:00+00:00:p01:1) + GEFS:2019-09-19T00:00:00+00:00:p01:4 + GEFS:2019-09-19T00:00:00+00:00:p01:6 + GEFS:2019-09-19T00:00:00+00:00:p01:8 + GEFS:2019-09-19T00:00:00+00:00:p01:9,,,data/manifests/phase1e/2019-09/daily/source_2019091900.json,f0a71ad501ef31cdfa22c1adf71353766d013fcf092e481cec70388b09087ae7
2019091900,2019-09,day2_24h,p01,FAIL,ValueError: materially negative reconstructed precipitation for 27--30,FAIL,ValueError: negative difference exceeds packing bound for 27--30,,,,,,,,data/manifests/phase1e/2019-09/daily/source_2019091900.json,f0a71ad501ef31cdfa22c1adf71353766d013fcf092e481cec70388b09087ae7
2019091900,2019-09,day3_24h,p01,FAIL,ValueError: materially negative reconstructed precipitation for 57--60,PASS,,1,5,0,,(GEFS:2019-09-19T00:00:00+00:00:p01:18 - GEFS:2019-09-19T00:00:00+00:00:p01:17) + GEFS:2019-09-19T00:00:00+00:00:p01:20 + GEFS:2019-09-19T00:00:00+00:00:p01:22 + GEFS:2019-09-19T00:00:00+00:00:p01:24 + GEFS:2019-09-19T00:00:00+00:00:p01:25,,,data/manifests/phase1e/2019-09/daily/source_2019091900.json,f0a71ad501ef31cdfa22c1adf71353766d013fcf092e481cec70388b09087ae7
2019091900,2019-09,day1_24h,p02,PASS,,PASS,,1,5,0,,(GEFS:2019-09-19T00:00:00+00:00:p02:2 - GEFS:2019-09-19T00:00:00+00:00:p02:1) + GEFS:2019-09-19T00:00:00+00:00:p02:4 + GEFS:2019-09-19T00:00:00+00:00:p02:6 + GEFS:2019-09-19T00:00:00+00:00:p02:8 + GEFS:2019-09-19T00:00:00+00:00:p02:9,2.842170943040401e-14,8.361815104460233e-16,data/manifests/phase1e/2019-09/daily/source_2019091900.json,f0a71ad501ef31cdfa22c1adf71353766d013fcf092e481cec70388b09087ae7
2019091900,2019-09,day2_24h,p02,FAIL,ValueError: materially negative reconstructed precipitation for 45--48,PASS,,1,5,0,,(GEFS:2019-09-19T00:00:00+00:00:p02:10 - GEFS:2019-09-19T00:00:00+00:00:p02:9) + GEFS:2019-09-19T00:00:00+00:00:p02:12 + GEFS:2019-09-19T00:00:00+00:00:p02:14 + GEFS:2019-09-19T00:00:00+00:00:p02:16 + GEFS:2019-09-19T00:00:00+00:00:p02:17,,,data/manifests/phase1e/2019-09/daily/source_2019091900.json,f0a71ad501ef31cdfa22c1adf71353766d013fcf092e481cec70388b09087ae7
2019091900,2019-09,day3_24h,p02,FAIL,ValueError: materially negative reconstructed precipitation for 63--66,PASS,,1,5,0,,(GEFS:2019-09-19T00:00:00+00:00:p02:18 - GEFS:2019-09-19T00:00:00+00:00:p02:17) + GEFS:2019-09-19T00:00:00+00:00:p02:20 + GEFS:2019-09-19T00:00:00+00:00:p02:22 + GEFS:2019-09-19T00:00:00+00:00:p02:24 + GEFS:2019-09-19T00:00:00+00:00:p02:25,,,data/manifests/phase1e/2019-09/daily/source_2019091900.json,f0a71ad501ef31cdfa22c1adf71353766d013fcf092e481cec70388b09087ae7
2019091900,2019-09,day1_24h,p03,PASS,,PASS,,1,5,0,,(GEFS:2019-09-19T00:00:00+00:00:p03:2 - GEFS:2019-09-19T00:00:00+00:00:p03:1) + GEFS:2019-09-19T00:00:00+00:00:p03:4 + GEFS:2019-09-19T00:00:00+00:00:p03:6 + GEFS:2019-09-19T00:00:00+00:00:p03:8 + GEFS:2019-09-19T00:00:00+00:00:p03:9,2.842170943040401e-14,5.502331895679738e-16,data/manifests/phase1e/2019-09/daily/source_2019091900.json,f0a71ad501ef31cdfa22c1adf71353766d013fcf092e481cec70388b09087ae7
2019091900,2019-09,day2_24h,p03,PASS,,PASS,,1,5,0,,(GEFS:2019-09-19T00:00:00+00:00:p03:10 - GEFS:2019-09-19T00:00:00+00:00:p03:9) + GEFS:2019-09-19T00:00:00+00:00:p03:12 + GEFS:2019-09-19T00:00:00+00:00:p03:14 + GEFS:2019-09-19T00:00:00+00:00:p03:16 + GEFS:2019-09-19T00:00:00+00:00:p03:17,4.263256414560601e-14,3.562100404081588e-16,data/manifests/phase1e/2019-09/daily/source_2019091900.json,f0a71ad501ef31cdfa22c1adf71353766d013fcf092e481cec70388b09087ae7
2019091900,2019-09,day3_24h,p03,FAIL,ValueError: materially negative reconstructed precipitation for 57--60,PASS,,1,5,0,,(GEFS:2019-09-19T00:00:00+00:00:p03:18 - GEFS:2019-09-19T00:00:00+00:00:p03:17) + GEFS:2019-09-19T00:00:00+00:00:p03:20 + GEFS:2019-09-19T00:00:00+00:00:p03:22 + GEFS:2019-09-19T00:00:00+00:00:p03:24 + GEFS:2019-09-19T00:00:00+00:00:p03:25,,,data/manifests/phase1e/2019-09/daily/source_2019091900.json,f0a71ad501ef31cdfa22c1adf71353766d013fcf092e481cec70388b09087ae7
2019091900,2019-09,day1_24h,p04,PASS,,PASS,,1,5,0,,(GEFS:2019-09-19T00:00:00+00:00:p04:2 - GEFS:2019-09-19T00:00:00+00:00:p04:1) + GEFS:2019-09-19T00:00:00+00:00:p04:4 + GEFS:2019-09-19T00:00:00+00:00:p04:6 + GEFS:2019-09-19T00:00:00+00:00:p04:8 + GEFS:2019-09-19T00:00:00+00:00:p04:9,2.842170943040401e-14,4.108195111321201e-16,data/manifests/phase1e/2019-09/daily/source_2019091900.json,f0a71ad501ef31cdfa22c1adf71353766d013fcf092e481cec70388b09087ae7
2019091900,2019-09,day2_24h,p04,FAIL,ValueError: materially negative reconstructed precipitation for 33--36,PASS,,1,5,0,,(GEFS:2019-09-19T00:00:00+00:00:p04:10 - GEFS:2019-09-19T00:00:00+00:00:p04:9) + GEFS:2019-09-19T00:00:00+00:00:p04:12 + GEFS:2019-09-19T00:00:00+00:00:p04:14 + GEFS:2019-09-19T00:00:00+00:00:p04:16 + GEFS:2019-09-19T00:00:00+00:00:p04:17,,,data/manifests/phase1e/2019-09/daily/source_2019091900.json,f0a71ad501ef31cdfa22c1adf71353766d013fcf092e481cec70388b09087ae7
2019091900,2019-09,day3_24h,p04,FAIL,ValueError: materially negative reconstructed precipitation for 51--54,FAIL,ValueError: negative difference exceeds packing bound for 51--54,,,,,,,,data/manifests/phase1e/2019-09/daily/source_2019091900.json,f0a71ad501ef31cdfa22c1adf71353766d013fcf092e481cec70388b09087ae7
2019092000,2019-09,day1_24h,c00,FAIL,ValueError: materially negative reconstructed precipitation for 9--12,PASS,,1,5,0,,(GEFS:2019-09-20T00:00:00+00:00:c00:2 - GEFS:2019-09-20T00:00:00+00:00:c00:1) + GEFS:2019-09-20T00:00:00+00:00:c00:4 + GEFS:2019-09-20T00:00:00+00:00:c00:6 + GEFS:2019-09-20T00:00:00+00:00:c00:8 + GEFS:2019-09-20T00:00:00+00:00:c00:9,,,data/manifests/phase1e/2019-09/daily/source_2019092000.json,b37494c8b5e8a8313f4dcf37bc31077b5bccc4b1ddb48f91b8af6010417d7384
2019092000,2019-09,day2_24h,c00,FAIL,ValueError: materially negative reconstructed precipitation for 27--30,FAIL,ValueError: negative difference exceeds packing bound for 27--30,,,,,,,,data/manifests/phase1e/2019-09/daily/source_2019092000.json,b37494c8b5e8a8313f4dcf37bc31077b5bccc4b1ddb48f91b8af6010417d7384
2019092000,2019-09,day3_24h,c00,FAIL,ValueError: materially negative reconstructed precipitation for 51--54,FAIL,ValueError: negative difference exceeds packing bound for 51--54,,,,,,,,data/manifests/phase1e/2019-09/daily/source_2019092000.json,b37494c8b5e8a8313f4dcf37bc31077b5bccc4b1ddb48f91b8af6010417d7384
2019092000,2019-09,day1_24h,p01,PASS,,PASS,,1,5,0,,(GEFS:2019-09-20T00:00:00+00:00:p01:2 - GEFS:2019-09-20T00:00:00+00:00:p01:1) + GEFS:2019-09-20T00:00:00+00:00:p01:4 + GEFS:2019-09-20T00:00:00+00:00:p01:6 + GEFS:2019-09-20T00:00:00+00:00:p01:8 + GEFS:2019-09-20T00:00:00+00:00:p01:9,1.4210854715202004e-14,3.386388305223796e-16,data/manifests/phase1e/2019-09/daily/source_2019092000.json,b37494c8b5e8a8313f4dcf37bc31077b5bccc4b1ddb48f91b8af6010417d7384
2019092000,2019-09,day2_24h,p01,FAIL,ValueError: materially negative reconstructed precipitation for 39--42,PASS,,1,5,0,,(GEFS:2019-09-20T00:00:00+00:00:p01:10 - GEFS:2019-09-20T00:00:00+00:00:p01:9) + GEFS:2019-09-20T00:00:00+00:00:p01:12 + GEFS:2019-09-20T00:00:00+00:00:p01:14 + GEFS:2019-09-20T00:00:00+00:00:p01:16 + GEFS:2019-09-20T00:00:00+00:00:p01:17,,,data/manifests/phase1e/2019-09/daily/source_2019092000.json,b37494c8b5e8a8313f4dcf37bc31077b5bccc4b1ddb48f91b8af6010417d7384
2019092000,2019-09,day3_24h,p01,PASS,,PASS,,1,5,0,,(GEFS:2019-09-20T00:00:00+00:00:p01:18 - GEFS:2019-09-20T00:00:00+00:00:p01:17) + GEFS:2019-09-20T00:00:00+00:00:p01:20 + GEFS:2019-09-20T00:00:00+00:00:p01:22 + GEFS:2019-09-20T00:00:00+00:00:p01:24 + GEFS:2019-09-20T00:00:00+00:00:p01:25,1.4210854715202004e-14,2.436618170871413e-16,data/manifests/phase1e/2019-09/daily/source_2019092000.json,b37494c8b5e8a8313f4dcf37bc31077b5bccc4b1ddb48f91b8af6010417d7384
2019092000,2019-09,day1_24h,p02,FAIL,ValueError: materially negative reconstructed precipitation for 9--12,PASS,,1,5,114,-0.050000000000000044,(GEFS:2019-09-20T00:00:00+00:00:p02:2 - GEFS:2019-09-20T00:00:00+00:00:p02:1) + GEFS:2019-09-20T00:00:00+00:00:p02:4 + GEFS:2019-09-20T00:00:00+00:00:p02:6 + GEFS:2019-09-20T00:00:00+00:00:p02:8 + GEFS:2019-09-20T00:00:00+00:00:p02:9,,,data/manifests/phase1e/2019-09/daily/source_2019092000.json,b37494c8b5e8a8313f4dcf37bc31077b5bccc4b1ddb48f91b8af6010417d7384
2019092000,2019-09,day2_24h,p02,FAIL,ValueError: materially negative reconstructed precipitation for 27--30,FAIL,ValueError: negative difference exceeds packing bound for 27--30,,,,,,,,data/manifests/phase1e/2019-09/daily/source_2019092000.json,b37494c8b5e8a8313f4dcf37bc31077b5bccc4b1ddb48f91b8af6010417d7384
2019092000,2019-09,day3_24h,p02,PASS,,PASS,,1,5,0,,(GEFS:2019-09-20T00:00:00+00:00:p02:18 - GEFS:2019-09-20T00:00:00+00:00:p02:17) + GEFS:2019-09-20T00:00:00+00:00:p02:20 + GEFS:2019-09-20T00:00:00+00:00:p02:22 + GEFS:2019-09-20T00:00:00+00:00:p02:24 + GEFS:2019-09-20T00:00:00+00:00:p02:25,1.4210854715202004e-14,3.898727793472306e-16,data/manifests/phase1e/2019-09/daily/source_2019092000.json,b37494c8b5e8a8313f4dcf37bc31077b5bccc4b1ddb48f91b8af6010417d7384
2019092000,2019-09,day1_24h,p03,FAIL,ValueError: materially negative reconstructed precipitation for 9--12,PASS,,1,5,0,,(GEFS:2019-09-20T00:00:00+00:00:p03:2 - GEFS:2019-09-20T00:00:00+00:00:p03:1) + GEFS:2019-09-20T00:00:00+00:00:p03:4 + GEFS:2019-09-20T00:00:00+00:00:p03:6 + GEFS:2019-09-20T00:00:00+00:00:p03:8 + GEFS:2019-09-20T00:00:00+00:00:p03:9,,,data/manifests/phase1e/2019-09/daily/source_2019092000.json,b37494c8b5e8a8313f4dcf37bc31077b5bccc4b1ddb48f91b8af6010417d7384
2019092000,2019-09,day2_24h,p03,PASS,,PASS,,1,5,0,,(GEFS:2019-09-20T00:00:00+00:00:p03:10 - GEFS:2019-09-20T00:00:00+00:00:p03:9) + GEFS:2019-09-20T00:00:00+00:00:p03:12 + GEFS:2019-09-20T00:00:00+00:00:p03:14 + GEFS:2019-09-20T00:00:00+00:00:p03:16 + GEFS:2019-09-20T00:00:00+00:00:p03:17,1.4210854715202004e-14,3.7336509005980117e-16,data/manifests/phase1e/2019-09/daily/source_2019092000.json,b37494c8b5e8a8313f4dcf37bc31077b5bccc4b1ddb48f91b8af6010417d7384
2019092000,2019-09,day3_24h,p03,FAIL,ValueError: materially negative reconstructed precipitation for 51--54,FAIL,ValueError: negative difference exceeds packing bound for 51--54,,,,,,,,data/manifests/phase1e/2019-09/daily/source_2019092000.json,b37494c8b5e8a8313f4dcf37bc31077b5bccc4b1ddb48f91b8af6010417d7384
2019092000,2019-09,day1_24h,p04,FAIL,ValueError: materially negative reconstructed precipitation for 21--24,PASS,,1,5,149,-0.050000000000000044,(GEFS:2019-09-20T00:00:00+00:00:p04:2 - GEFS:2019-09-20T00:00:00+00:00:p04:1) + GEFS:2019-09-20T00:00:00+00:00:p04:4 + GEFS:2019-09-20T00:00:00+00:00:p04:6 + GEFS:2019-09-20T00:00:00+00:00:p04:8 + GEFS:2019-09-20T00:00:00+00:00:p04:9,,,data/manifests/phase1e/2019-09/daily/source_2019092000.json,b37494c8b5e8a8313f4dcf37bc31077b5bccc4b1ddb48f91b8af6010417d7384
2019092000,2019-09,day2_24h,p04,FAIL,ValueError: materially negative reconstructed precipitation for 33--36,PASS,,1,5,0,,(GEFS:2019-09-20T00:00:00+00:00:p04:10 - GEFS:2019-09-20T00:00:00+00:00:p04:9) + GEFS:2019-09-20T00:00:00+00:00:p04:12 + GEFS:2019-09-20T00:00:00+00:00:p04:14 + GEFS:2019-09-20T00:00:00+00:00:p04:16 + GEFS:2019-09-20T00:00:00+00:00:p04:17,,,data/manifests/phase1e/2019-09/daily/source_2019092000.json,b37494c8b5e8a8313f4dcf37bc31077b5bccc4b1ddb48f91b8af6010417d7384
2019092000,2019-09,day3_24h,p04,PASS,,PASS,,1,5,0,,(GEFS:2019-09-20T00:00:00+00:00:p04:18 - GEFS:2019-09-20T00:00:00+00:00:p04:17) + GEFS:2019-09-20T00:00:00+00:00:p04:20 + GEFS:2019-09-20T00:00:00+00:00:p04:22 + GEFS:2019-09-20T00:00:00+00:00:p04:24 + GEFS:2019-09-20T00:00:00+00:00:p04:25,1.4210854715202004e-14,3.7817405276538287e-16,data/manifests/phase1e/2019-09/daily/source_2019092000.json,b37494c8b5e8a8313f4dcf37bc31077b5bccc4b1ddb48f91b8af6010417d7384
2019092100,2019-09,day1_24h,c00,FAIL,ValueError: materially negative reconstructed precipitation for 21--24,PASS,,1,5,0,,(GEFS:2019-09-21T00:00:00+00:00:c00:2 - GEFS:2019-09-21T00:00:00+00:00:c00:1) + GEFS:2019-09-21T00:00:00+00:00:c00:4 + GEFS:2019-09-21T00:00:00+00:00:c00:6 + GEFS:2019-09-21T00:00:00+00:00:c00:8 + GEFS:2019-09-21T00:00:00+00:00:c00:9,,,data/manifests/phase1e/2019-09/daily/source_2019092100.json,fb01d6cd8bec534b0ff3acff8b8556f6ca927882774b0162a958ee2a8bed09b6
2019092100,2019-09,day2_24h,c00,FAIL,ValueError: materially negative reconstructed precipitation for 33--36,PASS,,1,5,0,,(GEFS:2019-09-21T00:00:00+00:00:c00:10 - GEFS:2019-09-21T00:00:00+00:00:c00:9) + GEFS:2019-09-21T00:00:00+00:00:c00:12 + GEFS:2019-09-21T00:00:00+00:00:c00:14 + GEFS:2019-09-21T00:00:00+00:00:c00:16 + GEFS:2019-09-21T00:00:00+00:00:c00:17,,,data/manifests/phase1e/2019-09/daily/source_2019092100.json,fb01d6cd8bec534b0ff3acff8b8556f6ca927882774b0162a958ee2a8bed09b6
2019092100,2019-09,day3_24h,c00,FAIL,ValueError: materially negative reconstructed precipitation for 51--54,FAIL,ValueError: negative difference exceeds packing bound for 51--54,,,,,,,,data/manifests/phase1e/2019-09/daily/source_2019092100.json,fb01d6cd8bec534b0ff3acff8b8556f6ca927882774b0162a958ee2a8bed09b6
2019092100,2019-09,day1_24h,p01,PASS,,PASS,,1,5,0,,(GEFS:2019-09-21T00:00:00+00:00:p01:2 - GEFS:2019-09-21T00:00:00+00:00:p01:1) + GEFS:2019-09-21T00:00:00+00:00:p01:4 + GEFS:2019-09-21T00:00:00+00:00:p01:6 + GEFS:2019-09-21T00:00:00+00:00:p01:8 + GEFS:2019-09-21T00:00:00+00:00:p01:9,7.105427357601002e-15,3.3297442733551654e-16,data/manifests/phase1e/2019-09/daily/source_2019092100.json,fb01d6cd8bec534b0ff3acff8b8556f6ca927882774b0162a958ee2a8bed09b6
2019092100,2019-09,day2_24h,p01,FAIL,ValueError: materially negative reconstructed precipitation for 45--48,PASS,,1,5,0,,(GEFS:2019-09-21T00:00:00+00:00:p01:10 - GEFS:2019-09-21T00:00:00+00:00:p01:9) + GEFS:2019-09-21T00:00:00+00:00:p01:12 + GEFS:2019-09-21T00:00:00+00:00:p01:14 + GEFS:2019-09-21T00:00:00+00:00:p01:16 + GEFS:2019-09-21T00:00:00+00:00:p01:17,,,data/manifests/phase1e/2019-09/daily/source_2019092100.json,fb01d6cd8bec534b0ff3acff8b8556f6ca927882774b0162a958ee2a8bed09b6
2019092100,2019-09,day3_24h,p01,PASS,,PASS,,1,5,0,,(GEFS:2019-09-21T00:00:00+00:00:p01:18 - GEFS:2019-09-21T00:00:00+00:00:p01:17) + GEFS:2019-09-21T00:00:00+00:00:p01:20 + GEFS:2019-09-21T00:00:00+00:00:p01:22 + GEFS:2019-09-21T00:00:00+00:00:p01:24 + GEFS:2019-09-21T00:00:00+00:00:p01:25,7.105427357601002e-15,2.311076500240122e-16,data/manifests/phase1e/2019-09/daily/source_2019092100.json,fb01d6cd8bec534b0ff3acff8b8556f6ca927882774b0162a958ee2a8bed09b6
2019092100,2019-09,day1_24h,p02,FAIL,ValueError: materially negative reconstructed precipitation for 21--24,PASS,,1,5,0,,(GEFS:2019-09-21T00:00:00+00:00:p02:2 - GEFS:2019-09-21T00:00:00+00:00:p02:1) + GEFS:2019-09-21T00:00:00+00:00:p02:4 + GEFS:2019-09-21T00:00:00+00:00:p02:6 + GEFS:2019-09-21T00:00:00+00:00:p02:8 + GEFS:2019-09-21T00:00:00+00:00:p02:9,,,data/manifests/phase1e/2019-09/daily/source_2019092100.json,fb01d6cd8bec534b0ff3acff8b8556f6ca927882774b0162a958ee2a8bed09b6
2019092100,2019-09,day2_24h,p02,FAIL,ValueError: materially negative reconstructed precipitation for 27--30,FAIL,ValueError: negative difference exceeds packing bound for 27--30,,,,,,,,data/manifests/phase1e/2019-09/daily/source_2019092100.json,fb01d6cd8bec534b0ff3acff8b8556f6ca927882774b0162a958ee2a8bed09b6
2019092100,2019-09,day3_24h,p02,PASS,,PASS,,1,5,0,,(GEFS:2019-09-21T00:00:00+00:00:p02:18 - GEFS:2019-09-21T00:00:00+00:00:p02:17) + GEFS:2019-09-21T00:00:00+00:00:p02:20 + GEFS:2019-09-21T00:00:00+00:00:p02:22 + GEFS:2019-09-21T00:00:00+00:00:p02:24 + GEFS:2019-09-21T00:00:00+00:00:p02:25,7.105427357601002e-15,3.424998726946495e-16,data/manifests/phase1e/2019-09/daily/source_2019092100.json,fb01d6cd8bec534b0ff3acff8b8556f6ca927882774b0162a958ee2a8bed09b6
2019092100,2019-09,day1_24h,p03,PASS,,PASS,,1,5,0,,(GEFS:2019-09-21T00:00:00+00:00:p03:2 - GEFS:2019-09-21T00:00:00+00:00:p03:1) + GEFS:2019-09-21T00:00:00+00:00:p03:4 + GEFS:2019-09-21T00:00:00+00:00:p03:6 + GEFS:2019-09-21T00:00:00+00:00:p03:8 + GEFS:2019-09-21T00:00:00+00:00:p03:9,2.842170943040401e-14,4.2080735675140513e-16,data/manifests/phase1e/2019-09/daily/source_2019092100.json,fb01d6cd8bec534b0ff3acff8b8556f6ca927882774b0162a958ee2a8bed09b6
2019092100,2019-09,day2_24h,p03,FAIL,ValueError: materially negative reconstructed precipitation for 33--36,PASS,,1,5,0,,(GEFS:2019-09-21T00:00:00+00:00:p03:10 - GEFS:2019-09-21T00:00:00+00:00:p03:9) + GEFS:2019-09-21T00:00:00+00:00:p03:12 + GEFS:2019-09-21T00:00:00+00:00:p03:14 + GEFS:2019-09-21T00:00:00+00:00:p03:16 + GEFS:2019-09-21T00:00:00+00:00:p03:17,,,data/manifests/phase1e/2019-09/daily/source_2019092100.json,fb01d6cd8bec534b0ff3acff8b8556f6ca927882774b0162a958ee2a8bed09b6
2019092100,2019-09,day3_24h,p03,FAIL,ValueError: materially negative reconstructed precipitation for 57--60,PASS,,1,5,0,,(GEFS:2019-09-21T00:00:00+00:00:p03:18 - GEFS:2019-09-21T00:00:00+00:00:p03:17) + GEFS:2019-09-21T00:00:00+00:00:p03:20 + GEFS:2019-09-21T00:00:00+00:00:p03:22 + GEFS:2019-09-21T00:00:00+00:00:p03:24 + GEFS:2019-09-21T00:00:00+00:00:p03:25,,,data/manifests/phase1e/2019-09/daily/source_2019092100.json,fb01d6cd8bec534b0ff3acff8b8556f6ca927882774b0162a958ee2a8bed09b6
2019092100,2019-09,day1_24h,p04,PASS,,PASS,,1,5,0,,(GEFS:2019-09-21T00:00:00+00:00:p04:2 - GEFS:2019-09-21T00:00:00+00:00:p04:1) + GEFS:2019-09-21T00:00:00+00:00:p04:4 + GEFS:2019-09-21T00:00:00+00:00:p04:6 + GEFS:2019-09-21T00:00:00+00:00:p04:8 + GEFS:2019-09-21T00:00:00+00:00:p04:9,4.263256414560601e-14,5.01611802212982e-16,data/manifests/phase1e/2019-09/daily/source_2019092100.json,fb01d6cd8bec534b0ff3acff8b8556f6ca927882774b0162a958ee2a8bed09b6
2019092100,2019-09,day2_24h,p04,FAIL,ValueError: materially negative reconstructed precipitation for 45--48,PASS,,1,5,0,,(GEFS:2019-09-21T00:00:00+00:00:p04:10 - GEFS:2019-09-21T00:00:00+00:00:p04:9) + GEFS:2019-09-21T00:00:00+00:00:p04:12 + GEFS:2019-09-21T00:00:00+00:00:p04:14 + GEFS:2019-09-21T00:00:00+00:00:p04:16 + GEFS:2019-09-21T00:00:00+00:00:p04:17,,,data/manifests/phase1e/2019-09/daily/source_2019092100.json,fb01d6cd8bec534b0ff3acff8b8556f6ca927882774b0162a958ee2a8bed09b6
2019092100,2019-09,day3_24h,p04,PASS,,PASS,,1,5,0,,(GEFS:2019-09-21T00:00:00+00:00:p04:18 - GEFS:2019-09-21T00:00:00+00:00:p04:17) + GEFS:2019-09-21T00:00:00+00:00:p04:20 + GEFS:2019-09-21T00:00:00+00:00:p04:22 + GEFS:2019-09-21T00:00:00+00:00:p04:24 + GEFS:2019-09-21T00:00:00+00:00:p04:25,1.4210854715202004e-14,2.7332479377589756e-16,data/manifests/phase1e/2019-09/daily/source_2019092100.json,fb01d6cd8bec534b0ff3acff8b8556f6ca927882774b0162a958ee2a8bed09b6
2019092200,2019-09,day1_24h,c00,FAIL,ValueError: materially negative reconstructed precipitation for 15--18,PASS,,1,5,0,,(GEFS:2019-09-22T00:00:00+00:00:c00:2 - GEFS:2019-09-22T00:00:00+00:00:c00:1) + GEFS:2019-09-22T00:00:00+00:00:c00:4 + GEFS:2019-09-22T00:00:00+00:00:c00:6 + GEFS:2019-09-22T00:00:00+00:00:c00:8 + GEFS:2019-09-22T00:00:00+00:00:c00:9,,,data/manifests/phase1e/2019-09/daily/source_2019092200.json,e371138a88ac834b6b2041afd2856fa1f57b791b5885de50e9eedc84b9b0cf0d
2019092200,2019-09,day2_24h,c00,FAIL,ValueError: materially negative reconstructed precipitation for 27--30,FAIL,ValueError: negative difference exceeds packing bound for 27--30,,,,,,,,data/manifests/phase1e/2019-09/daily/source_2019092200.json,e371138a88ac834b6b2041afd2856fa1f57b791b5885de50e9eedc84b9b0cf0d
2019092200,2019-09,day3_24h,c00,FAIL,ValueError: materially negative reconstructed precipitation for 51--54,FAIL,ValueError: negative difference exceeds packing bound for 51--54,,,,,,,,data/manifests/phase1e/2019-09/daily/source_2019092200.json,e371138a88ac834b6b2041afd2856fa1f57b791b5885de50e9eedc84b9b0cf0d
2019092200,2019-09,day1_24h,p01,PASS,,PASS,,1,5,114,-0.050000000000000044,(GEFS:2019-09-22T00:00:00+00:00:p01:2 - GEFS:2019-09-22T00:00:00+00:00:p01:1) + GEFS:2019-09-22T00:00:00+00:00:p01:4 + GEFS:2019-09-22T00:00:00+00:00:p01:6 + GEFS:2019-09-22T00:00:00+00:00:p01:8 + GEFS:2019-09-22T00:00:00+00:00:p01:9,5.684341886080802e-14,3.9479734211785035e-16,data/manifests/phase1e/2019-09/daily/source_2019092200.json,e371138a88ac834b6b2041afd2856fa1f57b791b5885de50e9eedc84b9b0cf0d
2019092200,2019-09,day2_24h,p01,PASS,,PASS,,1,5,0,,(GEFS:2019-09-22T00:00:00+00:00:p01:10 - GEFS:2019-09-22T00:00:00+00:00:p01:9) + GEFS:2019-09-22T00:00:00+00:00:p01:12 + GEFS:2019-09-22T00:00:00+00:00:p01:14 + GEFS:2019-09-22T00:00:00+00:00:p01:16 + GEFS:2019-09-22T00:00:00+00:00:p01:17,1.4210854715202004e-14,4.1449559320032915e-16,data/manifests/phase1e/2019-09/daily/source_2019092200.json,e371138a88ac834b6b2041afd2856fa1f57b791b5885de50e9eedc84b9b0cf0d
2019092200,2019-09,day3_24h,p01,FAIL,ValueError: materially negative reconstructed precipitation for 57--60,PASS,,1,5,0,,(GEFS:2019-09-22T00:00:00+00:00:p01:18 - GEFS:2019-09-22T00:00:00+00:00:p01:17) + GEFS:2019-09-22T00:00:00+00:00:p01:20 + GEFS:2019-09-22T00:00:00+00:00:p01:22 + GEFS:2019-09-22T00:00:00+00:00:p01:24 + GEFS:2019-09-22T00:00:00+00:00:p01:25,,,data/manifests/phase1e/2019-09/daily/source_2019092200.json,e371138a88ac834b6b2041afd2856fa1f57b791b5885de50e9eedc84b9b0cf0d
2019092200,2019-09,day1_24h,p02,FAIL,ValueError: materially negative reconstructed precipitation for 9--12,PASS,,1,5,166,-0.050000000000000044,(GEFS:2019-09-22T00:00:00+00:00:p02:2 - GEFS:2019-09-22T00:00:00+00:00:p02:1) + GEFS:2019-09-22T00:00:00+00:00:p02:4 + GEFS:2019-09-22T00:00:00+00:00:p02:6 + GEFS:2019-09-22T00:00:00+00:00:p02:8 + GEFS:2019-09-22T00:00:00+00:00:p02:9,,,data/manifests/phase1e/2019-09/daily/source_2019092200.json,e371138a88ac834b6b2041afd2856fa1f57b791b5885de50e9eedc84b9b0cf0d
2019092200,2019-09,day2_24h,p02,PASS,,PASS,,1,5,0,,(GEFS:2019-09-22T00:00:00+00:00:p02:10 - GEFS:2019-09-22T00:00:00+00:00:p02:9) + GEFS:2019-09-22T00:00:00+00:00:p02:12 + GEFS:2019-09-22T00:00:00+00:00:p02:14 + GEFS:2019-09-22T00:00:00+00:00:p02:16 + GEFS:2019-09-22T00:00:00+00:00:p02:17,7.105427357601002e-15,3.001208888517109e-16,data/manifests/phase1e/2019-09/daily/source_2019092200.json,e371138a88ac834b6b2041afd2856fa1f57b791b5885de50e9eedc84b9b0cf0d
2019092200,2019-09,day3_24h,p02,FAIL,ValueError: materially negative reconstructed precipitation for 51--54,FAIL,ValueError: negative difference exceeds packing bound for 51--54,,,,,,,,data/manifests/phase1e/2019-09/daily/source_2019092200.json,e371138a88ac834b6b2041afd2856fa1f57b791b5885de50e9eedc84b9b0cf0d
2019092200,2019-09,day1_24h,p03,FAIL,ValueError: materially negative reconstructed precipitation for 21--24,PASS,,1,5,67,-0.04999999999999999,(GEFS:2019-09-22T00:00:00+00:00:p03:2 - GEFS:2019-09-22T00:00:00+00:00:p03:1) + GEFS:2019-09-22T00:00:00+00:00:p03:4 + GEFS:2019-09-22T00:00:00+00:00:p03:6 + GEFS:2019-09-22T00:00:00+00:00:p03:8 + GEFS:2019-09-22T00:00:00+00:00:p03:9,,,data/manifests/phase1e/2019-09/daily/source_2019092200.json,e371138a88ac834b6b2041afd2856fa1f57b791b5885de50e9eedc84b9b0cf0d
2019092200,2019-09,day2_24h,p03,PASS,,PASS,,1,5,0,,(GEFS:2019-09-22T00:00:00+00:00:p03:10 - GEFS:2019-09-22T00:00:00+00:00:p03:9) + GEFS:2019-09-22T00:00:00+00:00:p03:12 + GEFS:2019-09-22T00:00:00+00:00:p03:14 + GEFS:2019-09-22T00:00:00+00:00:p03:16 + GEFS:2019-09-22T00:00:00+00:00:p03:17,7.105427357601002e-15,1.3603815653674347e-16,data/manifests/phase1e/2019-09/daily/source_2019092200.json,e371138a88ac834b6b2041afd2856fa1f57b791b5885de50e9eedc84b9b0cf0d
2019092200,2019-09,day3_24h,p03,FAIL,ValueError: materially negative reconstructed precipitation for 57--60,PASS,,1,5,0,,(GEFS:2019-09-22T00:00:00+00:00:p03:18 - GEFS:2019-09-22T00:00:00+00:00:p03:17) + GEFS:2019-09-22T00:00:00+00:00:p03:20 + GEFS:2019-09-22T00:00:00+00:00:p03:22 + GEFS:2019-09-22T00:00:00+00:00:p03:24 + GEFS:2019-09-22T00:00:00+00:00:p03:25,,,data/manifests/phase1e/2019-09/daily/source_2019092200.json,e371138a88ac834b6b2041afd2856fa1f57b791b5885de50e9eedc84b9b0cf0d
2019092200,2019-09,day1_24h,p04,FAIL,ValueError: materially negative reconstructed precipitation for 9--12,PASS,,1,5,0,,(GEFS:2019-09-22T00:00:00+00:00:p04:2 - GEFS:2019-09-22T00:00:00+00:00:p04:1) + GEFS:2019-09-22T00:00:00+00:00:p04:4 + GEFS:2019-09-22T00:00:00+00:00:p04:6 + GEFS:2019-09-22T00:00:00+00:00:p04:8 + GEFS:2019-09-22T00:00:00+00:00:p04:9,,,data/manifests/phase1e/2019-09/daily/source_2019092200.json,e371138a88ac834b6b2041afd2856fa1f57b791b5885de50e9eedc84b9b0cf0d
2019092200,2019-09,day2_24h,p04,FAIL,ValueError: materially negative reconstructed precipitation for 45--48,PASS,,1,5,0,,(GEFS:2019-09-22T00:00:00+00:00:p04:10 - GEFS:2019-09-22T00:00:00+00:00:p04:9) + GEFS:2019-09-22T00:00:00+00:00:p04:12 + GEFS:2019-09-22T00:00:00+00:00:p04:14 + GEFS:2019-09-22T00:00:00+00:00:p04:16 + GEFS:2019-09-22T00:00:00+00:00:p04:17,,,data/manifests/phase1e/2019-09/daily/source_2019092200.json,e371138a88ac834b6b2041afd2856fa1f57b791b5885de50e9eedc84b9b0cf0d
2019092200,2019-09,day3_24h,p04,FAIL,ValueError: materially negative reconstructed precipitation for 51--54,FAIL,ValueError: negative difference exceeds packing bound for 51--54,,,,,,,,data/manifests/phase1e/2019-09/daily/source_2019092200.json,e371138a88ac834b6b2041afd2856fa1f57b791b5885de50e9eedc84b9b0cf0d
2019092300,2019-09,day1_24h,c00,PASS,,PASS,,1,5,0,,(GEFS:2019-09-23T00:00:00+00:00:c00:2 - GEFS:2019-09-23T00:00:00+00:00:c00:1) + GEFS:2019-09-23T00:00:00+00:00:c00:4 + GEFS:2019-09-23T00:00:00+00:00:c00:6 + GEFS:2019-09-23T00:00:00+00:00:c00:8 + GEFS:2019-09-23T00:00:00+00:00:c00:9,2.1316282072803006e-14,4.664000224024007e-16,data/manifests/phase1e/2019-09/daily/source_2019092300.json,5e7faed6888f58cf84514ee8ddcbf7317b2dd5c227400aa6503d2a438f846f75
2019092300,2019-09,day2_24h,c00,PASS,,PASS,,1,5,0,,(GEFS:2019-09-23T00:00:00+00:00:c00:10 - GEFS:2019-09-23T00:00:00+00:00:c00:9) + GEFS:2019-09-23T00:00:00+00:00:c00:12 + GEFS:2019-09-23T00:00:00+00:00:c00:14 + GEFS:2019-09-23T00:00:00+00:00:c00:16 + GEFS:2019-09-23T00:00:00+00:00:c00:17,7.105427357601002e-15,4.188479356490107e-16,data/manifests/phase1e/2019-09/daily/source_2019092300.json,5e7faed6888f58cf84514ee8ddcbf7317b2dd5c227400aa6503d2a438f846f75
2019092300,2019-09,day3_24h,c00,FAIL,ValueError: materially negative reconstructed precipitation for 57--60,PASS,,1,5,0,,(GEFS:2019-09-23T00:00:00+00:00:c00:18 - GEFS:2019-09-23T00:00:00+00:00:c00:17) + GEFS:2019-09-23T00:00:00+00:00:c00:20 + GEFS:2019-09-23T00:00:00+00:00:c00:22 + GEFS:2019-09-23T00:00:00+00:00:c00:24 + GEFS:2019-09-23T00:00:00+00:00:c00:25,,,data/manifests/phase1e/2019-09/daily/source_2019092300.json,5e7faed6888f58cf84514ee8ddcbf7317b2dd5c227400aa6503d2a438f846f75
2019092300,2019-09,day1_24h,p01,PASS,,PASS,,1,5,153,-0.04999999999999999,(GEFS:2019-09-23T00:00:00+00:00:p01:2 - GEFS:2019-09-23T00:00:00+00:00:p01:1) + GEFS:2019-09-23T00:00:00+00:00:p01:4 + GEFS:2019-09-23T00:00:00+00:00:p01:6 + GEFS:2019-09-23T00:00:00+00:00:p01:8 + GEFS:2019-09-23T00:00:00+00:00:p01:9,2.842170943040401e-14,5.997562574302621e-16,data/manifests/phase1e/2019-09/daily/source_2019092300.json,5e7faed6888f58cf84514ee8ddcbf7317b2dd5c227400aa6503d2a438f846f75
2019092300,2019-09,day2_24h,p01,FAIL,ValueError: materially negative reconstructed precipitation for 33--36,PASS,,1,5,0,,(GEFS:2019-09-23T00:00:00+00:00:p01:10 - GEFS:2019-09-23T00:00:00+00:00:p01:9) + GEFS:2019-09-23T00:00:00+00:00:p01:12 + GEFS:2019-09-23T00:00:00+00:00:p01:14 + GEFS:2019-09-23T00:00:00+00:00:p01:16 + GEFS:2019-09-23T00:00:00+00:00:p01:17,,,data/manifests/phase1e/2019-09/daily/source_2019092300.json,5e7faed6888f58cf84514ee8ddcbf7317b2dd5c227400aa6503d2a438f846f75
2019092300,2019-09,day3_24h,p01,PASS,,PASS,,1,5,0,,(GEFS:2019-09-23T00:00:00+00:00:p01:18 - GEFS:2019-09-23T00:00:00+00:00:p01:17) + GEFS:2019-09-23T00:00:00+00:00:p01:20 + GEFS:2019-09-23T00:00:00+00:00:p01:22 + GEFS:2019-09-23T00:00:00+00:00:p01:24 + GEFS:2019-09-23T00:00:00+00:00:p01:25,1.4210854715202004e-14,5.339567004106203e-16,data/manifests/phase1e/2019-09/daily/source_2019092300.json,5e7faed6888f58cf84514ee8ddcbf7317b2dd5c227400aa6503d2a438f846f75
2019092300,2019-09,day1_24h,p02,PASS,,PASS,,1,5,189,-0.04999999999999999,(GEFS:2019-09-23T00:00:00+00:00:p02:2 - GEFS:2019-09-23T00:00:00+00:00:p02:1) + GEFS:2019-09-23T00:00:00+00:00:p02:4 + GEFS:2019-09-23T00:00:00+00:00:p02:6 + GEFS:2019-09-23T00:00:00+00:00:p02:8 + GEFS:2019-09-23T00:00:00+00:00:p02:9,1.4210854715202004e-14,3.794687734938087e-16,data/manifests/phase1e/2019-09/daily/source_2019092300.json,5e7faed6888f58cf84514ee8ddcbf7317b2dd5c227400aa6503d2a438f846f75
2019092300,2019-09,day2_24h,p02,FAIL,ValueError: materially negative reconstructed precipitation for 39--42,PASS,,1,5,0,,(GEFS:2019-09-23T00:00:00+00:00:p02:10 - GEFS:2019-09-23T00:00:00+00:00:p02:9) + GEFS:2019-09-23T00:00:00+00:00:p02:12 + GEFS:2019-09-23T00:00:00+00:00:p02:14 + GEFS:2019-09-23T00:00:00+00:00:p02:16 + GEFS:2019-09-23T00:00:00+00:00:p02:17,,,data/manifests/phase1e/2019-09/daily/source_2019092300.json,5e7faed6888f58cf84514ee8ddcbf7317b2dd5c227400aa6503d2a438f846f75
2019092300,2019-09,day3_24h,p02,PASS,,PASS,,1,5,0,,(GEFS:2019-09-23T00:00:00+00:00:p02:18 - GEFS:2019-09-23T00:00:00+00:00:p02:17) + GEFS:2019-09-23T00:00:00+00:00:p02:20 + GEFS:2019-09-23T00:00:00+00:00:p02:22 + GEFS:2019-09-23T00:00:00+00:00:p02:24 + GEFS:2019-09-23T00:00:00+00:00:p02:25,7.105427357601002e-15,1.4577168201294485e-16,data/manifests/phase1e/2019-09/daily/source_2019092300.json,5e7faed6888f58cf84514ee8ddcbf7317b2dd5c227400aa6503d2a438f846f75
2019092300,2019-09,day1_24h,p03,FAIL,ValueError: materially negative reconstructed precipitation for 9--12,PASS,,1,5,0,,(GEFS:2019-09-23T00:00:00+00:00:p03:2 - GEFS:2019-09-23T00:00:00+00:00:p03:1) + GEFS:2019-09-23T00:00:00+00:00:p03:4 + GEFS:2019-09-23T00:00:00+00:00:p03:6 + GEFS:2019-09-23T00:00:00+00:00:p03:8 + GEFS:2019-09-23T00:00:00+00:00:p03:9,,,data/manifests/phase1e/2019-09/daily/source_2019092300.json,5e7faed6888f58cf84514ee8ddcbf7317b2dd5c227400aa6503d2a438f846f75
2019092300,2019-09,day2_24h,p03,FAIL,ValueError: materially negative reconstructed precipitation for 27--30,FAIL,ValueError: negative difference exceeds packing bound for 27--30,,,,,,,,data/manifests/phase1e/2019-09/daily/source_2019092300.json,5e7faed6888f58cf84514ee8ddcbf7317b2dd5c227400aa6503d2a438f846f75
2019092300,2019-09,day3_24h,p03,FAIL,ValueError: materially negative reconstructed precipitation for 51--54,FAIL,ValueError: negative difference exceeds packing bound for 51--54,,,,,,,,data/manifests/phase1e/2019-09/daily/source_2019092300.json,5e7faed6888f58cf84514ee8ddcbf7317b2dd5c227400aa6503d2a438f846f75
2019092300,2019-09,day1_24h,p04,FAIL,ValueError: materially negative reconstructed precipitation for 15--18,PASS,,1,5,179,-0.050000000000000044,(GEFS:2019-09-23T00:00:00+00:00:p04:2 - GEFS:2019-09-23T00:00:00+00:00:p04:1) + GEFS:2019-09-23T00:00:00+00:00:p04:4 + GEFS:2019-09-23T00:00:00+00:00:p04:6 + GEFS:2019-09-23T00:00:00+00:00:p04:8 + GEFS:2019-09-23T00:00:00+00:00:p04:9,,,data/manifests/phase1e/2019-09/daily/source_2019092300.json,5e7faed6888f58cf84514ee8ddcbf7317b2dd5c227400aa6503d2a438f846f75
2019092300,2019-09,day2_24h,p04,FAIL,ValueError: materially negative reconstructed precipitation for 33--36,PASS,,1,5,0,,(GEFS:2019-09-23T00:00:00+00:00:p04:10 - GEFS:2019-09-23T00:00:00+00:00:p04:9) + GEFS:2019-09-23T00:00:00+00:00:p04:12 + GEFS:2019-09-23T00:00:00+00:00:p04:14 + GEFS:2019-09-23T00:00:00+00:00:p04:16 + GEFS:2019-09-23T00:00:00+00:00:p04:17,,,data/manifests/phase1e/2019-09/daily/source_2019092300.json,5e7faed6888f58cf84514ee8ddcbf7317b2dd5c227400aa6503d2a438f846f75
2019092300,2019-09,day3_24h,p04,PASS,,PASS,,1,5,0,,(GEFS:2019-09-23T00:00:00+00:00:p04:18 - GEFS:2019-09-23T00:00:00+00:00:p04:17) + GEFS:2019-09-23T00:00:00+00:00:p04:20 + GEFS:2019-09-23T00:00:00+00:00:p04:22 + GEFS:2019-09-23T00:00:00+00:00:p04:24 + GEFS:2019-09-23T00:00:00+00:00:p04:25,1.4210854715202004e-14,5.147902096273165e-16,data/manifests/phase1e/2019-09/daily/source_2019092300.json,5e7faed6888f58cf84514ee8ddcbf7317b2dd5c227400aa6503d2a438f846f75
2019092400,2019-09,day1_24h,c00,FAIL,ValueError: materially negative reconstructed precipitation for 9--12,PASS,,1,5,0,,(GEFS:2019-09-24T00:00:00+00:00:c00:2 - GEFS:2019-09-24T00:00:00+00:00:c00:1) + GEFS:2019-09-24T00:00:00+00:00:c00:4 + GEFS:2019-09-24T00:00:00+00:00:c00:6 + GEFS:2019-09-24T00:00:00+00:00:c00:8 + GEFS:2019-09-24T00:00:00+00:00:c00:9,,,data/manifests/phase1e/2019-09/daily/source_2019092400.json,54f81d5de7c531bd3fa24a123605dec87ff047676617096038d8d79a428c8381
2019092400,2019-09,day2_24h,c00,FAIL,ValueError: materially negative reconstructed precipitation for 27--30,FAIL,ValueError: negative difference exceeds packing bound for 27--30,,,,,,,,data/manifests/phase1e/2019-09/daily/source_2019092400.json,54f81d5de7c531bd3fa24a123605dec87ff047676617096038d8d79a428c8381
2019092400,2019-09,day3_24h,c00,FAIL,ValueError: materially negative reconstructed precipitation for 51--54,FAIL,ValueError: negative difference exceeds packing bound for 51--54,,,,,,,,data/manifests/phase1e/2019-09/daily/source_2019092400.json,54f81d5de7c531bd3fa24a123605dec87ff047676617096038d8d79a428c8381
2019092400,2019-09,day1_24h,p01,FAIL,ValueError: materially negative reconstructed precipitation for 15--18,PASS,,1,5,160,-0.050000000000000044,(GEFS:2019-09-24T00:00:00+00:00:p01:2 - GEFS:2019-09-24T00:00:00+00:00:p01:1) + GEFS:2019-09-24T00:00:00+00:00:p01:4 + GEFS:2019-09-24T00:00:00+00:00:p01:6 + GEFS:2019-09-24T00:00:00+00:00:p01:8 + GEFS:2019-09-24T00:00:00+00:00:p01:9,,,data/manifests/phase1e/2019-09/daily/source_2019092400.json,54f81d5de7c531bd3fa24a123605dec87ff047676617096038d8d79a428c8381
2019092400,2019-09,day2_24h,p01,PASS,,PASS,,1,5,0,,(GEFS:2019-09-24T00:00:00+00:00:p01:10 - GEFS:2019-09-24T00:00:00+00:00:p01:9) + GEFS:2019-09-24T00:00:00+00:00:p01:12 + GEFS:2019-09-24T00:00:00+00:00:p01:14 + GEFS:2019-09-24T00:00:00+00:00:p01:16 + GEFS:2019-09-24T00:00:00+00:00:p01:17,1.4210854715202004e-14,5.981147365067222e-16,data/manifests/phase1e/2019-09/daily/source_2019092400.json,54f81d5de7c531bd3fa24a123605dec87ff047676617096038d8d79a428c8381
2019092400,2019-09,day3_24h,p01,FAIL,ValueError: materially negative reconstructed precipitation for 51--54,FAIL,ValueError: negative difference exceeds packing bound for 51--54,,,,,,,,data/manifests/phase1e/2019-09/daily/source_2019092400.json,54f81d5de7c531bd3fa24a123605dec87ff047676617096038d8d79a428c8381
2019092400,2019-09,day1_24h,p02,PASS,,PASS,,1,5,73,-0.050000000000000044,(GEFS:2019-09-24T00:00:00+00:00:p02:2 - GEFS:2019-09-24T00:00:00+00:00:p02:1) + GEFS:2019-09-24T00:00:00+00:00:p02:4 + GEFS:2019-09-24T00:00:00+00:00:p02:6 + GEFS:2019-09-24T00:00:00+00:00:p02:8 + GEFS:2019-09-24T00:00:00+00:00:p02:9,1.4210854715202004e-14,4.171081546701884e-16,data/manifests/phase1e/2019-09/daily/source_2019092400.json,54f81d5de7c531bd3fa24a123605dec87ff047676617096038d8d79a428c8381
2019092400,2019-09,day2_24h,p02,FAIL,ValueError: materially negative reconstructed precipitation for 33--36,PASS,,1,5,0,,(GEFS:2019-09-24T00:00:00+00:00:p02:10 - GEFS:2019-09-24T00:00:00+00:00:p02:9) + GEFS:2019-09-24T00:00:00+00:00:p02:12 + GEFS:2019-09-24T00:00:00+00:00:p02:14 + GEFS:2019-09-24T00:00:00+00:00:p02:16 + GEFS:2019-09-24T00:00:00+00:00:p02:17,,,data/manifests/phase1e/2019-09/daily/source_2019092400.json,54f81d5de7c531bd3fa24a123605dec87ff047676617096038d8d79a428c8381
2019092400,2019-09,day3_24h,p02,FAIL,ValueError: materially negative reconstructed precipitation for 57--60,PASS,,1,5,0,,(GEFS:2019-09-24T00:00:00+00:00:p02:18 - GEFS:2019-09-24T00:00:00+00:00:p02:17) + GEFS:2019-09-24T00:00:00+00:00:p02:20 + GEFS:2019-09-24T00:00:00+00:00:p02:22 + GEFS:2019-09-24T00:00:00+00:00:p02:24 + GEFS:2019-09-24T00:00:00+00:00:p02:25,,,data/manifests/phase1e/2019-09/daily/source_2019092400.json,54f81d5de7c531bd3fa24a123605dec87ff047676617096038d8d79a428c8381
2019092400,2019-09,day1_24h,p03,PASS,,PASS,,1,5,111,-0.050000000000000044,(GEFS:2019-09-24T00:00:00+00:00:p03:2 - GEFS:2019-09-24T00:00:00+00:00:p03:1) + GEFS:2019-09-24T00:00:00+00:00:p03:4 + GEFS:2019-09-24T00:00:00+00:00:p03:6 + GEFS:2019-09-24T00:00:00+00:00:p03:8 + GEFS:2019-09-24T00:00:00+00:00:p03:9,1.4210854715202004e-14,5.327082197082098e-16,data/manifests/phase1e/2019-09/daily/source_2019092400.json,54f81d5de7c531bd3fa24a123605dec87ff047676617096038d8d79a428c8381
2019092400,2019-09,day2_24h,p03,FAIL,ValueError: materially negative reconstructed precipitation for 27--30,FAIL,ValueError: negative difference exceeds packing bound for 27--30,,,,,,,,data/manifests/phase1e/2019-09/daily/source_2019092400.json,54f81d5de7c531bd3fa24a123605dec87ff047676617096038d8d79a428c8381
2019092400,2019-09,day3_24h,p03,FAIL,ValueError: materially negative reconstructed precipitation for 51--54,FAIL,ValueError: negative difference exceeds packing bound for 51--54,,,,,,,,data/manifests/phase1e/2019-09/daily/source_2019092400.json,54f81d5de7c531bd3fa24a123605dec87ff047676617096038d8d79a428c8381
2019092400,2019-09,day1_24h,p04,FAIL,ValueError: materially negative reconstructed precipitation for 9--12,PASS,,1,5,111,-0.050000000000000044,(GEFS:2019-09-24T00:00:00+00:00:p04:2 - GEFS:2019-09-24T00:00:00+00:00:p04:1) + GEFS:2019-09-24T00:00:00+00:00:p04:4 + GEFS:2019-09-24T00:00:00+00:00:p04:6 + GEFS:2019-09-24T00:00:00+00:00:p04:8 + GEFS:2019-09-24T00:00:00+00:00:p04:9,,,data/manifests/phase1e/2019-09/daily/source_2019092400.json,54f81d5de7c531bd3fa24a123605dec87ff047676617096038d8d79a428c8381
2019092400,2019-09,day2_24h,p04,PASS,,PASS,,1,5,0,,(GEFS:2019-09-24T00:00:00+00:00:p04:10 - GEFS:2019-09-24T00:00:00+00:00:p04:9) + GEFS:2019-09-24T00:00:00+00:00:p04:12 + GEFS:2019-09-24T00:00:00+00:00:p04:14 + GEFS:2019-09-24T00:00:00+00:00:p04:16 + GEFS:2019-09-24T00:00:00+00:00:p04:17,1.4210854715202004e-14,5.339335803976127e-16,data/manifests/phase1e/2019-09/daily/source_2019092400.json,54f81d5de7c531bd3fa24a123605dec87ff047676617096038d8d79a428c8381
2019092400,2019-09,day3_24h,p04,PASS,,PASS,,1,5,0,,(GEFS:2019-09-24T00:00:00+00:00:p04:18 - GEFS:2019-09-24T00:00:00+00:00:p04:17) + GEFS:2019-09-24T00:00:00+00:00:p04:20 + GEFS:2019-09-24T00:00:00+00:00:p04:22 + GEFS:2019-09-24T00:00:00+00:00:p04:24 + GEFS:2019-09-24T00:00:00+00:00:p04:25,7.105427357601002e-15,2.795209572619355e-16,data/manifests/phase1e/2019-09/daily/source_2019092400.json,54f81d5de7c531bd3fa24a123605dec87ff047676617096038d8d79a428c8381
2019092500,2019-09,day1_24h,c00,FAIL,ValueError: materially negative reconstructed precipitation for 9--12,PASS,,1,5,0,,(GEFS:2019-09-25T00:00:00+00:00:c00:2 - GEFS:2019-09-25T00:00:00+00:00:c00:1) + GEFS:2019-09-25T00:00:00+00:00:c00:4 + GEFS:2019-09-25T00:00:00+00:00:c00:6 + GEFS:2019-09-25T00:00:00+00:00:c00:8 + GEFS:2019-09-25T00:00:00+00:00:c00:9,,,data/manifests/phase1e/2019-09/daily/source_2019092500.json,c84a5b2f66bf2d99139fccedbd0dc8211361d0d19c65c1d19135fa1285dc934b
2019092500,2019-09,day2_24h,c00,FAIL,ValueError: materially negative reconstructed precipitation for 27--30,FAIL,ValueError: negative difference exceeds packing bound for 27--30,,,,,,,,data/manifests/phase1e/2019-09/daily/source_2019092500.json,c84a5b2f66bf2d99139fccedbd0dc8211361d0d19c65c1d19135fa1285dc934b
2019092500,2019-09,day3_24h,c00,FAIL,ValueError: materially negative reconstructed precipitation for 57--60,PASS,,1,5,0,,(GEFS:2019-09-25T00:00:00+00:00:c00:18 - GEFS:2019-09-25T00:00:00+00:00:c00:17) + GEFS:2019-09-25T00:00:00+00:00:c00:20 + GEFS:2019-09-25T00:00:00+00:00:c00:22 + GEFS:2019-09-25T00:00:00+00:00:c00:24 + GEFS:2019-09-25T00:00:00+00:00:c00:25,,,data/manifests/phase1e/2019-09/daily/source_2019092500.json,c84a5b2f66bf2d99139fccedbd0dc8211361d0d19c65c1d19135fa1285dc934b
2019092500,2019-09,day1_24h,p01,PASS,,PASS,,1,5,0,,(GEFS:2019-09-25T00:00:00+00:00:p01:2 - GEFS:2019-09-25T00:00:00+00:00:p01:1) + GEFS:2019-09-25T00:00:00+00:00:p01:4 + GEFS:2019-09-25T00:00:00+00:00:p01:6 + GEFS:2019-09-25T00:00:00+00:00:p01:8 + GEFS:2019-09-25T00:00:00+00:00:p01:9,2.842170943040401e-14,1.0600525963986554e-15,data/manifests/phase1e/2019-09/daily/source_2019092500.json,c84a5b2f66bf2d99139fccedbd0dc8211361d0d19c65c1d19135fa1285dc934b
2019092500,2019-09,day2_24h,p01,PASS,,PASS,,1,5,0,,(GEFS:2019-09-25T00:00:00+00:00:p01:10 - GEFS:2019-09-25T00:00:00+00:00:p01:9) + GEFS:2019-09-25T00:00:00+00:00:p01:12 + GEFS:2019-09-25T00:00:00+00:00:p01:14 + GEFS:2019-09-25T00:00:00+00:00:p01:16 + GEFS:2019-09-25T00:00:00+00:00:p01:17,2.842170943040401e-14,8.409673531385973e-16,data/manifests/phase1e/2019-09/daily/source_2019092500.json,c84a5b2f66bf2d99139fccedbd0dc8211361d0d19c65c1d19135fa1285dc934b
2019092500,2019-09,day3_24h,p01,FAIL,ValueError: materially negative reconstructed precipitation for 57--60,PASS,,1,5,0,,(GEFS:2019-09-25T00:00:00+00:00:p01:18 - GEFS:2019-09-25T00:00:00+00:00:p01:17) + GEFS:2019-09-25T00:00:00+00:00:p01:20 + GEFS:2019-09-25T00:00:00+00:00:p01:22 + GEFS:2019-09-25T00:00:00+00:00:p01:24 + GEFS:2019-09-25T00:00:00+00:00:p01:25,,,data/manifests/phase1e/2019-09/daily/source_2019092500.json,c84a5b2f66bf2d99139fccedbd0dc8211361d0d19c65c1d19135fa1285dc934b
2019092500,2019-09,day1_24h,p02,PASS,,PASS,,1,5,0,,(GEFS:2019-09-25T00:00:00+00:00:p02:2 - GEFS:2019-09-25T00:00:00+00:00:p02:1) + GEFS:2019-09-25T00:00:00+00:00:p02:4 + GEFS:2019-09-25T00:00:00+00:00:p02:6 + GEFS:2019-09-25T00:00:00+00:00:p02:8 + GEFS:2019-09-25T00:00:00+00:00:p02:9,2.842170943040401e-14,1.0443772275794996e-15,data/manifests/phase1e/2019-09/daily/source_2019092500.json,c84a5b2f66bf2d99139fccedbd0dc8211361d0d19c65c1d19135fa1285dc934b
2019092500,2019-09,day2_24h,p02,FAIL,ValueError: materially negative reconstructed precipitation for 33--36,PASS,,1,5,0,,(GEFS:2019-09-25T00:00:00+00:00:p02:10 - GEFS:2019-09-25T00:00:00+00:00:p02:9) + GEFS:2019-09-25T00:00:00+00:00:p02:12 + GEFS:2019-09-25T00:00:00+00:00:p02:14 + GEFS:2019-09-25T00:00:00+00:00:p02:16 + GEFS:2019-09-25T00:00:00+00:00:p02:17,,,data/manifests/phase1e/2019-09/daily/source_2019092500.json,c84a5b2f66bf2d99139fccedbd0dc8211361d0d19c65c1d19135fa1285dc934b
2019092500,2019-09,day3_24h,p02,FAIL,ValueError: materially negative reconstructed precipitation for 51--54,FAIL,ValueError: negative difference exceeds packing bound for 51--54,,,,,,,,data/manifests/phase1e/2019-09/daily/source_2019092500.json,c84a5b2f66bf2d99139fccedbd0dc8211361d0d19c65c1d19135fa1285dc934b
2019092500,2019-09,day1_24h,p03,FAIL,ValueError: materially negative reconstructed precipitation for 9--12,PASS,,1,5,0,,(GEFS:2019-09-25T00:00:00+00:00:p03:2 - GEFS:2019-09-25T00:00:00+00:00:p03:1) + GEFS:2019-09-25T00:00:00+00:00:p03:4 + GEFS:2019-09-25T00:00:00+00:00:p03:6 + GEFS:2019-09-25T00:00:00+00:00:p03:8 + GEFS:2019-09-25T00:00:00+00:00:p03:9,,,data/manifests/phase1e/2019-09/daily/source_2019092500.json,c84a5b2f66bf2d99139fccedbd0dc8211361d0d19c65c1d19135fa1285dc934b
2019092500,2019-09,day2_24h,p03,FAIL,ValueError: materially negative reconstructed precipitation for 27--30,FAIL,ValueError: negative difference exceeds packing bound for 27--30,,,,,,,,data/manifests/phase1e/2019-09/daily/source_2019092500.json,c84a5b2f66bf2d99139fccedbd0dc8211361d0d19c65c1d19135fa1285dc934b
2019092500,2019-09,day3_24h,p03,FAIL,ValueError: materially negative reconstructed precipitation for 57--60,PASS,,1,5,0,,(GEFS:2019-09-25T00:00:00+00:00:p03:18 - GEFS:2019-09-25T00:00:00+00:00:p03:17) + GEFS:2019-09-25T00:00:00+00:00:p03:20 + GEFS:2019-09-25T00:00:00+00:00:p03:22 + GEFS:2019-09-25T00:00:00+00:00:p03:24 + GEFS:2019-09-25T00:00:00+00:00:p03:25,,,data/manifests/phase1e/2019-09/daily/source_2019092500.json,c84a5b2f66bf2d99139fccedbd0dc8211361d0d19c65c1d19135fa1285dc934b
2019092500,2019-09,day1_24h,p04,PASS,,PASS,,1,5,0,,(GEFS:2019-09-25T00:00:00+00:00:p04:2 - GEFS:2019-09-25T00:00:00+00:00:p04:1) + GEFS:2019-09-25T00:00:00+00:00:p04:4 + GEFS:2019-09-25T00:00:00+00:00:p04:6 + GEFS:2019-09-25T00:00:00+00:00:p04:8 + GEFS:2019-09-25T00:00:00+00:00:p04:9,1.4210854715202004e-14,5.666252787903652e-16,data/manifests/phase1e/2019-09/daily/source_2019092500.json,c84a5b2f66bf2d99139fccedbd0dc8211361d0d19c65c1d19135fa1285dc934b
2019092500,2019-09,day2_24h,p04,FAIL,ValueError: materially negative reconstructed precipitation for 45--48,PASS,,1,5,0,,(GEFS:2019-09-25T00:00:00+00:00:p04:10 - GEFS:2019-09-25T00:00:00+00:00:p04:9) + GEFS:2019-09-25T00:00:00+00:00:p04:12 + GEFS:2019-09-25T00:00:00+00:00:p04:14 + GEFS:2019-09-25T00:00:00+00:00:p04:16 + GEFS:2019-09-25T00:00:00+00:00:p04:17,,,data/manifests/phase1e/2019-09/daily/source_2019092500.json,c84a5b2f66bf2d99139fccedbd0dc8211361d0d19c65c1d19135fa1285dc934b
2019092500,2019-09,day3_24h,p04,FAIL,ValueError: materially negative reconstructed precipitation for 57--60,PASS,,1,5,0,,(GEFS:2019-09-25T00:00:00+00:00:p04:18 - GEFS:2019-09-25T00:00:00+00:00:p04:17) + GEFS:2019-09-25T00:00:00+00:00:p04:20 + GEFS:2019-09-25T00:00:00+00:00:p04:22 + GEFS:2019-09-25T00:00:00+00:00:p04:24 + GEFS:2019-09-25T00:00:00+00:00:p04:25,,,data/manifests/phase1e/2019-09/daily/source_2019092500.json,c84a5b2f66bf2d99139fccedbd0dc8211361d0d19c65c1d19135fa1285dc934b
2019092600,2019-09,day1_24h,c00,FAIL,ValueError: materially negative reconstructed precipitation for 15--18,PASS,,1,5,0,,(GEFS:2019-09-26T00:00:00+00:00:c00:2 - GEFS:2019-09-26T00:00:00+00:00:c00:1) + GEFS:2019-09-26T00:00:00+00:00:c00:4 + GEFS:2019-09-26T00:00:00+00:00:c00:6 + GEFS:2019-09-26T00:00:00+00:00:c00:8 + GEFS:2019-09-26T00:00:00+00:00:c00:9,,,data/manifests/phase1e/2019-09/daily/source_2019092600.json,35b97b7e5809e0645ba242a5ffd129ff7a47972afa73cdb63b29cb4b9abb27d8
2019092600,2019-09,day2_24h,c00,FAIL,ValueError: materially negative reconstructed precipitation for 27--30,FAIL,ValueError: negative difference exceeds packing bound for 27--30,,,,,,,,data/manifests/phase1e/2019-09/daily/source_2019092600.json,35b97b7e5809e0645ba242a5ffd129ff7a47972afa73cdb63b29cb4b9abb27d8
2019092600,2019-09,day3_24h,c00,FAIL,ValueError: materially negative reconstructed precipitation for 51--54,FAIL,ValueError: negative difference exceeds packing bound for 51--54,,,,,,,,data/manifests/phase1e/2019-09/daily/source_2019092600.json,35b97b7e5809e0645ba242a5ffd129ff7a47972afa73cdb63b29cb4b9abb27d8
2019092600,2019-09,day1_24h,p01,FAIL,ValueError: materially negative reconstructed precipitation for 21--24,PASS,,1,5,138,-0.04000000000000001,(GEFS:2019-09-26T00:00:00+00:00:p01:2 - GEFS:2019-09-26T00:00:00+00:00:p01:1) + GEFS:2019-09-26T00:00:00+00:00:p01:4 + GEFS:2019-09-26T00:00:00+00:00:p01:6 + GEFS:2019-09-26T00:00:00+00:00:p01:8 + GEFS:2019-09-26T00:00:00+00:00:p01:9,,,data/manifests/phase1e/2019-09/daily/source_2019092600.json,35b97b7e5809e0645ba242a5ffd129ff7a47972afa73cdb63b29cb4b9abb27d8
2019092600,2019-09,day2_24h,p01,FAIL,ValueError: materially negative reconstructed precipitation for 45--48,PASS,,1,5,0,,(GEFS:2019-09-26T00:00:00+00:00:p01:10 - GEFS:2019-09-26T00:00:00+00:00:p01:9) + GEFS:2019-09-26T00:00:00+00:00:p01:12 + GEFS:2019-09-26T00:00:00+00:00:p01:14 + GEFS:2019-09-26T00:00:00+00:00:p01:16 + GEFS:2019-09-26T00:00:00+00:00:p01:17,,,data/manifests/phase1e/2019-09/daily/source_2019092600.json,35b97b7e5809e0645ba242a5ffd129ff7a47972afa73cdb63b29cb4b9abb27d8
2019092600,2019-09,day3_24h,p01,FAIL,ValueError: materially negative reconstructed precipitation for 69--72,PASS,,1,5,0,,(GEFS:2019-09-26T00:00:00+00:00:p01:18 - GEFS:2019-09-26T00:00:00+00:00:p01:17) + GEFS:2019-09-26T00:00:00+00:00:p01:20 + GEFS:2019-09-26T00:00:00+00:00:p01:22 + GEFS:2019-09-26T00:00:00+00:00:p01:24 + GEFS:2019-09-26T00:00:00+00:00:p01:25,,,data/manifests/phase1e/2019-09/daily/source_2019092600.json,35b97b7e5809e0645ba242a5ffd129ff7a47972afa73cdb63b29cb4b9abb27d8
2019092600,2019-09,day1_24h,p02,PASS,,PASS,,1,5,0,,(GEFS:2019-09-26T00:00:00+00:00:p02:2 - GEFS:2019-09-26T00:00:00+00:00:p02:1) + GEFS:2019-09-26T00:00:00+00:00:p02:4 + GEFS:2019-09-26T00:00:00+00:00:p02:6 + GEFS:2019-09-26T00:00:00+00:00:p02:8 + GEFS:2019-09-26T00:00:00+00:00:p02:9,2.842170943040401e-14,7.035882358474128e-16,data/manifests/phase1e/2019-09/daily/source_2019092600.json,35b97b7e5809e0645ba242a5ffd129ff7a47972afa73cdb63b29cb4b9abb27d8
2019092600,2019-09,day2_24h,p02,FAIL,ValueError: materially negative reconstructed precipitation for 27--30,FAIL,ValueError: negative difference exceeds packing bound for 27--30,,,,,,,,data/manifests/phase1e/2019-09/daily/source_2019092600.json,35b97b7e5809e0645ba242a5ffd129ff7a47972afa73cdb63b29cb4b9abb27d8
2019092600,2019-09,day3_24h,p02,FAIL,ValueError: materially negative reconstructed precipitation for 51--54,FAIL,ValueError: negative difference exceeds packing bound for 51--54,,,,,,,,data/manifests/phase1e/2019-09/daily/source_2019092600.json,35b97b7e5809e0645ba242a5ffd129ff7a47972afa73cdb63b29cb4b9abb27d8
2019092600,2019-09,day1_24h,p03,PASS,,PASS,,1,5,70,-0.040000000000000036,(GEFS:2019-09-26T00:00:00+00:00:p03:2 - GEFS:2019-09-26T00:00:00+00:00:p03:1) + GEFS:2019-09-26T00:00:00+00:00:p03:4 + GEFS:2019-09-26T00:00:00+00:00:p03:6 + GEFS:2019-09-26T00:00:00+00:00:p03:8 + GEFS:2019-09-26T00:00:00+00:00:p03:9,1.4210854715202004e-14,6.348293171627978e-16,data/manifests/phase1e/2019-09/daily/source_2019092600.json,35b97b7e5809e0645ba242a5ffd129ff7a47972afa73cdb63b29cb4b9abb27d8
2019092600,2019-09,day2_24h,p03,FAIL,ValueError: materially negative reconstructed precipitation for 39--42,PASS,,1,5,0,,(GEFS:2019-09-26T00:00:00+00:00:p03:10 - GEFS:2019-09-26T00:00:00+00:00:p03:9) + GEFS:2019-09-26T00:00:00+00:00:p03:12 + GEFS:2019-09-26T00:00:00+00:00:p03:14 + GEFS:2019-09-26T00:00:00+00:00:p03:16 + GEFS:2019-09-26T00:00:00+00:00:p03:17,,,data/manifests/phase1e/2019-09/daily/source_2019092600.json,35b97b7e5809e0645ba242a5ffd129ff7a47972afa73cdb63b29cb4b9abb27d8
2019092600,2019-09,day3_24h,p03,FAIL,ValueError: materially negative reconstructed precipitation for 57--60,PASS,,1,5,0,,(GEFS:2019-09-26T00:00:00+00:00:p03:18 - GEFS:2019-09-26T00:00:00+00:00:p03:17) + GEFS:2019-09-26T00:00:00+00:00:p03:20 + GEFS:2019-09-26T00:00:00+00:00:p03:22 + GEFS:2019-09-26T00:00:00+00:00:p03:24 + GEFS:2019-09-26T00:00:00+00:00:p03:25,,,data/manifests/phase1e/2019-09/daily/source_2019092600.json,35b97b7e5809e0645ba242a5ffd129ff7a47972afa73cdb63b29cb4b9abb27d8
2019092600,2019-09,day1_24h,p04,PASS,,PASS,,1,5,105,-0.050000000000000044,(GEFS:2019-09-26T00:00:00+00:00:p04:2 - GEFS:2019-09-26T00:00:00+00:00:p04:1) + GEFS:2019-09-26T00:00:00+00:00:p04:4 + GEFS:2019-09-26T00:00:00+00:00:p04:6 + GEFS:2019-09-26T00:00:00+00:00:p04:8 + GEFS:2019-09-26T00:00:00+00:00:p04:9,2.842170943040401e-14,5.246624551815634e-16,data/manifests/phase1e/2019-09/daily/source_2019092600.json,35b97b7e5809e0645ba242a5ffd129ff7a47972afa73cdb63b29cb4b9abb27d8
2019092600,2019-09,day2_24h,p04,FAIL,ValueError: materially negative reconstructed precipitation for 39--42,PASS,,1,5,0,,(GEFS:2019-09-26T00:00:00+00:00:p04:10 - GEFS:2019-09-26T00:00:00+00:00:p04:9) + GEFS:2019-09-26T00:00:00+00:00:p04:12 + GEFS:2019-09-26T00:00:00+00:00:p04:14 + GEFS:2019-09-26T00:00:00+00:00:p04:16 + GEFS:2019-09-26T00:00:00+00:00:p04:17,,,data/manifests/phase1e/2019-09/daily/source_2019092600.json,35b97b7e5809e0645ba242a5ffd129ff7a47972afa73cdb63b29cb4b9abb27d8
2019092600,2019-09,day3_24h,p04,PASS,,PASS,,1,5,0,,(GEFS:2019-09-26T00:00:00+00:00:p04:18 - GEFS:2019-09-26T00:00:00+00:00:p04:17) + GEFS:2019-09-26T00:00:00+00:00:p04:20 + GEFS:2019-09-26T00:00:00+00:00:p04:22 + GEFS:2019-09-26T00:00:00+00:00:p04:24 + GEFS:2019-09-26T00:00:00+00:00:p04:25,7.105427357601002e-15,1.7326137747898633e-16,data/manifests/phase1e/2019-09/daily/source_2019092600.json,35b97b7e5809e0645ba242a5ffd129ff7a47972afa73cdb63b29cb4b9abb27d8
2019092700,2019-09,day1_24h,c00,FAIL,ValueError: materially negative reconstructed precipitation for 15--18,PASS,,1,5,0,,(GEFS:2019-09-27T00:00:00+00:00:c00:2 - GEFS:2019-09-27T00:00:00+00:00:c00:1) + GEFS:2019-09-27T00:00:00+00:00:c00:4 + GEFS:2019-09-27T00:00:00+00:00:c00:6 + GEFS:2019-09-27T00:00:00+00:00:c00:8 + GEFS:2019-09-27T00:00:00+00:00:c00:9,,,data/manifests/phase1e/2019-09/daily/source_2019092700.json,4a72fb807e5bf1f35083131a592a3946e0001c7bd7f21cac7b4bba20a6408375
2019092700,2019-09,day2_24h,c00,FAIL,ValueError: materially negative reconstructed precipitation for 33--36,PASS,,1,5,0,,(GEFS:2019-09-27T00:00:00+00:00:c00:10 - GEFS:2019-09-27T00:00:00+00:00:c00:9) + GEFS:2019-09-27T00:00:00+00:00:c00:12 + GEFS:2019-09-27T00:00:00+00:00:c00:14 + GEFS:2019-09-27T00:00:00+00:00:c00:16 + GEFS:2019-09-27T00:00:00+00:00:c00:17,,,data/manifests/phase1e/2019-09/daily/source_2019092700.json,4a72fb807e5bf1f35083131a592a3946e0001c7bd7f21cac7b4bba20a6408375
2019092700,2019-09,day3_24h,c00,FAIL,ValueError: materially negative reconstructed precipitation for 57--60,PASS,,1,5,0,,(GEFS:2019-09-27T00:00:00+00:00:c00:18 - GEFS:2019-09-27T00:00:00+00:00:c00:17) + GEFS:2019-09-27T00:00:00+00:00:c00:20 + GEFS:2019-09-27T00:00:00+00:00:c00:22 + GEFS:2019-09-27T00:00:00+00:00:c00:24 + GEFS:2019-09-27T00:00:00+00:00:c00:25,,,data/manifests/phase1e/2019-09/daily/source_2019092700.json,4a72fb807e5bf1f35083131a592a3946e0001c7bd7f21cac7b4bba20a6408375
2019092700,2019-09,day1_24h,p01,FAIL,ValueError: materially negative reconstructed precipitation for 9--12,PASS,,1,5,0,,(GEFS:2019-09-27T00:00:00+00:00:p01:2 - GEFS:2019-09-27T00:00:00+00:00:p01:1) + GEFS:2019-09-27T00:00:00+00:00:p01:4 + GEFS:2019-09-27T00:00:00+00:00:p01:6 + GEFS:2019-09-27T00:00:00+00:00:p01:8 + GEFS:2019-09-27T00:00:00+00:00:p01:9,,,data/manifests/phase1e/2019-09/daily/source_2019092700.json,4a72fb807e5bf1f35083131a592a3946e0001c7bd7f21cac7b4bba20a6408375
2019092700,2019-09,day2_24h,p01,FAIL,ValueError: materially negative reconstructed precipitation for 27--30,FAIL,ValueError: negative difference exceeds packing bound for 27--30,,,,,,,,data/manifests/phase1e/2019-09/daily/source_2019092700.json,4a72fb807e5bf1f35083131a592a3946e0001c7bd7f21cac7b4bba20a6408375
2019092700,2019-09,day3_24h,p01,FAIL,ValueError: materially negative reconstructed precipitation for 51--54,FAIL,ValueError: negative difference exceeds packing bound for 51--54,,,,,,,,data/manifests/phase1e/2019-09/daily/source_2019092700.json,4a72fb807e5bf1f35083131a592a3946e0001c7bd7f21cac7b4bba20a6408375
2019092700,2019-09,day1_24h,p02,FAIL,ValueError: materially negative reconstructed precipitation for 9--12,PASS,,1,5,142,-0.050000000000000044,(GEFS:2019-09-27T00:00:00+00:00:p02:2 - GEFS:2019-09-27T00:00:00+00:00:p02:1) + GEFS:2019-09-27T00:00:00+00:00:p02:4 + GEFS:2019-09-27T00:00:00+00:00:p02:6 + GEFS:2019-09-27T00:00:00+00:00:p02:8 + GEFS:2019-09-27T00:00:00+00:00:p02:9,,,data/manifests/phase1e/2019-09/daily/source_2019092700.json,4a72fb807e5bf1f35083131a592a3946e0001c7bd7f21cac7b4bba20a6408375
2019092700,2019-09,day2_24h,p02,FAIL,ValueError: materially negative reconstructed precipitation for 27--30,FAIL,ValueError: negative difference exceeds packing bound for 27--30,,,,,,,,data/manifests/phase1e/2019-09/daily/source_2019092700.json,4a72fb807e5bf1f35083131a592a3946e0001c7bd7f21cac7b4bba20a6408375
2019092700,2019-09,day3_24h,p02,FAIL,ValueError: materially negative reconstructed precipitation for 63--66,PASS,,1,5,0,,(GEFS:2019-09-27T00:00:00+00:00:p02:18 - GEFS:2019-09-27T00:00:00+00:00:p02:17) + GEFS:2019-09-27T00:00:00+00:00:p02:20 + GEFS:2019-09-27T00:00:00+00:00:p02:22 + GEFS:2019-09-27T00:00:00+00:00:p02:24 + GEFS:2019-09-27T00:00:00+00:00:p02:25,,,data/manifests/phase1e/2019-09/daily/source_2019092700.json,4a72fb807e5bf1f35083131a592a3946e0001c7bd7f21cac7b4bba20a6408375
2019092700,2019-09,day1_24h,p03,PASS,,PASS,,1,5,109,-0.050000000000000044,(GEFS:2019-09-27T00:00:00+00:00:p03:2 - GEFS:2019-09-27T00:00:00+00:00:p03:1) + GEFS:2019-09-27T00:00:00+00:00:p03:4 + GEFS:2019-09-27T00:00:00+00:00:p03:6 + GEFS:2019-09-27T00:00:00+00:00:p03:8 + GEFS:2019-09-27T00:00:00+00:00:p03:9,7.105427357601002e-15,2.844224000195476e-16,data/manifests/phase1e/2019-09/daily/source_2019092700.json,4a72fb807e5bf1f35083131a592a3946e0001c7bd7f21cac7b4bba20a6408375
2019092700,2019-09,day2_24h,p03,FAIL,ValueError: materially negative reconstructed precipitation for 27--30,FAIL,ValueError: negative difference exceeds packing bound for 27--30,,,,,,,,data/manifests/phase1e/2019-09/daily/source_2019092700.json,4a72fb807e5bf1f35083131a592a3946e0001c7bd7f21cac7b4bba20a6408375
2019092700,2019-09,day3_24h,p03,PASS,,PASS,,1,5,0,,(GEFS:2019-09-27T00:00:00+00:00:p03:18 - GEFS:2019-09-27T00:00:00+00:00:p03:17) + GEFS:2019-09-27T00:00:00+00:00:p03:20 + GEFS:2019-09-27T00:00:00+00:00:p03:22 + GEFS:2019-09-27T00:00:00+00:00:p03:24 + GEFS:2019-09-27T00:00:00+00:00:p03:25,1.4210854715202004e-14,1.519678454989828e-16,data/manifests/phase1e/2019-09/daily/source_2019092700.json,4a72fb807e5bf1f35083131a592a3946e0001c7bd7f21cac7b4bba20a6408375
2019092700,2019-09,day1_24h,p04,FAIL,ValueError: materially negative reconstructed precipitation for 15--18,PASS,,1,5,0,,(GEFS:2019-09-27T00:00:00+00:00:p04:2 - GEFS:2019-09-27T00:00:00+00:00:p04:1) + GEFS:2019-09-27T00:00:00+00:00:p04:4 + GEFS:2019-09-27T00:00:00+00:00:p04:6 + GEFS:2019-09-27T00:00:00+00:00:p04:8 + GEFS:2019-09-27T00:00:00+00:00:p04:9,,,data/manifests/phase1e/2019-09/daily/source_2019092700.json,4a72fb807e5bf1f35083131a592a3946e0001c7bd7f21cac7b4bba20a6408375
2019092700,2019-09,day2_24h,p04,PASS,,PASS,,1,5,0,,(GEFS:2019-09-27T00:00:00+00:00:p04:10 - GEFS:2019-09-27T00:00:00+00:00:p04:9) + GEFS:2019-09-27T00:00:00+00:00:p04:12 + GEFS:2019-09-27T00:00:00+00:00:p04:14 + GEFS:2019-09-27T00:00:00+00:00:p04:16 + GEFS:2019-09-27T00:00:00+00:00:p04:17,2.842170943040401e-14,3.103630546140796e-16,data/manifests/phase1e/2019-09/daily/source_2019092700.json,4a72fb807e5bf1f35083131a592a3946e0001c7bd7f21cac7b4bba20a6408375
2019092700,2019-09,day3_24h,p04,PASS,,PASS,,1,5,0,,(GEFS:2019-09-27T00:00:00+00:00:p04:18 - GEFS:2019-09-27T00:00:00+00:00:p04:17) + GEFS:2019-09-27T00:00:00+00:00:p04:20 + GEFS:2019-09-27T00:00:00+00:00:p04:22 + GEFS:2019-09-27T00:00:00+00:00:p04:24 + GEFS:2019-09-27T00:00:00+00:00:p04:25,1.4210854715202004e-14,2.1839164286982984e-16,data/manifests/phase1e/2019-09/daily/source_2019092700.json,4a72fb807e5bf1f35083131a592a3946e0001c7bd7f21cac7b4bba20a6408375
2019092800,2019-09,day1_24h,c00,FAIL,ValueError: materially negative reconstructed precipitation for 15--18,PASS,,1,5,0,,(GEFS:2019-09-28T00:00:00+00:00:c00:2 - GEFS:2019-09-28T00:00:00+00:00:c00:1) + GEFS:2019-09-28T00:00:00+00:00:c00:4 + GEFS:2019-09-28T00:00:00+00:00:c00:6 + GEFS:2019-09-28T00:00:00+00:00:c00:8 + GEFS:2019-09-28T00:00:00+00:00:c00:9,,,data/manifests/phase1e/2019-09/daily/source_2019092800.json,eeea44c5bc8144d9f8b03d22363dc481393a82e136f7fcd3ca20623124221f3b
2019092800,2019-09,day2_24h,c00,FAIL,ValueError: materially negative reconstructed precipitation for 27--30,FAIL,ValueError: negative difference exceeds packing bound for 27--30,,,,,,,,data/manifests/phase1e/2019-09/daily/source_2019092800.json,eeea44c5bc8144d9f8b03d22363dc481393a82e136f7fcd3ca20623124221f3b
2019092800,2019-09,day3_24h,c00,FAIL,ValueError: materially negative reconstructed precipitation for 63--66,PASS,,1,5,0,,(GEFS:2019-09-28T00:00:00+00:00:c00:18 - GEFS:2019-09-28T00:00:00+00:00:c00:17) + GEFS:2019-09-28T00:00:00+00:00:c00:20 + GEFS:2019-09-28T00:00:00+00:00:c00:22 + GEFS:2019-09-28T00:00:00+00:00:c00:24 + GEFS:2019-09-28T00:00:00+00:00:c00:25,,,data/manifests/phase1e/2019-09/daily/source_2019092800.json,eeea44c5bc8144d9f8b03d22363dc481393a82e136f7fcd3ca20623124221f3b
2019092800,2019-09,day1_24h,p01,FAIL,ValueError: materially negative reconstructed precipitation for 15--18,PASS,,1,5,105,-0.04999999999999999,(GEFS:2019-09-28T00:00:00+00:00:p01:2 - GEFS:2019-09-28T00:00:00+00:00:p01:1) + GEFS:2019-09-28T00:00:00+00:00:p01:4 + GEFS:2019-09-28T00:00:00+00:00:p01:6 + GEFS:2019-09-28T00:00:00+00:00:p01:8 + GEFS:2019-09-28T00:00:00+00:00:p01:9,,,data/manifests/phase1e/2019-09/daily/source_2019092800.json,eeea44c5bc8144d9f8b03d22363dc481393a82e136f7fcd3ca20623124221f3b
2019092800,2019-09,day2_24h,p01,PASS,,PASS,,1,5,0,,(GEFS:2019-09-28T00:00:00+00:00:p01:10 - GEFS:2019-09-28T00:00:00+00:00:p01:9) + GEFS:2019-09-28T00:00:00+00:00:p01:12 + GEFS:2019-09-28T00:00:00+00:00:p01:14 + GEFS:2019-09-28T00:00:00+00:00:p01:16 + GEFS:2019-09-28T00:00:00+00:00:p01:17,1.4210854715202004e-14,2.8409871983744116e-16,data/manifests/phase1e/2019-09/daily/source_2019092800.json,eeea44c5bc8144d9f8b03d22363dc481393a82e136f7fcd3ca20623124221f3b
2019092800,2019-09,day3_24h,p01,FAIL,ValueError: materially negative reconstructed precipitation for 51--54,FAIL,ValueError: negative difference exceeds packing bound for 51--54,,,,,,,,data/manifests/phase1e/2019-09/daily/source_2019092800.json,eeea44c5bc8144d9f8b03d22363dc481393a82e136f7fcd3ca20623124221f3b
2019092800,2019-09,day1_24h,p02,FAIL,ValueError: materially negative reconstructed precipitation for 21--24,PASS,,1,5,106,-0.04999999999999999,(GEFS:2019-09-28T00:00:00+00:00:p02:2 - GEFS:2019-09-28T00:00:00+00:00:p02:1) + GEFS:2019-09-28T00:00:00+00:00:p02:4 + GEFS:2019-09-28T00:00:00+00:00:p02:6 + GEFS:2019-09-28T00:00:00+00:00:p02:8 + GEFS:2019-09-28T00:00:00+00:00:p02:9,,,data/manifests/phase1e/2019-09/daily/source_2019092800.json,eeea44c5bc8144d9f8b03d22363dc481393a82e136f7fcd3ca20623124221f3b
2019092800,2019-09,day2_24h,p02,PASS,,PASS,,1,5,0,,(GEFS:2019-09-28T00:00:00+00:00:p02:10 - GEFS:2019-09-28T00:00:00+00:00:p02:9) + GEFS:2019-09-28T00:00:00+00:00:p02:12 + GEFS:2019-09-28T00:00:00+00:00:p02:14 + GEFS:2019-09-28T00:00:00+00:00:p02:16 + GEFS:2019-09-28T00:00:00+00:00:p02:17,7.105427357601002e-15,2.2336244566646475e-16,data/manifests/phase1e/2019-09/daily/source_2019092800.json,eeea44c5bc8144d9f8b03d22363dc481393a82e136f7fcd3ca20623124221f3b
2019092800,2019-09,day3_24h,p02,PASS,,PASS,,1,5,0,,(GEFS:2019-09-28T00:00:00+00:00:p02:18 - GEFS:2019-09-28T00:00:00+00:00:p02:17) + GEFS:2019-09-28T00:00:00+00:00:p02:20 + GEFS:2019-09-28T00:00:00+00:00:p02:22 + GEFS:2019-09-28T00:00:00+00:00:p02:24 + GEFS:2019-09-28T00:00:00+00:00:p02:25,1.0658141036401503e-14,3.321189868542352e-16,data/manifests/phase1e/2019-09/daily/source_2019092800.json,eeea44c5bc8144d9f8b03d22363dc481393a82e136f7fcd3ca20623124221f3b
2019092800,2019-09,day1_24h,p03,FAIL,ValueError: materially negative reconstructed precipitation for 21--24,PASS,,1,5,239,-0.050000000000000044,(GEFS:2019-09-28T00:00:00+00:00:p03:2 - GEFS:2019-09-28T00:00:00+00:00:p03:1) + GEFS:2019-09-28T00:00:00+00:00:p03:4 + GEFS:2019-09-28T00:00:00+00:00:p03:6 + GEFS:2019-09-28T00:00:00+00:00:p03:8 + GEFS:2019-09-28T00:00:00+00:00:p03:9,,,data/manifests/phase1e/2019-09/daily/source_2019092800.json,eeea44c5bc8144d9f8b03d22363dc481393a82e136f7fcd3ca20623124221f3b
2019092800,2019-09,day2_24h,p03,PASS,,PASS,,1,5,0,,(GEFS:2019-09-28T00:00:00+00:00:p03:10 - GEFS:2019-09-28T00:00:00+00:00:p03:9) + GEFS:2019-09-28T00:00:00+00:00:p03:12 + GEFS:2019-09-28T00:00:00+00:00:p03:14 + GEFS:2019-09-28T00:00:00+00:00:p03:16 + GEFS:2019-09-28T00:00:00+00:00:p03:17,1.4210854715202004e-14,3.3507834851920855e-16,data/manifests/phase1e/2019-09/daily/source_2019092800.json,eeea44c5bc8144d9f8b03d22363dc481393a82e136f7fcd3ca20623124221f3b
2019092800,2019-09,day3_24h,p03,FAIL,ValueError: materially negative reconstructed precipitation for 51--54,FAIL,ValueError: negative difference exceeds packing bound for 51--54,,,,,,,,data/manifests/phase1e/2019-09/daily/source_2019092800.json,eeea44c5bc8144d9f8b03d22363dc481393a82e136f7fcd3ca20623124221f3b
2019092800,2019-09,day1_24h,p04,FAIL,ValueError: materially negative reconstructed precipitation for 9--12,PASS,,1,5,0,,(GEFS:2019-09-28T00:00:00+00:00:p04:2 - GEFS:2019-09-28T00:00:00+00:00:p04:1) + GEFS:2019-09-28T00:00:00+00:00:p04:4 + GEFS:2019-09-28T00:00:00+00:00:p04:6 + GEFS:2019-09-28T00:00:00+00:00:p04:8 + GEFS:2019-09-28T00:00:00+00:00:p04:9,,,data/manifests/phase1e/2019-09/daily/source_2019092800.json,eeea44c5bc8144d9f8b03d22363dc481393a82e136f7fcd3ca20623124221f3b
2019092800,2019-09,day2_24h,p04,FAIL,ValueError: materially negative reconstructed precipitation for 27--30,FAIL,ValueError: negative difference exceeds packing bound for 27--30,,,,,,,,data/manifests/phase1e/2019-09/daily/source_2019092800.json,eeea44c5bc8144d9f8b03d22363dc481393a82e136f7fcd3ca20623124221f3b
2019092800,2019-09,day3_24h,p04,FAIL,ValueError: materially negative reconstructed precipitation for 63--66,PASS,,1,5,0,,(GEFS:2019-09-28T00:00:00+00:00:p04:18 - GEFS:2019-09-28T00:00:00+00:00:p04:17) + GEFS:2019-09-28T00:00:00+00:00:p04:20 + GEFS:2019-09-28T00:00:00+00:00:p04:22 + GEFS:2019-09-28T00:00:00+00:00:p04:24 + GEFS:2019-09-28T00:00:00+00:00:p04:25,,,data/manifests/phase1e/2019-09/daily/source_2019092800.json,eeea44c5bc8144d9f8b03d22363dc481393a82e136f7fcd3ca20623124221f3b
2019092900,2019-09,day1_24h,c00,FAIL,ValueError: materially negative reconstructed precipitation for 9--12,PASS,,1,5,0,,(GEFS:2019-09-29T00:00:00+00:00:c00:2 - GEFS:2019-09-29T00:00:00+00:00:c00:1) + GEFS:2019-09-29T00:00:00+00:00:c00:4 + GEFS:2019-09-29T00:00:00+00:00:c00:6 + GEFS:2019-09-29T00:00:00+00:00:c00:8 + GEFS:2019-09-29T00:00:00+00:00:c00:9,,,data/manifests/phase1e/2019-09/daily/source_2019092900.json,aa77e4b13ea53e18296d0c1f8b8dfea6812ba99209ef6a07b4cd5cb56dcd5a02
2019092900,2019-09,day2_24h,c00,FAIL,ValueError: materially negative reconstructed precipitation for 27--30,FAIL,ValueError: negative difference exceeds packing bound for 27--30,,,,,,,,data/manifests/phase1e/2019-09/daily/source_2019092900.json,aa77e4b13ea53e18296d0c1f8b8dfea6812ba99209ef6a07b4cd5cb56dcd5a02
2019092900,2019-09,day3_24h,c00,FAIL,ValueError: materially negative reconstructed precipitation for 51--54,FAIL,ValueError: negative difference exceeds packing bound for 51--54,,,,,,,,data/manifests/phase1e/2019-09/daily/source_2019092900.json,aa77e4b13ea53e18296d0c1f8b8dfea6812ba99209ef6a07b4cd5cb56dcd5a02
2019092900,2019-09,day1_24h,p01,PASS,,PASS,,1,5,0,,(GEFS:2019-09-29T00:00:00+00:00:p01:2 - GEFS:2019-09-29T00:00:00+00:00:p01:1) + GEFS:2019-09-29T00:00:00+00:00:p01:4 + GEFS:2019-09-29T00:00:00+00:00:p01:6 + GEFS:2019-09-29T00:00:00+00:00:p01:8 + GEFS:2019-09-29T00:00:00+00:00:p01:9,1.4210854715202004e-14,3.3526330862326934e-16,data/manifests/phase1e/2019-09/daily/source_2019092900.json,aa77e4b13ea53e18296d0c1f8b8dfea6812ba99209ef6a07b4cd5cb56dcd5a02
2019092900,2019-09,day2_24h,p01,FAIL,ValueError: materially negative reconstructed precipitation for 33--36,PASS,,1,5,0,,(GEFS:2019-09-29T00:00:00+00:00:p01:10 - GEFS:2019-09-29T00:00:00+00:00:p01:9) + GEFS:2019-09-29T00:00:00+00:00:p01:12 + GEFS:2019-09-29T00:00:00+00:00:p01:14 + GEFS:2019-09-29T00:00:00+00:00:p01:16 + GEFS:2019-09-29T00:00:00+00:00:p01:17,,,data/manifests/phase1e/2019-09/daily/source_2019092900.json,aa77e4b13ea53e18296d0c1f8b8dfea6812ba99209ef6a07b4cd5cb56dcd5a02
2019092900,2019-09,day3_24h,p01,FAIL,ValueError: materially negative reconstructed precipitation for 51--54,FAIL,ValueError: negative difference exceeds packing bound for 51--54,,,,,,,,data/manifests/phase1e/2019-09/daily/source_2019092900.json,aa77e4b13ea53e18296d0c1f8b8dfea6812ba99209ef6a07b4cd5cb56dcd5a02
2019092900,2019-09,day1_24h,p02,PASS,,PASS,,1,5,0,,(GEFS:2019-09-29T00:00:00+00:00:p02:2 - GEFS:2019-09-29T00:00:00+00:00:p02:1) + GEFS:2019-09-29T00:00:00+00:00:p02:4 + GEFS:2019-09-29T00:00:00+00:00:p02:6 + GEFS:2019-09-29T00:00:00+00:00:p02:8 + GEFS:2019-09-29T00:00:00+00:00:p02:9,1.4210854715202004e-14,3.6402460480472908e-16,data/manifests/phase1e/2019-09/daily/source_2019092900.json,aa77e4b13ea53e18296d0c1f8b8dfea6812ba99209ef6a07b4cd5cb56dcd5a02
2019092900,2019-09,day2_24h,p02,FAIL,ValueError: materially negative reconstructed precipitation for 33--36,PASS,,1,5,0,,(GEFS:2019-09-29T00:00:00+00:00:p02:10 - GEFS:2019-09-29T00:00:00+00:00:p02:9) + GEFS:2019-09-29T00:00:00+00:00:p02:12 + GEFS:2019-09-29T00:00:00+00:00:p02:14 + GEFS:2019-09-29T00:00:00+00:00:p02:16 + GEFS:2019-09-29T00:00:00+00:00:p02:17,,,data/manifests/phase1e/2019-09/daily/source_2019092900.json,aa77e4b13ea53e18296d0c1f8b8dfea6812ba99209ef6a07b4cd5cb56dcd5a02
2019092900,2019-09,day3_24h,p02,FAIL,ValueError: materially negative reconstructed precipitation for 69--72,PASS,,1,5,0,,(GEFS:2019-09-29T00:00:00+00:00:p02:18 - GEFS:2019-09-29T00:00:00+00:00:p02:17) + GEFS:2019-09-29T00:00:00+00:00:p02:20 + GEFS:2019-09-29T00:00:00+00:00:p02:22 + GEFS:2019-09-29T00:00:00+00:00:p02:24 + GEFS:2019-09-29T00:00:00+00:00:p02:25,,,data/manifests/phase1e/2019-09/daily/source_2019092900.json,aa77e4b13ea53e18296d0c1f8b8dfea6812ba99209ef6a07b4cd5cb56dcd5a02
2019092900,2019-09,day1_24h,p03,PASS,,PASS,,1,5,62,-0.050000000000000044,(GEFS:2019-09-29T00:00:00+00:00:p03:2 - GEFS:2019-09-29T00:00:00+00:00:p03:1) + GEFS:2019-09-29T00:00:00+00:00:p03:4 + GEFS:2019-09-29T00:00:00+00:00:p03:6 + GEFS:2019-09-29T00:00:00+00:00:p03:8 + GEFS:2019-09-29T00:00:00+00:00:p03:9,1.0658141036401503e-14,3.0087228927445803e-16,data/manifests/phase1e/2019-09/daily/source_2019092900.json,aa77e4b13ea53e18296d0c1f8b8dfea6812ba99209ef6a07b4cd5cb56dcd5a02
2019092900,2019-09,day2_24h,p03,PASS,,PASS,,1,5,0,,(GEFS:2019-09-29T00:00:00+00:00:p03:10 - GEFS:2019-09-29T00:00:00+00:00:p03:9) + GEFS:2019-09-29T00:00:00+00:00:p03:12 + GEFS:2019-09-29T00:00:00+00:00:p03:14 + GEFS:2019-09-29T00:00:00+00:00:p03:16 + GEFS:2019-09-29T00:00:00+00:00:p03:17,7.105427357601002e-15,1.428354403609791e-16,data/manifests/phase1e/2019-09/daily/source_2019092900.json,aa77e4b13ea53e18296d0c1f8b8dfea6812ba99209ef6a07b4cd5cb56dcd5a02
2019092900,2019-09,day3_24h,p03,PASS,,PASS,,1,5,0,,(GEFS:2019-09-29T00:00:00+00:00:p03:18 - GEFS:2019-09-29T00:00:00+00:00:p03:17) + GEFS:2019-09-29T00:00:00+00:00:p03:20 + GEFS:2019-09-29T00:00:00+00:00:p03:22 + GEFS:2019-09-29T00:00:00+00:00:p03:24 + GEFS:2019-09-29T00:00:00+00:00:p03:25,3.552713678800501e-15,3.793994134547859e-17,data/manifests/phase1e/2019-09/daily/source_2019092900.json,aa77e4b13ea53e18296d0c1f8b8dfea6812ba99209ef6a07b4cd5cb56dcd5a02
2019092900,2019-09,day1_24h,p04,FAIL,ValueError: materially negative reconstructed precipitation for 9--12,PASS,,1,5,0,,(GEFS:2019-09-29T00:00:00+00:00:p04:2 - GEFS:2019-09-29T00:00:00+00:00:p04:1) + GEFS:2019-09-29T00:00:00+00:00:p04:4 + GEFS:2019-09-29T00:00:00+00:00:p04:6 + GEFS:2019-09-29T00:00:00+00:00:p04:8 + GEFS:2019-09-29T00:00:00+00:00:p04:9,,,data/manifests/phase1e/2019-09/daily/source_2019092900.json,aa77e4b13ea53e18296d0c1f8b8dfea6812ba99209ef6a07b4cd5cb56dcd5a02
2019092900,2019-09,day2_24h,p04,PASS,,PASS,,1,5,0,,(GEFS:2019-09-29T00:00:00+00:00:p04:10 - GEFS:2019-09-29T00:00:00+00:00:p04:9) + GEFS:2019-09-29T00:00:00+00:00:p04:12 + GEFS:2019-09-29T00:00:00+00:00:p04:14 + GEFS:2019-09-29T00:00:00+00:00:p04:16 + GEFS:2019-09-29T00:00:00+00:00:p04:17,7.105427357601002e-15,1.3391111534004388e-16,data/manifests/phase1e/2019-09/daily/source_2019092900.json,aa77e4b13ea53e18296d0c1f8b8dfea6812ba99209ef6a07b4cd5cb56dcd5a02
2019092900,2019-09,day3_24h,p04,PASS,,PASS,,1,5,0,,(GEFS:2019-09-29T00:00:00+00:00:p04:18 - GEFS:2019-09-29T00:00:00+00:00:p04:17) + GEFS:2019-09-29T00:00:00+00:00:p04:20 + GEFS:2019-09-29T00:00:00+00:00:p04:22 + GEFS:2019-09-29T00:00:00+00:00:p04:24 + GEFS:2019-09-29T00:00:00+00:00:p04:25,3.552713678800501e-15,9.143387144182295e-17,data/manifests/phase1e/2019-09/daily/source_2019092900.json,aa77e4b13ea53e18296d0c1f8b8dfea6812ba99209ef6a07b4cd5cb56dcd5a02
2019093000,2019-09,day1_24h,c00,PASS,,PASS,,1,5,0,,(GEFS:2019-09-30T00:00:00+00:00:c00:2 - GEFS:2019-09-30T00:00:00+00:00:c00:1) + GEFS:2019-09-30T00:00:00+00:00:c00:4 + GEFS:2019-09-30T00:00:00+00:00:c00:6 + GEFS:2019-09-30T00:00:00+00:00:c00:8 + GEFS:2019-09-30T00:00:00+00:00:c00:9,7.105427357601002e-15,2.3288789102559773e-16,data/manifests/phase1e/2019-09/daily/source_2019093000.json,87797c89a03355b254ca8e9a2973f6c4147bd1973772fefd988651450035666f
2019093000,2019-09,day2_24h,c00,FAIL,ValueError: materially negative reconstructed precipitation for 27--30,FAIL,ValueError: negative difference exceeds packing bound for 27--30,,,,,,,,data/manifests/phase1e/2019-09/daily/source_2019093000.json,87797c89a03355b254ca8e9a2973f6c4147bd1973772fefd988651450035666f
2019093000,2019-09,day3_24h,c00,FAIL,ValueError: materially negative reconstructed precipitation for 51--54,FAIL,ValueError: negative difference exceeds packing bound for 51--54,,,,,,,,data/manifests/phase1e/2019-09/daily/source_2019093000.json,87797c89a03355b254ca8e9a2973f6c4147bd1973772fefd988651450035666f
2019093000,2019-09,day1_24h,p01,FAIL,ValueError: materially negative reconstructed precipitation for 3--6,FAIL,ValueError: negative difference exceeds packing bound for 3--6,,,,,,,,data/manifests/phase1e/2019-09/daily/source_2019093000.json,87797c89a03355b254ca8e9a2973f6c4147bd1973772fefd988651450035666f
2019093000,2019-09,day2_24h,p01,PASS,,PASS,,1,5,0,,(GEFS:2019-09-30T00:00:00+00:00:p01:10 - GEFS:2019-09-30T00:00:00+00:00:p01:9) + GEFS:2019-09-30T00:00:00+00:00:p01:12 + GEFS:2019-09-30T00:00:00+00:00:p01:14 + GEFS:2019-09-30T00:00:00+00:00:p01:16 + GEFS:2019-09-30T00:00:00+00:00:p01:17,3.552713678800501e-15,1.4859232359987259e-16,data/manifests/phase1e/2019-09/daily/source_2019093000.json,87797c89a03355b254ca8e9a2973f6c4147bd1973772fefd988651450035666f
2019093000,2019-09,day3_24h,p01,FAIL,ValueError: materially negative reconstructed precipitation for 51--54,FAIL,ValueError: negative difference exceeds packing bound for 51--54,,,,,,,,data/manifests/phase1e/2019-09/daily/source_2019093000.json,87797c89a03355b254ca8e9a2973f6c4147bd1973772fefd988651450035666f
2019093000,2019-09,day1_24h,p02,PASS,,PASS,,1,5,0,,(GEFS:2019-09-30T00:00:00+00:00:p02:2 - GEFS:2019-09-30T00:00:00+00:00:p02:1) + GEFS:2019-09-30T00:00:00+00:00:p02:4 + GEFS:2019-09-30T00:00:00+00:00:p02:6 + GEFS:2019-09-30T00:00:00+00:00:p02:8 + GEFS:2019-09-30T00:00:00+00:00:p02:9,1.4210854715202004e-14,3.1988849997321253e-16,data/manifests/phase1e/2019-09/daily/source_2019093000.json,87797c89a03355b254ca8e9a2973f6c4147bd1973772fefd988651450035666f
2019093000,2019-09,day2_24h,p02,FAIL,ValueError: materially negative reconstructed precipitation for 27--30,FAIL,ValueError: negative difference exceeds packing bound for 27--30,,,,,,,,data/manifests/phase1e/2019-09/daily/source_2019093000.json,87797c89a03355b254ca8e9a2973f6c4147bd1973772fefd988651450035666f
2019093000,2019-09,day3_24h,p02,FAIL,ValueError: materially negative reconstructed precipitation for 63--66,PASS,,1,5,0,,(GEFS:2019-09-30T00:00:00+00:00:p02:18 - GEFS:2019-09-30T00:00:00+00:00:p02:17) + GEFS:2019-09-30T00:00:00+00:00:p02:20 + GEFS:2019-09-30T00:00:00+00:00:p02:22 + GEFS:2019-09-30T00:00:00+00:00:p02:24 + GEFS:2019-09-30T00:00:00+00:00:p02:25,,,data/manifests/phase1e/2019-09/daily/source_2019093000.json,87797c89a03355b254ca8e9a2973f6c4147bd1973772fefd988651450035666f
2019093000,2019-09,day1_24h,p03,FAIL,ValueError: materially negative reconstructed precipitation for 3--6,FAIL,ValueError: negative difference exceeds packing bound for 3--6,,,,,,,,data/manifests/phase1e/2019-09/daily/source_2019093000.json,87797c89a03355b254ca8e9a2973f6c4147bd1973772fefd988651450035666f
2019093000,2019-09,day2_24h,p03,FAIL,ValueError: materially negative reconstructed precipitation for 45--48,PASS,,1,5,0,,(GEFS:2019-09-30T00:00:00+00:00:p03:10 - GEFS:2019-09-30T00:00:00+00:00:p03:9) + GEFS:2019-09-30T00:00:00+00:00:p03:12 + GEFS:2019-09-30T00:00:00+00:00:p03:14 + GEFS:2019-09-30T00:00:00+00:00:p03:16 + GEFS:2019-09-30T00:00:00+00:00:p03:17,,,data/manifests/phase1e/2019-09/daily/source_2019093000.json,87797c89a03355b254ca8e9a2973f6c4147bd1973772fefd988651450035666f
2019093000,2019-09,day3_24h,p03,FAIL,ValueError: materially negative reconstructed precipitation for 69--72,PASS,,1,5,0,,(GEFS:2019-09-30T00:00:00+00:00:p03:18 - GEFS:2019-09-30T00:00:00+00:00:p03:17) + GEFS:2019-09-30T00:00:00+00:00:p03:20 + GEFS:2019-09-30T00:00:00+00:00:p03:22 + GEFS:2019-09-30T00:00:00+00:00:p03:24 + GEFS:2019-09-30T00:00:00+00:00:p03:25,,,data/manifests/phase1e/2019-09/daily/source_2019093000.json,87797c89a03355b254ca8e9a2973f6c4147bd1973772fefd988651450035666f
2019093000,2019-09,day1_24h,p04,FAIL,ValueError: materially negative reconstructed precipitation for 3--6,FAIL,ValueError: negative difference exceeds packing bound for 3--6,,,,,,,,data/manifests/phase1e/2019-09/daily/source_2019093000.json,87797c89a03355b254ca8e9a2973f6c4147bd1973772fefd988651450035666f
2019093000,2019-09,day2_24h,p04,FAIL,ValueError: materially negative reconstructed precipitation for 27--30,FAIL,ValueError: negative difference exceeds packing bound for 27--30,,,,,,,,data/manifests/phase1e/2019-09/daily/source_2019093000.json,87797c89a03355b254ca8e9a2973f6c4147bd1973772fefd988651450035666f
2019093000,2019-09,day3_24h,p04,FAIL,ValueError: materially negative reconstructed precipitation for 63--66,PASS,,1,5,0,,(GEFS:2019-09-30T00:00:00+00:00:p04:18 - GEFS:2019-09-30T00:00:00+00:00:p04:17) + GEFS:2019-09-30T00:00:00+00:00:p04:20 + GEFS:2019-09-30T00:00:00+00:00:p04:22 + GEFS:2019-09-30T00:00:00+00:00:p04:24 + GEFS:2019-09-30T00:00:00+00:00:p04:25,,,data/manifests/phase1e/2019-09/daily/source_2019093000.json,87797c89a03355b254ca8e9a2973f6c4147bd1973772fefd988651450035666f
