initialization,product,member,method,subtraction_operations,segments,negative_intermediate_cells,packing_bound_violations,admission_policy_violations,justified_normalized_cells,raw_final_negative_cells,post_policy_final_negative_cells,raw_final_sha256,post_policy_final_sha256,source_manifest
2019060100,day1_24h,c00,A,4,8,951,14,14,937,0,0,2241bee516823b610a9e7119894171a0b5a6edb7891bbf07f442266cb6980e69,93714df507d804e71db0563c0e9561b7c2deccd2c9bb834129135a6d27fbd69e,data/manifests/phase1e/2019-06/daily/source_2019060100.json
2019060100,day1_24h,c00,B,1,5,0,0,0,0,0,0,46c895ac15e7261727740c4a48b398e07cc4ca207abe0f2f98efecd8acaae90c,46c895ac15e7261727740c4a48b398e07cc4ca207abe0f2f98efecd8acaae90c,data/manifests/phase1e/2019-06/daily/source_2019060100.json
2019060100,day1_24h,p01,A,4,8,595,7,7,588,0,0,c571848afa30e0b255bac277bea0eaa8546ee2b0d58b7fe7392fc7044a3b47ad,09459f614bc6a757845fdeaaae80c6c67627d4d2d906be1ddcb6aba71bfa8f1e,data/manifests/phase1e/2019-06/daily/source_2019060100.json
2019060100,day1_24h,p01,B,1,5,0,0,0,0,0,0,df39efa740f53bfc8b5c1570fc2a0c8850103a78ee204e60c58bc302814eb061,df39efa740f53bfc8b5c1570fc2a0c8850103a78ee204e60c58bc302814eb061,data/manifests/phase1e/2019-06/daily/source_2019060100.json
2019060100,day1_24h,p02,A,4,8,179,5,5,174,0,0,837562930df98ccbc34cd4f5a90fac55b7a1537eb9c7311ec0e2651a022d279f,51d84fa54b0e3b7e78ff951e344e72291701596d37bbc7bed1e6f5aaba0e26f3,data/manifests/phase1e/2019-06/daily/source_2019060100.json
2019060100,day1_24h,p02,B,1,5,0,0,0,0,0,0,b3e787baa7a2f48bee9733f0cccc54d6953a3f9b6ffbef64e662c3f1c27fc2de,b3e787baa7a2f48bee9733f0cccc54d6953a3f9b6ffbef64e662c3f1c27fc2de,data/manifests/phase1e/2019-06/daily/source_2019060100.json
2019060100,day1_24h,p03,A,4,8,475,2,2,473,141,0,2beef8a1878258f18992f63e768ec24171f0c9435c38842f21b582a3af39d063,8f8ef71dbcd1cb96cfb48c9c6bf43a58a0fd06de1a619842de033feb23e2802c,data/manifests/phase1e/2019-06/daily/source_2019060100.json
2019060100,day1_24h,p03,B,1,5,215,0,0,215,141,0,13d95c340be9cd4dd9e0acbccbffae7006426b9425424f4281559717e9443521,af2574bff8c94002f378df8f91eec7c326770730eed3ee3603eef60a567613b7,data/manifests/phase1e/2019-06/daily/source_2019060100.json
2019060100,day1_24h,p04,A,4,8,775,19,19,756,118,0,82aa627b0361d02cf49bc18d0957f4efe2cecf5f775caed0a01533881bf14e66,801b37f12b245b376cad3df0f0b13fa1cf8029d47cc71b605abb9048f68d0984,data/manifests/phase1e/2019-06/daily/source_2019060100.json
2019060100,day1_24h,p04,B,1,5,193,0,0,193,118,0,ae3c48997b1aa9a2e35c8679e5a0cb069a5a4d4818152188c5ec84346e8a5ebd,86fadf5116d089cec8026d17afc161ecd6cf77105832423df4e4eded0119d1cd,data/manifests/phase1e/2019-06/daily/source_2019060100.json
2019060100,day2_24h,c00,A,4,8,1246,13,13,1233,142,0,a7a279e7e4ba73f087d9716104a601cf1ed262bd666f07389f158b2cb95c9b75,c453e53c7224f9c7e9736011bdf85164fdb088f26c2c6b547666545f898aceb3,data/manifests/phase1e/2019-06/daily/source_2019060100.json
2019060100,day2_24h,c00,B,1,5,630,7,7,623,142,0,fc5fa259a2f6cd3cdc8b578e9ce90da8d3d09b5a6021a9b095e81ec9cba10191,db8a7b1d35d2a4a304c93bf5c2794f22c0347ed5591a4a5d62abb8f3c218fcda,data/manifests/phase1e/2019-06/daily/source_2019060100.json
2019060100,day2_24h,p01,A,4,8,877,7,7,870,227,1,023e6c604dee5ec7afcc8be023303e8d238ca9c9b279800dccf929be1f83b428,4a059d59e240d31b6fbea107793779a6fbe8619f2979f5aa333749a3cfd7d836,data/manifests/phase1e/2019-06/daily/source_2019060100.json
2019060100,day2_24h,p01,B,1,5,482,4,4,478,225,1,fe2f157b9dcf804e403d98543f4953d06480bffb561fff81f6cd7bd0f7d9d5b6,3e4bb9b505164e03b37c89590ce14cf5402fe756fec8d743a1fac6f7cab43ec5,data/manifests/phase1e/2019-06/daily/source_2019060100.json
2019060100,day2_24h,p02,A,4,8,915,17,17,898,189,5,f18e2b4c6b2f44d90e7bf83855d7ce780b6b1733d163c6ec1185fd1ef026f408,d9379b34ea20e3d33585f80b71434f061c7bc1206848c57001a0e29d9fc8885f,data/manifests/phase1e/2019-06/daily/source_2019060100.json
2019060100,day2_24h,p02,B,1,5,695,16,16,679,187,5,23ab398192d9aca437f2e1affdce1385d0439930342e1cae79e9b715911b7493,d18e3c457cb77586ecfd586a5bed1068417b1d8d935fbcc4120b5f958c5f77a0,data/manifests/phase1e/2019-06/daily/source_2019060100.json
2019060100,day2_24h,p03,A,4,8,0,0,0,0,0,0,abd32e6e04cf524dbe8a17cb2798af8c7ae7bba76f5c2e4eab957be24a417492,abd32e6e04cf524dbe8a17cb2798af8c7ae7bba76f5c2e4eab957be24a417492,data/manifests/phase1e/2019-06/daily/source_2019060100.json
2019060100,day2_24h,p03,B,1,5,0,0,0,0,0,0,c18397d8d61250cd65f3d183c6ecbc0a389fb44117ab5090135ed9cda7ca3896,c18397d8d61250cd65f3d183c6ecbc0a389fb44117ab5090135ed9cda7ca3896,data/manifests/phase1e/2019-06/daily/source_2019060100.json
2019060100,day2_24h,p04,A,4,8,828,12,12,816,0,0,28859b9f810a0e474cc061c83bc9eedfc78e2d8eeabcfe20656281153f01680a,f8b5e6eb12eb6b1cc1b371b2572017ac26c162f6de52e8116460542442ac4268,data/manifests/phase1e/2019-06/daily/source_2019060100.json
2019060100,day2_24h,p04,B,1,5,0,0,0,0,0,0,07f966437bad58ca8cbb0f30ad35c6d6a956fff96ebe665f5d264d46dd124e5d,07f966437bad58ca8cbb0f30ad35c6d6a956fff96ebe665f5d264d46dd124e5d,data/manifests/phase1e/2019-06/daily/source_2019060100.json
2019060100,day3_24h,c00,A,4,8,434,6,6,428,70,0,9557940c4deb936467d7dc89ad96066ecf1fe038df4ce036f8ac77d7d6708ed7,8c6a9e912f784ac0f2ab24fd10c75e24ca8851b546156e30729548ca55f6df6a,data/manifests/phase1e/2019-06/daily/source_2019060100.json
2019060100,day3_24h,c00,B,1,5,434,6,6,428,70,0,b7946bbdf0a56327ba0397cfb80a1a3494bb2894faaba8de0677212c24725a5f,fc514798a8d87aa1c73804e4e2fcd731a05c709c9d90bca5a0cc284405e32719,data/manifests/phase1e/2019-06/daily/source_2019060100.json
2019060100,day3_24h,p01,A,4,8,501,3,3,498,167,0,54c32ccb34125ff8f1c99bf066d92a53af4334b6725db8a45f8fc7879f608670,6caea0bbb0b1d4bc782463b1019372507f2d8517e639cc2ae1b3398fd776333c,data/manifests/phase1e/2019-06/daily/source_2019060100.json
2019060100,day3_24h,p01,B,1,5,501,3,3,498,167,0,7753f67f8aa0a801c88c968477a67a361172c2f2b2af857d8e26ea7d2ba0348e,210ec718b68970ea3a9b3cbde9e9fafab7372230bd5f02183a8d7fc6ef55d284,data/manifests/phase1e/2019-06/daily/source_2019060100.json
2019060100,day3_24h,p02,A,4,8,1405,43,43,1362,115,0,d8c7c1a6e6cdf19ae194320979a328d71188a71de550effd64353821f8bb8dfb,7809e8798235085b2677eb73b762fdd63be2f295a0f90f46746b9443a961e3c7,data/manifests/phase1e/2019-06/daily/source_2019060100.json
2019060100,day3_24h,p02,B,1,5,318,13,13,305,115,0,f02f16e46d6b3a41d201b3cc54f05e9ad87029d83b19485048ce248cae5bd5b3,292e17ebdafe5dea957e477fd69e93341df4ff6405ed0bec262727d227414af8,data/manifests/phase1e/2019-06/daily/source_2019060100.json
2019060100,day3_24h,p03,A,4,8,0,0,0,0,0,0,11ec1f08f5ab844154891699737e95198edb75f5a54e5f904a1fdf3e8da1e0e7,11ec1f08f5ab844154891699737e95198edb75f5a54e5f904a1fdf3e8da1e0e7,data/manifests/phase1e/2019-06/daily/source_2019060100.json
2019060100,day3_24h,p03,B,1,5,0,0,0,0,0,0,c07afb245c9de75b2e24e63f86e5ae5f92272a4f5182b4ff88648dc9a9f3bed5,c07afb245c9de75b2e24e63f86e5ae5f92272a4f5182b4ff88648dc9a9f3bed5,data/manifests/phase1e/2019-06/daily/source_2019060100.json
2019060100,day3_24h,p04,A,4,8,0,0,0,0,0,0,c95e3ca8e78d6cfa23033c7a500e01017a325956f2e1c1f9479d407b8c2ffd39,c95e3ca8e78d6cfa23033c7a500e01017a325956f2e1c1f9479d407b8c2ffd39,data/manifests/phase1e/2019-06/daily/source_2019060100.json
2019060100,day3_24h,p04,B,1,5,0,0,0,0,0,0,1b5bc1503efc3a0ebb2a5c686d955e6b78492d1bce6ddeb8df572e7b06f34e3f,1b5bc1503efc3a0ebb2a5c686d955e6b78492d1bce6ddeb8df572e7b06f34e3f,data/manifests/phase1e/2019-06/daily/source_2019060100.json
2019060200,day1_24h,c00,A,4,8,453,21,21,432,0,0,b13639e473ca31098f4818877db491b5fd726e8c4aec5955a91db75aeba0a8f5,52d788d748e4c07f8aab10e2baafc04104f61d5668b046d87370fef70e8b30da,data/manifests/phase1e/2019-06/daily/source_2019060200.json
2019060200,day1_24h,c00,B,1,5,0,0,0,0,0,0,590fc2b8024e431a9b8796d49a4e2e62fb5f9a24516c8208985cde2495e22104,590fc2b8024e431a9b8796d49a4e2e62fb5f9a24516c8208985cde2495e22104,data/manifests/phase1e/2019-06/daily/source_2019060200.json
2019060200,day1_24h,p01,A,4,8,356,8,8,348,15,0,cac66e2a08088d37faf0b21dfe08d9372cbefb9a9e20979257305e89238c5a73,147f17f05196e57216eabc3e6a70ad102a161eb820f7ec426c71fa7130bf4767,data/manifests/phase1e/2019-06/daily/source_2019060200.json
2019060200,day1_24h,p01,B,1,5,49,0,0,49,15,0,905205038509f89b7f183588d0f97d4e41cb9e00d6a7ec760ce6599a40bada1c,9bb246ab225c5ad5222cd473daebbcfb74483e72bedd42acd0a783580b130a71,data/manifests/phase1e/2019-06/daily/source_2019060200.json
2019060200,day1_24h,p02,A,4,8,329,6,6,323,0,0,1aaab6c75124b3bab2d8fdd6015e09fc80abbeeb78a367f3661316cb2346101f,8204a5e276a45a4a1407e92f0db2e97262a06e67d6d5befbdbfd1c608e7ebd46,data/manifests/phase1e/2019-06/daily/source_2019060200.json
2019060200,day1_24h,p02,B,1,5,0,0,0,0,0,0,ed577751e193e02c752085c1d8cd4e6f8c7b7cc4dd558bcf50889444c7ce0f58,ed577751e193e02c752085c1d8cd4e6f8c7b7cc4dd558bcf50889444c7ce0f58,data/manifests/phase1e/2019-06/daily/source_2019060200.json
2019060200,day1_24h,p03,A,4,8,130,1,1,129,8,0,a9b37f2c4d4de5cb90e1b5893693bcc018a756820b8e96a02e08133d18ce4558,932180920ec9976b3ed72e50e0cc6a3455d2309646a4eed71c1d50a05760f969,data/manifests/phase1e/2019-06/daily/source_2019060200.json
2019060200,day1_24h,p03,B,1,5,31,0,0,31,8,0,6910156d141b78255c7a5e8e3735e4391539c96d77bffb095da736b3d3611b5d,6068912a45557b71af19e4a08ce68636d46b2ec03131b20639ef741c58cedd49,data/manifests/phase1e/2019-06/daily/source_2019060200.json
2019060200,day1_24h,p04,A,4,8,20,0,0,20,5,0,55bae302b534f6eea2a5e8ff4655a2d5a20283391c249abb00ed66511014d53b,0a0f13062d67098e58e5314e44c88f4f295ff1adc98672aef8df793adfbde4d8,data/manifests/phase1e/2019-06/daily/source_2019060200.json
2019060200,day1_24h,p04,B,1,5,20,0,0,20,5,0,1a1199e14ab9530e138e8b4e086366ae5de7a9b1e97a02e33500dd53fbe5dbec,fa37d104e0c620deecd6e4c493f6252e25d24edd5e653f64f45087a91a330162,data/manifests/phase1e/2019-06/daily/source_2019060200.json
2019060200,day2_24h,c00,A,4,8,1019,20,20,999,65,0,86c5acd01c2c434f932a082da881d77b1ea561c219192eb4e5a29a5c5c789824,493996c4173895e1727dfd7618853dbc5426b4621f0d8fff3b92a43e5ada71ee,data/manifests/phase1e/2019-06/daily/source_2019060200.json
2019060200,day2_24h,c00,B,1,5,560,11,11,549,65,1,7a4658802875c7ab86b63b288d5b127a36be675f46beff297d73b6e213d8aa52,b465bb06ebef8cd35220dbc1b0a83cf6e6a0253b9022e5d2accbd1192a0aa4ff,data/manifests/phase1e/2019-06/daily/source_2019060200.json
2019060200,day2_24h,p01,A,4,8,366,4,4,362,0,0,9c4bd64b12b8e955fee688a841a8c9b658afb3e1b36ab892be941e155646ecff,aa7a6667aa5a05f2fe1a0d9ef37b4ecd63fcd49cae3d85a67ef60eaaf9217137,data/manifests/phase1e/2019-06/daily/source_2019060200.json
2019060200,day2_24h,p01,B,1,5,0,0,0,0,0,0,39ae176daf0c0a8cde5d2dd9e1fc93b65829fbb90c8d705cfb35c49e9623b4f6,39ae176daf0c0a8cde5d2dd9e1fc93b65829fbb90c8d705cfb35c49e9623b4f6,data/manifests/phase1e/2019-06/daily/source_2019060200.json
2019060200,day2_24h,p02,A,4,8,303,3,3,300,0,0,9cdaa49758a0e6b9b46b5e91ff6ffcc1b42694700db14038860f887d354bdaa3,6f1d08b5cd7f284d40780d1b7c02e206dba75ed9bcc08abd4ec5034c9a7d97af,data/manifests/phase1e/2019-06/daily/source_2019060200.json
2019060200,day2_24h,p02,B,1,5,0,0,0,0,0,0,e52bb806f6e2462541c7f0c5b75c492d8eeecae0ab32edf20659c8c71d3086dd,e52bb806f6e2462541c7f0c5b75c492d8eeecae0ab32edf20659c8c71d3086dd,data/manifests/phase1e/2019-06/daily/source_2019060200.json
2019060200,day2_24h,p03,A,4,8,840,20,20,820,77,0,552975c3314a6a1eb16cf5bcc55d25f6782a87476ddbc45879696634a6d72a3a,92ba33760c3b7192dbee7d89b9adeb3c6abfacdb45320580b751405f349fd122,data/manifests/phase1e/2019-06/daily/source_2019060200.json
2019060200,day2_24h,p03,B,1,5,479,13,13,466,76,0,863be550a8713e90e02eb0d5048538261bb21b89daa451712090574f61ed1c43,034c3601bc243f3e436c4662df469944ee0dc1bf29ccf2a65e74b253aaa189bf,data/manifests/phase1e/2019-06/daily/source_2019060200.json
2019060200,day2_24h,p04,A,4,8,200,3,3,197,0,0,fb1d848ae6612c61d755edff1d73093eb53f16e27f9d85cdc2375c86f3066cb5,fcbd7b2d28df4923e15e9309c251b825d429de290c9cc362f41375c037042c2f,data/manifests/phase1e/2019-06/daily/source_2019060200.json
2019060200,day2_24h,p04,B,1,5,0,0,0,0,0,0,90f62e26a8d56dca410e2676f2d3fea334a6794fc1ffee5806dc9a35c696b8d3,90f62e26a8d56dca410e2676f2d3fea334a6794fc1ffee5806dc9a35c696b8d3,data/manifests/phase1e/2019-06/daily/source_2019060200.json
2019060200,day3_24h,c00,A,4,8,852,14,14,838,189,2,a08cac5ccfd8b35bd23136ed5e3de138390e7c6500f236b15edfa0417298f23d,dc982a74a82399a545a377484d7434a5594d6b46b49aa8fddc18e976df62c30e,data/manifests/phase1e/2019-06/daily/source_2019060200.json
2019060200,day3_24h,c00,B,1,5,472,5,5,467,189,2,4363697f724e37a24611d5be363d2176e9a28583e9c461aa0c82004d2bf39655,9ec4606474178ec5328c52bd910971d61a724d7bf1acfd2c6d03d01972040845,data/manifests/phase1e/2019-06/daily/source_2019060200.json
2019060200,day3_24h,p01,A,4,8,508,7,7,501,144,1,c435c0d9bc78168c2fe9d71aa2fff5463bd5480360f21f8c6e9ea7d545b7934e,abbd1a9e50352f268c76168a3a19db998cb82f26bc4e8b8eb653530161068a5c,data/manifests/phase1e/2019-06/daily/source_2019060200.json
2019060200,day3_24h,p01,B,1,5,508,7,7,501,144,1,52995fe947f53c5ef185f4f629fe0087a6c4d4c60ecb9c5f52e925159b2cf51d,ebf3cc76af8d55a6e7f742b224e5863fb29e83be5520a70368faff95756ad1e6,data/manifests/phase1e/2019-06/daily/source_2019060200.json
2019060200,day3_24h,p02,A,4,8,0,0,0,0,0,0,20fb073437d5ee3bdfa85441a8abb1e52cc2c9767240e5f2d928597b575790d0,20fb073437d5ee3bdfa85441a8abb1e52cc2c9767240e5f2d928597b575790d0,data/manifests/phase1e/2019-06/daily/source_2019060200.json
2019060200,day3_24h,p02,B,1,5,0,0,0,0,0,0,f2faa2c74d4241856d6508909fd4e7a3b5d184e371306909e6e6403742a549fb,f2faa2c74d4241856d6508909fd4e7a3b5d184e371306909e6e6403742a549fb,data/manifests/phase1e/2019-06/daily/source_2019060200.json
2019060200,day3_24h,p03,A,4,8,1134,40,40,1094,47,1,cd65c7d8835eb072a6276deec435cb8010374d6f585d4a5ac164e55637ea3bce,304fd67c41c5d40d8650494b3543d0bfd510808c016faaa9362e433365575c42,data/manifests/phase1e/2019-06/daily/source_2019060200.json
2019060200,day3_24h,p03,B,1,5,483,17,17,466,46,1,57416f8855c3e2d7e0894881470fa96506948c1772db25d982ccfd5fddbb884b,5e719aa4511f3f06569d9ee3e534912d0ba683abac6dcadbcc6dc0fb150bf10b,data/manifests/phase1e/2019-06/daily/source_2019060200.json
2019060200,day3_24h,p04,A,4,8,820,32,32,788,198,1,3dea99f188520f8642ac8c0a5f3a27e6a8a5a4ca601e74b450c7b1fdff4da970,da4f7532609195098c3b4f27cdbe3fe814808bba403edb605f849232fc76561f,data/manifests/phase1e/2019-06/daily/source_2019060200.json
2019060200,day3_24h,p04,B,1,5,492,18,18,474,198,1,262a39337939609ce27a9a0cd4b853359a5911ab41c7dc8a407e44bcbb7233b4,2e88104d8853aadce19bb10696a0c2f2ece885e65498890f192176c491844cb1,data/manifests/phase1e/2019-06/daily/source_2019060200.json
2019060300,day1_24h,c00,A,4,8,417,16,16,401,0,0,798e105805e7e053fa379fb5da201f2592ea4eee2d3eeb27b326ea9f529311a2,86a18136520f50c337ffbad79a4671d120a4e2bb1ff39b40b193c74d8d9af7de,data/manifests/phase1e/2019-06/daily/source_2019060300.json
2019060300,day1_24h,c00,B,1,5,0,0,0,0,0,0,37e27e9b8798c862c12cc418fb9e13fd6f38bbcec0cd936c747f9e191ffb914d,37e27e9b8798c862c12cc418fb9e13fd6f38bbcec0cd936c747f9e191ffb914d,data/manifests/phase1e/2019-06/daily/source_2019060300.json
2019060300,day1_24h,p01,A,4,8,125,0,0,125,11,0,ebd828a8b1e8347150d64a0fd51bf9656ed8b6f9285df202b7de91994ec7929d,12f351860bee8fe4aa7a2db03fba7a081c6ab9ad2f989da03ddaacfa6a542ef3,data/manifests/phase1e/2019-06/daily/source_2019060300.json
2019060300,day1_24h,p01,B,1,5,125,0,0,125,11,0,93bc775c1d6ffce08a86af5a2a736077800db6b46a20fd57df1bf15b60c393d4,b646d432cc69c747fd30195df2cf2ce7455a6fcbec31aa4779266ba7d6b84ee2,data/manifests/phase1e/2019-06/daily/source_2019060300.json
2019060300,day1_24h,p02,A,4,8,187,0,0,187,70,0,0e561639302fbec41d4a147778fd0664ec47e8cd64e537a5525cfd872cd0b56b,7226bad958d0349fc051cf1fb092627beb24c533dd83a2ae61bcf3ed1e5e0fe5,data/manifests/phase1e/2019-06/daily/source_2019060300.json
2019060300,day1_24h,p02,B,1,5,187,0,0,187,70,0,21094fd9669184f4f6bab28f124f72eed0619367a2aae4b6fb3dbe40bda6ac95,06bb72e683067cc49a4b32006982004500fcab3185395594154fbeb1fff1764c,data/manifests/phase1e/2019-06/daily/source_2019060300.json
2019060300,day1_24h,p03,A,4,8,484,9,9,475,67,0,2513293632f4a702bb2ee557be1aa401c69bcdc3fe4ec2b9295c54c6f2e365ce,89aee4058e9b9f7cfe4c1788779cb3c24bd1796dea1bb75958ea19ad6999c25a,data/manifests/phase1e/2019-06/daily/source_2019060300.json
2019060300,day1_24h,p03,B,1,5,140,0,0,140,67,0,877be445b43c97b0f353a25b69f0a583ecbc02423204a535d515c1117e8d4ca2,7da2c22fc64d061d99cb8b2a02aef2ce4cc54c9ab414ad92f8f3f27293b04cc6,data/manifests/phase1e/2019-06/daily/source_2019060300.json
2019060300,day1_24h,p04,A,4,8,150,0,0,150,89,0,f6899660bc698c692f70dde07103602cea92705ee8378f42ee284a2ef95e3130,eb2c7a96db9b76843010b977432a2e5c88dbd430c7075a9d304b354df51db007,data/manifests/phase1e/2019-06/daily/source_2019060300.json
2019060300,day1_24h,p04,B,1,5,150,0,0,150,89,0,5822f6257915a5340c4c9ebb6efd993589df54c95a8ee0c14dd054196f9f754c,b4d9144ae2ec378b78670eafc59d6c5a5681b14475f41a302c581c2d4d50f743,data/manifests/phase1e/2019-06/daily/source_2019060300.json
2019060300,day2_24h,c00,A,4,8,987,16,16,971,213,0,853d2209bd53887e20845046e2f4c6b8b38107e6055f51f04dc135776d2c0849,798d7b074a280650d95d36e045ab097e2c1189828fcdf53a8979790f503bce88,data/manifests/phase1e/2019-06/daily/source_2019060300.json
2019060300,day2_24h,c00,B,1,5,510,5,5,505,213,0,cdf0c7cfa7354b10e462357e1f2586aade2aa9767712e5c4dcdef39576586d77,a40b9f9d76a4a8e04fd113535975eaba8a113e8c9ef70b3c8f42ae1da040cff0,data/manifests/phase1e/2019-06/daily/source_2019060300.json
2019060300,day2_24h,p01,A,4,8,189,4,4,185,0,0,d5ad0f89828e867712c789459ac423c449c8921e6fd273192de4d1a75274cdaf,a75d81bdfeafb0c716ed0c650c2665d670f7a8bb2db97c3e34d8260d87de3113,data/manifests/phase1e/2019-06/daily/source_2019060300.json
2019060300,day2_24h,p01,B,1,5,0,0,0,0,0,0,6275c9ac73d8c578e882151af149565cd0ef345228024ebe7d85764df35794a7,6275c9ac73d8c578e882151af149565cd0ef345228024ebe7d85764df35794a7,data/manifests/phase1e/2019-06/daily/source_2019060300.json
2019060300,day2_24h,p02,A,4,8,0,0,0,0,0,0,4d4e165bfbe5e7f49d04eb35fd74b015a69e5fc5855ecf1aa2edb83442db73d8,4d4e165bfbe5e7f49d04eb35fd74b015a69e5fc5855ecf1aa2edb83442db73d8,data/manifests/phase1e/2019-06/daily/source_2019060300.json
2019060300,day2_24h,p02,B,1,5,0,0,0,0,0,0,e7de442cd83a4a3e376aa65bd0e688a83f40f85555014813494c436c52a69184,e7de442cd83a4a3e376aa65bd0e688a83f40f85555014813494c436c52a69184,data/manifests/phase1e/2019-06/daily/source_2019060300.json
2019060300,day2_24h,p03,A,4,8,0,0,0,0,0,0,8457eb361d5f8655e9e4d130efcd8e60b915a730aeff88cdaf99a3b1f8035103,8457eb361d5f8655e9e4d130efcd8e60b915a730aeff88cdaf99a3b1f8035103,data/manifests/phase1e/2019-06/daily/source_2019060300.json
2019060300,day2_24h,p03,B,1,5,0,0,0,0,0,0,c6c5f4cf0f149d8133961ab2d3cc386c9a4901adc544c97058c5a98e6161cacf,c6c5f4cf0f149d8133961ab2d3cc386c9a4901adc544c97058c5a98e6161cacf,data/manifests/phase1e/2019-06/daily/source_2019060300.json
2019060300,day2_24h,p04,A,4,8,198,3,3,195,0,0,441c1a649dc3b36247bbed27445498a299e3325e6ef8e99e2403c679907c4f55,4941870ac4f923f353dfb0a21595d42e78f43861d8e199d4fb1c3396915a5503,data/manifests/phase1e/2019-06/daily/source_2019060300.json
2019060300,day2_24h,p04,B,1,5,0,0,0,0,0,0,47ec86450321be2c11a27e37f65cad7605c9a601036fdc9a9354f4c2d075c582,47ec86450321be2c11a27e37f65cad7605c9a601036fdc9a9354f4c2d075c582,data/manifests/phase1e/2019-06/daily/source_2019060300.json
2019060300,day3_24h,c00,A,4,8,1480,27,27,1453,136,2,b321863596830e4f016990993472aaefbe61943e6c7f69d1f21b357998397293,9a3a4a4315b0a83b029f2e7a77fd2a59847c940d77197d841b90b944a6ee843f,data/manifests/phase1e/2019-06/daily/source_2019060300.json
2019060300,day3_24h,c00,B,1,5,550,9,9,541,133,3,63cdcf5aad11bc0dabe3d103c302750d836c26cfd27b3cd63d5707a060721110,bd390ab5bdc3d9d0036ebe1bdf3ff73a045ffa4e5cab4e78598c1ddca08bf227,data/manifests/phase1e/2019-06/daily/source_2019060300.json
2019060300,day3_24h,p01,A,4,8,261,4,4,257,0,0,0bcaeb4a6fb4a2123d001d8604ea8e4db8b93321f3f158ef1e6cdc56d89ec5b2,bd5e423bad3df4e468eedb9cbc28474565baff0660c5a915cc5adb75127c194a,data/manifests/phase1e/2019-06/daily/source_2019060300.json
2019060300,day3_24h,p01,B,1,5,0,0,0,0,0,0,a43549635b2357d034d9e69f35f403f0284748000cbfe1ac14ae992107ac4ba3,a43549635b2357d034d9e69f35f403f0284748000cbfe1ac14ae992107ac4ba3,data/manifests/phase1e/2019-06/daily/source_2019060300.json
2019060300,day3_24h,p02,A,4,8,0,0,0,0,0,0,453d0b4b3b3105efdf4c8886b46f0374132e32b2e28be83890bbe95f8292e477,453d0b4b3b3105efdf4c8886b46f0374132e32b2e28be83890bbe95f8292e477,data/manifests/phase1e/2019-06/daily/source_2019060300.json
2019060300,day3_24h,p02,B,1,5,0,0,0,0,0,0,fc66181048a49264176a25ac81597a170883d04ca0aaf2b1ce2b48dcf8eb53fb,fc66181048a49264176a25ac81597a170883d04ca0aaf2b1ce2b48dcf8eb53fb,data/manifests/phase1e/2019-06/daily/source_2019060300.json
2019060300,day3_24h,p03,A,4,8,0,0,0,0,0,0,0bcc413d5672d4b8026acaaaf81848e54de6c492141e1d983e766ef2d60b16cf,0bcc413d5672d4b8026acaaaf81848e54de6c492141e1d983e766ef2d60b16cf,data/manifests/phase1e/2019-06/daily/source_2019060300.json
2019060300,day3_24h,p03,B,1,5,0,0,0,0,0,0,f8898ba22a2d925a9d0d8733844407296e117b45f63df97292f71dfaeb312493,f8898ba22a2d925a9d0d8733844407296e117b45f63df97292f71dfaeb312493,data/manifests/phase1e/2019-06/daily/source_2019060300.json
2019060300,day3_24h,p04,A,4,8,198,6,6,192,0,0,5942fb79c7a9976f10859525135cb1c47162d6b8e0b0fc39c815a6f57b489617,4fda342a000e0e666439db8b4d4d5c6ed8c3b2f94f14193d631732718cff4ed3,data/manifests/phase1e/2019-06/daily/source_2019060300.json
2019060300,day3_24h,p04,B,1,5,0,0,0,0,0,0,491eea2ee2ac2c2e5701d7be1eb90a3e95abdfcd840ac9661b9460814c347770,491eea2ee2ac2c2e5701d7be1eb90a3e95abdfcd840ac9661b9460814c347770,data/manifests/phase1e/2019-06/daily/source_2019060300.json
2019060400,day1_24h,c00,A,4,8,540,15,15,525,0,0,1a6f4b6fd30da6688518ca7aa2694b4ee4aeefc46283889f81fefef63af23d43,776a3205fdb468cfd38b3f9f985007e05ff6206381bcba106a6678631e6ce934,data/manifests/phase1e/2019-06/daily/source_2019060400.json
2019060400,day1_24h,c00,B,1,5,0,0,0,0,0,0,fd89e17bfc6b62ee48139bab0d3773df1d36879d390694c2fe3706d8f22f44b5,fd89e17bfc6b62ee48139bab0d3773df1d36879d390694c2fe3706d8f22f44b5,data/manifests/phase1e/2019-06/daily/source_2019060400.json
2019060400,day1_24h,p01,A,4,8,286,0,0,286,119,0,0547947061b7736d46730879fc59fd900aa3a94f774feff8aa16b46f50f21d46,964238d05f19f463c8e656c7fda4570079bb817854927649371b790b545175c2,data/manifests/phase1e/2019-06/daily/source_2019060400.json
2019060400,day1_24h,p01,B,1,5,286,0,0,286,119,0,9533874b871b419f307de8f648ff4184e3bd9d79b23e498b3b7c5fdfba58b3e6,d5bbabb26bc766dc516e8d1de64b305d5eeef22ab740ad8109c914e4328b244c,data/manifests/phase1e/2019-06/daily/source_2019060400.json
2019060400,day1_24h,p02,A,4,8,424,4,4,420,129,0,51140a89f2fe00045afd91a18e8adce5d8027a66f129d5d598467e7da20cd80c,c511d6ef75990befb82feb685ec7029653df6a542cc945a67ea7befb87ebffeb,data/manifests/phase1e/2019-06/daily/source_2019060400.json
2019060400,day1_24h,p02,B,1,5,252,0,0,252,129,0,023e528ac5b069a38b99adfcf475b0ccad1144f2e2425c9cc9fca7a47de15f5e,123c95b71a911146c50c28cab0046bea60baea405dffef1bd2bfd0bcf5113660,data/manifests/phase1e/2019-06/daily/source_2019060400.json
2019060400,day1_24h,p03,A,4,8,433,5,5,428,140,0,c041a991dd95449958cda71a3498dd15e620bd7b903f5cf04a93b46c4f87af1f,3dcea65ea274892a6d75bcb4d2db6da67c6d45145a75c668595daafd9b828311,data/manifests/phase1e/2019-06/daily/source_2019060400.json
2019060400,day1_24h,p03,B,1,5,233,0,0,233,140,0,a599b20e799d22063c5aff0344abe01883e201bb40ea468eb32d7a8f06168d6f,030eada27f87a064d99e7d16dd1d1e2c665dfaf84b47a569fd64722eeef293cb,data/manifests/phase1e/2019-06/daily/source_2019060400.json
2019060400,day1_24h,p04,A,4,8,623,22,22,601,0,0,9160f93145cbb2062d6512285be6623034150f05c512f4112037a5b5e8c721b3,cb0b1f3caa93404ad83618be1e5b22951d94811b893e99d8f2af16db2e77372f,data/manifests/phase1e/2019-06/daily/source_2019060400.json
2019060400,day1_24h,p04,B,1,5,0,0,0,0,0,0,dec0e3092ca712cb3991af837e50990c2b2757831328909026612f8f2ba7e071,dec0e3092ca712cb3991af837e50990c2b2757831328909026612f8f2ba7e071,data/manifests/phase1e/2019-06/daily/source_2019060400.json
2019060400,day2_24h,c00,A,4,8,944,27,27,917,85,5,8ae6c5f29229644c5be80a9b0956e4a815f0cf7f5bf766d062e265471358f5e1,51e11731c69490919f92eb98ae139be55df29f999679f5315f188171510a9ca1,data/manifests/phase1e/2019-06/daily/source_2019060400.json
2019060400,day2_24h,c00,B,1,5,315,13,13,302,83,5,bedc780da80a3cc6239ab7764dbd3daeffcbab60f1e94f1f6c9c358dac57a0ec,cf6192a3bd828aeced3202c5dbe9728bcb8437dc4729d14205adf6f187629598,data/manifests/phase1e/2019-06/daily/source_2019060400.json
2019060400,day2_24h,p01,A,4,8,485,18,18,467,94,3,05168e1e95e09bb00b4efa3f5c80becdcb1afe2744e3bda7f3bd7576447b4058,c57d91c6f0fcb405c495b40f28a9eb77e5509d124d88c9e73b6afe1a847fece4,data/manifests/phase1e/2019-06/daily/source_2019060400.json
2019060400,day2_24h,p01,B,1,5,270,12,12,258,94,3,cc698b559862400051ce313893d9aa7a0b57137d9c1f37bf3a52b572901c0b4b,9bfcee648ad2d0b6b21e9e66642e780de893910d80cf4abc5fc76f80ad9b8f16,data/manifests/phase1e/2019-06/daily/source_2019060400.json
2019060400,day2_24h,p02,A,4,8,284,5,5,279,98,1,1c85d9307a17b508d3e5a7c99c2b551264bf175ef86c3a8eefc682a537e7e589,11b01bc7dab61b0a0c4759beb4f095a6d4a352b1957043eb06a778eea52b51a2,data/manifests/phase1e/2019-06/daily/source_2019060400.json
2019060400,day2_24h,p02,B,1,5,284,5,5,279,98,1,a644689018e97c8f6da66727053a0b171e30b4f911b47878da3e4fd433be9cce,95529f5b5324824ce2c91ba373141e37ab3c5b1b2e05c0efd29ed9742fd338d0,data/manifests/phase1e/2019-06/daily/source_2019060400.json
2019060400,day2_24h,p03,A,4,8,466,7,7,459,0,0,6f06fade16e1d9ed1cd692f288827324e99e81bd3d555a9709b1fca844a805ef,768a27c5dc83e724f24d901c1e2a4e932ef0bd125f91e12ba79593e55f98c4a0,data/manifests/phase1e/2019-06/daily/source_2019060400.json
2019060400,day2_24h,p03,B,1,5,0,0,0,0,0,0,769bd9330800bcc62c14c9771f8999707798932f759bb03c31fc40f52622ea16,769bd9330800bcc62c14c9771f8999707798932f759bb03c31fc40f52622ea16,data/manifests/phase1e/2019-06/daily/source_2019060400.json
2019060400,day2_24h,p04,A,4,8,293,5,5,288,0,0,3112f7f1b11d41017f0577dd387d96d5eb040b9add5aa1254554cadc39592534,8b28b1b22323d7f72f40c588834e61b4c494525957d526371e976a14d0f66326,data/manifests/phase1e/2019-06/daily/source_2019060400.json
2019060400,day2_24h,p04,B,1,5,0,0,0,0,0,0,10cb170d8ff9b40af0d57eb683cbb48c2a4a072206b0f10465b685361ba19929,10cb170d8ff9b40af0d57eb683cbb48c2a4a072206b0f10465b685361ba19929,data/manifests/phase1e/2019-06/daily/source_2019060400.json
2019060400,day3_24h,c00,A,4,8,1048,24,24,1024,13,0,ab57e3126372cad93ac43f55b779776938b11dc7084078efc11fc6feabbf364b,4e4cdae8590c36632e52cb254ddd2e4c26fa0552a20ec34ad413c83585c1d5f0,data/manifests/phase1e/2019-06/daily/source_2019060400.json
2019060400,day3_24h,c00,B,1,5,374,5,5,369,13,0,f0ed98ce2735937ed16470f99393ed55e892e15d698dd31c9fbdf1b5a3cb70c7,9a2a07b87b040bb11c918404f887aebcc4b9a898f4efbe2510123f6a2266b8f0,data/manifests/phase1e/2019-06/daily/source_2019060400.json
2019060400,day3_24h,p01,A,4,8,212,7,7,205,0,0,162e5d2a9565684a8f50404e4145965c6bf963aaecced1704560d10af608b1f1,8470d1c950442e42e08f2f79ae7106262596bb841ab20ea81a3068d01d3b35bf,data/manifests/phase1e/2019-06/daily/source_2019060400.json
2019060400,day3_24h,p01,B,1,5,0,0,0,0,0,0,0e51a4bfb71314ee3592a3ddc2d0c5cb057632c68a9bd39461c8a4d3b311ec0f,0e51a4bfb71314ee3592a3ddc2d0c5cb057632c68a9bd39461c8a4d3b311ec0f,data/manifests/phase1e/2019-06/daily/source_2019060400.json
2019060400,day3_24h,p02,A,4,8,347,7,7,340,0,0,2aaa77319d8f0b50f65287805344876578fb74ce50d7b9b0c0f06c6cab668e4a,8adfdc18a61401afd5fde86bc144351bf9c4005c4b2d59eca3eaa13b2ad42930,data/manifests/phase1e/2019-06/daily/source_2019060400.json
2019060400,day3_24h,p02,B,1,5,0,0,0,0,0,0,72c794513dcd93683f563320dc02ea8d39ba8371e4d0c6c7a2cabc195acb1188,72c794513dcd93683f563320dc02ea8d39ba8371e4d0c6c7a2cabc195acb1188,data/manifests/phase1e/2019-06/daily/source_2019060400.json
2019060400,day3_24h,p03,A,4,8,0,0,0,0,0,0,7f7d67314ba5fbe4485be4e6064af95708d306e08627da7f2a6f49706e92067c,7f7d67314ba5fbe4485be4e6064af95708d306e08627da7f2a6f49706e92067c,data/manifests/phase1e/2019-06/daily/source_2019060400.json
2019060400,day3_24h,p03,B,1,5,0,0,0,0,0,0,ee7791443c500035b6667f161b3f29fa7f10e1c3f108f74ed58102c239d471be,ee7791443c500035b6667f161b3f29fa7f10e1c3f108f74ed58102c239d471be,data/manifests/phase1e/2019-06/daily/source_2019060400.json
2019060400,day3_24h,p04,A,4,8,592,17,17,575,12,0,c18c33dfd959459a0961e26a7dd3d67a001e709dd998f72fbfbf78b0fdd77e8d,ea0295af0b8a22329001f3e8aacb88231840a1da4eb426d8ea15734ad2e68163,data/manifests/phase1e/2019-06/daily/source_2019060400.json
2019060400,day3_24h,p04,B,1,5,292,2,2,290,12,0,07a0fa49627829a15b24335d5eb951f04951c396ad2540e17d4f8c8091f42891,d69bc8d8e9138d9614f69aa600429a59b52891b9dc9c3d222cbbfea0afa63ee5,data/manifests/phase1e/2019-06/daily/source_2019060400.json
2019060500,day1_24h,c00,A,4,8,722,16,16,706,0,0,2b49662322dcd029b9279a6f07e7f0ca9dae7fe587ed4f8997162199baaa33c5,252ce067510331cb1e3d39313e167182c50f2517d16ab15e9f97118efa14217c,data/manifests/phase1e/2019-06/daily/source_2019060500.json
2019060500,day1_24h,c00,B,1,5,0,0,0,0,0,0,74e8b6bf25df4ad4d5550e35d719f8c3f9b7ad29ea9138c57ff8321f34abe4e5,74e8b6bf25df4ad4d5550e35d719f8c3f9b7ad29ea9138c57ff8321f34abe4e5,data/manifests/phase1e/2019-06/daily/source_2019060500.json
2019060500,day1_24h,p01,A,4,8,0,0,0,0,0,0,a57a89fb5d909a19456df855ef452e005430419cf4ae34a1f7cf7321b4465f5d,a57a89fb5d909a19456df855ef452e005430419cf4ae34a1f7cf7321b4465f5d,data/manifests/phase1e/2019-06/daily/source_2019060500.json
2019060500,day1_24h,p01,B,1,5,0,0,0,0,0,0,fdfce1ddf944e9718ec62d520183b96458bbf4de32c84474637bc37ac63c1bff,fdfce1ddf944e9718ec62d520183b96458bbf4de32c84474637bc37ac63c1bff,data/manifests/phase1e/2019-06/daily/source_2019060500.json
2019060500,day1_24h,p02,A,4,8,200,3,3,197,0,0,7986955e57317bc14d32e7fa38d40810a6e153bd9270c1109aa1c73dcee379d0,5706f2657002fca47306692787050de02bc16ae7cfb27fbf2213a744818d06da,data/manifests/phase1e/2019-06/daily/source_2019060500.json
2019060500,day1_24h,p02,B,1,5,0,0,0,0,0,0,bacbf5d1f5b3fbf87c463baa966de7e0f7b200e4e85697ca3b29482c775f0b02,bacbf5d1f5b3fbf87c463baa966de7e0f7b200e4e85697ca3b29482c775f0b02,data/manifests/phase1e/2019-06/daily/source_2019060500.json
2019060500,day1_24h,p03,A,4,8,0,0,0,0,0,0,f0a56342af6256931760678efa36b5621c52b651c844756af5150e89f9cb6d48,f0a56342af6256931760678efa36b5621c52b651c844756af5150e89f9cb6d48,data/manifests/phase1e/2019-06/daily/source_2019060500.json
2019060500,day1_24h,p03,B,1,5,0,0,0,0,0,0,8bfe727c604fb306e03eb96ce1f0d995bb8b2ddef86770eb061d3aaf1e3420bf,8bfe727c604fb306e03eb96ce1f0d995bb8b2ddef86770eb061d3aaf1e3420bf,data/manifests/phase1e/2019-06/daily/source_2019060500.json
2019060500,day1_24h,p04,A,4,8,0,0,0,0,0,0,ef9b72e087e16970afec9cd946a8b10f5ec80a1386068fcb688408900d92b0eb,ef9b72e087e16970afec9cd946a8b10f5ec80a1386068fcb688408900d92b0eb,data/manifests/phase1e/2019-06/daily/source_2019060500.json
2019060500,day1_24h,p04,B,1,5,0,0,0,0,0,0,70843aeb4cfd025cc4868a1d9c4492e5ae6d5bcb12a5b27dc7eda08666e1c86d,70843aeb4cfd025cc4868a1d9c4492e5ae6d5bcb12a5b27dc7eda08666e1c86d,data/manifests/phase1e/2019-06/daily/source_2019060500.json
2019060500,day2_24h,c00,A,4,8,351,5,5,346,0,0,011dde05e0256979f3d501853fb00909e637d80730a01b80eebaf4d444cbbf64,875bd6c20dd44d590ec2827f6d14fe1b86bf642f4faf58530c14170383f654f7,data/manifests/phase1e/2019-06/daily/source_2019060500.json
2019060500,day2_24h,c00,B,1,5,0,0,0,0,0,0,38e3b1674c603c75a1f2428a9dd689436c626e1183ca9df85542c948f2c955c7,38e3b1674c603c75a1f2428a9dd689436c626e1183ca9df85542c948f2c955c7,data/manifests/phase1e/2019-06/daily/source_2019060500.json
2019060500,day2_24h,p01,A,4,8,178,6,6,172,0,0,012e67fecdade9f659c8f1143176a4645957866d4ac37e56ee2d6d09661c31f5,60d97b99baa4be4d8268dfe2083177dff99ab224adf898a46434d2a0079e0fa9,data/manifests/phase1e/2019-06/daily/source_2019060500.json
2019060500,day2_24h,p01,B,1,5,0,0,0,0,0,0,ec552f43fd2544451b13c5749657521f8eb0c68c0b79652fd12b98b199d141a7,ec552f43fd2544451b13c5749657521f8eb0c68c0b79652fd12b98b199d141a7,data/manifests/phase1e/2019-06/daily/source_2019060500.json
2019060500,day2_24h,p02,A,4,8,415,12,12,403,132,4,cb37813f749164b091453a98131833d2a49ee5deed77b76cd6c686c99313fe49,8a54380138a7b8adfdf67f9a7380125c21dc87e1d5a70ad0445bb201ae39e333,data/manifests/phase1e/2019-06/daily/source_2019060500.json
2019060500,day2_24h,p02,B,1,5,415,12,12,403,132,4,2fbd000319ff35d82b91ce37f846662231ce11c6a8c412954db16cafcf0e0fb4,501ce31e3bf48116c06552036d8917124c4b59cf4ada4033640b74016d243793,data/manifests/phase1e/2019-06/daily/source_2019060500.json
2019060500,day2_24h,p03,A,4,8,564,30,30,534,0,0,49abc30fcc5d0e0c132765644ae72dc5fffdfb0ef7353b61855975d80725f5ce,c7fcdf17163fa77b36510f8d8990c5d8b8bab134378db960497367c1a0690089,data/manifests/phase1e/2019-06/daily/source_2019060500.json
2019060500,day2_24h,p03,B,1,5,0,0,0,0,0,0,6e3db6042deb837f0331e1d32559b9644fd1b85fb526095a3232aec4e30ac692,6e3db6042deb837f0331e1d32559b9644fd1b85fb526095a3232aec4e30ac692,data/manifests/phase1e/2019-06/daily/source_2019060500.json
2019060500,day2_24h,p04,A,4,8,319,5,5,314,0,0,e84e333e5845ce6247c36d1ebc7c88ca816d48791c9d425925c670d2d5b21f88,751f7d6ccd28b07e6d14845c3d5197d4974b0951cfdc2ff0e21bb02b95685364,data/manifests/phase1e/2019-06/daily/source_2019060500.json
2019060500,day2_24h,p04,B,1,5,0,0,0,0,0,0,8f7d54a77bc53b7f603ddc38c445c18c74a31debb67aa830e5d6f7c007f84e2d,8f7d54a77bc53b7f603ddc38c445c18c74a31debb67aa830e5d6f7c007f84e2d,data/manifests/phase1e/2019-06/daily/source_2019060500.json
2019060500,day3_24h,c00,A,4,8,622,13,13,609,0,0,f6b5dba0459ea823cf48b24c556baa39c47e2c268f65ffe6c460450b8bc5a84d,0fafb9f81f2f219073387e3f8621190eea5c0fdc5a5c27e550d205a827896c4f,data/manifests/phase1e/2019-06/daily/source_2019060500.json
2019060500,day3_24h,c00,B,1,5,0,0,0,0,0,0,146ede70a9bfba07d1ebec1368251e2fccbe714c86daf59e0a5e640d8d079fdd,146ede70a9bfba07d1ebec1368251e2fccbe714c86daf59e0a5e640d8d079fdd,data/manifests/phase1e/2019-06/daily/source_2019060500.json
2019060500,day3_24h,p01,A,4,8,718,28,28,690,0,0,24dc4b0b5743ac7f4508c61385b69447244c282cd3ba27a221b29e6797547e49,7fb51d09654fc3230a95f7aa1f40c0fa3dc7e2868d03de0c6efb4976715f45d4,data/manifests/phase1e/2019-06/daily/source_2019060500.json
2019060500,day3_24h,p01,B,1,5,0,0,0,0,0,0,1441110cf629295a60f297234d5ccc6f50336c3746d619b3b8f7490ce64f6295,1441110cf629295a60f297234d5ccc6f50336c3746d619b3b8f7490ce64f6295,data/manifests/phase1e/2019-06/daily/source_2019060500.json
2019060500,day3_24h,p02,A,4,8,0,0,0,0,0,0,0710728fee4ceac0b5bd9ede92aa6109ef77ea5542b7b15b62f817f16f046d08,0710728fee4ceac0b5bd9ede92aa6109ef77ea5542b7b15b62f817f16f046d08,data/manifests/phase1e/2019-06/daily/source_2019060500.json
2019060500,day3_24h,p02,B,1,5,0,0,0,0,0,0,371b201af7f70b7c62fb38d903077526d0497b329ff6afc0b752362d4080a301,371b201af7f70b7c62fb38d903077526d0497b329ff6afc0b752362d4080a301,data/manifests/phase1e/2019-06/daily/source_2019060500.json
2019060500,day3_24h,p03,A,4,8,408,10,10,398,0,0,9480d99d84697415644505ab8ed5f9284e6c59fa98788d0574bb4ea727bcab9a,5d639db191e1e3ea42e1e3c29c4e3f790bf5bde04d7720e34cd4af87d413f09c,data/manifests/phase1e/2019-06/daily/source_2019060500.json
2019060500,day3_24h,p03,B,1,5,0,0,0,0,0,0,4901e41fa0d7c42b4cbde0312084391529b56b01fae8f0cde84d230462d33cd9,4901e41fa0d7c42b4cbde0312084391529b56b01fae8f0cde84d230462d33cd9,data/manifests/phase1e/2019-06/daily/source_2019060500.json
2019060500,day3_24h,p04,A,4,8,815,15,15,800,0,0,bafa11a81d8b1e1e651653b9737dc66f6354a5ff5a77650f94ae3209e276670b,814939fc1353ae70291e5fb03f25522b67120b5ffc655fc9106ae8be14966631,data/manifests/phase1e/2019-06/daily/source_2019060500.json
2019060500,day3_24h,p04,B,1,5,0,0,0,0,0,0,d5254032c81bf516b376c28fb0bc2ef10b59067b3763b17fa9066232cfed91c3,d5254032c81bf516b376c28fb0bc2ef10b59067b3763b17fa9066232cfed91c3,data/manifests/phase1e/2019-06/daily/source_2019060500.json
2019060600,day1_24h,c00,A,4,8,333,13,13,320,0,0,8d4db15f6145e46cfcb3aae2d5502821d65633ed1db3167fcf9b6ec086fbea07,f99b3673074ed567dc53ecb66608798eae5ceaaab7338988cf3be68e02155d90,data/manifests/phase1e/2019-06/daily/source_2019060600.json
2019060600,day1_24h,c00,B,1,5,0,0,0,0,0,0,484c9353a4bdb75e2655617c99a14e5893b5d5a966220ed61ca0cfe6939b2dc2,484c9353a4bdb75e2655617c99a14e5893b5d5a966220ed61ca0cfe6939b2dc2,data/manifests/phase1e/2019-06/daily/source_2019060600.json
2019060600,day1_24h,p01,A,4,8,0,0,0,0,0,0,9674bcc9b8380a1faf99cfcf64281b1084a94ccb9b6449b35a7356330f22b0d1,9674bcc9b8380a1faf99cfcf64281b1084a94ccb9b6449b35a7356330f22b0d1,data/manifests/phase1e/2019-06/daily/source_2019060600.json
2019060600,day1_24h,p01,B,1,5,0,0,0,0,0,0,7fd34d7cc7222e28e4b6dfe23c375a020efa7ae3c2a9a3814e1bd77c4ef84708,7fd34d7cc7222e28e4b6dfe23c375a020efa7ae3c2a9a3814e1bd77c4ef84708,data/manifests/phase1e/2019-06/daily/source_2019060600.json
2019060600,day1_24h,p02,A,4,8,0,0,0,0,0,0,e4f0f0b62dc046fe1a7d1e997cfcd661838717653505b2dab1cefe3be7482607,e4f0f0b62dc046fe1a7d1e997cfcd661838717653505b2dab1cefe3be7482607,data/manifests/phase1e/2019-06/daily/source_2019060600.json
2019060600,day1_24h,p02,B,1,5,0,0,0,0,0,0,00c2a03224721c3e82d889ff2a116156a365f13e1239bafca6f44d21cb7ac363,00c2a03224721c3e82d889ff2a116156a365f13e1239bafca6f44d21cb7ac363,data/manifests/phase1e/2019-06/daily/source_2019060600.json
2019060600,day1_24h,p03,A,4,8,251,9,9,242,0,0,e25fbac757fdb1259800d28873471445f10ef429b0f3caf5135829b8f1d41d86,3df8e0f3bc8309e3975677de34299b8e5c8bd711ed39ea4ff36bb7d59c722700,data/manifests/phase1e/2019-06/daily/source_2019060600.json
2019060600,day1_24h,p03,B,1,5,0,0,0,0,0,0,51cd734d82ee65aeab29af2ffe4ff0887952c74fefb0a10f0fd1819fcd03cb5b,51cd734d82ee65aeab29af2ffe4ff0887952c74fefb0a10f0fd1819fcd03cb5b,data/manifests/phase1e/2019-06/daily/source_2019060600.json
2019060600,day1_24h,p04,A,4,8,0,0,0,0,0,0,b85fac39b45bac00359a11a33d843578de1d7515b6e108433d5ca514d4ee7cd8,b85fac39b45bac00359a11a33d843578de1d7515b6e108433d5ca514d4ee7cd8,data/manifests/phase1e/2019-06/daily/source_2019060600.json
2019060600,day1_24h,p04,B,1,5,0,0,0,0,0,0,f51c0d461793d6c954a9353a75f5f5027c86f11be8eb90afeed042415e7145e1,f51c0d461793d6c954a9353a75f5f5027c86f11be8eb90afeed042415e7145e1,data/manifests/phase1e/2019-06/daily/source_2019060600.json
2019060600,day2_24h,c00,A,4,8,310,8,8,302,0,0,451f816247fee4572246b2ea205d5018c14cf13ec83869dd0aa036f8f5736e68,98a2b108e319c6ba5c88ff296dbf86af71699d4de6d7e4118390d3aa1b2e4220,data/manifests/phase1e/2019-06/daily/source_2019060600.json
2019060600,day2_24h,c00,B,1,5,0,0,0,0,0,0,31e211b7eb7d43e7d78e8c587172857001692a81b74003a4ed26ec4c81b58c0c,31e211b7eb7d43e7d78e8c587172857001692a81b74003a4ed26ec4c81b58c0c,data/manifests/phase1e/2019-06/daily/source_2019060600.json
2019060600,day2_24h,p01,A,4,8,563,25,25,538,0,0,d01fb1debcab73481a5f89868cbdfaa929fbf1174bfa374cf17077f059b0c0af,495e0be897e2a0166975b59b33d4f813861fe96b56125fd6b7599437b637f19d,data/manifests/phase1e/2019-06/daily/source_2019060600.json
2019060600,day2_24h,p01,B,1,5,0,0,0,0,0,0,60f61544bc36406cc29b3146671d589cfd6d585570243628aa1b6dadc11ea7d0,60f61544bc36406cc29b3146671d589cfd6d585570243628aa1b6dadc11ea7d0,data/manifests/phase1e/2019-06/daily/source_2019060600.json
2019060600,day2_24h,p02,A,4,8,0,0,0,0,0,0,51dba274840319dafc9922a75b4776e686b0f763800cc77012e9d90fd9481d7d,51dba274840319dafc9922a75b4776e686b0f763800cc77012e9d90fd9481d7d,data/manifests/phase1e/2019-06/daily/source_2019060600.json
2019060600,day2_24h,p02,B,1,5,0,0,0,0,0,0,bb72d01b0c508f4c898e1aa423b28dcf9cbc130872146e6835b3249f092cfa35,bb72d01b0c508f4c898e1aa423b28dcf9cbc130872146e6835b3249f092cfa35,data/manifests/phase1e/2019-06/daily/source_2019060600.json
2019060600,day2_24h,p03,A,4,8,390,19,19,371,0,0,1d1f0b7a43cfbf598ed01cb59dbe6410ce916233800a76c977e8498846a43466,2f50d5c1431d8244c368928d8714a4fce6fb40ccfc1a4ef3cefb1643d64d9638,data/manifests/phase1e/2019-06/daily/source_2019060600.json
2019060600,day2_24h,p03,B,1,5,0,0,0,0,0,0,bdc62802234c11dfffd5e721f35dffc6dff7c35accaafc3c5cddbc3908684a50,bdc62802234c11dfffd5e721f35dffc6dff7c35accaafc3c5cddbc3908684a50,data/manifests/phase1e/2019-06/daily/source_2019060600.json
2019060600,day2_24h,p04,A,4,8,742,15,15,727,0,0,d13c30b8e7f93a4b6aedc42b92c8dfd7a9538c9d1c05c7cc08cfaec6da8d76b4,045aeb6dbfb8a07e45709b005fd72a4eb20f40493944dae3aa640b20033a7e62,data/manifests/phase1e/2019-06/daily/source_2019060600.json
2019060600,day2_24h,p04,B,1,5,0,0,0,0,0,0,42a9b4120f3007a98ec14c6eefb3423d836871cf0ba313b35dd8ce69f7f00641,42a9b4120f3007a98ec14c6eefb3423d836871cf0ba313b35dd8ce69f7f00641,data/manifests/phase1e/2019-06/daily/source_2019060600.json
2019060600,day3_24h,c00,A,4,8,702,19,19,683,0,0,c73c776a16ac7efd1dbba83dc540ad8cb3a8be7d36e8af0f007249739c7dc040,290fadbd7c149be6892af16af75ca0a3c8578d1cfa718b52d2ddb09034ead8ad,data/manifests/phase1e/2019-06/daily/source_2019060600.json
2019060600,day3_24h,c00,B,1,5,0,0,0,0,0,0,65cc60972e43d58a0f59de2b339a65cd48ee0a21ebf225675c8ca327560b50e3,65cc60972e43d58a0f59de2b339a65cd48ee0a21ebf225675c8ca327560b50e3,data/manifests/phase1e/2019-06/daily/source_2019060600.json
2019060600,day3_24h,p01,A,4,8,480,10,10,470,0,0,e745217703326a3879779b06c1838d85fac2b3cdf62a7bf19c09d880e07bf464,4e460d8712dddf6c9eda453b0a456a5ab8e203ab5db3748bd32b2b6f84aef606,data/manifests/phase1e/2019-06/daily/source_2019060600.json
2019060600,day3_24h,p01,B,1,5,0,0,0,0,0,0,fad81195273b37aed304ac550d891be373a7bbb62e0873d42595d76b34eade79,fad81195273b37aed304ac550d891be373a7bbb62e0873d42595d76b34eade79,data/manifests/phase1e/2019-06/daily/source_2019060600.json
2019060600,day3_24h,p02,A,4,8,198,3,3,195,0,0,f6caddda7748c4a3bc7a382a18f3a6d8450c2f7d706cd154f473de739cb2af53,ad840d7906f2cf7f507393f856a462115fd38f8b87976559b214e92f2a7430cf,data/manifests/phase1e/2019-06/daily/source_2019060600.json
2019060600,day3_24h,p02,B,1,5,0,0,0,0,0,0,aab5c4d858f0c6171e75f4988700a93a4e74c791d4019abd1998e695b73d3b40,aab5c4d858f0c6171e75f4988700a93a4e74c791d4019abd1998e695b73d3b40,data/manifests/phase1e/2019-06/daily/source_2019060600.json
2019060600,day3_24h,p03,A,4,8,386,8,8,378,0,0,22dc4d15acf1e8976189ee6f411e82461cecdd2e5d6ac296ae22fbbbca50906d,5531780eb86e570e73c2dbbc3304460a49b010b8d6d6f2c790b5bdd71f6eefd0,data/manifests/phase1e/2019-06/daily/source_2019060600.json
2019060600,day3_24h,p03,B,1,5,0,0,0,0,0,0,21067e929026130e2baa1c59fb698056c80ea47720da571d79b8d3c28604aec0,21067e929026130e2baa1c59fb698056c80ea47720da571d79b8d3c28604aec0,data/manifests/phase1e/2019-06/daily/source_2019060600.json
2019060600,day3_24h,p04,A,4,8,712,10,10,702,154,2,1171c77c42733de5f0c45d9d29a464696e04888924799752e32ffea2569b3280,fe53068d89d9323de8778005e32dd9361ffa89e894cf154df04b7b313932e671,data/manifests/phase1e/2019-06/daily/source_2019060600.json
2019060600,day3_24h,p04,B,1,5,503,10,10,493,154,2,d31fc23f6d1cc1706c8ba448d62bab5244f46f3e145a137d461a7f3b1a2c1d84,9131ea587875caa4c1ca4d50f1d8820e5308f4b57890e9c1d37fb5b0006c34f3,data/manifests/phase1e/2019-06/daily/source_2019060600.json
2019060700,day1_24h,c00,A,4,8,459,27,27,432,0,0,418e3a604e61940e1e31e2fe2fdc075a97a1034ae6e3120f0a7960d4f99f807a,5e1dff864c292ad6bd912bc82a35672c329fbc8a4597644c0499b083c36ea345,data/manifests/phase1e/2019-06/daily/source_2019060700.json
2019060700,day1_24h,c00,B,1,5,0,0,0,0,0,0,7699f6bf3a3681959b11baeecde6b3199a5a419d1e7535865df45a486b852eef,7699f6bf3a3681959b11baeecde6b3199a5a419d1e7535865df45a486b852eef,data/manifests/phase1e/2019-06/daily/source_2019060700.json
2019060700,day1_24h,p01,A,4,8,183,12,12,171,0,0,de93900065fa19d3a000899d4af6a9b56c50156398fcf85e2ebc1b30c3b8242d,8f2f29060623f40c530bda0271170ea6a45810d44dfadac04b309099124fc20a,data/manifests/phase1e/2019-06/daily/source_2019060700.json
2019060700,day1_24h,p01,B,1,5,0,0,0,0,0,0,3369c84bb3850480ad36e759083005bcbc8eefcd531f47336832ff3398e9e392,3369c84bb3850480ad36e759083005bcbc8eefcd531f47336832ff3398e9e392,data/manifests/phase1e/2019-06/daily/source_2019060700.json
2019060700,day1_24h,p02,A,4,8,0,0,0,0,0,0,2730ab1aaa6ed293ec3f542fa7e89140fee7356b26898aad6d78333d0bcbec40,2730ab1aaa6ed293ec3f542fa7e89140fee7356b26898aad6d78333d0bcbec40,data/manifests/phase1e/2019-06/daily/source_2019060700.json
2019060700,day1_24h,p02,B,1,5,0,0,0,0,0,0,19fe8eb0c9a77496a47d7c7eee105fece921fd8be12f36cddd6cc3e4514690bc,19fe8eb0c9a77496a47d7c7eee105fece921fd8be12f36cddd6cc3e4514690bc,data/manifests/phase1e/2019-06/daily/source_2019060700.json
2019060700,day1_24h,p03,A,4,8,0,0,0,0,0,0,b0fde317af1a4c2e07ce8ae1849181ced11f1878490d841851019775b9e97547,b0fde317af1a4c2e07ce8ae1849181ced11f1878490d841851019775b9e97547,data/manifests/phase1e/2019-06/daily/source_2019060700.json
2019060700,day1_24h,p03,B,1,5,0,0,0,0,0,0,52cf492d486221499ef56c9f729c791bc7144ad29bae10ff68d7db1b42cc8099,52cf492d486221499ef56c9f729c791bc7144ad29bae10ff68d7db1b42cc8099,data/manifests/phase1e/2019-06/daily/source_2019060700.json
2019060700,day1_24h,p04,A,4,8,0,0,0,0,0,0,d1257b6a21139527733ba1dec1881764d848b56718c393d136f28c5a59988168,d1257b6a21139527733ba1dec1881764d848b56718c393d136f28c5a59988168,data/manifests/phase1e/2019-06/daily/source_2019060700.json
2019060700,day1_24h,p04,B,1,5,0,0,0,0,0,0,4adeb35c67b2bdfffb29db09633b53c0c1755d2e68be9006623ff0821252b524,4adeb35c67b2bdfffb29db09633b53c0c1755d2e68be9006623ff0821252b524,data/manifests/phase1e/2019-06/daily/source_2019060700.json
2019060700,day2_24h,c00,A,4,8,1120,44,44,1076,237,9,ae2a72acc9dc30e48e6440c3190abd3ea6a8af9b022e0b78581772db87079ba4,712520ddd69c6fdb5f24ffb6071a858217930dec4f9936b5a0cec934a4cc99ab,data/manifests/phase1e/2019-06/daily/source_2019060700.json
2019060700,day2_24h,c00,B,1,5,535,19,19,516,233,9,8ea8397242a15b55eb0d782cbd2fd596033bfbb9b5b9f2144d78ea76d22fbf8d,6326a289a0b67492befa6fd7b2960948a3b0482e0d72217ab16508f58005a1b0,data/manifests/phase1e/2019-06/daily/source_2019060700.json
2019060700,day2_24h,p01,A,4,8,0,0,0,0,0,0,bc493c2a5fe5ab30d57e010e2e5822741707ab3fff42843390a7a6cca1106815,bc493c2a5fe5ab30d57e010e2e5822741707ab3fff42843390a7a6cca1106815,data/manifests/phase1e/2019-06/daily/source_2019060700.json
2019060700,day2_24h,p01,B,1,5,0,0,0,0,0,0,91cbcc98e4227433f19be85fe92fc46ace19824746a513c38ebdaf0df13bb5f6,91cbcc98e4227433f19be85fe92fc46ace19824746a513c38ebdaf0df13bb5f6,data/manifests/phase1e/2019-06/daily/source_2019060700.json
2019060700,day2_24h,p02,A,4,8,0,0,0,0,0,0,4fc9c52b6bf00a82edac1a217bd6414de5a7d3311074dc260f01e16234fe9fc7,4fc9c52b6bf00a82edac1a217bd6414de5a7d3311074dc260f01e16234fe9fc7,data/manifests/phase1e/2019-06/daily/source_2019060700.json
2019060700,day2_24h,p02,B,1,5,0,0,0,0,0,0,409508638344a3089078cd7a35f27aaa47cce16fdfcea657c9f865d860b6a2d4,409508638344a3089078cd7a35f27aaa47cce16fdfcea657c9f865d860b6a2d4,data/manifests/phase1e/2019-06/daily/source_2019060700.json
2019060700,day2_24h,p03,A,4,8,182,4,4,178,0,0,4370f122536ae039d451b73e9130ba44fac19b1603890c1ced387472b84f5c97,426f6ea31dcbbc5f54b498fdb292ab910f4880044b050b49d5f2a043e60e9b11,data/manifests/phase1e/2019-06/daily/source_2019060700.json
2019060700,day2_24h,p03,B,1,5,0,0,0,0,0,0,742a0fe43e85d53cac51f0749150ad9a1d94f0d929cddc67c0e776a219a614d8,742a0fe43e85d53cac51f0749150ad9a1d94f0d929cddc67c0e776a219a614d8,data/manifests/phase1e/2019-06/daily/source_2019060700.json
2019060700,day2_24h,p04,A,4,8,330,18,18,312,0,0,9edeb8e1553c5bd821dbb5379dfd5cd45644e3898bd2a9e6ac196f38231be51a,d4fe8f8553b88e1013a724d1a1e2886f7f4abd3279324266505d3b64b1a2e838,data/manifests/phase1e/2019-06/daily/source_2019060700.json
2019060700,day2_24h,p04,B,1,5,0,0,0,0,0,0,752a2893421d5f3fc604737190eb32af00734edba0b1519d13f8f818972a4137,752a2893421d5f3fc604737190eb32af00734edba0b1519d13f8f818972a4137,data/manifests/phase1e/2019-06/daily/source_2019060700.json
2019060700,day3_24h,c00,A,4,8,184,4,4,180,0,0,2a77ae521f5a933201ccd62c615e44813fc92e9634c1ccb78ba60fc0041edc4f,1677e211d8b7655919c69eacadb39714f0441994ac7120885005283d363c7a2e,data/manifests/phase1e/2019-06/daily/source_2019060700.json
2019060700,day3_24h,c00,B,1,5,0,0,0,0,0,0,e5e42be7c3896b1eae11d4be80cc84763ef027df5a316483066ac9d86fdd5d13,e5e42be7c3896b1eae11d4be80cc84763ef027df5a316483066ac9d86fdd5d13,data/manifests/phase1e/2019-06/daily/source_2019060700.json
2019060700,day3_24h,p01,A,4,8,384,0,0,384,238,0,9f883a55ece155937babc31b4f93a49a5a883cc97eb9187e956d6bd997309916,e11ff4c8226bdef5262aa629fc3e2fc05b95406972d791d6c85c4416c70c378a,data/manifests/phase1e/2019-06/daily/source_2019060700.json
2019060700,day3_24h,p01,B,1,5,384,0,0,384,238,0,eede48a7647666290e540b5f55d8d3acbddcfddf5a8a37797f4c69e6e45103e8,6d718b8915e6e384e323ffb90d541fb17ff17e8ac91ec4671792babc1c4e7a8f,data/manifests/phase1e/2019-06/daily/source_2019060700.json
2019060700,day3_24h,p02,A,4,8,203,0,0,203,0,0,20fc5988a7d799f25ace770994cfd6932f4b1591f6993826433a9f9a01047d38,e3dcea08ff3b364bc8dc61fb4c5b6322f82ab1410de6b98cb6ae8ff286b19f71,data/manifests/phase1e/2019-06/daily/source_2019060700.json
2019060700,day3_24h,p02,B,1,5,0,0,0,0,0,0,506805af8c54cd0b6beeb30ec2246d41369cd7b530af0c0d08c475082401f4f1,506805af8c54cd0b6beeb30ec2246d41369cd7b530af0c0d08c475082401f4f1,data/manifests/phase1e/2019-06/daily/source_2019060700.json
2019060700,day3_24h,p03,A,4,8,304,5,5,299,37,1,2c45b02d3bd8a09b29e8eea4452a2d1f69e84b8f7989dac574c0e981e75bdd50,3b908399ed59706118e45031d0733a088c1a130a471b2b0358dd5a97494dca20,data/manifests/phase1e/2019-06/daily/source_2019060700.json
2019060700,day3_24h,p03,B,1,5,164,2,2,162,37,1,37b5ba7ee47fcdeaf732a65d9c53a6442330aabb2fa905bf8f3159d6247caff1,cf3a4f50546c2361fdbf154b1b06045f4feff65e64b05ddf206b68a8acad8a73,data/manifests/phase1e/2019-06/daily/source_2019060700.json
2019060700,day3_24h,p04,A,4,8,277,5,5,272,54,1,2a7cd68b48fa04ab25318397ec56773a51c2c1a243f4db90a145dfb6b174cd4b,003feb662312b2e3ff6a0d5d65e0c4070bf9f01c7553fbb1a0ce6436b99af053,data/manifests/phase1e/2019-06/daily/source_2019060700.json
2019060700,day3_24h,p04,B,1,5,277,5,5,272,54,1,1d175f9d60d9417e07f04257ce5a477307a23d646077bf105fec6cafe0c55f57,800be6e70c42a4a8e1f7abce996ac7d1af963f153ec689ee716c007fc58d5f20,data/manifests/phase1e/2019-06/daily/source_2019060700.json
2019060800,day1_24h,c00,A,4,8,423,12,12,411,0,0,e5fc13c7bc0e987ca3371cec7ac5098a6bf63df1e009a606d1ee39369e31e760,87da40502546e5d477e6d0c0d1b11c937563529d331f71bb7c529a43e396e8e5,data/manifests/phase1e/2019-06/daily/source_2019060800.json
2019060800,day1_24h,c00,B,1,5,0,0,0,0,0,0,d6e634a2d59270dbed27727c9637fa110f7c77b6a392eb9e272f435c81b29e71,d6e634a2d59270dbed27727c9637fa110f7c77b6a392eb9e272f435c81b29e71,data/manifests/phase1e/2019-06/daily/source_2019060800.json
2019060800,day1_24h,p01,A,4,8,379,8,8,371,48,0,a1730922ce448e845c47573d94f37199660f5a52d66b72c70c6c54fc27e74760,6201fd137ac733deb5485871df1f87dbc3e8fc0a2b73414594b427d8495756bf,data/manifests/phase1e/2019-06/daily/source_2019060800.json
2019060800,day1_24h,p01,B,1,5,177,0,0,177,48,0,d8dc2f92d2000222c551dda955ec4987ae6a2156a87d64608fbb488a17d35c37,9146bc7de54657518616779437546244b93cbd562469b5a61795350c3e516c52,data/manifests/phase1e/2019-06/daily/source_2019060800.json
2019060800,day1_24h,p02,A,4,8,0,0,0,0,0,0,d981a79af1905e6f866ea60722073a175c0d657125933008bd0145a4e8dedd45,d981a79af1905e6f866ea60722073a175c0d657125933008bd0145a4e8dedd45,data/manifests/phase1e/2019-06/daily/source_2019060800.json
2019060800,day1_24h,p02,B,1,5,0,0,0,0,0,0,a567b7c1d09b2167cd2af09b0d68f93842e41d99e11b6f60531165c146ff88ba,a567b7c1d09b2167cd2af09b0d68f93842e41d99e11b6f60531165c146ff88ba,data/manifests/phase1e/2019-06/daily/source_2019060800.json
2019060800,day1_24h,p03,A,4,8,605,28,28,577,0,0,17932e815a39f22cf36222ae8374e2d293c09ee003e48e9ab7de52da48fc7e1c,ccb2771994191c1516b7d87f92209128dadccd301beb884f14fb75310b775932,data/manifests/phase1e/2019-06/daily/source_2019060800.json
2019060800,day1_24h,p03,B,1,5,0,0,0,0,0,0,3e4b5361e161b209d1df63bbf87100d130a57e314e65c4b4e6e37f019b53a5e2,3e4b5361e161b209d1df63bbf87100d130a57e314e65c4b4e6e37f019b53a5e2,data/manifests/phase1e/2019-06/daily/source_2019060800.json
2019060800,day1_24h,p04,A,4,8,327,14,14,313,0,0,486d2848498edd2a9cfbad4afe5f900bb2d8a7de61ffaeee88ae6a533ac4e813,cdfbe4e7ffa088fa1138453dda95fafe85214df8d3d6d4e44f08eaddf7cfa720,data/manifests/phase1e/2019-06/daily/source_2019060800.json
2019060800,day1_24h,p04,B,1,5,0,0,0,0,0,0,45188ea0a900a439738206ae2dbb457e1b72842c098b1b1bfd22b77e9472191d,45188ea0a900a439738206ae2dbb457e1b72842c098b1b1bfd22b77e9472191d,data/manifests/phase1e/2019-06/daily/source_2019060800.json
2019060800,day2_24h,c00,A,4,8,287,4,4,283,66,3,695ed052054ca6316682f32009f0b8fd11a9bbdf16343fa61bb0aa102552fbcf,55f3fec2fbc6fd1c843a8f2176d3e770190222202d54130c72df61cec09deedd,data/manifests/phase1e/2019-06/daily/source_2019060800.json
2019060800,day2_24h,c00,B,1,5,287,4,4,283,66,3,e968c9354b48a1cadd4007bcfe038de1386e10821db2102a9fdc2d4d5c149ce4,814cca6dc2b2e7be40eb6e1df3ca600a9c921a810843a51ae433c845cb1812a8,data/manifests/phase1e/2019-06/daily/source_2019060800.json
2019060800,day2_24h,p01,A,4,8,0,0,0,0,0,0,750994cb8f9037c8cc7c357d57ad89f5a1560012da0e29876fb715c1e9e7d513,750994cb8f9037c8cc7c357d57ad89f5a1560012da0e29876fb715c1e9e7d513,data/manifests/phase1e/2019-06/daily/source_2019060800.json
2019060800,day2_24h,p01,B,1,5,0,0,0,0,0,0,330e29eb2d64c97eff79aa389b9cc470fc651476b6d05817baacf8edcf99a1c2,330e29eb2d64c97eff79aa389b9cc470fc651476b6d05817baacf8edcf99a1c2,data/manifests/phase1e/2019-06/daily/source_2019060800.json
2019060800,day2_24h,p02,A,4,8,336,4,4,332,0,0,69b2074a27a82ee396a88ee54ae850cd9bc54dba1c7a3ba1033dc2bd6f075989,02c35b869033a53ac7a507790ace772d1f88d986092d0a2454e092c3da7d8314,data/manifests/phase1e/2019-06/daily/source_2019060800.json
2019060800,day2_24h,p02,B,1,5,0,0,0,0,0,0,132c51939199b3bb1894618891b15af87c3ed02ea1baf44f6b649aeb998342be,132c51939199b3bb1894618891b15af87c3ed02ea1baf44f6b649aeb998342be,data/manifests/phase1e/2019-06/daily/source_2019060800.json
2019060800,day2_24h,p03,A,4,8,224,3,3,221,43,0,7a494a6b988a40df5573531248cb20504ab624a12393c2561f233a74c3b96e04,33e51a6bf1040a83e62cd102979061d508b51beac45d09964ee9bd1ccbf1ce0f,data/manifests/phase1e/2019-06/daily/source_2019060800.json
2019060800,day2_24h,p03,B,1,5,224,3,3,221,43,0,fda5c6758a6f644e9870424ace78ec231de34811282c72a1330f1582853567f5,4c81a4538768512c840170ab63be170c619edb72cf007abb2044a849752f5b54,data/manifests/phase1e/2019-06/daily/source_2019060800.json
2019060800,day2_24h,p04,A,4,8,0,0,0,0,0,0,e0e369d258b0120a7e556a980f028522a4ab9b27d20cc9056d73bd5f88f6a796,e0e369d258b0120a7e556a980f028522a4ab9b27d20cc9056d73bd5f88f6a796,data/manifests/phase1e/2019-06/daily/source_2019060800.json
2019060800,day2_24h,p04,B,1,5,0,0,0,0,0,0,e0fd76039b3d18fc8c70a6cc0a34c83fa9c853cc1d509d9860c600044988e79c,e0fd76039b3d18fc8c70a6cc0a34c83fa9c853cc1d509d9860c600044988e79c,data/manifests/phase1e/2019-06/daily/source_2019060800.json
2019060800,day3_24h,c00,A,4,8,327,6,6,321,136,0,73faffcb00c4dc61c803d9e5bff530ffe5b13729402511a0f238b81edf0fa1d3,137710ff176c8d2d2bf74421fab777d3a8208697047b98434e1bd63ca9e01a94,data/manifests/phase1e/2019-06/daily/source_2019060800.json
2019060800,day3_24h,c00,B,1,5,233,1,1,232,136,0,b0b2674c3e07ae857ca37c5833e94b26ff0ef10c2be415d06d1e1e1e0b4ec255,efaee4cb8450358dd5eb2446387b0cf3023876e692f29b5977bb8472b5229223,data/manifests/phase1e/2019-06/daily/source_2019060800.json
2019060800,day3_24h,p01,A,4,8,0,0,0,0,0,0,325ef4ddeeb840f76feb41678e570e84c779f0cd74d01f0076360bff85de1879,325ef4ddeeb840f76feb41678e570e84c779f0cd74d01f0076360bff85de1879,data/manifests/phase1e/2019-06/daily/source_2019060800.json
2019060800,day3_24h,p01,B,1,5,0,0,0,0,0,0,f4c29dfdc5f888555cda6f4f7970e66067454dbf849603a90998ae7855f148dc,f4c29dfdc5f888555cda6f4f7970e66067454dbf849603a90998ae7855f148dc,data/manifests/phase1e/2019-06/daily/source_2019060800.json
2019060800,day3_24h,p02,A,4,8,141,2,2,139,0,0,2a9b48ba7d16e2887734607a7430e92c63b196bd95fdcf5cd2baa83cb331495a,c183faede805f45d633af3340af921b382166dfd76048bc99f3c7b488f6fdedb,data/manifests/phase1e/2019-06/daily/source_2019060800.json
2019060800,day3_24h,p02,B,1,5,0,0,0,0,0,0,a046d33693095c35c2ff6a362e27d23db76010410dc05e463f2bbef58f00e3ee,a046d33693095c35c2ff6a362e27d23db76010410dc05e463f2bbef58f00e3ee,data/manifests/phase1e/2019-06/daily/source_2019060800.json
2019060800,day3_24h,p03,A,4,8,481,9,9,472,192,1,55cb93303a8f5f92927da3cd40c025d765fabef3f8344eb7a11c29ec83414b99,4bfe933b9cca6ca6d1b01032b208257a9757134921e7456f083b57227a7fd8c8,data/manifests/phase1e/2019-06/daily/source_2019060800.json
2019060800,day3_24h,p03,B,1,5,327,4,4,323,192,1,c360c34eccefff12573a579547acb256644764ae58cc597d2ef4a832f7af8e79,ddb71981cbc299e9bb8e77e398f65ae73aaee197d087da61e4fde03b4714d9c2,data/manifests/phase1e/2019-06/daily/source_2019060800.json
2019060800,day3_24h,p04,A,4,8,227,5,5,222,0,0,5bd25a5b423eec94a73a9a587866d6e69af766751a2a23be1edf29f131dc1e75,fe8fd72afa7faf656cb9d6a37bbda8e7987792724fc9c60690e1492bdbaa1137,data/manifests/phase1e/2019-06/daily/source_2019060800.json
2019060800,day3_24h,p04,B,1,5,0,0,0,0,0,0,f362a846b8918e00bf3b31608301836f1f1733f32584479d89d041fe95d3bbd0,f362a846b8918e00bf3b31608301836f1f1733f32584479d89d041fe95d3bbd0,data/manifests/phase1e/2019-06/daily/source_2019060800.json
2019060900,day1_24h,c00,A,4,8,125,11,11,114,0,0,0330595e9dfd96080eae83899ceb450e955019bd96bb9aff93f43ecd9c0a5853,a2a01ba859cd12707fdb6805c7e880dbd543111ad8664b941f7fe5c0804aa56a,data/manifests/phase1e/2019-06/daily/source_2019060900.json
2019060900,day1_24h,c00,B,1,5,0,0,0,0,0,0,d380703c7f96773332ce2c1564d7fb15b5224308dc85f4bd6287144ddafff7fc,d380703c7f96773332ce2c1564d7fb15b5224308dc85f4bd6287144ddafff7fc,data/manifests/phase1e/2019-06/daily/source_2019060900.json
2019060900,day1_24h,p01,A,4,8,0,0,0,0,0,0,daa4719836c9481225121ec3d188908932a4070a8b1944548d8267762007eafe,daa4719836c9481225121ec3d188908932a4070a8b1944548d8267762007eafe,data/manifests/phase1e/2019-06/daily/source_2019060900.json
2019060900,day1_24h,p01,B,1,5,0,0,0,0,0,0,ad6b68ff2c4ac31dfe6345f81b83ae73ce4361fb3c9d344443f45e67b2d50cef,ad6b68ff2c4ac31dfe6345f81b83ae73ce4361fb3c9d344443f45e67b2d50cef,data/manifests/phase1e/2019-06/daily/source_2019060900.json
2019060900,day1_24h,p02,A,4,8,0,0,0,0,0,0,dcccc6a6971989afa921ae2a46f5df13d9c6cf2fd271468d8f3e0ff88bfb7e19,dcccc6a6971989afa921ae2a46f5df13d9c6cf2fd271468d8f3e0ff88bfb7e19,data/manifests/phase1e/2019-06/daily/source_2019060900.json
2019060900,day1_24h,p02,B,1,5,0,0,0,0,0,0,4457e4f549dd3643b0c3578915825c62970580c2be92f5a3a94b799d908ec8c0,4457e4f549dd3643b0c3578915825c62970580c2be92f5a3a94b799d908ec8c0,data/manifests/phase1e/2019-06/daily/source_2019060900.json
2019060900,day1_24h,p03,A,4,8,357,22,22,335,0,0,848e45cf6b65a63152bb41365f2146c4eb4f7070285da12387c7e32ceb97aa9c,b0c753ba221b3a7442a1eca2fcf6aaee9d6ed5848e521704ca638a3dec582fff,data/manifests/phase1e/2019-06/daily/source_2019060900.json
2019060900,day1_24h,p03,B,1,5,0,0,0,0,0,0,b457f98823f23634a3c9a055502c9199452842f7eb012ff51edbabd816c1b675,b457f98823f23634a3c9a055502c9199452842f7eb012ff51edbabd816c1b675,data/manifests/phase1e/2019-06/daily/source_2019060900.json
2019060900,day1_24h,p04,A,4,8,631,27,27,604,0,0,b05155381296a3b208b0d3b0fa66293b2321f3599399907193b26983d25f4963,c8cb8a94b54d63a88c171ba4d14c1536e7e6ce38debb45dca9697f3c2e3b3153,data/manifests/phase1e/2019-06/daily/source_2019060900.json
2019060900,day1_24h,p04,B,1,5,0,0,0,0,0,0,48a3732c7565fc55338d09ed1c8290d2f224f7f62d34c746700a1e7bcc00575a,48a3732c7565fc55338d09ed1c8290d2f224f7f62d34c746700a1e7bcc00575a,data/manifests/phase1e/2019-06/daily/source_2019060900.json
2019060900,day2_24h,c00,A,4,8,233,10,10,223,0,0,62387790cc659736bbf1e199623baadf8a1a8dcc991c59409f313d4931b67185,5b37a1975d8b6c7fec2e468666a26784c14e7e71aa7011aa58f2c5e6b7030726,data/manifests/phase1e/2019-06/daily/source_2019060900.json
2019060900,day2_24h,c00,B,1,5,0,0,0,0,0,0,b93d3ceae69ed018d3da0647c72defcfa31214c2c3db8baf682d711bdcc82533,b93d3ceae69ed018d3da0647c72defcfa31214c2c3db8baf682d711bdcc82533,data/manifests/phase1e/2019-06/daily/source_2019060900.json
2019060900,day2_24h,p01,A,4,8,0,0,0,0,0,0,681cc999779c7cb36ab074c65d905bb65bdb59bd32540fb8a9f76548e4184cbf,681cc999779c7cb36ab074c65d905bb65bdb59bd32540fb8a9f76548e4184cbf,data/manifests/phase1e/2019-06/daily/source_2019060900.json
2019060900,day2_24h,p01,B,1,5,0,0,0,0,0,0,c716b1372587bb78e81ef2ef236974d9e3de622fe9928306900dcc21fb1cd754,c716b1372587bb78e81ef2ef236974d9e3de622fe9928306900dcc21fb1cd754,data/manifests/phase1e/2019-06/daily/source_2019060900.json
2019060900,day2_24h,p02,A,4,8,233,5,5,228,0,0,f6d50d42ce22f3d4e2b442bddc1027c79e7b5e56944a8439f1b409ef6420e8ca,4960a67f9991f4c483258247c7194435a6928977605757047a616295f460174d,data/manifests/phase1e/2019-06/daily/source_2019060900.json
2019060900,day2_24h,p02,B,1,5,0,0,0,0,0,0,736027019c3e47c6be3caa6dcdc78f4dca4cfa50a9abb0de08d781262906a4d2,736027019c3e47c6be3caa6dcdc78f4dca4cfa50a9abb0de08d781262906a4d2,data/manifests/phase1e/2019-06/daily/source_2019060900.json
2019060900,day2_24h,p03,A,4,8,317,7,7,310,0,0,d3755e0d8fa1bc2c7218cefa1492829cd8634bf3326a516d1172b7e4c2e36561,34df5efc14f1bf6b974a6053f645a3181c5abcba3990445b96b22a894115e0d1,data/manifests/phase1e/2019-06/daily/source_2019060900.json
2019060900,day2_24h,p03,B,1,5,0,0,0,0,0,0,6f055d1c779a60809e3c52c23160b34afdf356041706ee6d3daff5339e4fca64,6f055d1c779a60809e3c52c23160b34afdf356041706ee6d3daff5339e4fca64,data/manifests/phase1e/2019-06/daily/source_2019060900.json
2019060900,day2_24h,p04,A,4,8,256,3,3,253,0,0,ba440780d20794821b424f5d6477938af24b675bb1b5bc54b7fc4d72449035e8,0581243b6508712f637d9dedbce4af10e026b163fe714811c3a85e8b104b9c1c,data/manifests/phase1e/2019-06/daily/source_2019060900.json
2019060900,day2_24h,p04,B,1,5,0,0,0,0,0,0,9c46afff6eb921671b530bac8c967904ab55a6b75cabd3f9ddffc9888ec9fa2e,9c46afff6eb921671b530bac8c967904ab55a6b75cabd3f9ddffc9888ec9fa2e,data/manifests/phase1e/2019-06/daily/source_2019060900.json
2019060900,day3_24h,c00,A,4,8,259,3,3,256,3,0,6b456542a05d2c92825e24c211735fed2a67fb9059d6cbb197fbde7121251515,66a7830fa3c97922e451bb5af3e402ecee0302acb3d16f542314b3d08a84b7be,data/manifests/phase1e/2019-06/daily/source_2019060900.json
2019060900,day3_24h,c00,B,1,5,74,0,0,74,3,0,bfc27210ec19d12479aa8d8cee1b4d051c0884889f668e48d867dddcc4527b90,5e8c3df8103ec7b5da40b8e7803ecb5ade430b02c89124d12f55738207004ea9,data/manifests/phase1e/2019-06/daily/source_2019060900.json
2019060900,day3_24h,p01,A,4,8,43,1,1,42,0,0,30ceccb73677522f16be87232bcfa4317a1ccbdc8b070eb93c252ace6a3b9098,f7062d9d74e27299795c01cb5310e5cf75f83a4277ad2cac54826f8c6e221f8e,data/manifests/phase1e/2019-06/daily/source_2019060900.json
2019060900,day3_24h,p01,B,1,5,0,0,0,0,0,0,7f544448d868b22c92b262f787babb1056f5c46d804cba25324b23f9a114dd9e,7f544448d868b22c92b262f787babb1056f5c46d804cba25324b23f9a114dd9e,data/manifests/phase1e/2019-06/daily/source_2019060900.json
2019060900,day3_24h,p02,A,4,8,0,0,0,0,0,0,bb36f6a1efd51d734492e5ac1c434ad3ec7ba5541b01c202a1255122b1de7570,bb36f6a1efd51d734492e5ac1c434ad3ec7ba5541b01c202a1255122b1de7570,data/manifests/phase1e/2019-06/daily/source_2019060900.json
2019060900,day3_24h,p02,B,1,5,0,0,0,0,0,0,8685fc8d639e7eaeb5bf5833026df4b1f205fd6374209fb6ded8317fedcb8e01,8685fc8d639e7eaeb5bf5833026df4b1f205fd6374209fb6ded8317fedcb8e01,data/manifests/phase1e/2019-06/daily/source_2019060900.json
2019060900,day3_24h,p03,A,4,8,334,18,18,316,0,0,1913403f9f3db3114d6da30c07218afae1f85c261f7ed4594f0289f69a0af5d3,52e9c66dba2b83f379638aba87b9bd702160ce268ce1d0323ccccd4037160535,data/manifests/phase1e/2019-06/daily/source_2019060900.json
2019060900,day3_24h,p03,B,1,5,0,0,0,0,0,0,4722393bc934e8d0a2798d2403b0d5ba55150c52e7d2512e0c06bb08596e7a10,4722393bc934e8d0a2798d2403b0d5ba55150c52e7d2512e0c06bb08596e7a10,data/manifests/phase1e/2019-06/daily/source_2019060900.json
2019060900,day3_24h,p04,A,4,8,0,0,0,0,0,0,52cdcc0f6f9d086b6cda4b53f28f1649ca0f720961d141dc2caedff68e1fc907,52cdcc0f6f9d086b6cda4b53f28f1649ca0f720961d141dc2caedff68e1fc907,data/manifests/phase1e/2019-06/daily/source_2019060900.json
2019060900,day3_24h,p04,B,1,5,0,0,0,0,0,0,71a9dda3720a1afe39b8f4df36bed293d9e15f81a50a4c19ff1f7b16b86a6783,71a9dda3720a1afe39b8f4df36bed293d9e15f81a50a4c19ff1f7b16b86a6783,data/manifests/phase1e/2019-06/daily/source_2019060900.json
2019061000,day1_24h,c00,A,4,8,119,4,4,115,0,0,d7dd7b8f8a26bb13d088af03f43454510d60aef310436fbb55671daf7521b8ac,df77f584ad371b8c999e7d45be43cc4d302b877e6d05c64308cfd5f542f35efa,data/manifests/phase1e/2019-06/daily/source_2019061000.json
2019061000,day1_24h,c00,B,1,5,0,0,0,0,0,0,5f5c31d5b61c90e0350735ac188e236ef794ae7324ff59cfbfa1f9eba77a4350,5f5c31d5b61c90e0350735ac188e236ef794ae7324ff59cfbfa1f9eba77a4350,data/manifests/phase1e/2019-06/daily/source_2019061000.json
2019061000,day1_24h,p01,A,4,8,42,2,2,40,0,0,3dc655d17c111d3dcf4f61fda2e18d2cc4c7d3b0247fc65d5e55e7c194575e14,812b345d0d45905d83b2bc3f10564b14de673067d7c7415191556286b6eca363,data/manifests/phase1e/2019-06/daily/source_2019061000.json
2019061000,day1_24h,p01,B,1,5,0,0,0,0,0,0,ec15e9dffbe0f983b3befe708bd89d2f2b7bd3501af3acdf163413bbad95de0d,ec15e9dffbe0f983b3befe708bd89d2f2b7bd3501af3acdf163413bbad95de0d,data/manifests/phase1e/2019-06/daily/source_2019061000.json
2019061000,day1_24h,p02,A,4,8,0,0,0,0,0,0,eb7ae8a412f86efaf5f2e6d4e1576a43d51a6c177d679c529a8e8a89dbf3f73a,eb7ae8a412f86efaf5f2e6d4e1576a43d51a6c177d679c529a8e8a89dbf3f73a,data/manifests/phase1e/2019-06/daily/source_2019061000.json
2019061000,day1_24h,p02,B,1,5,0,0,0,0,0,0,a58b15ba3f7538fa9947ebe900cce2d57d634fe1a4d4d085f72f8616697ac68e,a58b15ba3f7538fa9947ebe900cce2d57d634fe1a4d4d085f72f8616697ac68e,data/manifests/phase1e/2019-06/daily/source_2019061000.json
2019061000,day1_24h,p03,A,4,8,17,0,0,17,0,0,910eb0901bf0fc843e4f804dce5575fe95122f7061f72bb975b30fd2a4b5e4a9,d16a8712b79a96fb8e60db4eef2b09f5452f27a7062d00592836c56d866199f9,data/manifests/phase1e/2019-06/daily/source_2019061000.json
2019061000,day1_24h,p03,B,1,5,0,0,0,0,0,0,516ad2f01f2c90f93bc0db739f8d595e4e4895fbbd5e10b21c10ddb1aa3152dc,516ad2f01f2c90f93bc0db739f8d595e4e4895fbbd5e10b21c10ddb1aa3152dc,data/manifests/phase1e/2019-06/daily/source_2019061000.json
2019061000,day1_24h,p04,A,4,8,236,9,9,227,0,0,2310ef7a1ba81780a3c8ad36346cc2d7924b5c6e04c039bd073bb7e20fc4c1c5,a06010140b36697efaf53c4fde9c5799214441fdd0d122289b9e47037b77b428,data/manifests/phase1e/2019-06/daily/source_2019061000.json
2019061000,day1_24h,p04,B,1,5,0,0,0,0,0,0,3a99bf804010ce4cdc08ccaa14d62d5a9c8e7772691843d77686a5479e35e6ad,3a99bf804010ce4cdc08ccaa14d62d5a9c8e7772691843d77686a5479e35e6ad,data/manifests/phase1e/2019-06/daily/source_2019061000.json
2019061000,day2_24h,c00,A,4,8,107,2,2,105,0,0,fad6305fcb3941b5357b65b040dea107769fc52687fffcb9f3cbbefd6222b358,8c2467ee44151a4dd82baff38e10d4d22af03f021e366dc99cf3b82225219512,data/manifests/phase1e/2019-06/daily/source_2019061000.json
2019061000,day2_24h,c00,B,1,5,0,0,0,0,0,0,78523bd63dfa69c9dc482ec1782b5cd6c52b0e426c3d0906ad951f121818a13f,78523bd63dfa69c9dc482ec1782b5cd6c52b0e426c3d0906ad951f121818a13f,data/manifests/phase1e/2019-06/daily/source_2019061000.json
2019061000,day2_24h,p01,A,4,8,153,1,1,152,0,0,190373597f6d16855ef738d956e90c0d40d8118eac65413a5343c76ad199de7d,ec9abddb8a91ceed5ff8c2c2c47b75b1e5c11230b021e43eaecaa11930f6851c,data/manifests/phase1e/2019-06/daily/source_2019061000.json
2019061000,day2_24h,p01,B,1,5,0,0,0,0,0,0,c0f5cb231d6922da7a6f5f0694018cc03ef61cd3162c0a2ceed81f7bfb41cc62,c0f5cb231d6922da7a6f5f0694018cc03ef61cd3162c0a2ceed81f7bfb41cc62,data/manifests/phase1e/2019-06/daily/source_2019061000.json
2019061000,day2_24h,p02,A,4,8,0,0,0,0,0,0,cde74a30306f3377f1502ce0adf7132f3c3e5dc96186f8f1eb0a096dd484d4f0,cde74a30306f3377f1502ce0adf7132f3c3e5dc96186f8f1eb0a096dd484d4f0,data/manifests/phase1e/2019-06/daily/source_2019061000.json
2019061000,day2_24h,p02,B,1,5,0,0,0,0,0,0,13160375396a292742225f3c5963cdf04b93a255ba23072ad1a15d33944f251c,13160375396a292742225f3c5963cdf04b93a255ba23072ad1a15d33944f251c,data/manifests/phase1e/2019-06/daily/source_2019061000.json
2019061000,day2_24h,p03,A,4,8,0,0,0,0,0,0,3129ddbd1a1cb2b5aa1964a9aff9c6d002b9c38c4d9d37fd99e6e036ba3012c5,3129ddbd1a1cb2b5aa1964a9aff9c6d002b9c38c4d9d37fd99e6e036ba3012c5,data/manifests/phase1e/2019-06/daily/source_2019061000.json
2019061000,day2_24h,p03,B,1,5,0,0,0,0,0,0,71bd2618a69fb35f4e97078709ae71d9873e79a8fccfd35b7bf82de4d346849b,71bd2618a69fb35f4e97078709ae71d9873e79a8fccfd35b7bf82de4d346849b,data/manifests/phase1e/2019-06/daily/source_2019061000.json
2019061000,day2_24h,p04,A,4,8,126,6,6,120,0,0,f8ed977eb7c9b5876f415fceb90fc1427d48f282b4f3a76cfff914b2d313bdf1,d55070549f63300f1c0f912bc9d0a2d387991fe03c12399c62fd363a70b11640,data/manifests/phase1e/2019-06/daily/source_2019061000.json
2019061000,day2_24h,p04,B,1,5,0,0,0,0,0,0,28ba72b3d5e72213ad5ba5b67e7366dd43f2a10d4755487b8f6cc6688e256a5f,28ba72b3d5e72213ad5ba5b67e7366dd43f2a10d4755487b8f6cc6688e256a5f,data/manifests/phase1e/2019-06/daily/source_2019061000.json
2019061000,day3_24h,c00,A,4,8,274,13,13,261,0,0,fdb963de12d388e416ab4816a8dd062270dab5b47271ddd2b7e92777284e975b,6dfa608f506717e4ace27461dd62f4326d5e972ee26defcfa3aeab4413a87250,data/manifests/phase1e/2019-06/daily/source_2019061000.json
2019061000,day3_24h,c00,B,1,5,0,0,0,0,0,0,a583230379b5f37a3eb8015b8b060a35bf3b370a62bdf4d391cb4673befd67b7,a583230379b5f37a3eb8015b8b060a35bf3b370a62bdf4d391cb4673befd67b7,data/manifests/phase1e/2019-06/daily/source_2019061000.json
2019061000,day3_24h,p01,A,4,8,302,10,10,292,39,0,8a5fc9e4ae10d17f4d955840bd441979dfff4580749208bca4ad563a12b0da10,51099c05924bc5e07467d4f28869dc707b0d544dc63e52b06b33e01d7a303c05,data/manifests/phase1e/2019-06/daily/source_2019061000.json
2019061000,day3_24h,p01,B,1,5,69,0,0,69,39,0,702eaaa2d7b190a757c9cd13a4b8777bee2ac7922967f4155fa8aa98ccc8d0fe,dfc564aa6123f2284d98486d89c4929c00442bd36a55a9d50b9b77d7b8b32254,data/manifests/phase1e/2019-06/daily/source_2019061000.json
2019061000,day3_24h,p02,A,4,8,81,4,4,77,34,3,263cbfe9bbf4f5c72e78ce97f9b51c9956710e6f7ee9f9028ad03fc97d270ad0,b7c7b81834228f051dc7bae0f806be1e1ee379b3eea7d8e985e0d06e2365002b,data/manifests/phase1e/2019-06/daily/source_2019061000.json
2019061000,day3_24h,p02,B,1,5,81,4,4,77,34,3,1d07cff7b57fed64320ce0b6553e8236e49e32c4e8351e57537d9d6bfdfd5804,97517559288bcb1f121b3bc8d400ee83d18a4524abbbcbe5f99c7b4047933c99,data/manifests/phase1e/2019-06/daily/source_2019061000.json
2019061000,day3_24h,p03,A,4,8,0,0,0,0,0,0,e78b9feeb882626873a8d14161a70cfe11c74ce38ad26bfb8adcf092d5141b7f,e78b9feeb882626873a8d14161a70cfe11c74ce38ad26bfb8adcf092d5141b7f,data/manifests/phase1e/2019-06/daily/source_2019061000.json
2019061000,day3_24h,p03,B,1,5,0,0,0,0,0,0,44a6f48e1d310358e6c95a8a1006434439fa7be461fe34d23c4c5da56f60f745,44a6f48e1d310358e6c95a8a1006434439fa7be461fe34d23c4c5da56f60f745,data/manifests/phase1e/2019-06/daily/source_2019061000.json
2019061000,day3_24h,p04,A,4,8,0,0,0,0,0,0,cce32f0e5526c63bba6cb22b757d6f01f4226de9f0756ee4d0b2016ebef8e664,cce32f0e5526c63bba6cb22b757d6f01f4226de9f0756ee4d0b2016ebef8e664,data/manifests/phase1e/2019-06/daily/source_2019061000.json
2019061000,day3_24h,p04,B,1,5,0,0,0,0,0,0,adf217a50408803409c93a1b8afd062cf67136d836ddcb5b8782f6b8ec479530,adf217a50408803409c93a1b8afd062cf67136d836ddcb5b8782f6b8ec479530,data/manifests/phase1e/2019-06/daily/source_2019061000.json
2019061100,day1_24h,c00,A,4,8,0,0,0,0,0,0,6b3178eda11a858cce3a42139213b6d15d9abdf3a859355aeec77f7a03f60aa5,6b3178eda11a858cce3a42139213b6d15d9abdf3a859355aeec77f7a03f60aa5,data/manifests/phase1e/2019-06/daily/source_2019061100.json
2019061100,day1_24h,c00,B,1,5,0,0,0,0,0,0,0d3fe7fc31114d0ea23f53c65401d5079f470d374835360dc311a8aa88f05a8b,0d3fe7fc31114d0ea23f53c65401d5079f470d374835360dc311a8aa88f05a8b,data/manifests/phase1e/2019-06/daily/source_2019061100.json
2019061100,day1_24h,p01,A,4,8,0,0,0,0,0,0,c814a1d026d7a43e954dac86ff5044adaeaec8ceadb731a272a4174aa8b3eef4,c814a1d026d7a43e954dac86ff5044adaeaec8ceadb731a272a4174aa8b3eef4,data/manifests/phase1e/2019-06/daily/source_2019061100.json
2019061100,day1_24h,p01,B,1,5,0,0,0,0,0,0,27ff0c8ce748043a06caa0a9e8e3f7055f688f6d974dfbad76b1d96ccaacf047,27ff0c8ce748043a06caa0a9e8e3f7055f688f6d974dfbad76b1d96ccaacf047,data/manifests/phase1e/2019-06/daily/source_2019061100.json
2019061100,day1_24h,p02,A,4,8,0,0,0,0,0,0,fd21ab48ed04d34cc89a46ae28d16592ed728ca13df48db88df2aa9d682707d7,fd21ab48ed04d34cc89a46ae28d16592ed728ca13df48db88df2aa9d682707d7,data/manifests/phase1e/2019-06/daily/source_2019061100.json
2019061100,day1_24h,p02,B,1,5,0,0,0,0,0,0,9f18a1d9c7354a0e1af150dcb54ebfa21222cf4d1f14b19a728ce916cd47aced,9f18a1d9c7354a0e1af150dcb54ebfa21222cf4d1f14b19a728ce916cd47aced,data/manifests/phase1e/2019-06/daily/source_2019061100.json
2019061100,day1_24h,p03,A,4,8,0,0,0,0,0,0,efd293815653a279336f4cc2a4801abb32d98e55f735ac21a5b664dd445527ee,efd293815653a279336f4cc2a4801abb32d98e55f735ac21a5b664dd445527ee,data/manifests/phase1e/2019-06/daily/source_2019061100.json
2019061100,day1_24h,p03,B,1,5,0,0,0,0,0,0,9482f2d2e36c20f262d2329f224788f064d632d74c6b647a9e19ac41abced83c,9482f2d2e36c20f262d2329f224788f064d632d74c6b647a9e19ac41abced83c,data/manifests/phase1e/2019-06/daily/source_2019061100.json
2019061100,day1_24h,p04,A,4,8,2,0,0,2,1,0,d3261f670b3d65c9d71468293dc8ca70437e722c7a572959d4afb659ef8f63f5,0eda4805a21f876714b7813a17bd5636cd58957574f741fcce75e49f85d1c109,data/manifests/phase1e/2019-06/daily/source_2019061100.json
2019061100,day1_24h,p04,B,1,5,2,0,0,2,1,0,04dea597149e14d30a63dbb8b3a5080903634fd3b397e8ac91c3d8e319ff3914,b7df86ca24dd10fe551ba9c8fb4f805c304837c942d0310dc5fb347dbc99d931,data/manifests/phase1e/2019-06/daily/source_2019061100.json
2019061100,day2_24h,c00,A,4,8,0,0,0,0,0,0,67dd5469c00219f1ee5e792168f2a039ddb685232625b592fcddbd113d6887f9,67dd5469c00219f1ee5e792168f2a039ddb685232625b592fcddbd113d6887f9,data/manifests/phase1e/2019-06/daily/source_2019061100.json
2019061100,day2_24h,c00,B,1,5,0,0,0,0,0,0,a86472876ff41d952b46c0f4f069f3311356b089ee20c58d32a65efe8416982a,a86472876ff41d952b46c0f4f069f3311356b089ee20c58d32a65efe8416982a,data/manifests/phase1e/2019-06/daily/source_2019061100.json
2019061100,day2_24h,p01,A,4,8,0,0,0,0,0,0,034ef7768377e615cd45888489cb385c5f750e7bf465169ddc03aaa9fcfa2dfb,034ef7768377e615cd45888489cb385c5f750e7bf465169ddc03aaa9fcfa2dfb,data/manifests/phase1e/2019-06/daily/source_2019061100.json
2019061100,day2_24h,p01,B,1,5,0,0,0,0,0,0,1b91762023610543f243450c4df881bc3540115e71e52bb00b7d6240397d8e43,1b91762023610543f243450c4df881bc3540115e71e52bb00b7d6240397d8e43,data/manifests/phase1e/2019-06/daily/source_2019061100.json
2019061100,day2_24h,p02,A,4,8,189,19,19,170,0,0,401ca0a7ae6d360d2d00f39fba1508027dcd3eb951e4552ef0a02c58c94865c7,acbc7da7051030a06306da3ad3380afc43372e3fe052081b56b7aff3c675104b,data/manifests/phase1e/2019-06/daily/source_2019061100.json
2019061100,day2_24h,p02,B,1,5,0,0,0,0,0,0,7e426f0c0432517ad81e0b7ff983c7715195256beca3be68954cf40cc74daefe,7e426f0c0432517ad81e0b7ff983c7715195256beca3be68954cf40cc74daefe,data/manifests/phase1e/2019-06/daily/source_2019061100.json
2019061100,day2_24h,p03,A,4,8,0,0,0,0,0,0,ea66b91e9e452ada111284993f7b63d6167318221f462ac6bb2c287402ee71db,ea66b91e9e452ada111284993f7b63d6167318221f462ac6bb2c287402ee71db,data/manifests/phase1e/2019-06/daily/source_2019061100.json
2019061100,day2_24h,p03,B,1,5,0,0,0,0,0,0,521ff109e80f86e681ded689e71a63751ab5e30ee9b50e5d471d2aa015db96a7,521ff109e80f86e681ded689e71a63751ab5e30ee9b50e5d471d2aa015db96a7,data/manifests/phase1e/2019-06/daily/source_2019061100.json
2019061100,day2_24h,p04,A,4,8,0,0,0,0,0,0,54189827317a59e0a1dde762264290ce0ee86a55dce919bb718e36c3f5364f48,54189827317a59e0a1dde762264290ce0ee86a55dce919bb718e36c3f5364f48,data/manifests/phase1e/2019-06/daily/source_2019061100.json
2019061100,day2_24h,p04,B,1,5,0,0,0,0,0,0,71509d73e4b082f2d8e38852ac0782c15f0661c07fa133612fab394ec19a8e50,71509d73e4b082f2d8e38852ac0782c15f0661c07fa133612fab394ec19a8e50,data/manifests/phase1e/2019-06/daily/source_2019061100.json
2019061100,day3_24h,c00,A,4,8,177,3,3,174,0,0,8846e2382effbb1760382c6b607b1f5ee247893bf4dde061c915bee7c3a29899,2cddb8bf4a319bb130de198506eaa698ab1d03bbc48824ff9c0c8dda46bdb4e4,data/manifests/phase1e/2019-06/daily/source_2019061100.json
2019061100,day3_24h,c00,B,1,5,0,0,0,0,0,0,37aa0bd55a9d1967f99ccf19d3bf556a2b6c6f5ee167fa3c26d95498f74d108d,37aa0bd55a9d1967f99ccf19d3bf556a2b6c6f5ee167fa3c26d95498f74d108d,data/manifests/phase1e/2019-06/daily/source_2019061100.json
2019061100,day3_24h,p01,A,4,8,63,2,2,61,0,0,7d0d450790666cf2910043f8ba6e3bb6ebc49c17f5fe26f5029e7c0efdb22989,3f2ba6119fdee42e69b50b445593c35683e1e6ab96f1ce09cd57196b1253670a,data/manifests/phase1e/2019-06/daily/source_2019061100.json
2019061100,day3_24h,p01,B,1,5,0,0,0,0,0,0,d93d9948a203c547657691c44c2e68531173a11fc95c29da43afb3503ee126d4,d93d9948a203c547657691c44c2e68531173a11fc95c29da43afb3503ee126d4,data/manifests/phase1e/2019-06/daily/source_2019061100.json
2019061100,day3_24h,p02,A,4,8,61,1,1,60,0,0,c5e4aacff3e71b021f1dbc0da10c1b8d52b36c4163f78dfdbb5d8d7b0869a65f,1a7cb3de5d44a2c779ee9ac6710d33e4fd09e4fc1b3dbf128337d2941c846b2d,data/manifests/phase1e/2019-06/daily/source_2019061100.json
2019061100,day3_24h,p02,B,1,5,0,0,0,0,0,0,43319fc92feb673d2cd1e6fff3d3ccc7a6c7a98acf6c68149958cd81ef6a9535,43319fc92feb673d2cd1e6fff3d3ccc7a6c7a98acf6c68149958cd81ef6a9535,data/manifests/phase1e/2019-06/daily/source_2019061100.json
2019061100,day3_24h,p03,A,4,8,57,2,2,55,0,0,081901f56d40c0472c3962302941c2279751b9aef8bed81fb5614dffe6eb12a3,ab99007949943b29326400d2f6078912ce6b3c7ea44a18b0df76f76886474ac6,data/manifests/phase1e/2019-06/daily/source_2019061100.json
2019061100,day3_24h,p03,B,1,5,0,0,0,0,0,0,2eaded04e6014ca7e2bb262e7b4f5b260443cc77a19d9e0bcd9cf7ba61811584,2eaded04e6014ca7e2bb262e7b4f5b260443cc77a19d9e0bcd9cf7ba61811584,data/manifests/phase1e/2019-06/daily/source_2019061100.json
2019061100,day3_24h,p04,A,4,8,117,3,3,114,0,0,76fb608ad7dde8c753775c00dc5b3b54d11d1c65cb03353fc0d50a67103e26ab,308a47454ead2f847036929f05c505385f0cfa755507d90bd5513ee11df855ef,data/manifests/phase1e/2019-06/daily/source_2019061100.json
2019061100,day3_24h,p04,B,1,5,0,0,0,0,0,0,a7dcbd3d44007442adaf8b9a764e8c68656b3e62da0cda96c8351dce366601a1,a7dcbd3d44007442adaf8b9a764e8c68656b3e62da0cda96c8351dce366601a1,data/manifests/phase1e/2019-06/daily/source_2019061100.json
2019061200,day1_24h,c00,A,4,8,0,0,0,0,0,0,cc242b4e5f90791ba3643b5884b597ef88e211923757c2b089987dfbc12ef08a,cc242b4e5f90791ba3643b5884b597ef88e211923757c2b089987dfbc12ef08a,data/manifests/phase1e/2019-06/daily/source_2019061200.json
2019061200,day1_24h,c00,B,1,5,0,0,0,0,0,0,c569624fa3e8163cc95144dedf46bf0f81fdcdab0aec8e7de1b1c5b7e9bc0ee7,c569624fa3e8163cc95144dedf46bf0f81fdcdab0aec8e7de1b1c5b7e9bc0ee7,data/manifests/phase1e/2019-06/daily/source_2019061200.json
2019061200,day1_24h,p01,A,4,8,0,0,0,0,0,0,b0d70d1db805cf9ecf812af82f0a1de4b996ede8b8befc87dab4fd0145f7957f,b0d70d1db805cf9ecf812af82f0a1de4b996ede8b8befc87dab4fd0145f7957f,data/manifests/phase1e/2019-06/daily/source_2019061200.json
2019061200,day1_24h,p01,B,1,5,0,0,0,0,0,0,cbb78637643158516081fc52bb749feb8c870ddc10d5a897dfe1a5c6887a52a1,cbb78637643158516081fc52bb749feb8c870ddc10d5a897dfe1a5c6887a52a1,data/manifests/phase1e/2019-06/daily/source_2019061200.json
2019061200,day1_24h,p02,A,4,8,0,0,0,0,0,0,c7810d86ee89b6f80d0112ac4b4c0ebad31b46a962ecb59f1b950d67fdf1057f,c7810d86ee89b6f80d0112ac4b4c0ebad31b46a962ecb59f1b950d67fdf1057f,data/manifests/phase1e/2019-06/daily/source_2019061200.json
2019061200,day1_24h,p02,B,1,5,0,0,0,0,0,0,8bf4e095ce1e9c9893060a6e0a7b042830365c7400def398648985d24bd0073e,8bf4e095ce1e9c9893060a6e0a7b042830365c7400def398648985d24bd0073e,data/manifests/phase1e/2019-06/daily/source_2019061200.json
2019061200,day1_24h,p03,A,4,8,0,0,0,0,0,0,13c2d89d4f7fc30f3527abacfbb0122abb5bae8ac086697092f0f5ddbad3cfe4,13c2d89d4f7fc30f3527abacfbb0122abb5bae8ac086697092f0f5ddbad3cfe4,data/manifests/phase1e/2019-06/daily/source_2019061200.json
2019061200,day1_24h,p03,B,1,5,0,0,0,0,0,0,64a76c1911d13915de59cec4dcde79c3c2cf5950ea62b49cd16cabdcfdfe357b,64a76c1911d13915de59cec4dcde79c3c2cf5950ea62b49cd16cabdcfdfe357b,data/manifests/phase1e/2019-06/daily/source_2019061200.json
2019061200,day1_24h,p04,A,4,8,105,1,1,104,0,0,244f4bfada67733bdc6f8bc341d426e28e4302292b3c745b6cca3625ff4df1c2,4dc61209208efa27b598a68714355be3c3f01a630f19346e3bf624d656fa5095,data/manifests/phase1e/2019-06/daily/source_2019061200.json
2019061200,day1_24h,p04,B,1,5,0,0,0,0,0,0,55d0d99f1760dd18ec53c6f3b74550de748c661799d1c157332d3230a7fcb032,55d0d99f1760dd18ec53c6f3b74550de748c661799d1c157332d3230a7fcb032,data/manifests/phase1e/2019-06/daily/source_2019061200.json
2019061200,day2_24h,c00,A,4,8,220,10,10,210,0,0,724743b9b955188ef9f4a188ef7793c20e55fc8ae4ae0c381b2efe3bc6381e91,10284bb5d7f42f0e344a105bdcbc4b2fdf04d3afa47c483ce6ed8a201586d95f,data/manifests/phase1e/2019-06/daily/source_2019061200.json
2019061200,day2_24h,c00,B,1,5,0,0,0,0,0,0,d3fc1c41682932f22c400978d08e09a3fe0de493e5ee78c8cd5da0d3f520adc9,d3fc1c41682932f22c400978d08e09a3fe0de493e5ee78c8cd5da0d3f520adc9,data/manifests/phase1e/2019-06/daily/source_2019061200.json
2019061200,day2_24h,p01,A,4,8,303,13,13,290,0,0,f42f90664feaa88a44b7624beeda7750e8ca02074a91a82efad91c6480fd27dd,6ff6ed161a465d9284b838fb76deb4fbd4e328c02e687ef158b17da1caddfedf,data/manifests/phase1e/2019-06/daily/source_2019061200.json
2019061200,day2_24h,p01,B,1,5,0,0,0,0,0,0,39407d4b221eadd45c8e2fb6aeaaab8923d618e42c247c243c9f1876d09187f8,39407d4b221eadd45c8e2fb6aeaaab8923d618e42c247c243c9f1876d09187f8,data/manifests/phase1e/2019-06/daily/source_2019061200.json
2019061200,day2_24h,p02,A,4,8,0,0,0,0,0,0,1b42733e5bb5e6c3fe73ed6016cb13f373f5c097e1bbe1f2c9080c5ab8af4c83,1b42733e5bb5e6c3fe73ed6016cb13f373f5c097e1bbe1f2c9080c5ab8af4c83,data/manifests/phase1e/2019-06/daily/source_2019061200.json
2019061200,day2_24h,p02,B,1,5,0,0,0,0,0,0,39a209da743e31da711ffa5ab36bfb21095ef9cbb7285f4c0d04af7813258a59,39a209da743e31da711ffa5ab36bfb21095ef9cbb7285f4c0d04af7813258a59,data/manifests/phase1e/2019-06/daily/source_2019061200.json
2019061200,day2_24h,p03,A,4,8,0,0,0,0,0,0,cf459f0c7d762a08e35abd9daf3fb95854720d8df60a3aa7fe164c1e30af21f9,cf459f0c7d762a08e35abd9daf3fb95854720d8df60a3aa7fe164c1e30af21f9,data/manifests/phase1e/2019-06/daily/source_2019061200.json
2019061200,day2_24h,p03,B,1,5,0,0,0,0,0,0,adddd30c3f5f70cebb82884be6aa429f8a17dea5e2a5377a271d5c2db84a3ea0,adddd30c3f5f70cebb82884be6aa429f8a17dea5e2a5377a271d5c2db84a3ea0,data/manifests/phase1e/2019-06/daily/source_2019061200.json
2019061200,day2_24h,p04,A,4,8,245,7,7,238,0,0,b582d26e8c2de60e2c0d3c38358c44c2ff66cc80b4ee81f2d40568942e32f4ff,be34afb67192b493115a9f82a13ede0d50590ff1f3da130c7def1205efc97122,data/manifests/phase1e/2019-06/daily/source_2019061200.json
2019061200,day2_24h,p04,B,1,5,0,0,0,0,0,0,c9d6abbd7868f98102b75dc90793f3672cbc1a331d02b7815664be8ddb808323,c9d6abbd7868f98102b75dc90793f3672cbc1a331d02b7815664be8ddb808323,data/manifests/phase1e/2019-06/daily/source_2019061200.json
2019061200,day3_24h,c00,A,4,8,156,2,2,154,16,0,b7c9e578426e94811adbdb8815ad0d9f9909bda7b396624e2457f2732bf2c648,649b676f2c037a675ac8b7b1e118b629fd0f852a54948aa9cf0f94cf7808616f,data/manifests/phase1e/2019-06/daily/source_2019061200.json
2019061200,day3_24h,c00,B,1,5,89,1,1,88,16,0,f508083b5cc0676d865816c563ecdddd315505095c437e99e58296a97c2132d9,453896250039bd342be399e0315c966374058dc9c05cdd0ad1079e9d40a4f4ec,data/manifests/phase1e/2019-06/daily/source_2019061200.json
2019061200,day3_24h,p01,A,4,8,177,11,11,166,0,0,b2f299a7ccef47127e8a8af3f0539043ea7b572b5eab2ec8c71c7b2b37f92e9b,c45560d74acaf3953e9d114cf1e339061ac3ecdcdb0505db25a7409117adbefe,data/manifests/phase1e/2019-06/daily/source_2019061200.json
2019061200,day3_24h,p01,B,1,5,0,0,0,0,0,0,839f4ea7e85c0527dce064e2acfcfa14692fa473faaa9aff8a57058195745b55,839f4ea7e85c0527dce064e2acfcfa14692fa473faaa9aff8a57058195745b55,data/manifests/phase1e/2019-06/daily/source_2019061200.json
2019061200,day3_24h,p02,A,4,8,240,10,10,230,45,0,2d6483d54c4bade91a65687da473136328e05beaa90f9619933d2fa2dba35f70,81d8e1c416cb4969bdd97559d811fea3871f9cf69283968274ee375f5f582618,data/manifests/phase1e/2019-06/daily/source_2019061200.json
2019061200,day3_24h,p02,B,1,5,123,7,7,116,45,0,36c6350ba050165f8bcc5055e0960cdc071d28c72f315d2a434d35445ba1c4f0,e1db7ba103ce8f2fcadeabe9bd990f42340320a38183da2e4f43e10d210f831b,data/manifests/phase1e/2019-06/daily/source_2019061200.json
2019061200,day3_24h,p03,A,4,8,206,7,7,199,34,0,6d0250474acc3835529732c2b3654317ff0e4ac8785a07c1ef2933cb5849a9ab,5a60aae81677763b1257a9dc5c2703efc9ea797bf2a58a5887052395ab14b731,data/manifests/phase1e/2019-06/daily/source_2019061200.json
2019061200,day3_24h,p03,B,1,5,95,4,4,91,34,0,6ec1fc0bd8d178eeb206d788eeeabf31e75641d2868269c907d39a79fac687ac,2a618321c99cc10a1aae47e7a69237d1d6ea9ec4281b17d6515e52ac14e132e5,data/manifests/phase1e/2019-06/daily/source_2019061200.json
2019061200,day3_24h,p04,A,4,8,46,2,2,44,0,0,9884c38a7a87350b21df118e9004dc990ed81f71ce04337a73aea947c93e27fe,f0e524529a972ee8c2d8372811a73031722f6e61c145beba689fbc18187c75bd,data/manifests/phase1e/2019-06/daily/source_2019061200.json
2019061200,day3_24h,p04,B,1,5,0,0,0,0,0,0,f6c3fd1ad7f9c3e676e73dc2704dcd426b60688a912da8574b1ed0f456973bcd,f6c3fd1ad7f9c3e676e73dc2704dcd426b60688a912da8574b1ed0f456973bcd,data/manifests/phase1e/2019-06/daily/source_2019061200.json
2019061300,day1_24h,c00,A,4,8,65,2,2,63,0,0,1a7e4c58ce98f65bcbef61317c03ed2901436d3f7f54d434c289110878391cf9,32023ff89490cf1522b4c7abdb76f871f6311d71ed0aef452ccab2d9c42dd478,data/manifests/phase1e/2019-06/daily/source_2019061300.json
2019061300,day1_24h,c00,B,1,5,0,0,0,0,0,0,389558f1b286ecc500d86a9356d9476290f76dff97bc621eb71d45896eefb016,389558f1b286ecc500d86a9356d9476290f76dff97bc621eb71d45896eefb016,data/manifests/phase1e/2019-06/daily/source_2019061300.json
2019061300,day1_24h,p01,A,4,8,0,0,0,0,0,0,8562a450cdc5e08ffa3e5f570caf2c6a0a4d9535d81f2aa2bbcafe7b6c345b38,8562a450cdc5e08ffa3e5f570caf2c6a0a4d9535d81f2aa2bbcafe7b6c345b38,data/manifests/phase1e/2019-06/daily/source_2019061300.json
2019061300,day1_24h,p01,B,1,5,0,0,0,0,0,0,d81b1983485f38a8535f1056909ab13cad2469aec86809039a08b79798147b46,d81b1983485f38a8535f1056909ab13cad2469aec86809039a08b79798147b46,data/manifests/phase1e/2019-06/daily/source_2019061300.json
2019061300,day1_24h,p02,A,4,8,79,1,1,78,0,0,fdb667120cfdd85698f5c415c06b512155e5a369cac2dbba10efa8d16eab2db5,4fde6da96fec7fc7aa00c570cacc5c4a2ff5b531852b4923c34ac9deedec3665,data/manifests/phase1e/2019-06/daily/source_2019061300.json
2019061300,day1_24h,p02,B,1,5,0,0,0,0,0,0,a1c5013e5c8acccfb1a916da3c7207b682c3eb23f83bcb6fe2f73349725fb5f8,a1c5013e5c8acccfb1a916da3c7207b682c3eb23f83bcb6fe2f73349725fb5f8,data/manifests/phase1e/2019-06/daily/source_2019061300.json
2019061300,day1_24h,p03,A,4,8,0,0,0,0,0,0,e424f0e97bec9d1705630d8eafea4eae5c6d1a305f0de59744a6c145e4b48c2c,e424f0e97bec9d1705630d8eafea4eae5c6d1a305f0de59744a6c145e4b48c2c,data/manifests/phase1e/2019-06/daily/source_2019061300.json
2019061300,day1_24h,p03,B,1,5,0,0,0,0,0,0,56c69f253c6e132ac6da25b5b0df29f4fe40c09fea9f7e2b35eb7f761248454e,56c69f253c6e132ac6da25b5b0df29f4fe40c09fea9f7e2b35eb7f761248454e,data/manifests/phase1e/2019-06/daily/source_2019061300.json
2019061300,day1_24h,p04,A,4,8,335,4,4,331,1,0,5f7d97171f2a66837bdda77a96d6528bb449323600599ed083f285ce542334db,8545a71985e0135d7596c761335c4a64ce5ac3ab0a09bea9ae86c70ac1618e87,data/manifests/phase1e/2019-06/daily/source_2019061300.json
2019061300,day1_24h,p04,B,1,5,61,0,0,61,1,0,c93865e3e5429daf2bdeeaa6ed7b6e5b7ad01710eac2a4a34d6c5f824adba5c7,744c9593769e0eb4b1939791b0b02d982b21e01cebf3702c808ec323a43e50f8,data/manifests/phase1e/2019-06/daily/source_2019061300.json
2019061300,day2_24h,c00,A,4,8,114,1,1,113,24,0,4a0aae69ab23a92598374c067c7da3d357d8e2deabe4d4d4139ded8828ae8653,30b0ef644c6cb5f9b51cf3643a2ba5b9f34ebdb01143e09b882bc20376e6939f,data/manifests/phase1e/2019-06/daily/source_2019061300.json
2019061300,day2_24h,c00,B,1,5,67,0,0,67,24,0,bc3733864185a4530221642a8d74587dbdaa966aeffb1f0728a65a1f4812f425,014a60e3b4d4424331bf047e25522f08febad093cf572b481b4146812fbbfe30,data/manifests/phase1e/2019-06/daily/source_2019061300.json
2019061300,day2_24h,p01,A,4,8,0,0,0,0,0,0,4a016f810069b0f9ef4e01e39ea1b61d8cf1f532f509e9479c4be51e8fb9ab7b,4a016f810069b0f9ef4e01e39ea1b61d8cf1f532f509e9479c4be51e8fb9ab7b,data/manifests/phase1e/2019-06/daily/source_2019061300.json
2019061300,day2_24h,p01,B,1,5,0,0,0,0,0,0,ad270030cb94221144f2ae04507bf1d2917de5f64c5abe8df7f5f56c0fb9603f,ad270030cb94221144f2ae04507bf1d2917de5f64c5abe8df7f5f56c0fb9603f,data/manifests/phase1e/2019-06/daily/source_2019061300.json
2019061300,day2_24h,p02,A,4,8,222,4,4,218,26,1,fe43521f0fd07bfba0ae3775714049038240d4171658c62bdcaf447d19ef0478,ee2acdbf31e7c3e1588bb924f6449027b5212bceec39d75af11bed3d40cec11d,data/manifests/phase1e/2019-06/daily/source_2019061300.json
2019061300,day2_24h,p02,B,1,5,79,1,1,78,26,1,f3c597ff1b30feabd5ff554a7684f83f71920fb8a8a709dbb357440ecb9c8250,eb83d246a149fd5b71f4cec1ff6d1600f4e69dde88f273529da7a3d97c56d73d,data/manifests/phase1e/2019-06/daily/source_2019061300.json
2019061300,day2_24h,p03,A,4,8,116,0,0,116,28,0,50fc002a0a24345caa9503f6c55fcf02b3c2df3a0931ebc456173f832f800b99,35ff8eecbd69d1c7c26913bb6cee362941e3e92a764d8a368fe264fdaa127920,data/manifests/phase1e/2019-06/daily/source_2019061300.json
2019061300,day2_24h,p03,B,1,5,116,0,0,116,28,0,2a431981ef27a4e11a5816b88bf690588e165554a3539696004d12f756bba13a,5b3214b141597fd12bebfc5b05024d5a875212e98733a31427953b590a718196,data/manifests/phase1e/2019-06/daily/source_2019061300.json
2019061300,day2_24h,p04,A,4,8,300,8,8,292,0,0,549f2ca4c3c74e076fd4eda42071de5d6452c87d14c59ee7e41d311ad8b26d06,e20d18742051aff8b04a38294efbb611a5c70fd636376aa053fa0706a0c91ff1,data/manifests/phase1e/2019-06/daily/source_2019061300.json
2019061300,day2_24h,p04,B,1,5,0,0,0,0,0,0,360d46401e29540445d78c82ec65b3a0c07956e55de882c4efdc87c875aebb45,360d46401e29540445d78c82ec65b3a0c07956e55de882c4efdc87c875aebb45,data/manifests/phase1e/2019-06/daily/source_2019061300.json
2019061300,day3_24h,c00,A,4,8,260,4,4,256,0,0,c8bf81d4c5a7eadc00df5bd58a44099708bb1f0f0d1cccf7fd66a9a8093f0591,35385d05f6bcdd47e32b24eec780f8ec1d9a983863e58b459a23e281a5b8f0d0,data/manifests/phase1e/2019-06/daily/source_2019061300.json
2019061300,day3_24h,c00,B,1,5,0,0,0,0,0,0,2475155115d7e8d2aeae345c182f7ea3e42a29bf160d8ab45fcf85df64f29292,2475155115d7e8d2aeae345c182f7ea3e42a29bf160d8ab45fcf85df64f29292,data/manifests/phase1e/2019-06/daily/source_2019061300.json
2019061300,day3_24h,p01,A,4,8,123,5,5,118,24,1,29e9f544946756de4822f85bacf45c24e5225a13330bce5d05e5182f666e4f30,60d2d59128b05904a10c47ae9bedd3f3164fed1cf22685e7415402376345af9d,data/manifests/phase1e/2019-06/daily/source_2019061300.json
2019061300,day3_24h,p01,B,1,5,123,5,5,118,24,1,afbc72ef9196f3142092b5e877f31467bb92a509bbf74c92d93f11e0df5cfc19,fe62e88dc97c53c3d6e7d6488cc2734116dda204d1effa8893188aca0c2a34d2,data/manifests/phase1e/2019-06/daily/source_2019061300.json
2019061300,day3_24h,p02,A,4,8,0,0,0,0,0,0,60fd0614b0999528589813dd6e4b5058165c167753c70054e97adaff65b767a7,60fd0614b0999528589813dd6e4b5058165c167753c70054e97adaff65b767a7,data/manifests/phase1e/2019-06/daily/source_2019061300.json
2019061300,day3_24h,p02,B,1,5,0,0,0,0,0,0,890e40bd3102bb03c363d85725d574bf3022be38d3acce6a114619bb5c50ed02,890e40bd3102bb03c363d85725d574bf3022be38d3acce6a114619bb5c50ed02,data/manifests/phase1e/2019-06/daily/source_2019061300.json
2019061300,day3_24h,p03,A,4,8,0,0,0,0,0,0,0f80edd3b7d01d208cc17574c7d25b73dfcf77751777a9e62e0d623f80b6b1c7,0f80edd3b7d01d208cc17574c7d25b73dfcf77751777a9e62e0d623f80b6b1c7,data/manifests/phase1e/2019-06/daily/source_2019061300.json
2019061300,day3_24h,p03,B,1,5,0,0,0,0,0,0,4537e5af6e4b450544a12c779eb163f24b667acea9219ef3a24e5bd0232d15ab,4537e5af6e4b450544a12c779eb163f24b667acea9219ef3a24e5bd0232d15ab,data/manifests/phase1e/2019-06/daily/source_2019061300.json
2019061300,day3_24h,p04,A,4,8,50,3,3,47,0,0,17d1ae07deccce28bd7c43968f7bb25996853124dff97913216af0901678f1ab,aaed1d714e24971c41fb0f3333feb53249b38fb1a99feec38b2828f16a5e0604,data/manifests/phase1e/2019-06/daily/source_2019061300.json
2019061300,day3_24h,p04,B,1,5,0,0,0,0,0,0,fca990910b18cbe8887820dea64f5759b59cccd0cc045e2474fbba5ae189ca80,fca990910b18cbe8887820dea64f5759b59cccd0cc045e2474fbba5ae189ca80,data/manifests/phase1e/2019-06/daily/source_2019061300.json
2019061400,day1_24h,c00,A,4,8,0,0,0,0,0,0,269f5765f66b5146d8b27df00fcb12758bdad29b46b5d4ee4a873dc8e700c624,269f5765f66b5146d8b27df00fcb12758bdad29b46b5d4ee4a873dc8e700c624,data/manifests/phase1e/2019-06/daily/source_2019061400.json
2019061400,day1_24h,c00,B,1,5,0,0,0,0,0,0,2e5314b707e26a204d13fe4aac4225d1e91cbb9d67da2de675d385b1d32adbc6,2e5314b707e26a204d13fe4aac4225d1e91cbb9d67da2de675d385b1d32adbc6,data/manifests/phase1e/2019-06/daily/source_2019061400.json
2019061400,day1_24h,p01,A,4,8,155,4,4,151,0,0,548dfee18e14661e79df3ad1da97eff6abe4398a93d49f32176a611e4cb6291f,b3695a3b4fd4ed16e7951bba0d9c965fecc5c5b31455bc789a3c448419da29df,data/manifests/phase1e/2019-06/daily/source_2019061400.json
2019061400,day1_24h,p01,B,1,5,0,0,0,0,0,0,f8e96bf3af57db8e9d154a3bd440f945edc5e9e3051f1edc0eb052f02c3cd6f1,f8e96bf3af57db8e9d154a3bd440f945edc5e9e3051f1edc0eb052f02c3cd6f1,data/manifests/phase1e/2019-06/daily/source_2019061400.json
2019061400,day1_24h,p02,A,4,8,70,4,4,66,0,0,64f65985616c0d924a565c2772976ae9aec1108c5ea67fbcd85281ec0025ca98,dfc38af4e5f0ac0788991ddaf312f9cb99ae13916efa496efb0d10a704e65ff7,data/manifests/phase1e/2019-06/daily/source_2019061400.json
2019061400,day1_24h,p02,B,1,5,14,0,0,14,0,0,a171cf158917c9d8a326ce862e2433b711cc4ec9b3d83708debd0f7d8b9a0e14,45a610c4dcce0bfb070f61d9b2b496adf9b7fdef0cd4dc2d2679efa41eb27b0c,data/manifests/phase1e/2019-06/daily/source_2019061400.json
2019061400,day1_24h,p03,A,4,8,151,10,10,141,0,0,8c1f10691e6c77b6812515a20ad2901092974a89ef6bc08c2a0f73840d50b5a8,43b9d4705194d7f736e2a579ff934f18ffcc1d6f282300f0fb401bbbd33c435c,data/manifests/phase1e/2019-06/daily/source_2019061400.json
2019061400,day1_24h,p03,B,1,5,0,0,0,0,0,0,8a9cff90491739fe06b2f0be2358941594ecc8db4494b51eab44066bbf4bd84a,8a9cff90491739fe06b2f0be2358941594ecc8db4494b51eab44066bbf4bd84a,data/manifests/phase1e/2019-06/daily/source_2019061400.json
2019061400,day1_24h,p04,A,4,8,303,10,10,293,0,0,29d93fb30b5dd38ea69e2fb2d837a34e7e9dc1b1b6f452294fcf96a7ad81f730,95a542797c924d4550607d262ad21e75d819716fe8ef038663fdbb654699efe6,data/manifests/phase1e/2019-06/daily/source_2019061400.json
2019061400,day1_24h,p04,B,1,5,0,0,0,0,0,0,6ac9cece3aebf42e731d999615d44a0ab08b37ada8c235d268bc4fe656ddc090,6ac9cece3aebf42e731d999615d44a0ab08b37ada8c235d268bc4fe656ddc090,data/manifests/phase1e/2019-06/daily/source_2019061400.json
2019061400,day2_24h,c00,A,4,8,230,6,6,224,30,0,9fdb657e011557d25d54bf5e2f1c0a67a484b69438f79a1121df6a0eca51334a,27ee2838ea7387845f41ce657e113c94bc9654374f9fa10a65b44abeeb681c82,data/manifests/phase1e/2019-06/daily/source_2019061400.json
2019061400,day2_24h,c00,B,1,5,99,2,2,97,30,0,607331bc0311b87d450c494588e7e75dd53e3ba9c69eb19c36e8d16f52f579cd,2fed03ed5e85cdae2a0557d4f662412b0d6edaf5f5df5b5e59201ebaf5a761bd,data/manifests/phase1e/2019-06/daily/source_2019061400.json
2019061400,day2_24h,p01,A,4,8,329,9,9,320,20,0,bbc362e679152e196ece85009188daf1bcf4e094b604d868943fa2b58e9f14d7,39e81905b66ce6bfae20608b230c5fc6a6809586c1ee658349a2c6ea180a91e1,data/manifests/phase1e/2019-06/daily/source_2019061400.json
2019061400,day2_24h,p01,B,1,5,130,3,3,127,20,0,bde6c01e0e6d902412a8e0117377381bbcfe9a1e873545fc6221ecd93f68a3d9,07769fdf601e3b6670f508d42fa8116275f37ce1795af628b7fc3d995b344a4a,data/manifests/phase1e/2019-06/daily/source_2019061400.json
2019061400,day2_24h,p02,A,4,8,0,0,0,0,0,0,074ce576a74b05aeae00a6b23e6a812558a68af1bf3b8dc26e5308c4f53c7721,074ce576a74b05aeae00a6b23e6a812558a68af1bf3b8dc26e5308c4f53c7721,data/manifests/phase1e/2019-06/daily/source_2019061400.json
2019061400,day2_24h,p02,B,1,5,0,0,0,0,0,0,13b9ffcfde4f6f333de487e792c47c228507560fb2e1addd3100b04b0bab66d0,13b9ffcfde4f6f333de487e792c47c228507560fb2e1addd3100b04b0bab66d0,data/manifests/phase1e/2019-06/daily/source_2019061400.json
2019061400,day2_24h,p03,A,4,8,409,13,13,396,77,0,7b6a48e3119cb94dd60ec59974a383fd0f925aabb9b5ab070252a00299b460fe,af944116ebdb23901f4d61565e0fcd9c8f4101617d6da1d317e0b2a68f4054eb,data/manifests/phase1e/2019-06/daily/source_2019061400.json
2019061400,day2_24h,p03,B,1,5,191,8,8,183,77,0,5920022ee923858d7d989195d742ebff3d16e18da9eb3aa60e6e3d3915f69f80,3f9adb700109e8029b53c142c903fb8ecb252c9cc1b3d2d5967f1f50f1523128,data/manifests/phase1e/2019-06/daily/source_2019061400.json
2019061400,day2_24h,p04,A,4,8,0,0,0,0,0,0,b5214ae19cb72ecbb6eedd00bf3c6239f67928aa6a0427d7f5433de383a48d33,b5214ae19cb72ecbb6eedd00bf3c6239f67928aa6a0427d7f5433de383a48d33,data/manifests/phase1e/2019-06/daily/source_2019061400.json
2019061400,day2_24h,p04,B,1,5,0,0,0,0,0,0,31997f74774d86d9824e844178af3b6be8137fd0d5a8cc2f399a6f6cf11db487,31997f74774d86d9824e844178af3b6be8137fd0d5a8cc2f399a6f6cf11db487,data/manifests/phase1e/2019-06/daily/source_2019061400.json
2019061400,day3_24h,c00,A,4,8,191,1,1,190,0,0,e888e9595767cd2cf386ae6ace44b05ff418f90ee66c85223f4e53e638d5f60a,9ae3a563ee57a26c6b15f5e0e2353e7f4c489165eda75f21e0fefdd14dd8aac4,data/manifests/phase1e/2019-06/daily/source_2019061400.json
2019061400,day3_24h,c00,B,1,5,0,0,0,0,0,0,e42e38a41862ef16025612f70035e382d8a0a32bf241e262a8dd7beafb72eaaf,e42e38a41862ef16025612f70035e382d8a0a32bf241e262a8dd7beafb72eaaf,data/manifests/phase1e/2019-06/daily/source_2019061400.json
2019061400,day3_24h,p01,A,4,8,147,5,5,142,13,0,930f498d63f650fa2e72557c8f385f2bd1649dba1be02f803fa70cf9946bbad8,62c71acdc76e04dacd84a2ec4b2b18430bd052942aadd224c57e43e09711ad98,data/manifests/phase1e/2019-06/daily/source_2019061400.json
2019061400,day3_24h,p01,B,1,5,85,2,2,83,13,0,335d3dcf016c9c7dacdc1787aa260bc7e5312f7effa50988a2066f69994cb6b5,d2021411e8eeb8676626e1fe7e11547d9454c2bf31d113e415e1b5bc110257f0,data/manifests/phase1e/2019-06/daily/source_2019061400.json
2019061400,day3_24h,p02,A,4,8,212,5,5,207,0,0,bc2c688de4ca2fe22860978c157e6b66429729c09d528c0067feeac85d99364f,952e3fa74296063538d48fbe6fd2ea07f2e202a971fc18e381c0a33f89ebabd5,data/manifests/phase1e/2019-06/daily/source_2019061400.json
2019061400,day3_24h,p02,B,1,5,0,0,0,0,0,0,5ff1078cd691492874c1d45e2c5cab4b824135b28c1cc520c52b120d9f863fa1,5ff1078cd691492874c1d45e2c5cab4b824135b28c1cc520c52b120d9f863fa1,data/manifests/phase1e/2019-06/daily/source_2019061400.json
2019061400,day3_24h,p03,A,4,8,0,0,0,0,0,0,9f1d3792b1f0142f8686aba45a4131bab1a2cfbd32f47a2deeff24707d0180ce,9f1d3792b1f0142f8686aba45a4131bab1a2cfbd32f47a2deeff24707d0180ce,data/manifests/phase1e/2019-06/daily/source_2019061400.json
2019061400,day3_24h,p03,B,1,5,0,0,0,0,0,0,e221084d26ea1fb8778af05d0ceb7cb4b49ad441010d7ccb7c3277d65fe26e7d,e221084d26ea1fb8778af05d0ceb7cb4b49ad441010d7ccb7c3277d65fe26e7d,data/manifests/phase1e/2019-06/daily/source_2019061400.json
2019061400,day3_24h,p04,A,4,8,217,6,6,211,20,0,efa7fe4de44a3a857c980d6dbd0a4b5293ea10695a0c6ffa6eba02663b963c02,f5ebebfdfa542cbef486068cccd5aef989f128c57b15ed1b38c8358526ade1b9,data/manifests/phase1e/2019-06/daily/source_2019061400.json
2019061400,day3_24h,p04,B,1,5,95,2,2,93,20,0,f6128e56dd6f46088bb99eb7f7276fccdb9a31fcffb9caaa8ee57f9f608e37f4,314e85f3d0019a202760f044aade9bbd96efbe898397327be0168c54e9dd8c38,data/manifests/phase1e/2019-06/daily/source_2019061400.json
2019061500,day1_24h,c00,A,4,8,0,0,0,0,0,0,59902e0a71e3908dbf11aa60ed7e17255971aeaf69b217f67078b06d2c062bdb,59902e0a71e3908dbf11aa60ed7e17255971aeaf69b217f67078b06d2c062bdb,data/manifests/phase1e/2019-06/daily/source_2019061500.json
2019061500,day1_24h,c00,B,1,5,0,0,0,0,0,0,a2357bb86d86901b46822f27558727119acd87db73db20b09acb89a242278af3,a2357bb86d86901b46822f27558727119acd87db73db20b09acb89a242278af3,data/manifests/phase1e/2019-06/daily/source_2019061500.json
2019061500,day1_24h,p01,A,4,8,80,0,0,80,6,0,00ca97667321b09a9594e23c72b87c509033a136e7b59e8eeaef39d1aa6f2ddd,ed485dda7ec49da43dd8360816b1b445571cd6606cdc2c717cb642799fbb218a,data/manifests/phase1e/2019-06/daily/source_2019061500.json
2019061500,day1_24h,p01,B,1,5,80,0,0,80,6,0,f746fdcaf1398482f917bf9b4acb176a95750ffda5ccf7111f395bd00575a145,dfc917e261d81d10d81a5c0fbeb30c0a46a458b584c771ea9e1bd5257faf6025,data/manifests/phase1e/2019-06/daily/source_2019061500.json
2019061500,day1_24h,p02,A,4,8,64,0,0,64,7,0,e26c0bc3cdfc8e6bfcc87464b32f78a4bc71799278bd60b69166d0f9a92b6eab,09ede4975faef366c9672485bd241ac8033e3f73410978fa7653636e030facb1,data/manifests/phase1e/2019-06/daily/source_2019061500.json
2019061500,day1_24h,p02,B,1,5,64,0,0,64,7,0,e499e66d8407016d7e2d3c3c8b09ecaebc448db6c3e4dcbe9fe2ab56cf3b7f4d,d32707a60714877a37729df7e0f5164217d76adb24c3797db2f2f7e614ac3a09,data/manifests/phase1e/2019-06/daily/source_2019061500.json
2019061500,day1_24h,p03,A,4,8,73,0,0,73,11,0,d0bf75e4770748e99ffe81ac53bfae3cc4cb83c8a3b67af370d5137ec1b58a14,fb856121736bf4a7cd4b8e00bf9e08340e54baf0f7e70516a46900d39d3b24bc,data/manifests/phase1e/2019-06/daily/source_2019061500.json
2019061500,day1_24h,p03,B,1,5,73,0,0,73,11,0,cf905b053df4a18159c3c695cb0b7c048d4814e8a121724f531587a05a9bf4e1,d5ff0ff84b583ea548ad5c2e3a7a0abfa7f202ae980870f4c75931ffab6251be,data/manifests/phase1e/2019-06/daily/source_2019061500.json
2019061500,day1_24h,p04,A,4,8,0,0,0,0,0,0,f884d9c6856992c8715136f3bd8567dfd671382616c18916479977a3089c2ff5,f884d9c6856992c8715136f3bd8567dfd671382616c18916479977a3089c2ff5,data/manifests/phase1e/2019-06/daily/source_2019061500.json
2019061500,day1_24h,p04,B,1,5,0,0,0,0,0,0,e32b3a4e2cdc7a41f677a32d2e38445f54ccee047ee005f6b26daa8b628510d3,e32b3a4e2cdc7a41f677a32d2e38445f54ccee047ee005f6b26daa8b628510d3,data/manifests/phase1e/2019-06/daily/source_2019061500.json
2019061500,day2_24h,c00,A,4,8,130,1,1,129,0,0,528e959bd0cda383ba603154bf0427f2510bfaf7349d5e651075a568c43c4a5c,bb42b13c610baf715cdbf7b75e1cce4ac28dbbf5e14edba8049f4a78dd25145c,data/manifests/phase1e/2019-06/daily/source_2019061500.json
2019061500,day2_24h,c00,B,1,5,0,0,0,0,0,0,87211543cfe33f3a2535e606dd6c54ea0f2059849cf77beccf8833483271c99c,87211543cfe33f3a2535e606dd6c54ea0f2059849cf77beccf8833483271c99c,data/manifests/phase1e/2019-06/daily/source_2019061500.json
2019061500,day2_24h,p01,A,4,8,97,2,2,95,0,0,9f1cb4b26dcdcf58f9b4d34df387681ec520e7b9b16a03dad0a47a1438b8ddb0,ec3692c28c7121b297bff707ac53531246d656970fa502b2c10fca3e8efb17a6,data/manifests/phase1e/2019-06/daily/source_2019061500.json
2019061500,day2_24h,p01,B,1,5,0,0,0,0,0,0,dcfe26587152056d2a88fa1c2de270a9768fa61b54a39276af06c36f39d41cb5,dcfe26587152056d2a88fa1c2de270a9768fa61b54a39276af06c36f39d41cb5,data/manifests/phase1e/2019-06/daily/source_2019061500.json
2019061500,day2_24h,p02,A,4,8,0,0,0,0,0,0,4f09bb0f0bddbba38f6517d50a86a50c8ee50ad5ff2e0780c00b26c527e06842,4f09bb0f0bddbba38f6517d50a86a50c8ee50ad5ff2e0780c00b26c527e06842,data/manifests/phase1e/2019-06/daily/source_2019061500.json
2019061500,day2_24h,p02,B,1,5,0,0,0,0,0,0,a280467a9ac652b24d974bb23584cf3bbeed96e8a083dadd5558606288439e73,a280467a9ac652b24d974bb23584cf3bbeed96e8a083dadd5558606288439e73,data/manifests/phase1e/2019-06/daily/source_2019061500.json
2019061500,day2_24h,p03,A,4,8,126,4,4,122,0,0,07548a49db57db15f7c4c6a3bf9e0fbf8287fd2f46393784959a20aead87bee2,d2cd3fd54f35c81bb8480c7fb8358312f5bcf7031225c8347230b2a1dde558cf,data/manifests/phase1e/2019-06/daily/source_2019061500.json
2019061500,day2_24h,p03,B,1,5,0,0,0,0,0,0,e8aeb4f713d87072c964440fd69b9ea25dc379af9493a52e5d69956b586d10d6,e8aeb4f713d87072c964440fd69b9ea25dc379af9493a52e5d69956b586d10d6,data/manifests/phase1e/2019-06/daily/source_2019061500.json
2019061500,day2_24h,p04,A,4,8,301,4,4,297,14,0,1b63f9d1eed20407a1df705ff305992f9358bcb86bcb366318026ef19a2c8f33,80ea89b51416168d438c7166bca4ff920171594379d65a20e9ad97cd7dfc18be,data/manifests/phase1e/2019-06/daily/source_2019061500.json
2019061500,day2_24h,p04,B,1,5,127,2,2,125,14,0,64e7e1b5f7e212dd90166c3cfcfc65b1e8a076030b6d89a6c882af3b5b699093,c0241f85f6861bc75335d35e4a229dfa741aeb1700716918a7d75d24b30fe060,data/manifests/phase1e/2019-06/daily/source_2019061500.json
2019061500,day3_24h,c00,A,4,8,254,4,4,250,32,1,612044755c0afbd98017557143489bae2e090ff36036f2619593fd769f18dbc5,1b1ec83f6bb6ff049b6b5281fa106a4830b975143a3307d3d38234c4721c1438,data/manifests/phase1e/2019-06/daily/source_2019061500.json
2019061500,day3_24h,c00,B,1,5,92,1,1,91,32,1,71f448ce030e65d022d9786bcfb1a2301533f1a1cbcef6a3fb046b62067fadbf,37771e5a3315155cc5ee416a6bdbc433d25c73fa83755ca56a36c989b4676439,data/manifests/phase1e/2019-06/daily/source_2019061500.json
2019061500,day3_24h,p01,A,4,8,268,8,8,260,93,1,023fac71ff337fd1fcde1d472a89e9c1bf33beb1237d86383a40eb653968fadc,7e6e88c115534d096bc3c7611c684eac06ff08764ef92e5d72425d8ee8eabeeb,data/manifests/phase1e/2019-06/daily/source_2019061500.json
2019061500,day3_24h,p01,B,1,5,155,4,4,151,93,1,07f29959c3e71d0753829433e9ff24aaf7ab2156bb5e2548cc5e2ce696795ddd,97d6f2e917d33f14285b0f87748dee36af2fdcafb396aaa31aae6ccc68fa0e8d,data/manifests/phase1e/2019-06/daily/source_2019061500.json
2019061500,day3_24h,p02,A,4,8,323,10,10,313,0,0,26500483378e18de559490e5301bec8717190b3e7d3bcdb35915503b41fc9805,09fd5eaf96ca23bbdc833485acf84d7a8d07100b4f64a62ddcf2d6b635f785dc,data/manifests/phase1e/2019-06/daily/source_2019061500.json
2019061500,day3_24h,p02,B,1,5,0,0,0,0,0,0,838e6a9d673c92a3f400def89eb826a9c04a8cc7290f8e8a08e038e451b76f86,838e6a9d673c92a3f400def89eb826a9c04a8cc7290f8e8a08e038e451b76f86,data/manifests/phase1e/2019-06/daily/source_2019061500.json
2019061500,day3_24h,p03,A,4,8,300,9,9,291,0,0,5dc131c948dc2a45c41b825aadd6031e7eb41cd6a644d628905dae1eba56524e,381226d2183f49cdb8e1c1bbc54ba242d25fb4955ac453a90c0f8a18e141e1b2,data/manifests/phase1e/2019-06/daily/source_2019061500.json
2019061500,day3_24h,p03,B,1,5,0,0,0,0,0,0,525b337f278b737cbbf10884742bfbd02cae3f3fdb999076b008e26d5f61ecf1,525b337f278b737cbbf10884742bfbd02cae3f3fdb999076b008e26d5f61ecf1,data/manifests/phase1e/2019-06/daily/source_2019061500.json
2019061500,day3_24h,p04,A,4,8,238,2,2,236,46,0,f9593796471ed5c8dc3027f85a313b07abf348143666f660a31fb1bf39e92f04,7bab1d64a68ea747366ea228ac159b6dffd77d71263d01592a93dcf25f800481,data/manifests/phase1e/2019-06/daily/source_2019061500.json
2019061500,day3_24h,p04,B,1,5,146,2,2,144,46,0,10087404c2eaa580f616de434c979f0e58035acf5c2ae8eb3d3ff1459bdae08c,6b31c72e17b709b1719aae0eab9a7e6163c3bc8fc0334bbe11447aaa7e513eb8,data/manifests/phase1e/2019-06/daily/source_2019061500.json
2019061600,day1_24h,c00,A,4,8,93,1,1,92,0,0,ee910eaf463f987e63e76ba06a0cebd3b79711f8fa678b8f7fb6837a41016286,36e206cce57917705092d820e1381c2683d4667ba167141ce9fff1ab943d121e,data/manifests/phase1e/2019-06/daily/source_2019061600.json
2019061600,day1_24h,c00,B,1,5,0,0,0,0,0,0,c37778b0482c192f7cbd0e451c3dc93651b47e7a9a02cfcab3fa0dc2ddc3b644,c37778b0482c192f7cbd0e451c3dc93651b47e7a9a02cfcab3fa0dc2ddc3b644,data/manifests/phase1e/2019-06/daily/source_2019061600.json
2019061600,day1_24h,p01,A,4,8,121,0,0,121,12,0,0667ee1084e5dfa8ddf7d8e107a389e51769f4091ded26488aed6c85b0601b1e,e378e366c221f072c5d6810d7322c2edca061ff42a8385eaabc0eea69c4014c8,data/manifests/phase1e/2019-06/daily/source_2019061600.json
2019061600,day1_24h,p01,B,1,5,121,0,0,121,12,0,fd8389ac2b72392e51b290ffd6443099b184f5a638493e08eca7c000db367e3d,6c8b192db8b84332a0a9f05029b752169dfad535343afef0e824f6e0b0b5bee1,data/manifests/phase1e/2019-06/daily/source_2019061600.json
2019061600,day1_24h,p02,A,4,8,0,0,0,0,0,0,8d135d9a48cf0999ece4fa6566d5000127660b8596469cd441ff3ea58367fb94,8d135d9a48cf0999ece4fa6566d5000127660b8596469cd441ff3ea58367fb94,data/manifests/phase1e/2019-06/daily/source_2019061600.json
2019061600,day1_24h,p02,B,1,5,0,0,0,0,0,0,36663b2f63d6710a6606ad96f98499dba3ee6ac00a8b53ace8bfa9d70c7b3ef1,36663b2f63d6710a6606ad96f98499dba3ee6ac00a8b53ace8bfa9d70c7b3ef1,data/manifests/phase1e/2019-06/daily/source_2019061600.json
2019061600,day1_24h,p03,A,4,8,148,0,0,148,7,0,9a89a008a0fd32ffe29d40cbba4e431e9c4bc51c7c0ca923c4fd7e99969d4e8c,bdd7d95d222f2c807e6d4ed30b2b4e2ded07991a236be27014012dea1099d581,data/manifests/phase1e/2019-06/daily/source_2019061600.json
2019061600,day1_24h,p03,B,1,5,148,0,0,148,7,0,34bed62bdf8f36e61edb30deabf08223d7fe87f75abe66c44d5ac8fb184e1afc,9d9da9d7c9b54025b1f699e12aab9e0ffb0e24657873afb8f3765a15cb89fc4e,data/manifests/phase1e/2019-06/daily/source_2019061600.json
2019061600,day1_24h,p04,A,4,8,343,6,6,337,11,0,b564b698dc4a166e0a8e7ae64a4df7f4835592489e3234bb43a0fb09a8488597,8c096dc6d171f6440c8b2e6a4a92a6a71aa21c6c8c66689764a676e2a7fd0ba5,data/manifests/phase1e/2019-06/daily/source_2019061600.json
2019061600,day1_24h,p04,B,1,5,99,0,0,99,11,0,ee98aee34f29093ee13e7a91c40f768594db00b7da965830ee5a486b4c26756c,6600a0fc0e3beb2f11032206953d5cfbeb7bcf6812c204151b95dfac16ca87b0,data/manifests/phase1e/2019-06/daily/source_2019061600.json
2019061600,day2_24h,c00,A,4,8,217,6,6,211,0,0,8ccc0ee01c1324d92b191a0e5b52e5d9fa8af232006a22f827d0ee6535cf670d,0ecfa52a8e417052e5c1c4e76f15ee12ea7b01f21eaf91fb4b3a4945f5c93cd3,data/manifests/phase1e/2019-06/daily/source_2019061600.json
2019061600,day2_24h,c00,B,1,5,0,0,0,0,0,0,15e9c7334ccf3ed75963865a8dfbc19b1cefe8e15505970fbc945f1c99d32f6b,15e9c7334ccf3ed75963865a8dfbc19b1cefe8e15505970fbc945f1c99d32f6b,data/manifests/phase1e/2019-06/daily/source_2019061600.json
2019061600,day2_24h,p01,A,4,8,148,8,8,140,0,0,30765715e497e0a365a0adc839978e944540fd7b9c4d5b61b3b7fe4675c62913,852ae536ef8cbda47e572486d92420a56e8916792b20babaf67b863e3bff7cae,data/manifests/phase1e/2019-06/daily/source_2019061600.json
2019061600,day2_24h,p01,B,1,5,0,0,0,0,0,0,0b1eabbe92a8326b4dd6111a4a06b1f4ef0181eeaf163508e0690afd4a83b44f,0b1eabbe92a8326b4dd6111a4a06b1f4ef0181eeaf163508e0690afd4a83b44f,data/manifests/phase1e/2019-06/daily/source_2019061600.json
2019061600,day2_24h,p02,A,4,8,0,0,0,0,0,0,df32df71de9024b6ca734b8fb748d9f54945d64be9db33edf64b39cfbb463801,df32df71de9024b6ca734b8fb748d9f54945d64be9db33edf64b39cfbb463801,data/manifests/phase1e/2019-06/daily/source_2019061600.json
2019061600,day2_24h,p02,B,1,5,0,0,0,0,0,0,cf95dc1cc86ff0f8efe7680b7dd1789361828629eb8b0de3828f6aea34800344,cf95dc1cc86ff0f8efe7680b7dd1789361828629eb8b0de3828f6aea34800344,data/manifests/phase1e/2019-06/daily/source_2019061600.json
2019061600,day2_24h,p03,A,4,8,232,5,5,227,36,0,58be1c2bac9a66d9b291b98d6f9cc354ada441c1141e1d449f6d3b6dfa56010f,f3523aa330f1e345557a0280ee51bcac459f1f49f007a67117a08259f5298ea3,data/manifests/phase1e/2019-06/daily/source_2019061600.json
2019061600,day2_24h,p03,B,1,5,149,1,1,148,36,0,71842fccc2126053feccc27657b0f3506d2845c5907cc0e769e7238b12bfece1,36aec52a631f0c356f214de8f898f0814ee288ad17ec973b58c5e575c28d7747,data/manifests/phase1e/2019-06/daily/source_2019061600.json
2019061600,day2_24h,p04,A,4,8,199,1,1,198,65,1,bae3c5f5894e1b92f56ab51e0f023c018319baf38d4d8fa0bb07a3981e51da47,202af88155ec285de4b538c1b8e4421d98589ec3cb1a1e7de1c40c1a4ddf9dd8,data/manifests/phase1e/2019-06/daily/source_2019061600.json
2019061600,day2_24h,p04,B,1,5,126,1,1,125,65,1,016cb7f7eafd64242391d5b5b266859089a3eae0a039ff10996dc57bf2893355,516459d9a3bb2696de04000a2104f3532aad9f28bcaf89961b7e205d1df3f8ab,data/manifests/phase1e/2019-06/daily/source_2019061600.json
2019061600,day3_24h,c00,A,4,8,172,5,5,167,66,1,2d9e9000e3ebb3e561c7ccf83e2b29ce06c1cdd3e18bcbc01f7a58912ee10894,33d0199456de53081345bdb07ca2ffb2e6e246bfa2071c6bb3baa905748e43da,data/manifests/phase1e/2019-06/daily/source_2019061600.json
2019061600,day3_24h,c00,B,1,5,117,2,2,115,66,1,21288a0c4dd1f21db5ee348b4f063a59a4e80c539ad3720b8fe412fc909c2b8d,75d81a797a38dc23f8aa42c6a045afd34f0e0192544d706ab2ed4fc379224422,data/manifests/phase1e/2019-06/daily/source_2019061600.json
2019061600,day3_24h,p01,A,4,8,344,5,5,339,0,0,35cc1c2000e195ed21dd94e2eb9c8ff7810d42a5a460e93c80f2a305bb24ce7a,01483f761de427c84c6b629a16ce6438200b81cde9575f375eec7fe9746aa67a,data/manifests/phase1e/2019-06/daily/source_2019061600.json
2019061600,day3_24h,p01,B,1,5,0,0,0,0,0,0,3cff282d823ca2c29f169432827f711091163c6636e3838a7de43752e623f459,3cff282d823ca2c29f169432827f711091163c6636e3838a7de43752e623f459,data/manifests/phase1e/2019-06/daily/source_2019061600.json
2019061600,day3_24h,p02,A,4,8,313,8,8,305,50,0,b7ec355d29b5f6cfbc44bfa13843b906c9ab367edcf927b1ebec40177073fbb0,570d6a92f6046835e2d2edf4ddcd2d965dd2c314cf3d07ff9dcb61535e8789cb,data/manifests/phase1e/2019-06/daily/source_2019061600.json
2019061600,day3_24h,p02,B,1,5,181,2,2,179,50,0,23c40a8866fe3935c95150c9d45f15f6a786ed272326f94d32aa40e59b6bf814,2bb6efcc7a0cd5f0a9848ad0c3464c56fa4ffa4a5ed0262c16a59708317a9ea5,data/manifests/phase1e/2019-06/daily/source_2019061600.json
2019061600,day3_24h,p03,A,4,8,70,2,2,68,0,0,9d50e0928cbb822c4ca6f1d0c2c146616d51abdb48369d02d64a973a8b07c8f7,08135a073812f87f7c83f6cb327ed12ae3cc4e1af48d588b73a3a390accbed02,data/manifests/phase1e/2019-06/daily/source_2019061600.json
2019061600,day3_24h,p03,B,1,5,0,0,0,0,0,0,0571c7b342a0550eb762545416c3e35c8095cbab422619516bb9f9d31d5aea06,0571c7b342a0550eb762545416c3e35c8095cbab422619516bb9f9d31d5aea06,data/manifests/phase1e/2019-06/daily/source_2019061600.json
2019061600,day3_24h,p04,A,4,8,144,7,7,137,0,0,429821b53604be81de6c8b37fa706cf534e222eda236e82d2bb1c85f7af154dd,2fb0400b646757524703943e0d5ea0a22fd85938271855fe837d6a9f0e47aa12,data/manifests/phase1e/2019-06/daily/source_2019061600.json
2019061600,day3_24h,p04,B,1,5,0,0,0,0,0,0,8d7c7cb773765fd14e6f44887e7da567d73e6097a1a6ce931d3465230975da82,8d7c7cb773765fd14e6f44887e7da567d73e6097a1a6ce931d3465230975da82,data/manifests/phase1e/2019-06/daily/source_2019061600.json
2019061700,day1_24h,c00,A,4,8,88,2,2,86,0,0,ca924b48605235717a5d9b265d718803cbcab8a638d3fb0c017e71e0ed64d544,17df6dedf9d6358b08145c0bfbda0031693c8ae294f08b5968d37a7cf2c35417,data/manifests/phase1e/2019-06/daily/source_2019061700.json
2019061700,day1_24h,c00,B,1,5,0,0,0,0,0,0,4f5fcd1e03e6207518c646a5e85d9e3a81fb27d6ac034c68849b2dda6207b160,4f5fcd1e03e6207518c646a5e85d9e3a81fb27d6ac034c68849b2dda6207b160,data/manifests/phase1e/2019-06/daily/source_2019061700.json
2019061700,day1_24h,p01,A,4,8,50,0,0,50,2,0,4eb1c2754d802f5c49fe25555e94245911dd316834eb6000c3016e1d4dcf37e4,1f6e220bd90bc70c8f6fea5f22499320463a0fb194a861c4517dc8006ae751f6,data/manifests/phase1e/2019-06/daily/source_2019061700.json
2019061700,day1_24h,p01,B,1,5,50,0,0,50,2,0,db16f270f646ac9e1ab0ccdf975310812da17b75f84db5f690fc380a096da15c,26ef6e12df5b85d9cdd418d7f1bef653254a0cb11ce7505ae1ce3e5496d47eb7,data/manifests/phase1e/2019-06/daily/source_2019061700.json
2019061700,day1_24h,p02,A,4,8,0,0,0,0,0,0,d1b23f2d5910854bd7e7740d27b4849a28ca2203bbef44cec080ca8dd1b66929,d1b23f2d5910854bd7e7740d27b4849a28ca2203bbef44cec080ca8dd1b66929,data/manifests/phase1e/2019-06/daily/source_2019061700.json
2019061700,day1_24h,p02,B,1,5,0,0,0,0,0,0,683d8f8d44933db20d4b339517596750373753a1331e15c0de4c1c62844b38d7,683d8f8d44933db20d4b339517596750373753a1331e15c0de4c1c62844b38d7,data/manifests/phase1e/2019-06/daily/source_2019061700.json
2019061700,day1_24h,p03,A,4,8,74,1,1,73,0,0,5d61fb5a8ef8458c2ebde2fbc20c37d9da30570ad51b6cf8d1ee744fafb50c1d,71651c3fa540489049047709092c2e58aff8a00b85af1008eba4e46b83eab3e3,data/manifests/phase1e/2019-06/daily/source_2019061700.json
2019061700,day1_24h,p03,B,1,5,0,0,0,0,0,0,0d099eca266bfe0a70a1644bb8c845d67b34e3846428892504b21a8f35d6e2dc,0d099eca266bfe0a70a1644bb8c845d67b34e3846428892504b21a8f35d6e2dc,data/manifests/phase1e/2019-06/daily/source_2019061700.json
2019061700,day1_24h,p04,A,4,8,237,5,5,232,0,0,b37b1312f266d6d68c4a5a9ad6e59c56c343528cf42bf7bb3d7c3d2bd46c2fbd,0902255e8889f1e6d183fbb5754b4ddb91792c3cd962ac1b977009470a5335fa,data/manifests/phase1e/2019-06/daily/source_2019061700.json
2019061700,day1_24h,p04,B,1,5,0,0,0,0,0,0,9796a7572e846b293110b8adcea8697238f23f429e206b569c3c15558a971e3a,9796a7572e846b293110b8adcea8697238f23f429e206b569c3c15558a971e3a,data/manifests/phase1e/2019-06/daily/source_2019061700.json
2019061700,day2_24h,c00,A,4,8,228,5,5,223,0,0,9830a4506e994158fb04c1e7f422588354a7f6467d9196db814b88bcaafb7453,b4d5df65010118e12e52d9e5758bd871652606ad31b4974bc34048d6c530c1af,data/manifests/phase1e/2019-06/daily/source_2019061700.json
2019061700,day2_24h,c00,B,1,5,0,0,0,0,0,0,840d7615a3d523ed4f8a8877a852a7946fe06fca94a0b118f8dac6bddde464e4,840d7615a3d523ed4f8a8877a852a7946fe06fca94a0b118f8dac6bddde464e4,data/manifests/phase1e/2019-06/daily/source_2019061700.json
2019061700,day2_24h,p01,A,4,8,167,6,6,161,0,0,d240e010adf346a985382baf35159308759c350120803e2b374ca6019dc39b66,7563a598cc48d10745837d1013b890c6bda72fa12e0958f1a1684ba67208ac31,data/manifests/phase1e/2019-06/daily/source_2019061700.json
2019061700,day2_24h,p01,B,1,5,0,0,0,0,0,0,fd1f204c4058a05f1b5cc9c60211bff49f87999780001927da13c56b3dc561e2,fd1f204c4058a05f1b5cc9c60211bff49f87999780001927da13c56b3dc561e2,data/manifests/phase1e/2019-06/daily/source_2019061700.json
2019061700,day2_24h,p02,A,4,8,127,5,5,122,0,0,dc61d3a1cf7e94be87a83425896111dd9f3b70ca4ea8c6d68d1e3d5d38a76042,3d096253d102fc07ca4511baf779c71fe7e4f93d992ab7336e9d38dffb2773b8,data/manifests/phase1e/2019-06/daily/source_2019061700.json
2019061700,day2_24h,p02,B,1,5,0,0,0,0,0,0,1341c3873d9becaaf644f51145c24609c004a72a3356613686f1fef38dd5e6d8,1341c3873d9becaaf644f51145c24609c004a72a3356613686f1fef38dd5e6d8,data/manifests/phase1e/2019-06/daily/source_2019061700.json
2019061700,day2_24h,p03,A,4,8,0,0,0,0,0,0,be7c6c54e057b544555810d37ac6867d20a336156ea1016e62e9e46e4d6edb4e,be7c6c54e057b544555810d37ac6867d20a336156ea1016e62e9e46e4d6edb4e,data/manifests/phase1e/2019-06/daily/source_2019061700.json
2019061700,day2_24h,p03,B,1,5,0,0,0,0,0,0,48ecab7d13c585cbbadc02e46e13a0c2076c9c63dc0f767f0481a001820ce0e3,48ecab7d13c585cbbadc02e46e13a0c2076c9c63dc0f767f0481a001820ce0e3,data/manifests/phase1e/2019-06/daily/source_2019061700.json
2019061700,day2_24h,p04,A,4,8,61,0,0,61,19,0,85a2978538bf003846c0ed99b6f6959e01910e73f43d4b4ce6a84583e0697d4c,4ac23f5f1f0fdbcc0938e9b564b9c91580ef6dd0ea44de50aa27c89221cb855a,data/manifests/phase1e/2019-06/daily/source_2019061700.json
2019061700,day2_24h,p04,B,1,5,61,0,0,61,19,0,a3ed9063316e26dc177f15ef50974f91192c2b753eec261c733ea5c42750aec6,a12873f6d525af9108a0c910a9006dcb8f6240aecd66e139b12710902a3bf1ea,data/manifests/phase1e/2019-06/daily/source_2019061700.json
2019061700,day3_24h,c00,A,4,8,435,18,18,417,41,0,21cbe0d75d464473fb4d10371b864bf427fe1da36667de3699a323a83cdf5963,29ab5d7828d0d8b79f6ce6a8e7ff75ab32f1f2279a81cebe89598689a0fd8685,data/manifests/phase1e/2019-06/daily/source_2019061700.json
2019061700,day3_24h,c00,B,1,5,116,1,1,115,41,0,853e46cf44957ce0011e18fc495b18dcf6cd4db5f6ad64a99be7372e8510f02c,76f5163623acff3bb26b3668ba5648b7d762ee65aa3d7bd79b9946fd508db17f,data/manifests/phase1e/2019-06/daily/source_2019061700.json
2019061700,day3_24h,p01,A,4,8,425,11,11,414,8,0,bb75cce04bc7c6a1574a83eba3873c03f107230b48df75d8d2fe4aea450660f9,82ecd40cba484dde5c63b63f9d79b52fc90083d8320196a92401888d42ce7d14,data/manifests/phase1e/2019-06/daily/source_2019061700.json
2019061700,day3_24h,p01,B,1,5,163,1,1,162,8,0,029e79571c52a8b90d45eb2ff9174016fc8429b6c58e2a716596dafe583c037c,b7ce640067fe1379e8e1930fccb06e90e026ce1fe204a66675c6c73f78230ecb,data/manifests/phase1e/2019-06/daily/source_2019061700.json
2019061700,day3_24h,p02,A,4,8,0,0,0,0,0,0,7f74776a6cdde982fbf539f1ce57a365b0c2192a9b7374ec06ff35b5fec027e5,7f74776a6cdde982fbf539f1ce57a365b0c2192a9b7374ec06ff35b5fec027e5,data/manifests/phase1e/2019-06/daily/source_2019061700.json
2019061700,day3_24h,p02,B,1,5,0,0,0,0,0,0,3f8e6aa6f65dd769b7f6317315e979b5ed5d5be8875e8125ce314e5fc5601cf1,3f8e6aa6f65dd769b7f6317315e979b5ed5d5be8875e8125ce314e5fc5601cf1,data/manifests/phase1e/2019-06/daily/source_2019061700.json
2019061700,day3_24h,p03,A,4,8,108,2,2,106,0,0,d12247e491fb28fb63cedd1eb8b6ad610c15f4971a93486b47dfb47484db32c6,07d25585ba987ce41ac2475875a90609f75e0ce937bdffea67e3685c370c8fe2,data/manifests/phase1e/2019-06/daily/source_2019061700.json
2019061700,day3_24h,p03,B,1,5,0,0,0,0,0,0,3a7051b0481f5f0056fe9772e0e120bd8f3c6db48ba20ab20a7779f38e859eda,3a7051b0481f5f0056fe9772e0e120bd8f3c6db48ba20ab20a7779f38e859eda,data/manifests/phase1e/2019-06/daily/source_2019061700.json
2019061700,day3_24h,p04,A,4,8,294,11,11,283,7,0,1cd5c629299cf316054376349a398651200d756bc3aedf44c424bc96df24ea5c,8808d264bbf9b436f4920dcd85b994b51941f6cb58006bc298c61b48685a67cc,data/manifests/phase1e/2019-06/daily/source_2019061700.json
2019061700,day3_24h,p04,B,1,5,117,3,3,114,7,0,7f330404176ad2993fdaff3a5e69c91f8648e2726d19515deb836c356aa1c078,ac8aacf6c059ce21e8aefb980c0855e19a93ca1b46bea9bfc986e035caaa13b9,data/manifests/phase1e/2019-06/daily/source_2019061700.json
2019061800,day1_24h,c00,A,4,8,46,1,1,45,0,0,69235c575b9d70ba611661bc47adfb9731a057011d42febd8041774673d5ff38,114dd1e275e299027e6ac5ba59807ea2e73e0a86a2643f5f90d95d718178c5a5,data/manifests/phase1e/2019-06/daily/source_2019061800.json
2019061800,day1_24h,c00,B,1,5,0,0,0,0,0,0,9d161f4124d0d7803b5237a27cabea2eb5fcf0a17c34761c6da1052dd1730668,9d161f4124d0d7803b5237a27cabea2eb5fcf0a17c34761c6da1052dd1730668,data/manifests/phase1e/2019-06/daily/source_2019061800.json
2019061800,day1_24h,p01,A,4,8,261,13,13,248,1,0,68922fa0e64efeb5ef5d9a07202c08eb79a80e1c96647c0406e029158bc2f8ff,bb95d85ce994ef87a91672a153cebb01f0f9b40f84f8bb285d30ce838a7cd32f,data/manifests/phase1e/2019-06/daily/source_2019061800.json
2019061800,day1_24h,p01,B,1,5,15,0,0,15,1,0,bd575b90fa971772313293debb69375e78bbd2a7e8b1a266bebb6a71a7d7d4f7,83c956424fab22d02d71fb5cc3e77009322f74aac56fa88a76e5a2ed68cb0deb,data/manifests/phase1e/2019-06/daily/source_2019061800.json
2019061800,day1_24h,p02,A,4,8,51,0,0,51,8,0,e47759e02c2e58bc3d8aec3c094962c267269ddbf05cbe51249deb8c46de81ff,682ca43135b195d053e4b3c6e97e0705e2d52f0897c48ef4760f6d140662303f,data/manifests/phase1e/2019-06/daily/source_2019061800.json
2019061800,day1_24h,p02,B,1,5,51,0,0,51,8,0,527fcc049eff15570460a05250fad1e5b805a9d534d8c286556293b84f7a7024,2934ec261029a579b8b0c6adb79a3b694682dac4588e10dc7dc5d5421142ade9,data/manifests/phase1e/2019-06/daily/source_2019061800.json
2019061800,day1_24h,p03,A,4,8,248,7,7,241,0,0,8787d073ad512d514ff036d194fceee7bb358a3c786d2883e004a3037f93855c,f8c171508b9a7450374d75d61d56fdb51309b2b8400e832589d251ea5909684f,data/manifests/phase1e/2019-06/daily/source_2019061800.json
2019061800,day1_24h,p03,B,1,5,0,0,0,0,0,0,c268d318306429fb13b937a87c3b25c27fa4e62f30fa33559d972f54ebccbead,c268d318306429fb13b937a87c3b25c27fa4e62f30fa33559d972f54ebccbead,data/manifests/phase1e/2019-06/daily/source_2019061800.json
2019061800,day1_24h,p04,A,4,8,52,0,0,52,5,0,a00df9077ef5996ccc96fa815791d8212753c26464c98e94b511777aa61caf2a,a5614285b6cc0f468dce2ee6095d3e5c47e77975fbfa9a0c49f18c95f0f003f2,data/manifests/phase1e/2019-06/daily/source_2019061800.json
2019061800,day1_24h,p04,B,1,5,52,0,0,52,5,0,2cb76181cc803efa190f18b3f5f701f2048467bf22def1704214a3917f3a3cc8,299e59498656d550b07af5c20f0a408931601a3cae8e50b994d72f7841d4be62,data/manifests/phase1e/2019-06/daily/source_2019061800.json
2019061800,day2_24h,c00,A,4,8,95,2,2,93,26,0,2e456bfa9316323e2ab316ea88d8b8f132f82b0718b455ea4557bd192a95ede7,9075aaa8b1dc9604a7b121012d88b0ce789884b939e8f3700547e088c1aa1d43,data/manifests/phase1e/2019-06/daily/source_2019061800.json
2019061800,day2_24h,c00,B,1,5,95,2,2,93,26,0,af131bd447d36c499c4d027d6d534ec5fbd84d876799913cb30b2fdb3a235698,939d677d734ee39b177b13d647982cb3575905eadce16f81b16f31de1bf2a3d3,data/manifests/phase1e/2019-06/daily/source_2019061800.json
2019061800,day2_24h,p01,A,4,8,187,1,1,186,0,0,1b7e5753c5bef223453822b8cbe916a268f2a7fba1f953ef2fb862d1a288c4a5,8839a95dc7673a5de97dbec052e95ef7a133eff9481eb6ea1274c6033a493f9b,data/manifests/phase1e/2019-06/daily/source_2019061800.json
2019061800,day2_24h,p01,B,1,5,0,0,0,0,0,0,555693547eef46a5ca17930852a62b90c7a9e4bc7722a1d7ad2b7eee135383d1,555693547eef46a5ca17930852a62b90c7a9e4bc7722a1d7ad2b7eee135383d1,data/manifests/phase1e/2019-06/daily/source_2019061800.json
2019061800,day2_24h,p02,A,4,8,263,5,5,258,0,0,fe8c7b983a8041b29b023bed940d771d5284c85163ddb18ac708b7f9ba8a032c,8307dadfa91c3786f3cdd03033080474dd3b03aa1c5569988c9a9a4cad82112c,data/manifests/phase1e/2019-06/daily/source_2019061800.json
2019061800,day2_24h,p02,B,1,5,0,0,0,0,0,0,ea213c286e4e322774dfe1bb83f4f5d830f7b98ac740ef83170b91263c413ab9,ea213c286e4e322774dfe1bb83f4f5d830f7b98ac740ef83170b91263c413ab9,data/manifests/phase1e/2019-06/daily/source_2019061800.json
2019061800,day2_24h,p03,A,4,8,230,4,4,226,48,1,c62aa36e2a2ca0aac0517138c9d272eef849db6dafd8add9a397f6a8e82caae6,7a05f4fbc14239f9862bbdd1fc04ffc521f945070a0b006732c409946dd14505,data/manifests/phase1e/2019-06/daily/source_2019061800.json
2019061800,day2_24h,p03,B,1,5,125,1,1,124,48,1,adb03c877be839d3ec0c5905aa5ec14873fa33337f25ddf44de9fa8dd8bdb58c,2aa2cd5f60e6b7a3ec7698c9d7538d0334893b35ddec61a0396f23e336306790,data/manifests/phase1e/2019-06/daily/source_2019061800.json
2019061800,day2_24h,p04,A,4,8,338,14,14,324,0,0,f3b0b1892bd2b7579f844ff9f31d6218e82cc4b8b4ee179f588a0dc7572e16e6,7219650a18c74c63debef3ca9f78fc8fb588ff37b3d6a423abe3dc3565569bcc,data/manifests/phase1e/2019-06/daily/source_2019061800.json
2019061800,day2_24h,p04,B,1,5,0,0,0,0,0,0,54df550a20d0a1a11ede40de8d341c4aeb3d840e58ee71716c5f2ea3f3a335ff,54df550a20d0a1a11ede40de8d341c4aeb3d840e58ee71716c5f2ea3f3a335ff,data/manifests/phase1e/2019-06/daily/source_2019061800.json
2019061800,day3_24h,c00,A,4,8,447,19,19,428,0,0,172d7a5e202cce3dde272351cc2ced64b96551341731ba65e780465ea2928288,91277346c09185a25332c60f762c26cd875f5f188bc16494f51058a7c119d1e1,data/manifests/phase1e/2019-06/daily/source_2019061800.json
2019061800,day3_24h,c00,B,1,5,0,0,0,0,0,0,3fa4a407a77d2b08d4f2eba9032b4ab83703fb894d23f5943d14eed1abd11e19,3fa4a407a77d2b08d4f2eba9032b4ab83703fb894d23f5943d14eed1abd11e19,data/manifests/phase1e/2019-06/daily/source_2019061800.json
2019061800,day3_24h,p01,A,4,8,96,4,4,92,0,0,e2668ba47dd6842ff265a390e0f643dc85cd1a24856d548a29c35a6ddac32916,e54499923b5ed86cfa74135ce621d2ba9a919e3ea379b0c2dc8856393db8be97,data/manifests/phase1e/2019-06/daily/source_2019061800.json
2019061800,day3_24h,p01,B,1,5,0,0,0,0,0,0,e1d9680a9529e2d1dadfa61aab808040c1aa6ca5c56eed3156c860c2c6aadba6,e1d9680a9529e2d1dadfa61aab808040c1aa6ca5c56eed3156c860c2c6aadba6,data/manifests/phase1e/2019-06/daily/source_2019061800.json
2019061800,day3_24h,p02,A,4,8,326,12,12,314,0,0,cb90f3e4aecd09207db4683d67171d08f9cbea685315f5ea0771fd3f947dd32e,bff11453a094741502ca10f796d047eb695fc50c6713a48b8246993e87b63358,data/manifests/phase1e/2019-06/daily/source_2019061800.json
2019061800,day3_24h,p02,B,1,5,0,0,0,0,0,0,9bc3c94733b61eaa9cf1d40675f97b28c784b956ddb80813b3071274a0c43c75,9bc3c94733b61eaa9cf1d40675f97b28c784b956ddb80813b3071274a0c43c75,data/manifests/phase1e/2019-06/daily/source_2019061800.json
2019061800,day3_24h,p03,A,4,8,409,12,12,397,0,0,fbd528654d90de3283d9f2d04aee65eb0d01bc591d8030f088096a0fac87ab6c,580b30e3db0b7d2cfc20ff9a0e14bbe0d27b7c18ccb38eefb5c3f6c934e78efd,data/manifests/phase1e/2019-06/daily/source_2019061800.json
2019061800,day3_24h,p03,B,1,5,0,0,0,0,0,0,81acce97c3cc02a5b144ca9dfa84f75b8ce6c52d9e7829bf9b7ec961da9be737,81acce97c3cc02a5b144ca9dfa84f75b8ce6c52d9e7829bf9b7ec961da9be737,data/manifests/phase1e/2019-06/daily/source_2019061800.json
2019061800,day3_24h,p04,A,4,8,291,15,15,276,0,0,7aad76cedb6a96d474af8f92b348db8f6801339deaa6d61aa5d2398b02ec1c4b,52afdcda058c2ebfad93b99587da4d068e75ef2d1ac87735072a0c357c08140e,data/manifests/phase1e/2019-06/daily/source_2019061800.json
2019061800,day3_24h,p04,B,1,5,0,0,0,0,0,0,4aa2ba98c7b1b4d2dbc1f4c1e9663c83c0c5e2f994ea49216f30176325d061b6,4aa2ba98c7b1b4d2dbc1f4c1e9663c83c0c5e2f994ea49216f30176325d061b6,data/manifests/phase1e/2019-06/daily/source_2019061800.json
2019061900,day1_24h,c00,A,4,8,234,11,11,223,0,0,e26fda9df8765ac5c4a479ac0f4e71e8c16770b663e9375d0410a3b6b3d9255a,c8a5a603e320775bb41d3e2c2e9ed69c4be07d721020208690d706b37f8ea1f3,data/manifests/phase1e/2019-06/daily/source_2019061900.json
2019061900,day1_24h,c00,B,1,5,0,0,0,0,0,0,a5f20a20e11cb8be51cc2969692b96998df597e850a30d52c685c3d34153a5aa,a5f20a20e11cb8be51cc2969692b96998df597e850a30d52c685c3d34153a5aa,data/manifests/phase1e/2019-06/daily/source_2019061900.json
2019061900,day1_24h,p01,A,4,8,70,0,0,70,20,0,673f480b765b6dfdb11285656e9e53f852ee1c7c41478f47b4752e8af105c2e5,f8ceab86738763139fd691cdcef22f460aa27bc33bd7850e9cb7eba47b899c4c,data/manifests/phase1e/2019-06/daily/source_2019061900.json
2019061900,day1_24h,p01,B,1,5,70,0,0,70,20,0,aa3ca8c7222abcbca3fcdf192a61d2da7b10e14a41bb37875b8849614063c09a,d9616cc1ce263b79c12bb929f664eb29604e19753a333ae63d8ec767d01d900f,data/manifests/phase1e/2019-06/daily/source_2019061900.json
2019061900,day1_24h,p02,A,4,8,86,0,0,86,16,0,41dd7ed094114f4e0ba5b2148f309deb6f9afc0748b74a4cc618cd9e77859599,dcf7f57b0955beef3e51a4b5a9d604b3a9747294e1865769964adefea783218e,data/manifests/phase1e/2019-06/daily/source_2019061900.json
2019061900,day1_24h,p02,B,1,5,86,0,0,86,16,0,6dd62c143ea18780f968cd4bd594c5b473490783dcb70248f19b244bebf9906b,e2e0a1396a6a4cccbf6e2002bb20910afc1c40770e133988f37de4fc5136de06,data/manifests/phase1e/2019-06/daily/source_2019061900.json
2019061900,day1_24h,p03,A,4,8,291,0,0,291,22,0,fd8c7010f48fa7ce060cbfb91559d61277ca6ef530a6b340286160f4aae1eb9a,eaab91853a0e5b3c1302bbaee9368c378ca066c099060f0eba43120ab1d097f3,data/manifests/phase1e/2019-06/daily/source_2019061900.json
2019061900,day1_24h,p03,B,1,5,111,0,0,111,22,0,116f149371cb862cdc7b0357a5bdef34f0e304cfae315787f527c1e7323784ec,1a33d2a7574de69d49fa17013d4e7ae23e0095a48d6d7ddbc5d3957e5fd8ea05,data/manifests/phase1e/2019-06/daily/source_2019061900.json
2019061900,day1_24h,p04,A,4,8,0,0,0,0,0,0,8852583ab96ae1ded3662ebb30cf725fb4180dbc80a4ffde0eafcba7e14444b0,8852583ab96ae1ded3662ebb30cf725fb4180dbc80a4ffde0eafcba7e14444b0,data/manifests/phase1e/2019-06/daily/source_2019061900.json
2019061900,day1_24h,p04,B,1,5,0,0,0,0,0,0,759da5c9dd0f089f9158c3a4ac2d86039474dd61380175a3d3e6799891c79afc,759da5c9dd0f089f9158c3a4ac2d86039474dd61380175a3d3e6799891c79afc,data/manifests/phase1e/2019-06/daily/source_2019061900.json
2019061900,day2_24h,c00,A,4,8,438,15,15,423,0,0,d455d7e81108645b3d8cd6adb75c12b50f83e0cecdebe127c877f3799fca867e,e029a5099da08d6534fcbbd5637c190b7db528dbc2c6fc393bca22f34ec975a1,data/manifests/phase1e/2019-06/daily/source_2019061900.json
2019061900,day2_24h,c00,B,1,5,0,0,0,0,0,0,5b373680e3a1f8c923afc1b89f131bbfbb6f889aad205143ee1f8f720fef1fa6,5b373680e3a1f8c923afc1b89f131bbfbb6f889aad205143ee1f8f720fef1fa6,data/manifests/phase1e/2019-06/daily/source_2019061900.json
2019061900,day2_24h,p01,A,4,8,327,9,9,318,73,2,980303bb6404ae385f9855307188c67814431508620d97291cbd2042213eb8d0,c5d2c1aed47d78cd02a696b329fc657707ccf3666740ab8ad1ff7ee0a9674d29,data/manifests/phase1e/2019-06/daily/source_2019061900.json
2019061900,day2_24h,p01,B,1,5,240,9,9,231,73,2,b905d675cacfc9ad5b63800530570fb74636fde31d6bb86734a69bd28585ddef,a91b304bc026ac90b2a2930a927f66c58ea6ac4918ed6ee93a25349c753908ee,data/manifests/phase1e/2019-06/daily/source_2019061900.json
2019061900,day2_24h,p02,A,4,8,0,0,0,0,0,0,9077ea58c2197451442247d1d8d3fc4740257fdf0f1462ae07b5a2cc992c8007,9077ea58c2197451442247d1d8d3fc4740257fdf0f1462ae07b5a2cc992c8007,data/manifests/phase1e/2019-06/daily/source_2019061900.json
2019061900,day2_24h,p02,B,1,5,0,0,0,0,0,0,f8b4362b3d12c667403e209497b8dd9e85488656e1f51de996bffd22a7da38f5,f8b4362b3d12c667403e209497b8dd9e85488656e1f51de996bffd22a7da38f5,data/manifests/phase1e/2019-06/daily/source_2019061900.json
2019061900,day2_24h,p03,A,4,8,0,0,0,0,0,0,3c6a84abd8b4de070b1e8443c577fbdbbeb65e2f26ec414737c1376f761a0bb1,3c6a84abd8b4de070b1e8443c577fbdbbeb65e2f26ec414737c1376f761a0bb1,data/manifests/phase1e/2019-06/daily/source_2019061900.json
2019061900,day2_24h,p03,B,1,5,0,0,0,0,0,0,b95c75b22c91f78e98d8b9e7c70e12990744f9228a2d9b42f43bc58cafd93941,b95c75b22c91f78e98d8b9e7c70e12990744f9228a2d9b42f43bc58cafd93941,data/manifests/phase1e/2019-06/daily/source_2019061900.json
2019061900,day2_24h,p04,A,4,8,342,13,13,329,0,0,5ba87e142cb8c3c5b264d749a28e835a32fff29883e5fb9887c7ada7f9fa09df,fa298a94b51629569a20b2af5b2ca0881a4c2bf7651d1d5de01caa0ab2d8267a,data/manifests/phase1e/2019-06/daily/source_2019061900.json
2019061900,day2_24h,p04,B,1,5,0,0,0,0,0,0,56d10b93d00cc9b176716c3a2a499af4c6f636c68235fb15bbffb6b62e1f7bd3,56d10b93d00cc9b176716c3a2a499af4c6f636c68235fb15bbffb6b62e1f7bd3,data/manifests/phase1e/2019-06/daily/source_2019061900.json
2019061900,day3_24h,c00,A,4,8,361,14,14,347,0,0,e7c0165cbcc3523a69c49c1b9b116c0c7bc7ba446a00c6680e73483508640a1e,629a18087f316c5757e82aad8939d2bd64f5015b4e6c231df6de99d8c6eeeaab,data/manifests/phase1e/2019-06/daily/source_2019061900.json
2019061900,day3_24h,c00,B,1,5,0,0,0,0,0,0,5f8c2dbaebb60cd493c72655e0363583980b6b2e512d239fb2f239e2e5e3583d,5f8c2dbaebb60cd493c72655e0363583980b6b2e512d239fb2f239e2e5e3583d,data/manifests/phase1e/2019-06/daily/source_2019061900.json
2019061900,day3_24h,p01,A,4,8,0,0,0,0,0,0,8cd8b9703ba5cd8834c96fb23be4118a288d4a45239c03f768f0f56f52759d1f,8cd8b9703ba5cd8834c96fb23be4118a288d4a45239c03f768f0f56f52759d1f,data/manifests/phase1e/2019-06/daily/source_2019061900.json
2019061900,day3_24h,p01,B,1,5,0,0,0,0,0,0,a7766f88d1a184b56d4909583348588c63c6fe07ee2f6b57258229fc0c047ec3,a7766f88d1a184b56d4909583348588c63c6fe07ee2f6b57258229fc0c047ec3,data/manifests/phase1e/2019-06/daily/source_2019061900.json
2019061900,day3_24h,p02,A,4,8,201,3,3,198,0,0,29ca515048c0af4f6bc1c0a9da298f7bac4614e2fd81afaab757a71005d2ae0c,76ba68a0f3751bb56366249caeb55b11039f02588f2d6bcc15914e59c2211583,data/manifests/phase1e/2019-06/daily/source_2019061900.json
2019061900,day3_24h,p02,B,1,5,0,0,0,0,0,0,e9225165a02bfd7f0a5add35ae7268446957548f224fa812dc3fa0894676f90b,e9225165a02bfd7f0a5add35ae7268446957548f224fa812dc3fa0894676f90b,data/manifests/phase1e/2019-06/daily/source_2019061900.json
2019061900,day3_24h,p03,A,4,8,463,9,9,454,34,1,db09c19c3202f57f40ddc44dc5bc98876c0c2e8e7720ceea2c8b7a937b2e3537,6ee970273f7768769f20993ea885d3a09c8df6265606bda2210133b3e6c6bd3a,data/manifests/phase1e/2019-06/daily/source_2019061900.json
2019061900,day3_24h,p03,B,1,5,147,3,3,144,34,1,b4f395b966221d5c89fe252683974cdf01f2c434d66c33222306236cd1339fee,bd4815929173020b8ef753344727af56ead95cf67dca661d2f11162b8676b2b4,data/manifests/phase1e/2019-06/daily/source_2019061900.json
2019061900,day3_24h,p04,A,4,8,489,10,10,479,62,0,fcf8fbb74408272e7fd0752311c235c15c956264b797fb6a5f24ae0396c70c9e,4a778b50a4739743a6ddb19680efb48efc1420a11b5dbd993b4ac39f18750b8e,data/manifests/phase1e/2019-06/daily/source_2019061900.json
2019061900,day3_24h,p04,B,1,5,222,3,3,219,62,0,a15e4e3d50bf0be50f9db413b6474e2bc0059687bbc9234898741319498eba28,585e22ca88423f55cda63c793696dc9b6c5e407d60a04aa845501c86f410d831,data/manifests/phase1e/2019-06/daily/source_2019061900.json
2019062000,day1_24h,c00,A,4,8,127,7,7,120,0,0,9c27910c68ad16aed9c3b3c76c335c14a57ddfb66ade381583e303e681010918,8ac8925e61b86db33e4acd8f0ce3c8b84883fae794147f5b1bcf8d84a7361f06,data/manifests/phase1e/2019-06/daily/source_2019062000.json
2019062000,day1_24h,c00,B,1,5,0,0,0,0,0,0,d6071f7f93fda2ef8b9e097c1f6ffca34c34d67c33b586b5e4bd22b60cd513b9,d6071f7f93fda2ef8b9e097c1f6ffca34c34d67c33b586b5e4bd22b60cd513b9,data/manifests/phase1e/2019-06/daily/source_2019062000.json
2019062000,day1_24h,p01,A,4,8,333,3,3,330,33,0,7d26582214705c3c82719e0c4c3696ea73bfe06f13c73bd9fc5a33ce60f03423,02bcb5b0fff5664ff0b2ae4c49261b08da15794efe5130739858cced788bffbb,data/manifests/phase1e/2019-06/daily/source_2019062000.json
2019062000,day1_24h,p01,B,1,5,146,0,0,146,33,0,6aa271ec7688bf920bb7e990297b863175a3910507cb151ce7f17014f0f660e5,e7f9f2841807187298a30bb2c02b75933821e73068079d436fd97efb96545c4c,data/manifests/phase1e/2019-06/daily/source_2019062000.json
2019062000,day1_24h,p02,A,4,8,415,14,14,401,21,0,96c60150d66b608a19d10c025416c041f47c13bb850ea506da6177a3cfd230bd,5367cd42eadc42782360a7f55625476f29a5585fb68b7b0c0c85227219e29e4d,data/manifests/phase1e/2019-06/daily/source_2019062000.json
2019062000,day1_24h,p02,B,1,5,137,0,0,137,21,0,42426e7eb4db82865a68c9f00394fb79688cbdc33bff820102e0b152af3951ad,8c3385d56fb8957b1c9b8d21030d49bcee4d6ddca6d462c14ad9d7794010c4b0,data/manifests/phase1e/2019-06/daily/source_2019062000.json
2019062000,day1_24h,p03,A,4,8,193,11,11,182,0,0,51228b639699b1a6058f3fa4baa9881146fe0f767e2ea817acd97f44bc36cb8e,f71427c940c95c8be79a6dee695c12f9deeb9ebc1ac8d1bb9cbc89edf6d176d0,data/manifests/phase1e/2019-06/daily/source_2019062000.json
2019062000,day1_24h,p03,B,1,5,0,0,0,0,0,0,f2614e21df5652c888b3418666b3f4550a5769d29da92edbea1a4a44aca5878f,f2614e21df5652c888b3418666b3f4550a5769d29da92edbea1a4a44aca5878f,data/manifests/phase1e/2019-06/daily/source_2019062000.json
2019062000,day1_24h,p04,A,4,8,139,3,3,136,0,0,bc7357eb00011400abf5b33dcf4a7164e8e750755a17c79847dcdb4afc88d59c,961c9a03a3203843acfdefca1c5c04e1599a3cc033ca5a69de9e86a92002b649,data/manifests/phase1e/2019-06/daily/source_2019062000.json
2019062000,day1_24h,p04,B,1,5,0,0,0,0,0,0,4372a63df6d0dae423bf693e58d9dd8004b4add734c3689d318d20c4bc7e8e8e,4372a63df6d0dae423bf693e58d9dd8004b4add734c3689d318d20c4bc7e8e8e,data/manifests/phase1e/2019-06/daily/source_2019062000.json
2019062000,day2_24h,c00,A,4,8,249,14,14,235,0,0,bac0b1f5f421af1c1182fd7212494061931ee6e3ae4e978523bc44bcacf278bc,c309e84d039d43498f881da2bb591fbef9cd018867e019ef8aa1c394ecb0ea5f,data/manifests/phase1e/2019-06/daily/source_2019062000.json
2019062000,day2_24h,c00,B,1,5,0,0,0,0,0,0,3aeed3bbeb384ed248f4dba24579ac07505b7f8931e0cbbe55943d2353ddf246,3aeed3bbeb384ed248f4dba24579ac07505b7f8931e0cbbe55943d2353ddf246,data/manifests/phase1e/2019-06/daily/source_2019062000.json
2019062000,day2_24h,p01,A,4,8,0,0,0,0,0,0,19bc7de06c82058aebf7ac63b7f190824a851f8b3de1673ab75504a16d5b9c86,19bc7de06c82058aebf7ac63b7f190824a851f8b3de1673ab75504a16d5b9c86,data/manifests/phase1e/2019-06/daily/source_2019062000.json
2019062000,day2_24h,p01,B,1,5,0,0,0,0,0,0,fc3027f250cda71e1a70d8aa08ba3f7a00eb5ede3df3592aca50b62da7ddb440,fc3027f250cda71e1a70d8aa08ba3f7a00eb5ede3df3592aca50b62da7ddb440,data/manifests/phase1e/2019-06/daily/source_2019062000.json
2019062000,day2_24h,p02,A,4,8,299,8,8,291,0,0,ee14c3174e4b47fbb3970f27c985c4fde8eec9ef5de7436df8e93692423d3015,2cbe4676aac1bf643712ad10a14b97e202e95038cc9a6995071b6b77516d0b0f,data/manifests/phase1e/2019-06/daily/source_2019062000.json
2019062000,day2_24h,p02,B,1,5,0,0,0,0,0,0,d2884edb5ef2396f800593b6d8e2cca7ff8809446bfaa0b57b9030c8769a71de,d2884edb5ef2396f800593b6d8e2cca7ff8809446bfaa0b57b9030c8769a71de,data/manifests/phase1e/2019-06/daily/source_2019062000.json
2019062000,day2_24h,p03,A,4,8,578,16,16,562,31,0,5fa312b5f934a8ee17ff9e797311631b147a12e0ed5417d4c91bf48160eb2bc7,357019e31ccc472c517b15229239f97959312ee3d2383bea88574820309dda5c,data/manifests/phase1e/2019-06/daily/source_2019062000.json
2019062000,day2_24h,p03,B,1,5,158,8,8,150,31,0,34c52501e95ee509b618a12913d20b4057d6ab99165a3c8f359ac9d78bb62683,a4206c653d53181c5eaf1abf4b3385a56d00c32c14fa0eed93c690ba99dcf3be,data/manifests/phase1e/2019-06/daily/source_2019062000.json
2019062000,day2_24h,p04,A,4,8,206,6,6,200,0,0,6425478d81feabbe63889ca7bb688c2f745293fc636fb6a3ab8accb95e85d2c5,64c43a9878ad0c89695785a5faca6740040b776ad5311f3bb9af65f4ea691a1f,data/manifests/phase1e/2019-06/daily/source_2019062000.json
2019062000,day2_24h,p04,B,1,5,0,0,0,0,0,0,965703a0e4982e39237bca6965a1b774d159c00efd4f4e3a892e42e6524a763c,965703a0e4982e39237bca6965a1b774d159c00efd4f4e3a892e42e6524a763c,data/manifests/phase1e/2019-06/daily/source_2019062000.json
2019062000,day3_24h,c00,A,4,8,348,10,10,338,59,0,b2e065f61a004a5b9b8caf445cda3b8e03e95d961a897bacc98b1454c87597db,f24ece02b6ebc538d9cea7af95cbc55817e5dc5a085b0bb875f4d36657cc86bf,data/manifests/phase1e/2019-06/daily/source_2019062000.json
2019062000,day3_24h,c00,B,1,5,217,8,8,209,59,0,047ec1b0495c1d1cdc5d716a9125d779086aeeac968d8758d12bcdfbaa6a7043,130264edd55b2b30e7e39f160a8983996f621cab7b14d7064f2c90da24b8b057,data/manifests/phase1e/2019-06/daily/source_2019062000.json
2019062000,day3_24h,p01,A,4,8,175,6,6,169,0,0,1568d89a90707d2452787a29c04c0af045ed2a9b85fc49bc6306ddee5f3e9930,6357095bcd47656491cdc30b0f4b5529e78936cd8e441991d3c0a129245d9e70,data/manifests/phase1e/2019-06/daily/source_2019062000.json
2019062000,day3_24h,p01,B,1,5,0,0,0,0,0,0,fd16a56cc8e86de753a26359f05fa8b19828ccc932cfd06b844079edbb989058,fd16a56cc8e86de753a26359f05fa8b19828ccc932cfd06b844079edbb989058,data/manifests/phase1e/2019-06/daily/source_2019062000.json
2019062000,day3_24h,p02,A,4,8,349,21,21,328,0,0,4fe9df9bc216ee8f596380c5b7997926f152912c42e4cb23d7a784859b7fbad7,8728d7c5254572904819300989f74ec9a8bdf1513dbb28691e2a6cc8c481771c,data/manifests/phase1e/2019-06/daily/source_2019062000.json
2019062000,day3_24h,p02,B,1,5,0,0,0,0,0,0,07bfe8af52b1c1188fb724432f2465623ee6b2b7426e0bda70199a9e9e5d20e2,07bfe8af52b1c1188fb724432f2465623ee6b2b7426e0bda70199a9e9e5d20e2,data/manifests/phase1e/2019-06/daily/source_2019062000.json
2019062000,day3_24h,p03,A,4,8,113,0,0,113,0,0,8d2a0ed8bd070e2c2b019217c1d9c895176edd5ebbdb3c2f0d4146d53eb85e2f,dfafcc8958917b1905835d541f42704ccf53b86fcef33dfc9ddeabe5516c59ca,data/manifests/phase1e/2019-06/daily/source_2019062000.json
2019062000,day3_24h,p03,B,1,5,0,0,0,0,0,0,562c93cb47d66d42b470c5fd6af4b0e3b5b7c3737b81324e8eaf9503f1ab1805,562c93cb47d66d42b470c5fd6af4b0e3b5b7c3737b81324e8eaf9503f1ab1805,data/manifests/phase1e/2019-06/daily/source_2019062000.json
2019062000,day3_24h,p04,A,4,8,159,3,3,156,0,0,fe728ef3cfcc7f8293dd29b94b1378aee48aff0eb14013f59662d6cca61c59ad,ed26c36db350e912b0a261e97b1e67abb7b789759c7c365efee36b566328110d,data/manifests/phase1e/2019-06/daily/source_2019062000.json
2019062000,day3_24h,p04,B,1,5,0,0,0,0,0,0,0f780491ef43681ba12f1b7d5b1165ae8436dc5f8066e914573a9eeb634ed313,0f780491ef43681ba12f1b7d5b1165ae8436dc5f8066e914573a9eeb634ed313,data/manifests/phase1e/2019-06/daily/source_2019062000.json
2019062100,day1_24h,c00,A,4,8,271,10,10,261,0,0,59d7fb16764a8f28468aac9789cd55b885fcec37dde9571abf0d3143573b78d9,ea27d479c8a812c5d988b1c486a498b3e117452a4d727f5e642a2ea15f84a311,data/manifests/phase1e/2019-06/daily/source_2019062100.json
2019062100,day1_24h,c00,B,1,5,0,0,0,0,0,0,a5f872567456bd1f09b5b0eb3b53299e7e1ed308c01f4bd1acc12283c721e4b9,a5f872567456bd1f09b5b0eb3b53299e7e1ed308c01f4bd1acc12283c721e4b9,data/manifests/phase1e/2019-06/daily/source_2019062100.json
2019062100,day1_24h,p01,A,4,8,93,6,6,87,0,0,08463452e3f2021e0a2cea652e070da47adf8e126a2a0fe68f14b45b518301f5,9cfe2f751bc2e6df5664b0e65a72645c21064927ae887711779cbb257c7cec20,data/manifests/phase1e/2019-06/daily/source_2019062100.json
2019062100,day1_24h,p01,B,1,5,0,0,0,0,0,0,2dbda805ae885d1725b2e03bf9785377c81eb7f6d25d237ab270b8b7babd6043,2dbda805ae885d1725b2e03bf9785377c81eb7f6d25d237ab270b8b7babd6043,data/manifests/phase1e/2019-06/daily/source_2019062100.json
2019062100,day1_24h,p02,A,4,8,0,0,0,0,0,0,81cb97c9b423ceaaf92d0401ca273eb31cca4021d87d8270a34d8e6de8976581,81cb97c9b423ceaaf92d0401ca273eb31cca4021d87d8270a34d8e6de8976581,data/manifests/phase1e/2019-06/daily/source_2019062100.json
2019062100,day1_24h,p02,B,1,5,0,0,0,0,0,0,a49c90c4237f1202f745b8e1753f43e43ac061aaf054615302542b16a7cb4075,a49c90c4237f1202f745b8e1753f43e43ac061aaf054615302542b16a7cb4075,data/manifests/phase1e/2019-06/daily/source_2019062100.json
2019062100,day1_24h,p03,A,4,8,261,8,8,253,0,0,a25522c378d22bf418237c4c3edc34c6c775dff4d589eaaea3cf0fb8ec3a44bc,7c09e8881f1b8ae1bba6d4bf733b6d2b041962f95b04b140e3e763c9aceef89f,data/manifests/phase1e/2019-06/daily/source_2019062100.json
2019062100,day1_24h,p03,B,1,5,0,0,0,0,0,0,9be2a493db494318d5f4c766d1285e1000dc43d25e71f87d8350accb11643641,9be2a493db494318d5f4c766d1285e1000dc43d25e71f87d8350accb11643641,data/manifests/phase1e/2019-06/daily/source_2019062100.json
2019062100,day1_24h,p04,A,4,8,394,19,19,375,0,0,fbd719c38ad2e9d39a0621d903c8488c686ae78d3825a6e168979d7512327c91,566678fa132f2c978a5e001dd2393af1e374586316e283fb03868004ef648348,data/manifests/phase1e/2019-06/daily/source_2019062100.json
2019062100,day1_24h,p04,B,1,5,0,0,0,0,0,0,7d0b7f45aef0f76de56d62e69a1938da15f7115af2e647a7dee790a52c32d2aa,7d0b7f45aef0f76de56d62e69a1938da15f7115af2e647a7dee790a52c32d2aa,data/manifests/phase1e/2019-06/daily/source_2019062100.json
2019062100,day2_24h,c00,A,4,8,466,17,17,449,0,0,b2a429e00f42051756470bd20474319dabcb6b5ab157ad46c4be33155484e28c,9cffbd8dafc800d0e946d79717af3c1d6a3eacf76a4c61be1db3774dcd8fb4c7,data/manifests/phase1e/2019-06/daily/source_2019062100.json
2019062100,day2_24h,c00,B,1,5,0,0,0,0,0,0,3f51e7cb487d370f4b3e67538c89baa5f2ad8aa380e9e5387e76f7a57de64207,3f51e7cb487d370f4b3e67538c89baa5f2ad8aa380e9e5387e76f7a57de64207,data/manifests/phase1e/2019-06/daily/source_2019062100.json
2019062100,day2_24h,p01,A,4,8,231,5,5,226,0,0,a4319f3b83d392decd2f031b7de1f162fc54210ea0eee7372c54b6fd903f9a80,3ed39ccfadbb1f351a8c19ab707f745c98e29fd9f83b1c6361bb8a53cd3f3795,data/manifests/phase1e/2019-06/daily/source_2019062100.json
2019062100,day2_24h,p01,B,1,5,0,0,0,0,0,0,f4284761d1d9bbeb21a5ab2c506594814178513698480c4839f503854c3ceb00,f4284761d1d9bbeb21a5ab2c506594814178513698480c4839f503854c3ceb00,data/manifests/phase1e/2019-06/daily/source_2019062100.json
2019062100,day2_24h,p02,A,4,8,346,20,20,326,38,3,ee2a3b38d1b9150b4a003ff295475388b1148b181b9afa4d2f27117976d1c5d0,ec9306a205ba25885c7706a38377eaec276a19504d715ac77b8454ece5946f0d,data/manifests/phase1e/2019-06/daily/source_2019062100.json
2019062100,day2_24h,p02,B,1,5,202,12,12,190,38,3,0a74c4cda4db11ad9a455905d5eaade424141c1fee8155cc20065b02531b8e4b,3e2a5a61bfc4a00b994a92bcc2b6def6999d215be85fbe79525df4cc89c1a493,data/manifests/phase1e/2019-06/daily/source_2019062100.json
2019062100,day2_24h,p03,A,4,8,373,9,9,364,0,0,b2f15743b9e0e5bb1b63d25ec71cec6bf50a01761b9def08d3cb400575718548,69f3116f4b0591ad781513056bdd613c0f793e6b3c5066c8c5f8a0e36c22bb9a,data/manifests/phase1e/2019-06/daily/source_2019062100.json
2019062100,day2_24h,p03,B,1,5,0,0,0,0,0,0,f7b5902a4baa4c335e4e353832ad8092397ba8299ef160d7dcb16b6d5f8051f7,f7b5902a4baa4c335e4e353832ad8092397ba8299ef160d7dcb16b6d5f8051f7,data/manifests/phase1e/2019-06/daily/source_2019062100.json
2019062100,day2_24h,p04,A,4,8,293,14,14,279,31,1,14d26ccaf03a1566bd229f8c1c3aeeb10ce4d47e91aa257585cc5bba3ce923a6,2f9453d884581c7e5ce413c8fc780418b4603d499e00cfa9a9cf99f7971d5139,data/manifests/phase1e/2019-06/daily/source_2019062100.json
2019062100,day2_24h,p04,B,1,5,116,4,4,112,31,1,f10bf53bcf53efd9ead1349914879e8016220ca1c27621c788f79638933ac91b,c4820b46e6a0dd2ef368e2084a9d3e588a58e746f3fc3862a0e16141aebac71e,data/manifests/phase1e/2019-06/daily/source_2019062100.json
2019062100,day3_24h,c00,A,4,8,105,5,5,100,0,0,69b3658b217d38574e52d7393780c403707c3c21b2699ca71adbe3273f52d06a,373e11535c1989e75ff96549c8db0f5397074e69ef4930a7cab32d1ffd46037f,data/manifests/phase1e/2019-06/daily/source_2019062100.json
2019062100,day3_24h,c00,B,1,5,0,0,0,0,0,0,3d1a37b25778f42ebbdd533b54bff18966e0f825f2e4a6061ae3754d6d360368,3d1a37b25778f42ebbdd533b54bff18966e0f825f2e4a6061ae3754d6d360368,data/manifests/phase1e/2019-06/daily/source_2019062100.json
2019062100,day3_24h,p01,A,4,8,364,8,8,356,29,0,8e2b3253b9fee6f364d748e40d7c480aaa73a70f033323820e6b2f1db046455c,dc0a84a183d716b344b5a34a2099acc7f8ea29565ecddc124bb4c3748e524a88,data/manifests/phase1e/2019-06/daily/source_2019062100.json
2019062100,day3_24h,p01,B,1,5,157,2,2,155,29,0,7c5c2d7468eefd72306d2fffd41bbd57fce3a2fcd40aec88ab68ddfe622da3e2,0079bdc8af3aeea016da6e0d2999458b07be3af7ee3f914657c5c3610605544c,data/manifests/phase1e/2019-06/daily/source_2019062100.json
2019062100,day3_24h,p02,A,4,8,214,18,18,196,0,0,7daf5568abf581ec93ec801cbc0a49b2565cc17979a63e81f883e86d9127fe41,e80cf1a7749a8f52755b49b3d21123e3199de1509bf48866ab8bc3cae2f126af,data/manifests/phase1e/2019-06/daily/source_2019062100.json
2019062100,day3_24h,p02,B,1,5,0,0,0,0,0,0,5e536d26d886617efa80a5a5b3d3a8d31e91767cc39b323139530f7b67f6304f,5e536d26d886617efa80a5a5b3d3a8d31e91767cc39b323139530f7b67f6304f,data/manifests/phase1e/2019-06/daily/source_2019062100.json
2019062100,day3_24h,p03,A,4,8,331,5,5,326,0,0,2d72ac3326ccdae65d0747900f651b8b4e7869f341d6816d223f69cb8fa43b43,ac1574de78e84ba2a81ee3d8da52b1f30a3d482d7dd9a8ed1ea3aeb3ed625933,data/manifests/phase1e/2019-06/daily/source_2019062100.json
2019062100,day3_24h,p03,B,1,5,0,0,0,0,0,0,c399bb21afba9e8be858d94149ae97ebd657b249885d0097c594ef3e0306a399,c399bb21afba9e8be858d94149ae97ebd657b249885d0097c594ef3e0306a399,data/manifests/phase1e/2019-06/daily/source_2019062100.json
2019062100,day3_24h,p04,A,4,8,0,0,0,0,0,0,3e8065a071f89bbe95ad84e67d276c90d91dbaec7b04086a981c5da878c34438,3e8065a071f89bbe95ad84e67d276c90d91dbaec7b04086a981c5da878c34438,data/manifests/phase1e/2019-06/daily/source_2019062100.json
2019062100,day3_24h,p04,B,1,5,0,0,0,0,0,0,4600a1258f20b4cd89b33df6529be3cf64a108cabfad007c0628bc52ff3357e0,4600a1258f20b4cd89b33df6529be3cf64a108cabfad007c0628bc52ff3357e0,data/manifests/phase1e/2019-06/daily/source_2019062100.json
2019062200,day1_24h,c00,A,4,8,413,18,18,395,0,0,1ef710808ab8de6fc378c34aa1fb313ca098b0d1d868f3222a8e54d603112524,a9a10957a27e1b2e4a5a4d6a3d5bba87a0eed35cabd95f1fb1f22fc931ac99a4,data/manifests/phase1e/2019-06/daily/source_2019062200.json
2019062200,day1_24h,c00,B,1,5,0,0,0,0,0,0,c0a0b52976d8a6edf819d984122ef879b66489cfd8b3c097f0a9a5fa9b0599ab,c0a0b52976d8a6edf819d984122ef879b66489cfd8b3c097f0a9a5fa9b0599ab,data/manifests/phase1e/2019-06/daily/source_2019062200.json
2019062200,day1_24h,p01,A,4,8,336,10,10,326,14,0,0c771872b5e3e181f678757f0f2a33debd066d780a1939987c0aa90b7e434e24,fc9d74023ccf588fe9b928ce262ffcdd791a869346b323af8fed55ced4ef5a16,data/manifests/phase1e/2019-06/daily/source_2019062200.json
2019062200,day1_24h,p01,B,1,5,120,0,0,120,14,0,2e5771599cfb1c556ee50957528c982a94573abd0a72621fc3cbf90f8d180fc3,3775925d0516f2ea8b42f4acd6ad440c47eaac9fbfde597f584646e90a3349af,data/manifests/phase1e/2019-06/daily/source_2019062200.json
2019062200,day1_24h,p02,A,4,8,0,0,0,0,0,0,1208d78171d0beac7467b9b5d0f276fe5b639427c92c6e2a77b83c83734f6dda,1208d78171d0beac7467b9b5d0f276fe5b639427c92c6e2a77b83c83734f6dda,data/manifests/phase1e/2019-06/daily/source_2019062200.json
2019062200,day1_24h,p02,B,1,5,0,0,0,0,0,0,5da1b74f976da3e14ccda7ca7cdeb25ecec72099bd5963a5f6e1e8d57c039882,5da1b74f976da3e14ccda7ca7cdeb25ecec72099bd5963a5f6e1e8d57c039882,data/manifests/phase1e/2019-06/daily/source_2019062200.json
2019062200,day1_24h,p03,A,4,8,220,5,5,215,7,0,b7dd9e59a5fad28c83944846ace150be1c7fa9cca43279ed046dce4f148acc03,a6f88e7b9552e5a9a3691ec9dc17ea133f8ab85ddaaa99aaba5032084e4fb07c,data/manifests/phase1e/2019-06/daily/source_2019062200.json
2019062200,day1_24h,p03,B,1,5,99,0,0,99,7,0,4516ef23166ab6784be02388b62fd157553ef7a12f8da484007421cf88ea3176,f070fd330515de99287e903431d591dcb10b1e5e3e6098331bd439fd64e2badc,data/manifests/phase1e/2019-06/daily/source_2019062200.json
2019062200,day1_24h,p04,A,4,8,214,8,8,206,4,0,17366642caedb7d15c0a985e1b3f8a40b9291f770ca2dfb6d1c3756c9d117b98,34121e6598e7c3cc91daeb825023685f87d783d539663c822d7fd4f2aed15267,data/manifests/phase1e/2019-06/daily/source_2019062200.json
2019062200,day1_24h,p04,B,1,5,74,0,0,74,4,0,75eb7e7bcb17c8f4e8210e28b1c5080949e3ea4eb0adebefed29a8a33569dd0f,5ace3023a8b6c7bb290bb20fa333b9af06f8ad173ef51e8ddece095f94a586a2,data/manifests/phase1e/2019-06/daily/source_2019062200.json
2019062200,day2_24h,c00,A,4,8,453,18,18,435,7,0,470efdbbce78614c577ca70cabcad2c240e3fc97fb7084f3024cad2feaaca168,7ee4801a4f2ab1b04c5a28f49aac9565bb2847e2a56160d07c47dc3f71952415,data/manifests/phase1e/2019-06/daily/source_2019062200.json
2019062200,day2_24h,c00,B,1,5,183,6,6,177,6,0,a20e3b35e0ad120d70ece7e171cb2a8d49bb85329e6fcb16ab7078067763f7d8,83301cc1bbcc3b313c5ae90a1c108eea4ed738dcbae9e21c506309eb18de1f4a,data/manifests/phase1e/2019-06/daily/source_2019062200.json
2019062200,day2_24h,p01,A,4,8,0,0,0,0,0,0,8f25984701b608b14d976e83ec0a5bcbf57be5c011006d8eb736a66701798cf6,8f25984701b608b14d976e83ec0a5bcbf57be5c011006d8eb736a66701798cf6,data/manifests/phase1e/2019-06/daily/source_2019062200.json
2019062200,day2_24h,p01,B,1,5,0,0,0,0,0,0,d4883fd67b36f93483b8965c3864c82b0e937e1176f68802442aaaf1a2d1a9e5,d4883fd67b36f93483b8965c3864c82b0e937e1176f68802442aaaf1a2d1a9e5,data/manifests/phase1e/2019-06/daily/source_2019062200.json
2019062200,day2_24h,p02,A,4,8,244,17,17,227,24,1,df98344fc19181a09dcc0e5392e196a2a00bd7f4e9b6055168c691f9c4ea3249,947c7319db47b28131944548cbf2b823b5d431fd93acae67db57b59402f156c6,data/manifests/phase1e/2019-06/daily/source_2019062200.json
2019062200,day2_24h,p02,B,1,5,244,17,17,227,24,1,42568d75c0f443479aee6ff4f2e5d73757bd31bd5c3f8acefb422f528dcc5f6e,963acb16c3fd07a1749819205294a65600496522cc5a11eb1a67d8e2b26c21d2,data/manifests/phase1e/2019-06/daily/source_2019062200.json
2019062200,day2_24h,p03,A,4,8,131,4,4,127,0,0,ebeb8c5215bb061653663fc77589b3cef5bd60ed5874d515061150aff52f4f73,c9249ad092deab7c230174de661276d9fd0c69fc07ff819d9cd0714a1fe67792,data/manifests/phase1e/2019-06/daily/source_2019062200.json
2019062200,day2_24h,p03,B,1,5,0,0,0,0,0,0,9878af601080f85288cdbb816c8d2d88b1240ed98dc00c68ef8dd722866b1f1a,9878af601080f85288cdbb816c8d2d88b1240ed98dc00c68ef8dd722866b1f1a,data/manifests/phase1e/2019-06/daily/source_2019062200.json
2019062200,day2_24h,p04,A,4,8,349,22,22,327,21,0,31fe293162192c67a452da95e8f6e9a44cde4b8486c947d206a55d20482d10a6,95a84813840b57b6b7026853b0ca199f3e5e71470ab4f0bcac364a80c21ee729,data/manifests/phase1e/2019-06/daily/source_2019062200.json
2019062200,day2_24h,p04,B,1,5,217,17,17,200,21,0,045869d3172189c5f1e2373a317a3356544d10302991cfe0c50841be382c882a,a4e3d5be470c6adc25bc1c581b9c471ce7979847577a495972093e26bba58610,data/manifests/phase1e/2019-06/daily/source_2019062200.json
2019062200,day3_24h,c00,A,4,8,717,23,23,694,52,2,584491d185e396c6b001e65a49c4060af1238cf3b8c61449827260896973427f,736288065d2b2e48eb8ca421384c7ecc0292c1bd41f55c8d6dde1e714091fcfa,data/manifests/phase1e/2019-06/daily/source_2019062200.json
2019062200,day3_24h,c00,B,1,5,238,6,6,232,52,2,cb17d91bfbfe288e48fda16064d597928ef6b8086f012a0c66f8ee6000dc0a8e,e8b5721c7302a60709318c3cc9495b3f9689e37892b44052c66ccb32063216d0,data/manifests/phase1e/2019-06/daily/source_2019062200.json
2019062200,day3_24h,p01,A,4,8,210,9,9,201,0,0,0ece28c10e4931832e7186845741352dada5fa161b94270e0a2a1d72559e4043,da51522fbab4f64a9721febce7c327809d98a879c22fae86f0bba76d654f4f87,data/manifests/phase1e/2019-06/daily/source_2019062200.json
2019062200,day3_24h,p01,B,1,5,0,0,0,0,0,0,474c78284bb1124454e7e767066f41115970d01fc07787f57cc8411a5526c96b,474c78284bb1124454e7e767066f41115970d01fc07787f57cc8411a5526c96b,data/manifests/phase1e/2019-06/daily/source_2019062200.json
2019062200,day3_24h,p02,A,4,8,422,22,22,400,0,0,d16fca39be593416549e348abcfa6f6d143ed1d7658d67b8777dba74286c641e,6103f3bbea3117f33506bc685bfe670112a996dd9a780840a5711e2985234366,data/manifests/phase1e/2019-06/daily/source_2019062200.json
2019062200,day3_24h,p02,B,1,5,0,0,0,0,0,0,23f95ec6c341c9611ad88acec070100f848cbbf19ab5f571360f0fe3923b8aad,23f95ec6c341c9611ad88acec070100f848cbbf19ab5f571360f0fe3923b8aad,data/manifests/phase1e/2019-06/daily/source_2019062200.json
2019062200,day3_24h,p03,A,4,8,0,0,0,0,0,0,baef6f0d3295e5b39598eef8b756ae3b40050cd7c61649fb4e00808e06f6f533,baef6f0d3295e5b39598eef8b756ae3b40050cd7c61649fb4e00808e06f6f533,data/manifests/phase1e/2019-06/daily/source_2019062200.json
2019062200,day3_24h,p03,B,1,5,0,0,0,0,0,0,6ee8a2e96aee60b3141c6eecfb003a6baf83156349bceb8df2b26ebfbd4627e9,6ee8a2e96aee60b3141c6eecfb003a6baf83156349bceb8df2b26ebfbd4627e9,data/manifests/phase1e/2019-06/daily/source_2019062200.json
2019062200,day3_24h,p04,A,4,8,269,15,15,254,14,1,09ed6515537544d77b338c12d8b570315b6bbc800cca9631493113878ac71cb3,f6dbd30ea870fa6c3c4fdebeaf40df1a87e036e51bbcad686a8263d13b91a16d,data/manifests/phase1e/2019-06/daily/source_2019062200.json
2019062200,day3_24h,p04,B,1,5,86,2,2,84,14,1,3d0e306a58793b3c05946f13d1f9ec6e3ce18660c14ca8258794b77f60a000cf,310ec74af9e5f464fca5e743d81fa19b17a319436efbdfb4e79c58d5ba46d849,data/manifests/phase1e/2019-06/daily/source_2019062200.json
2019062300,day1_24h,c00,A,4,8,169,5,5,164,0,0,3bca917622323a89a7ed702e40e05d7853a3fcc7c4ea7f2ac8ce83bc7775b32f,89c2966decbce4a87b06ce692b50561a1a05aa00fd032bc5c983b4e71640b708,data/manifests/phase1e/2019-06/daily/source_2019062300.json
2019062300,day1_24h,c00,B,1,5,0,0,0,0,0,0,5e38a1dcb40136fc5b107be266bcdeb360cd0396a82329fae22cf47adaa0ac84,5e38a1dcb40136fc5b107be266bcdeb360cd0396a82329fae22cf47adaa0ac84,data/manifests/phase1e/2019-06/daily/source_2019062300.json
2019062300,day1_24h,p01,A,4,8,162,8,8,154,0,0,94217c0026b15747bdd71f28e1d94d06dc765cda5c01254ec62b88ebbb15a445,ac9344a4db6f40f96351be1d65e7dbc65ca96f4ced0f4ddc3ddc5597f93cbb15,data/manifests/phase1e/2019-06/daily/source_2019062300.json
2019062300,day1_24h,p01,B,1,5,0,0,0,0,0,0,533e6d3bfd4ef4148ef0c715f10a23d2b872ecee5677bf754da4742fda5bf645,533e6d3bfd4ef4148ef0c715f10a23d2b872ecee5677bf754da4742fda5bf645,data/manifests/phase1e/2019-06/daily/source_2019062300.json
2019062300,day1_24h,p02,A,4,8,109,2,2,107,0,0,2f2ea76b82c2fec3f245dc1a70f91959e056953aeeb8c1592e63afb2c99fe498,b2304d6b20cca6fbc6c96ccc751ebf20eff840d25d0df6db91cab848a2c3f2b4,data/manifests/phase1e/2019-06/daily/source_2019062300.json
2019062300,day1_24h,p02,B,1,5,0,0,0,0,0,0,578ecf26b43db26955e4332ddfb47dec5371cef9f76137468cce9139faf49c8e,578ecf26b43db26955e4332ddfb47dec5371cef9f76137468cce9139faf49c8e,data/manifests/phase1e/2019-06/daily/source_2019062300.json
2019062300,day1_24h,p03,A,4,8,520,20,20,500,0,0,03b1e9588e0487c39b970d6f673224bbc1d8f6dbafa339b14cbfdb3c07872e4c,e86b133517547b6a51557371eb09bef2e721622fd819aaaf492c6c66b7e04c87,data/manifests/phase1e/2019-06/daily/source_2019062300.json
2019062300,day1_24h,p03,B,1,5,0,0,0,0,0,0,8b92d819fcd4aad10ad4ba086c52efe0619215b7d9af5e34a9f81b99ed939064,8b92d819fcd4aad10ad4ba086c52efe0619215b7d9af5e34a9f81b99ed939064,data/manifests/phase1e/2019-06/daily/source_2019062300.json
2019062300,day1_24h,p04,A,4,8,399,18,18,381,0,0,272b4a5100a538663918305f7ab1366e3ad276e31890d5f6d16426f514391c8b,af22452c87b0967556903d231789809ccfa4f9125c2bca20dedb1f677dd29622,data/manifests/phase1e/2019-06/daily/source_2019062300.json
2019062300,day1_24h,p04,B,1,5,0,0,0,0,0,0,fa2b4f815f7cbfeac0793160583d77f8e5b19fa3815aa852657fef1d96da3a84,fa2b4f815f7cbfeac0793160583d77f8e5b19fa3815aa852657fef1d96da3a84,data/manifests/phase1e/2019-06/daily/source_2019062300.json
2019062300,day2_24h,c00,A,4,8,149,7,7,142,13,1,f09a1b17deaeb8e7f7d82921df08e29e2a4e4270cd774234f955457c30701c1b,a76568c0863022e95ad567af568fcef4bf248f5643d5a5ad1eff9101f6d584b0,data/manifests/phase1e/2019-06/daily/source_2019062300.json
2019062300,day2_24h,c00,B,1,5,149,7,7,142,13,1,c905e5d9f8d26cf79730cc776e4fba3cf37391edbe7f5fd07904821898f0ee93,0282602342450ea5498551d2a4ad88ae3a9fbc3f7bed13abd15b22d31a2993c6,data/manifests/phase1e/2019-06/daily/source_2019062300.json
2019062300,day2_24h,p01,A,4,8,170,5,5,165,50,2,b646095dfa9e71f03d47b372bf2514232e3d46f0df04ad677ec2b3a77da29c7d,b96801a32696c2f54bf5a617c910187bfe285d0923c1a3fc8ce3dcc64c98adce,data/manifests/phase1e/2019-06/daily/source_2019062300.json
2019062300,day2_24h,p01,B,1,5,170,5,5,165,50,2,e76ee5ed1be7ae64414beccdc3c71c5f96c5e40d0699393eda4e6eeb9fcf82af,76bc379b9e20fbf2f82685bf04069f5fc0d170843aee3b1937c3b5c03b86fa7b,data/manifests/phase1e/2019-06/daily/source_2019062300.json
2019062300,day2_24h,p02,A,4,8,0,0,0,0,0,0,39f5ab2ed6f88c8e2a2941b77c359262ba5f2081967eb533803346e9c824bf96,39f5ab2ed6f88c8e2a2941b77c359262ba5f2081967eb533803346e9c824bf96,data/manifests/phase1e/2019-06/daily/source_2019062300.json
2019062300,day2_24h,p02,B,1,5,0,0,0,0,0,0,ec2fa739144eb053348bafa49bc72f2fb5b49f46d2fd5b1683c75fa1109ce030,ec2fa739144eb053348bafa49bc72f2fb5b49f46d2fd5b1683c75fa1109ce030,data/manifests/phase1e/2019-06/daily/source_2019062300.json
2019062300,day2_24h,p03,A,4,8,0,0,0,0,0,0,745c086b07fb0609060958d9a4758105b1db847e2a7c58d4fa816d058b8278a4,745c086b07fb0609060958d9a4758105b1db847e2a7c58d4fa816d058b8278a4,data/manifests/phase1e/2019-06/daily/source_2019062300.json
2019062300,day2_24h,p03,B,1,5,0,0,0,0,0,0,843769a8004854f0bc2514d8f86437ecd0cae53b6faf1da547a47566685f27ed,843769a8004854f0bc2514d8f86437ecd0cae53b6faf1da547a47566685f27ed,data/manifests/phase1e/2019-06/daily/source_2019062300.json
2019062300,day2_24h,p04,A,4,8,145,8,8,137,0,0,f76be93e8ba49bd9e362352adac562edbf57ac32cca77aad37e2bfb51cae17a2,dd8d2b6329bf2564ba9613cf2b1e65feca730294c3f0a4bf57b9572b06b2634c,data/manifests/phase1e/2019-06/daily/source_2019062300.json
2019062300,day2_24h,p04,B,1,5,0,0,0,0,0,0,de4914b68cd69a4da87db9ccc0ac12c6099106fea13f4200fc9d58021ac98100,de4914b68cd69a4da87db9ccc0ac12c6099106fea13f4200fc9d58021ac98100,data/manifests/phase1e/2019-06/daily/source_2019062300.json
2019062300,day3_24h,c00,A,4,8,532,27,27,505,1,0,65b9a47582f29873fc4af8f7e5ac67a84d635d449d1c3f06abf145705d234d8c,d5086ebcaf6e76e0f44366f7bd6d620b99515b89147d4661fc82eb1724d7b1a6,data/manifests/phase1e/2019-06/daily/source_2019062300.json
2019062300,day3_24h,c00,B,1,5,93,0,0,93,1,0,7e2e4c58b59fc4b94bb79306e2cbdc99e0375c9161544cb660015ff8f349afff,9040feafb114f528f56fe9de7cbbfe87ed1cfa9c9d19ca9e03d03b244b7c429f,data/manifests/phase1e/2019-06/daily/source_2019062300.json
2019062300,day3_24h,p01,A,4,8,599,28,28,571,4,0,befe3190604cd876da03173af1600f39e2282950aad813cb68559acbcaea4eeb,9a469a57d69384bf8cffba5121f340a3c9586d2e4a9480ff6e006b26979407da,data/manifests/phase1e/2019-06/daily/source_2019062300.json
2019062300,day3_24h,p01,B,1,5,120,4,4,116,4,0,918d096855391db54e72da330024c05bf64051cca522b78857524be4c918fb83,5125d6c6e7b26fae89b77a8fd7104f7fc18dd46d101fa74104bec7991bbb4363,data/manifests/phase1e/2019-06/daily/source_2019062300.json
2019062300,day3_24h,p02,A,4,8,148,5,5,143,0,0,8f15f2d1340668e9c9c08ce6f19601b1dccaea683fa02f976f6462bec5ce436e,185656b972fb584f76f627eb89838ffafd10b1445874823c40911b3af0c976d3,data/manifests/phase1e/2019-06/daily/source_2019062300.json
2019062300,day3_24h,p02,B,1,5,0,0,0,0,0,0,b2b44aa6d5e0620247e3347abcc01306e237981a0c68e14aa4697a45a7e5fdae,b2b44aa6d5e0620247e3347abcc01306e237981a0c68e14aa4697a45a7e5fdae,data/manifests/phase1e/2019-06/daily/source_2019062300.json
2019062300,day3_24h,p03,A,4,8,406,7,7,399,6,0,9e8244b224b66412d75bfbb419c41ced5443497a0a9ae7a6772d0f6555cae68f,1f5174bf3bf1649c652134c06c87cd2b78885f74f2d6228412cb1b8b0801d284,data/manifests/phase1e/2019-06/daily/source_2019062300.json
2019062300,day3_24h,p03,B,1,5,171,1,1,170,6,0,18ff23faaddd8475d6c3600cf7175a4747a0c21a1f533ee1af85f34261000fed,9a63f978ef285312b3185e2ba026d03818d18389815b303558737fcf586d3298,data/manifests/phase1e/2019-06/daily/source_2019062300.json
2019062300,day3_24h,p04,A,4,8,135,6,6,129,4,0,49fcf5f2f9c65dc42be3091892010d4d0ba6c66e371d475439b857377e95988a,9b20207b57c4b393f36c895d7202d3be3dde11784a6640c20f44691d63b518a9,data/manifests/phase1e/2019-06/daily/source_2019062300.json
2019062300,day3_24h,p04,B,1,5,135,6,6,129,4,0,07d16f70245c851b3ce017ab4617c71f575ba360f171fa2bf743384d20cb4973,25007cdaaf249baaec5cd203d673d8188094f054d2fe24ac1023d5c794f8d010,data/manifests/phase1e/2019-06/daily/source_2019062300.json
2019062400,day1_24h,c00,A,4,8,166,17,17,149,0,0,0e76798b2adfd6e07a79bd80cd3443a672365f4f53c43d892416801b5783bd82,4aa963962836bbac1c18bb13ccdd52fbf7c76af336dcc1a2f98d97f85a309b4e,data/manifests/phase1e/2019-06/daily/source_2019062400.json
2019062400,day1_24h,c00,B,1,5,0,0,0,0,0,0,571e04d9fe31d1da64b2f651cd8567037f51be2ccd1e2335e96f45ff2944e5e6,571e04d9fe31d1da64b2f651cd8567037f51be2ccd1e2335e96f45ff2944e5e6,data/manifests/phase1e/2019-06/daily/source_2019062400.json
2019062400,day1_24h,p01,A,4,8,377,16,16,361,0,0,8863caf56fd4133693a156f8604f844c979bfb86387cf582a816b27a4fb445e7,2ccc5dd558b89ad9032f77ed16787cb53a367f404f700a71bdea7562ad1ad101,data/manifests/phase1e/2019-06/daily/source_2019062400.json
2019062400,day1_24h,p01,B,1,5,0,0,0,0,0,0,092281c09b936b4cd0969f5602dfb241668fa7a41c21bc82518bd949931befd4,092281c09b936b4cd0969f5602dfb241668fa7a41c21bc82518bd949931befd4,data/manifests/phase1e/2019-06/daily/source_2019062400.json
2019062400,day1_24h,p02,A,4,8,487,28,28,459,10,0,9f6a49c7a0889d69c7c8dae3b381bded42c97f483397ba512ab8e487513768fe,fcc7b4603464998feed0ed3ccbcfd837e8e69727ada62feb4b111f342d7a2b8b,data/manifests/phase1e/2019-06/daily/source_2019062400.json
2019062400,day1_24h,p02,B,1,5,63,0,0,63,10,0,9afadd0c227f571ea864fb72aee39e2be66be319d2f673d7b3e1dc87cbe92b48,bd00abb4a88e5a3e49e134c68b80e80593da4f38e408772dbf219beb8636d385,data/manifests/phase1e/2019-06/daily/source_2019062400.json
2019062400,day1_24h,p03,A,4,8,82,0,0,82,6,0,46e28c561e216487cfec333df72204344a570e936079fd8ca200f53de1d13a49,5597832d9fe42681a62ae71c62a49e5f6ca64789aaabf5caedeb9b2a05dd9b34,data/manifests/phase1e/2019-06/daily/source_2019062400.json
2019062400,day1_24h,p03,B,1,5,82,0,0,82,6,0,ad23f8c3de311d1bf572c28f7a4ed58b27cad8ec9e170eac4c4a8142efdebf56,d089c7d25aebed0fa029068738dab95a53b62c1fa52c339131471c72b1192bb5,data/manifests/phase1e/2019-06/daily/source_2019062400.json
2019062400,day1_24h,p04,A,4,8,425,20,20,405,0,0,1ac9889adee6e1a5f53469110cb1828c1563c7ba1d0bbe8c27d6f69296cc807c,7c21c48318f76d520265e7b5c57b8189799fa2cc97e36ee6be1e452dc4d53a02,data/manifests/phase1e/2019-06/daily/source_2019062400.json
2019062400,day1_24h,p04,B,1,5,0,0,0,0,0,0,6b0735afb0e4e6481ab158167d95dbcde158617be3883e0568cae2d851884e7b,6b0735afb0e4e6481ab158167d95dbcde158617be3883e0568cae2d851884e7b,data/manifests/phase1e/2019-06/daily/source_2019062400.json
2019062400,day2_24h,c00,A,4,8,454,15,15,439,7,0,03f8583e0f89bb49f7e588f7dfad0d0ca3190b5ff3ec938597c907d1d6bd99d3,52dceefa0e17ac82db8664442c1dcd41b1eb946aec0a8452110fff9880a6d063,data/manifests/phase1e/2019-06/daily/source_2019062400.json
2019062400,day2_24h,c00,B,1,5,171,8,8,163,7,0,429e802f2128752060672fbb19ec15e840c4d2dd732a72683b6b76ba90c25333,5aacba46ee789756d3a9ea5735d9b92b443d5e5269e272d2a4c5c58c778ffd12,data/manifests/phase1e/2019-06/daily/source_2019062400.json
2019062400,day2_24h,p01,A,4,8,529,26,26,503,6,0,1899d7dac531ef1c437ab916f3a00b37ba9ddc0e8929eb14fa6f7cd2cf28dfb5,8d37e1bb366cf6bf109159c2cac2487d3fc6956766c29ee4d4cd736ab7a35c9c,data/manifests/phase1e/2019-06/daily/source_2019062400.json
2019062400,day2_24h,p01,B,1,5,146,7,7,139,6,0,44f6d1febfbe4d3424a7e7ecfca79a0950c2cee810f46d7eb0f1483dc5770300,8664ce71c0ec19c3866c63c71a98382cdd4827d4208093fe989430d7370be025,data/manifests/phase1e/2019-06/daily/source_2019062400.json
2019062400,day2_24h,p02,A,4,8,282,11,11,271,10,1,f75dfbfd9ee4e8dd3fb2fefea26dac0f5fb812ecdcac40df7c91c1c35ad8b15c,f24ad9e0d1185e1a756a18a0fc8d50bce1e2a9b095b108d00845978901e6fcab,data/manifests/phase1e/2019-06/daily/source_2019062400.json
2019062400,day2_24h,p02,B,1,5,93,3,3,90,10,1,3355cc1eb91a584fe869f6e504b78616542291302d1922a21c4a493db5fd8280,60dc16ae3840bd90d05b43711ee0847c767b7151d65f2db9ebdc25389c6ee7c6,data/manifests/phase1e/2019-06/daily/source_2019062400.json
2019062400,day2_24h,p03,A,4,8,149,8,8,141,0,0,08e11a186a16d14a605f03038165ba180d5ed6eddbbca701ff85d6cf1b258f9d,8ded93bb6e5302e94a39367ec63c898d7d7842f717efaea8dc8d39393392afcd,data/manifests/phase1e/2019-06/daily/source_2019062400.json
2019062400,day2_24h,p03,B,1,5,0,0,0,0,0,0,aaba7c4acca83715f909131a8404db08c0172a2ca653e241f8071c0bd9afc2c3,aaba7c4acca83715f909131a8404db08c0172a2ca653e241f8071c0bd9afc2c3,data/manifests/phase1e/2019-06/daily/source_2019062400.json
2019062400,day2_24h,p04,A,4,8,144,9,9,135,0,0,bbc14cc7a25793cb34839621647f2fc45a1a8923e5cec273dedcd166a6488091,955d73015c2976e452b1fe18f5d26b24a2a9d0fed309197948e115dfa668c357,data/manifests/phase1e/2019-06/daily/source_2019062400.json
2019062400,day2_24h,p04,B,1,5,0,0,0,0,0,0,248770d9614022635dbffdc118e763d8c4409bc4b4bfde8d4e4a3cce9f9f5cea,248770d9614022635dbffdc118e763d8c4409bc4b4bfde8d4e4a3cce9f9f5cea,data/manifests/phase1e/2019-06/daily/source_2019062400.json
2019062400,day3_24h,c00,A,4,8,537,21,21,516,0,0,cbef0a5a0206143fb02bdd9558eccba2402dee6afc5eae195af12cf81cab7633,bfb69825da272c418f14c0cd235c06f797b4ad14a94a93667c1947c82ff6af48,data/manifests/phase1e/2019-06/daily/source_2019062400.json
2019062400,day3_24h,c00,B,1,5,0,0,0,0,0,0,8e8d97c5e7ed7f641b23bb1d0b0c685214888d38b5888f44186bca6f5ed3a7ca,8e8d97c5e7ed7f641b23bb1d0b0c685214888d38b5888f44186bca6f5ed3a7ca,data/manifests/phase1e/2019-06/daily/source_2019062400.json
2019062400,day3_24h,p01,A,4,8,500,14,14,486,0,0,6e2de0ea838a4dd6da52bc00deacbc73112c7dd99e3d222a7ed5512905268f2b,c38fe11e318813d1ad75f33043f1d70695bf996f23ed0ba7a701d68a013e1033,data/manifests/phase1e/2019-06/daily/source_2019062400.json
2019062400,day3_24h,p01,B,1,5,0,0,0,0,0,0,86df6d19d45bdea5a5cc6935e25502e18e4a56358559bca442c74d09b4b614c2,86df6d19d45bdea5a5cc6935e25502e18e4a56358559bca442c74d09b4b614c2,data/manifests/phase1e/2019-06/daily/source_2019062400.json
2019062400,day3_24h,p02,A,4,8,0,0,0,0,0,0,3e2e13a0a223fadc8514aa18763eb82297c1d77003f27ffb323372bb1ff1de5e,3e2e13a0a223fadc8514aa18763eb82297c1d77003f27ffb323372bb1ff1de5e,data/manifests/phase1e/2019-06/daily/source_2019062400.json
2019062400,day3_24h,p02,B,1,5,0,0,0,0,0,0,f1815b257abd53be3c18623ac4c88c7df20463fcb5216218236463f7039ce91d,f1815b257abd53be3c18623ac4c88c7df20463fcb5216218236463f7039ce91d,data/manifests/phase1e/2019-06/daily/source_2019062400.json
2019062400,day3_24h,p03,A,4,8,112,5,5,107,4,0,3c762b7004f424ffeb9a880add502fb8f297be3137141ca4389a021503bc2eca,d477d0a950da32cbf82df9c0c76a489178eabaa7f626bf7b6ad2dadacca950e0,data/manifests/phase1e/2019-06/daily/source_2019062400.json
2019062400,day3_24h,p03,B,1,5,112,5,5,107,4,0,d15b02d065be98e9fceefbffd43ad5dc5187528e47bf351dcd31dced6c80fb51,ef9852964de8ddb1760684b21e181a35dbca45c8fc39f51638da199b00001ea3,data/manifests/phase1e/2019-06/daily/source_2019062400.json
2019062400,day3_24h,p04,A,4,8,468,9,9,459,0,0,a968dd5d04d424a227c0a3b751d0d0fc5b70613b8de3af57d959b6322e53588d,84f4ba79911c7385ac0c4e7650d5a845c4f847922e07e5a6e7f5ff1ee31442d3,data/manifests/phase1e/2019-06/daily/source_2019062400.json
2019062400,day3_24h,p04,B,1,5,0,0,0,0,0,0,1ca44d1ed27d524edee94629453557fb33dcaa3db5208357ef558cce40b88c5e,1ca44d1ed27d524edee94629453557fb33dcaa3db5208357ef558cce40b88c5e,data/manifests/phase1e/2019-06/daily/source_2019062400.json
2019062500,day1_24h,c00,A,4,8,355,22,22,333,0,0,399e790eec0a15be8da1ad95e3753cc9869c38e60237e498446dbe5c4b61d5f0,a6b6bcaed34e3c25b8959ccfdef6e60c4f5ffd6eba286334449a6b4c7dcdbd06,data/manifests/phase1e/2019-06/daily/source_2019062500.json
2019062500,day1_24h,c00,B,1,5,0,0,0,0,0,0,d18d81a7c63bcdd31dbc2298e64fb2dcfbe3b2e2d01484aca45341ebedcf5adb,d18d81a7c63bcdd31dbc2298e64fb2dcfbe3b2e2d01484aca45341ebedcf5adb,data/manifests/phase1e/2019-06/daily/source_2019062500.json
2019062500,day1_24h,p01,A,4,8,0,0,0,0,0,0,593a1b008508bf85a895d7f19ade5697bcbdb2b594ddf1165595bba535d79bfe,593a1b008508bf85a895d7f19ade5697bcbdb2b594ddf1165595bba535d79bfe,data/manifests/phase1e/2019-06/daily/source_2019062500.json
2019062500,day1_24h,p01,B,1,5,0,0,0,0,0,0,c4c5f9e7591336dd90393500b6d841855eeaee03d6a2e69a0c2a1682b7761cc2,c4c5f9e7591336dd90393500b6d841855eeaee03d6a2e69a0c2a1682b7761cc2,data/manifests/phase1e/2019-06/daily/source_2019062500.json
2019062500,day1_24h,p02,A,4,8,171,8,8,163,0,0,2c3857af20ac3b75dd7ed37aad66cdbb1cc73214ca7c7cccfc6e609da217a2d4,eda72f1f3a0ab19b28337aee55364fbcf0438faad6900cdcb38ee7370c238f5b,data/manifests/phase1e/2019-06/daily/source_2019062500.json
2019062500,day1_24h,p02,B,1,5,0,0,0,0,0,0,da20ffbb5a66af3203fc8654c91bd3d29c9425fc872b55f8aa6fd0ea23f557c1,da20ffbb5a66af3203fc8654c91bd3d29c9425fc872b55f8aa6fd0ea23f557c1,data/manifests/phase1e/2019-06/daily/source_2019062500.json
2019062500,day1_24h,p03,A,4,8,0,0,0,0,0,0,9ba2f9d26614fc58cd3109df2cc1ccf11e28d103e12ad819d3816c31d6765a73,9ba2f9d26614fc58cd3109df2cc1ccf11e28d103e12ad819d3816c31d6765a73,data/manifests/phase1e/2019-06/daily/source_2019062500.json
2019062500,day1_24h,p03,B,1,5,0,0,0,0,0,0,1d1e4e59f9c025a7ea06332745aa49edcaab79a9c85c60b9acc902ddb619cf4a,1d1e4e59f9c025a7ea06332745aa49edcaab79a9c85c60b9acc902ddb619cf4a,data/manifests/phase1e/2019-06/daily/source_2019062500.json
2019062500,day1_24h,p04,A,4,8,580,30,30,550,3,0,46cfe707b614fa6353bf3b470194dded53f9b620b3bf1e779c552fafae4ee12b,0a9d43f4be47dca0c841e82f766ae63f864e19d492ca0487365636a09ba509dd,data/manifests/phase1e/2019-06/daily/source_2019062500.json
2019062500,day1_24h,p04,B,1,5,86,0,0,86,3,0,17364506592be30dc8f3de90f6f0eb8580a2af09c844ff2a3c6eba5d50b856a9,5ed0a0d8628c0588502221d880bd614616907a8472ff6a55d7b2c36cacb9f55c,data/manifests/phase1e/2019-06/daily/source_2019062500.json
2019062500,day2_24h,c00,A,4,8,413,14,14,399,10,0,133633194f9311a56316293d9855ea67353846c167f45ed29c004ae287314076,6000f902047e87e0984ba9482e539ed2236437fee246974a765e028a54d23232,data/manifests/phase1e/2019-06/daily/source_2019062500.json
2019062500,day2_24h,c00,B,1,5,206,5,5,201,10,0,5910aaf293d80f5edb812a1bf884fbf6dff4425e0d1f94980ff814cdc6561e7b,88dcdb77db69e447bf5705af4b661d557350d5ecc19a903c555e6fda42b3ecfd,data/manifests/phase1e/2019-06/daily/source_2019062500.json
2019062500,day2_24h,p01,A,4,8,216,4,4,212,6,1,36de373d48310422082ebcd6708e71be98fff09abb76fdf3f2ff0e3b8e65d89f,f3e7e9350a7e6c52577478b6682ec9d98669fc9fbe9317a48aea4a6877cae343,data/manifests/phase1e/2019-06/daily/source_2019062500.json
2019062500,day2_24h,p01,B,1,5,216,4,4,212,6,1,ee28bbf8376b188645f8e09f27a4cd2e663080f4c7b6bc5b3339f9c77639bb85,194f965b5903a0e3b237f64d9127b466eb8e7260799a2f339fc530f2be4ab022,data/manifests/phase1e/2019-06/daily/source_2019062500.json
2019062500,day2_24h,p02,A,4,8,150,8,8,142,0,0,f1dd52411917a4fcb933a8e86b47fe04ea6eafae2d2d16aecb7ca744abd5a89a,1e88f68aeb9063ec1681a4219200364eca9938a8a018a07e31a4aae64120c25b,data/manifests/phase1e/2019-06/daily/source_2019062500.json
2019062500,day2_24h,p02,B,1,5,0,0,0,0,0,0,3b21773075b42e9128206bd1ad6574381aca941a856190e9082c66bd071ebfe0,3b21773075b42e9128206bd1ad6574381aca941a856190e9082c66bd071ebfe0,data/manifests/phase1e/2019-06/daily/source_2019062500.json
2019062500,day2_24h,p03,A,4,8,307,10,10,297,0,0,df56531fdf461a4dac93461f339a0f1e3d5fabbe3dbfd95b08443c5fd0d77b3a,4e272d952a9ab6a131be944dee4531c5095bb87bb47579ddff34f6f01d9afdd7,data/manifests/phase1e/2019-06/daily/source_2019062500.json
2019062500,day2_24h,p03,B,1,5,0,0,0,0,0,0,1b893d170ab60eaf62bde002fe773dfefc0fc001fe71dfca5027e85af84d8b5e,1b893d170ab60eaf62bde002fe773dfefc0fc001fe71dfca5027e85af84d8b5e,data/manifests/phase1e/2019-06/daily/source_2019062500.json
2019062500,day2_24h,p04,A,4,8,377,18,18,359,14,0,ee42588b24a24448400827d6fd7b39eb0795f25d14afea48c21d2504ae7a4eb8,27ffb0ecc1885d21257193a073228266f107ed3b9eb83232b7d49acd42bfc188,data/manifests/phase1e/2019-06/daily/source_2019062500.json
2019062500,day2_24h,p04,B,1,5,134,7,7,127,14,0,4ee582055b0d967ca480557134d15ee1bda953d779cc0ca88d04c74959e3a1e7,d0885ab78d1e29e8dc2d974f4fea253c24a103b02ebea7edd4b62f81bd35908b,data/manifests/phase1e/2019-06/daily/source_2019062500.json
2019062500,day3_24h,c00,A,4,8,1059,24,24,1035,17,1,50136f1c9e6a752a370429a64041f17892c9174ad66f17782fbb5d30328e6834,485b37cc682727934f416c11d1434311d02667d476631f97248f3806118cb8f6,data/manifests/phase1e/2019-06/daily/source_2019062500.json
2019062500,day3_24h,c00,B,1,5,209,6,6,203,17,1,7ea9af009dc6b01436fb9e0201a549cf2a00ae8f7ac146a9c8dfdf431b6e8729,6c0bd7ff19a8bb7c3032ffe91e711329c8e1197d8919d6ee2e0f34a3c4bd1324,data/manifests/phase1e/2019-06/daily/source_2019062500.json
2019062500,day3_24h,p01,A,4,8,254,2,2,252,0,0,ef969210d4eb08fa7ff65e1a0eda8401defb144fc48a62503801d8964ff37a76,00d1cba354ea3293faa4610f1ffaaae51fa9bc9a9e0c13e87d6da77b5e3fd00f,data/manifests/phase1e/2019-06/daily/source_2019062500.json
2019062500,day3_24h,p01,B,1,5,0,0,0,0,0,0,0eba0dead8a7898f86a3c618d8ba24c98b5d1dcdfe5a24483697d30dfdb240ee,0eba0dead8a7898f86a3c618d8ba24c98b5d1dcdfe5a24483697d30dfdb240ee,data/manifests/phase1e/2019-06/daily/source_2019062500.json
2019062500,day3_24h,p02,A,4,8,301,8,8,293,79,3,f60c03a8f2bdec430bd281cf84e93b916140632383801c215144a1129a50e394,7ee01168af4e80ad4c1dc8ec96e32febb4b5524af19cff985c52f087009510af,data/manifests/phase1e/2019-06/daily/source_2019062500.json
2019062500,day3_24h,p02,B,1,5,301,8,8,293,79,3,13d27649bfa74195a6269b1161b2df92079aba2f87a39e80ee00751f81940b13,645f872e31af71342f78939aa0e87f5ac71505c031725bf421a0cd8649c2d231,data/manifests/phase1e/2019-06/daily/source_2019062500.json
2019062500,day3_24h,p03,A,4,8,460,14,14,446,57,3,3ddbc704a2c014ad91cb8f264455a33950880f1581a8bba5218672f525f2e38e,7adf287b3a1dd434eba970fa41803d7890ff09fc30d32f11ffd416afe4b0117a,data/manifests/phase1e/2019-06/daily/source_2019062500.json
2019062500,day3_24h,p03,B,1,5,297,13,13,284,57,3,0949a24ec6efb80a1384e2fc749e466c3e3bc9779a8ee470488c272d6f45e1f4,f74190ddcd281c627b3667178296876044740ee34270151683bae94b71d7522d,data/manifests/phase1e/2019-06/daily/source_2019062500.json
2019062500,day3_24h,p04,A,4,8,306,10,10,296,0,0,a123b0e426dead65befdcfe6001f13cf71f79be18d6a6e77c8404e7df386ee2b,0c0337357b4e049156813daa933eb6ee3fffdd4572620e05c3bb8a7d7203d6c9,data/manifests/phase1e/2019-06/daily/source_2019062500.json
2019062500,day3_24h,p04,B,1,5,0,0,0,0,0,0,63b57a4905b50a91a9a2259269cd05bcc9aa7497bff0d22b06d710af129a1ce2,63b57a4905b50a91a9a2259269cd05bcc9aa7497bff0d22b06d710af129a1ce2,data/manifests/phase1e/2019-06/daily/source_2019062500.json
2019062600,day1_24h,c00,A,4,8,240,10,10,230,0,0,fb82ae261b13ec56352559a4609b3eb71b8182b48a583ce39515976a10ba3599,c5754605aa6a9b0323e86462cb54685f734ae166e9fe864c4e0d39b52454f2e5,data/manifests/phase1e/2019-06/daily/source_2019062600.json
2019062600,day1_24h,c00,B,1,5,0,0,0,0,0,0,cb0c4bc2050ae202390deb15747eb2bedc5ab57088796fb730bae08f49232a80,cb0c4bc2050ae202390deb15747eb2bedc5ab57088796fb730bae08f49232a80,data/manifests/phase1e/2019-06/daily/source_2019062600.json
2019062600,day1_24h,p01,A,4,8,67,0,0,67,3,0,40be81f24975e4c6dfca1a1e59ab0764c3b8a8629b6f21868aae8a4cd4e95e29,445d9c781c1f5070d80bec739e3b9e64480769551d637916142b7d4cc31c4e4f,data/manifests/phase1e/2019-06/daily/source_2019062600.json
2019062600,day1_24h,p01,B,1,5,67,0,0,67,3,0,156dbaff363105b542ef35afcd006d9460dfca55cedf5b4c1b23a9ee05f08a23,22c015f880f4427365f9e7e88345b37249882f48d548a6a25afae35510e6ac8a,data/manifests/phase1e/2019-06/daily/source_2019062600.json
2019062600,day1_24h,p02,A,4,8,305,15,15,290,0,0,aea3772c3e34ba4d1230bd1a523b84612a4a3589911978c98de25aaa51d461d1,ea7505d6bb0b0b07aaa408a9dbe0482ef4087d5135a347be26041b07f98c5e25,data/manifests/phase1e/2019-06/daily/source_2019062600.json
2019062600,day1_24h,p02,B,1,5,0,0,0,0,0,0,562effff54ccc82b7d249e08fe98801ecf4c5f3df66988e0d09908cfef1daa6f,562effff54ccc82b7d249e08fe98801ecf4c5f3df66988e0d09908cfef1daa6f,data/manifests/phase1e/2019-06/daily/source_2019062600.json
2019062600,day1_24h,p03,A,4,8,604,31,31,573,1,0,60e4c63561b781ea6038ddfc489c5de41d05b99eaff963d643cef0ab0bbe8882,d389f4071f109e67b88b4921c460d003a67621671c556e80fa4e7caad1480211,data/manifests/phase1e/2019-06/daily/source_2019062600.json
2019062600,day1_24h,p03,B,1,5,60,0,0,60,1,0,aa8704f122fedced8b60859e18908eddf7555e3637828f73cb78299a1251305c,b6d70572c0259cf3a06651311b061886bc0d5e47027e1db873080c5b07df861a,data/manifests/phase1e/2019-06/daily/source_2019062600.json
2019062600,day1_24h,p04,A,4,8,516,21,21,495,0,0,0b07188284f69820e1a96ff1b4e01e9f18499ae3fa6205899cf0168ce15e43b7,4e67a5a09bdea2d08a260d45589dd54aa8f889fd136cafd69ea7517e0531dcb6,data/manifests/phase1e/2019-06/daily/source_2019062600.json
2019062600,day1_24h,p04,B,1,5,45,0,0,45,0,0,89edba4ece4ac66e2766951fcbd24a23141028f270d348c371121b1d76d03821,0cc4c5164658d84f695cfe34ea6e77623bf064c88adeff037923bc3fa6d66219,data/manifests/phase1e/2019-06/daily/source_2019062600.json
2019062600,day2_24h,c00,A,4,8,562,10,10,552,18,2,61707a59cb571b53cc5113caea0c649b071630f90260773b8d512ab1ab92c489,c80c67274c313a1ba4509335add6e6658922ecb37d4aadc86327757c2ec02a4f,data/manifests/phase1e/2019-06/daily/source_2019062600.json
2019062600,day2_24h,c00,B,1,5,156,6,6,150,18,2,054c2ba2d55f9d849afa103728dddbdef3235e47092b839e218d6873a6ff7264,a46f406a095ddef9e5ffd76060557297924bd894e2d331770cef1740e3507feb,data/manifests/phase1e/2019-06/daily/source_2019062600.json
2019062600,day2_24h,p01,A,4,8,208,5,5,203,0,0,2a33db46246423c3cd2fda10b56b38cf157b820ef18e0f443dbc3683d25c3471,6a680a2227a1ae5a25e928b6b52992b5ba60cece265df68b8c8f4a4880bdf58d,data/manifests/phase1e/2019-06/daily/source_2019062600.json
2019062600,day2_24h,p01,B,1,5,0,0,0,0,0,0,719cb511c8bd6268c22c5cb9e3c3238e7a25b9380e52098c55124bf1077d2337,719cb511c8bd6268c22c5cb9e3c3238e7a25b9380e52098c55124bf1077d2337,data/manifests/phase1e/2019-06/daily/source_2019062600.json
2019062600,day2_24h,p02,A,4,8,89,3,3,86,0,0,3ddaf317c563a5db5c510373abb2e819a47795d061d615807de195f8a1bec3d8,1c0823fa306ab0d04e0b0509e6d568f0441b245b33d96a8ebec0a319c5bfdec5,data/manifests/phase1e/2019-06/daily/source_2019062600.json
2019062600,day2_24h,p02,B,1,5,0,0,0,0,0,0,216859b127e8500b42dbfd7c95d8f9d7d4d0eb86fa5e099fe104083e9b848374,216859b127e8500b42dbfd7c95d8f9d7d4d0eb86fa5e099fe104083e9b848374,data/manifests/phase1e/2019-06/daily/source_2019062600.json
2019062600,day2_24h,p03,A,4,8,349,13,13,336,18,0,e290a5d30c05d40e283dc6af8096c9ca94bbce1e06db56871440173c00278a67,d5a9fb091f638f9f10a38b9d5f76636a56ad42f90c4364bd8ca3d0992d316ec4,data/manifests/phase1e/2019-06/daily/source_2019062600.json
2019062600,day2_24h,p03,B,1,5,170,4,4,166,18,0,16e5685c8370e36506c89483437335cbcc63a9315abc47012e60a9087d50fbfd,6037a85792dd9909f0f4849f74a2f11f65d30b49e6759971a6f728a7a7696f3d,data/manifests/phase1e/2019-06/daily/source_2019062600.json
2019062600,day2_24h,p04,A,4,8,631,17,17,614,76,2,c4e029b53e359d9ba4fe3dc85ae47e2e140a41b02808d20da75b5edda844f90f,79f41e491b0b98c18bbf92e0509bb4a4b770a95e0a61344b443fbd38a7a1b2ae,data/manifests/phase1e/2019-06/daily/source_2019062600.json
2019062600,day2_24h,p04,B,1,5,195,4,4,191,76,2,67faaa65d81708c3cb92f2f5df1441ffabfc309c2c7d201cd101aa58a89666ec,a1e14c57e14f893959a2b247aead7274cc607712efb5cddb005845d81258e9d4,data/manifests/phase1e/2019-06/daily/source_2019062600.json
2019062600,day3_24h,c00,A,4,8,567,13,13,554,13,0,8fcd9f5fdb26bf2f55cc697da9ce0874daa16476c2e3a3a97ed10eb968ee95bb,4cba04dda08661584504c316c8fcd5558ee38f03350c38b835733aaf88500dea,data/manifests/phase1e/2019-06/daily/source_2019062600.json
2019062600,day3_24h,c00,B,1,5,168,3,3,165,13,0,27a5ee5dc22740397be9668d1cb59863851427c0ab935c15e1dcada8eaf781a3,6e00adf9ebf1f797e1760c66970cc43d2aa9961c3a08ac6a5e6e775f2f47cb10,data/manifests/phase1e/2019-06/daily/source_2019062600.json
2019062600,day3_24h,p01,A,4,8,194,4,4,190,0,0,2d724b2321374d48772faf97aed93a57789baff20fa0edf69e8238c47805a38d,eef3240bf1ad43228fdfec90922d0f799b5fe9a18af408f692949d327a95a786,data/manifests/phase1e/2019-06/daily/source_2019062600.json
2019062600,day3_24h,p01,B,1,5,0,0,0,0,0,0,4e852d04a86a13ca2b6950064ba33764062b9229eaf8aba30165aae2f52f3e24,4e852d04a86a13ca2b6950064ba33764062b9229eaf8aba30165aae2f52f3e24,data/manifests/phase1e/2019-06/daily/source_2019062600.json
2019062600,day3_24h,p02,A,4,8,0,0,0,0,0,0,1ec4477ca222b0bd506f3aad6b52ba3fbd190f8e04b0506b0afddff7604c83e7,1ec4477ca222b0bd506f3aad6b52ba3fbd190f8e04b0506b0afddff7604c83e7,data/manifests/phase1e/2019-06/daily/source_2019062600.json
2019062600,day3_24h,p02,B,1,5,0,0,0,0,0,0,4e6964299aeb05ce149e0ed55e3da4c6700a88a7a539e98269d05b9466b61707,4e6964299aeb05ce149e0ed55e3da4c6700a88a7a539e98269d05b9466b61707,data/manifests/phase1e/2019-06/daily/source_2019062600.json
2019062600,day3_24h,p03,A,4,8,233,1,1,232,0,0,84983b2394702fe81867aca209387e92841cd91a66be74f2c99cebd769246dbc,20f2b6ca8334f701800095c7c27a29bb54c76b01bf4a736c6e1865d3fcd9b37e,data/manifests/phase1e/2019-06/daily/source_2019062600.json
2019062600,day3_24h,p03,B,1,5,0,0,0,0,0,0,227121117171b74dce122745790ec8235646f7021962f156ecf3d03a555d56ec,227121117171b74dce122745790ec8235646f7021962f156ecf3d03a555d56ec,data/manifests/phase1e/2019-06/daily/source_2019062600.json
2019062600,day3_24h,p04,A,4,8,382,6,6,376,0,0,4c16d4eafb5b58017674521ea3c9b2d673929a6c1497a87cd6041b1fd7e4f0cc,ad9562050c363450c8d3a9cf67bacab1b9ead7d8a8b72f44a2bcca4389921936,data/manifests/phase1e/2019-06/daily/source_2019062600.json
2019062600,day3_24h,p04,B,1,5,0,0,0,0,0,0,3a967e3f6e146aa022825f33c43587fa4552ce73f1d36be07e3c9e64bc081189,3a967e3f6e146aa022825f33c43587fa4552ce73f1d36be07e3c9e64bc081189,data/manifests/phase1e/2019-06/daily/source_2019062600.json
2019062700,day1_24h,c00,A,4,8,186,0,0,186,0,0,3655067d191edc07dfe08a74374022402a2fc6983c539c182e5ae3ad2e18c6ac,72b56fe74597a59f9205865096e1a984beeecd2f233e7d876a30cc3305df8ae1,data/manifests/phase1e/2019-06/daily/source_2019062700.json
2019062700,day1_24h,c00,B,1,5,0,0,0,0,0,0,1e4533ba8d64cc5ef4edf71b0f126e6ed192ca59df8261cb625253a57e0c2d95,1e4533ba8d64cc5ef4edf71b0f126e6ed192ca59df8261cb625253a57e0c2d95,data/manifests/phase1e/2019-06/daily/source_2019062700.json
2019062700,day1_24h,p01,A,4,8,82,0,0,82,1,0,701787a6572ffabf1eb5fcbb6705a2460f5070aef8fbf0b45bd22ca01e3b6b03,7f80115e92486646ee9baaea2ac055497f1724f1fb713c1e44da716f94427c6a,data/manifests/phase1e/2019-06/daily/source_2019062700.json
2019062700,day1_24h,p01,B,1,5,82,0,0,82,1,0,5b667e5df9f8df282086b7c1acd2672b629f941c43e93d20698fdd61df9c8e46,ec436f66f10e1a4b7e1d01d157f348d85318be5b17bc522aea3750a65e7c876b,data/manifests/phase1e/2019-06/daily/source_2019062700.json
2019062700,day1_24h,p02,A,4,8,94,4,4,90,0,0,ab66119f3c1a268763d1cecf67d24dd99a3a65343fa63fed035fd74d469b81bb,c2bffa73dfe577d8c67707347d31a90c73e892fe59fdd4b5e1ab1601e2977792,data/manifests/phase1e/2019-06/daily/source_2019062700.json
2019062700,day1_24h,p02,B,1,5,0,0,0,0,0,0,7ceac07ac90405b7282e4539589d00b3b1ec2298c099cdf0cc89e95d5730c8a3,7ceac07ac90405b7282e4539589d00b3b1ec2298c099cdf0cc89e95d5730c8a3,data/manifests/phase1e/2019-06/daily/source_2019062700.json
2019062700,day1_24h,p03,A,4,8,381,6,6,375,0,0,4a6f82fe361cd045bbb033bd20ad4e58493eb88618b598b43e326cb3a47ffad3,1b4350492c4c2307bbb84e7769af96cfc0e4a29e376eb0304da669401655c1df,data/manifests/phase1e/2019-06/daily/source_2019062700.json
2019062700,day1_24h,p03,B,1,5,0,0,0,0,0,0,57008b8e4c6f8d5a0ea819b559e12a758d4237532915e739e48e4c0d925fe248,57008b8e4c6f8d5a0ea819b559e12a758d4237532915e739e48e4c0d925fe248,data/manifests/phase1e/2019-06/daily/source_2019062700.json
2019062700,day1_24h,p04,A,4,8,201,8,8,193,0,0,347008b7f816bfbea54bec9309c9fc89bf64bb5a745cfe3bf3f39eae83f8eaae,f0627c3409b8f6da8f002cdff8b21004d7ecf3fb083110c8006965868d7be2ce,data/manifests/phase1e/2019-06/daily/source_2019062700.json
2019062700,day1_24h,p04,B,1,5,0,0,0,0,0,0,c03c758b66905c279d6558da5cdb4f351b93eddb02507352fcdf8449e0c92a7b,c03c758b66905c279d6558da5cdb4f351b93eddb02507352fcdf8449e0c92a7b,data/manifests/phase1e/2019-06/daily/source_2019062700.json
2019062700,day2_24h,c00,A,4,8,518,15,15,503,0,0,596472f3889e523d8f7b0cd50f1f1522206d02c91e64062819dc8d4a118eb747,ae133249847c8bb7871942a81d066946c549870be6d5ff5ffd6f325c737769ae,data/manifests/phase1e/2019-06/daily/source_2019062700.json
2019062700,day2_24h,c00,B,1,5,0,0,0,0,0,0,00355947da63286bb139c42d5d4231741f424c75a89e02b7d3e5f5a389af1281,00355947da63286bb139c42d5d4231741f424c75a89e02b7d3e5f5a389af1281,data/manifests/phase1e/2019-06/daily/source_2019062700.json
2019062700,day2_24h,p01,A,4,8,129,5,5,124,0,0,7c99fb480356f05c1cf2a3a97fe2139386cb6a256071ac2a017817bf7f2a8934,1076044c79f9ac98a45b8adcc7161ab1121d080172da556a5c5bb3b7dfa7daaf,data/manifests/phase1e/2019-06/daily/source_2019062700.json
2019062700,day2_24h,p01,B,1,5,0,0,0,0,0,0,50d8b003e3ab93f5c8c524442016f04094aef89b5e622bc19cfb735cbe731e34,50d8b003e3ab93f5c8c524442016f04094aef89b5e622bc19cfb735cbe731e34,data/manifests/phase1e/2019-06/daily/source_2019062700.json
2019062700,day2_24h,p02,A,4,8,115,1,1,114,25,0,035b1025d0bd39b682c94bdad16364d43a1c57d522eae4d4598c85aca43ac327,c9df4be090d012665eb215afa689b6ff108b3de6556213af9c66bbdec853c1b8,data/manifests/phase1e/2019-06/daily/source_2019062700.json
2019062700,day2_24h,p02,B,1,5,115,1,1,114,25,0,e5d31f5dbfceea353287ce412f538424642a4c572873ab68572b600c148c8812,8ef88b45cc6572cf4ef2c0afa791728bdbbe4a4cb5bc15439533253a3fdce348,data/manifests/phase1e/2019-06/daily/source_2019062700.json
2019062700,day2_24h,p03,A,4,8,562,13,13,549,48,2,b3258ff78e0a358ee78372f5d19d22630fbca39dd9235929ca74a33b024de6c1,3ee2c8363384a529ac73251d9398b5823ff6f0361ec7702e661973e6801f1992,data/manifests/phase1e/2019-06/daily/source_2019062700.json
2019062700,day2_24h,p03,B,1,5,310,9,9,301,48,2,4e67f5d588a5ca1b2dac4f2f3ec93e2030da6eaa8634a9b416faaf8311e11c31,a5a55e0c4d9571e971557e003352f9266d532d8224c16cf4431004a882323584,data/manifests/phase1e/2019-06/daily/source_2019062700.json
2019062700,day2_24h,p04,A,4,8,402,5,5,397,0,0,47b73b946ae7d6b80b2aa8189536665d94b6ce3c3cb2f80e7d809df875481698,c2f85f77964f8485ab085b834de26ff69d3037b81fbe2733d0aa0410b04e3b76,data/manifests/phase1e/2019-06/daily/source_2019062700.json
2019062700,day2_24h,p04,B,1,5,0,0,0,0,0,0,3687bd3b66858e6672712256d6d0bf724bba20ba6b6184fe46567feef829e873,3687bd3b66858e6672712256d6d0bf724bba20ba6b6184fe46567feef829e873,data/manifests/phase1e/2019-06/daily/source_2019062700.json
2019062700,day3_24h,c00,A,4,8,0,0,0,0,0,0,c5a31db6ccc81b6a4493b75ad3cc14645e04b556b3d93d13ed006213243f5bfb,c5a31db6ccc81b6a4493b75ad3cc14645e04b556b3d93d13ed006213243f5bfb,data/manifests/phase1e/2019-06/daily/source_2019062700.json
2019062700,day3_24h,c00,B,1,5,0,0,0,0,0,0,f772e4b008a226992b19fd185f6ec37f953de711280c18424c7196c553789ee8,f772e4b008a226992b19fd185f6ec37f953de711280c18424c7196c553789ee8,data/manifests/phase1e/2019-06/daily/source_2019062700.json
2019062700,day3_24h,p01,A,4,8,0,0,0,0,0,0,a931b8fd6cd7f322d21a850cce0b4a441d163d8286602a9f865f50fc588c6bf5,a931b8fd6cd7f322d21a850cce0b4a441d163d8286602a9f865f50fc588c6bf5,data/manifests/phase1e/2019-06/daily/source_2019062700.json
2019062700,day3_24h,p01,B,1,5,0,0,0,0,0,0,899e39c213a42ea91ff54e9a1431c8507cffc112ddfcd11de098cc560dc765ba,899e39c213a42ea91ff54e9a1431c8507cffc112ddfcd11de098cc560dc765ba,data/manifests/phase1e/2019-06/daily/source_2019062700.json
2019062700,day3_24h,p02,A,4,8,67,0,0,67,0,0,8f91a76ffe0d3e66a841994546e17448adf8d8c9849d42b81eff747e34b3b4fc,e8c02df6b44159ea950dd633a1bc3bab93968b99b725a59f2849540e3a3ff051,data/manifests/phase1e/2019-06/daily/source_2019062700.json
2019062700,day3_24h,p02,B,1,5,0,0,0,0,0,0,c889846caebcff6311bd508d3823cfbb6e7df1f737ba243524238becc136106f,c889846caebcff6311bd508d3823cfbb6e7df1f737ba243524238becc136106f,data/manifests/phase1e/2019-06/daily/source_2019062700.json
2019062700,day3_24h,p03,A,4,8,132,8,8,124,3,0,465390aaa63dd54fd8188cb594928504d8eaa00c72bb160250a1916f34133db9,00e336e99c1b76ff3b85bd2a31e1a3f97d56a1b6a4612521c178372c6da7b142,data/manifests/phase1e/2019-06/daily/source_2019062700.json
2019062700,day3_24h,p03,B,1,5,132,8,8,124,3,0,208c7923e67700f31c8c0c7422c3a83b90bb168907374efb5db1ca08004dfe6e,dd311c6531217e607b102c92203ad8b630f30378be6ec02dbcc983d00a2fe3af,data/manifests/phase1e/2019-06/daily/source_2019062700.json
2019062700,day3_24h,p04,A,4,8,0,0,0,0,0,0,ef9a6cad5471a9d38ade7b24ab2ded8576d7f691cec8eba0f1286f7fdc58d8a4,ef9a6cad5471a9d38ade7b24ab2ded8576d7f691cec8eba0f1286f7fdc58d8a4,data/manifests/phase1e/2019-06/daily/source_2019062700.json
2019062700,day3_24h,p04,B,1,5,0,0,0,0,0,0,fce8efe037722114db01a813d6bb662a9800933138195ae4883c8742872a54ab,fce8efe037722114db01a813d6bb662a9800933138195ae4883c8742872a54ab,data/manifests/phase1e/2019-06/daily/source_2019062700.json
2019062800,day1_24h,c00,A,4,8,187,2,2,185,0,0,38b5ec02d3615139224fe1aa095eb3295e78420c1bf128e8c336d49c516a4ca1,398571e7c440f2467f40feef2d29cd92c149048ed755a5fbccafe81e9874b80d,data/manifests/phase1e/2019-06/daily/source_2019062800.json
2019062800,day1_24h,c00,B,1,5,0,0,0,0,0,0,3dee69b02e252027cb494a933d4ff1aa86ee957a78a29af7312331129a421627,3dee69b02e252027cb494a933d4ff1aa86ee957a78a29af7312331129a421627,data/manifests/phase1e/2019-06/daily/source_2019062800.json
2019062800,day1_24h,p01,A,4,8,0,0,0,0,0,0,a82d9accb0ef9e3f2cc96ee72ee4a4bce5c0c1bc510e40ab1e37c07f456a728b,a82d9accb0ef9e3f2cc96ee72ee4a4bce5c0c1bc510e40ab1e37c07f456a728b,data/manifests/phase1e/2019-06/daily/source_2019062800.json
2019062800,day1_24h,p01,B,1,5,0,0,0,0,0,0,15f8782b9ecb2937f1c6261f4c3843a0150fee322a148ca1071f678c6730100a,15f8782b9ecb2937f1c6261f4c3843a0150fee322a148ca1071f678c6730100a,data/manifests/phase1e/2019-06/daily/source_2019062800.json
2019062800,day1_24h,p02,A,4,8,86,1,1,85,0,0,d0de26f09c6550a754b4881eb7796c17cbd45db3760b9934cac435674137d84b,98d3974fa01b38e5d6380d6562122615c9e81f74b51aeaf8b6ec84c306ad3018,data/manifests/phase1e/2019-06/daily/source_2019062800.json
2019062800,day1_24h,p02,B,1,5,0,0,0,0,0,0,e7a85a49ace15b179044388f3cae76f781eb2c5451e909691fc96480767ba142,e7a85a49ace15b179044388f3cae76f781eb2c5451e909691fc96480767ba142,data/manifests/phase1e/2019-06/daily/source_2019062800.json
2019062800,day1_24h,p03,A,4,8,0,0,0,0,0,0,e9bb372380e428f03e4f51a7406b53b48d50515f7cf4fc78db875acdbe11f3eb,e9bb372380e428f03e4f51a7406b53b48d50515f7cf4fc78db875acdbe11f3eb,data/manifests/phase1e/2019-06/daily/source_2019062800.json
2019062800,day1_24h,p03,B,1,5,0,0,0,0,0,0,d766419d517a8e620ac04cfec99ddaa614cd3b8abdb8490b33adb2f80d1827bb,d766419d517a8e620ac04cfec99ddaa614cd3b8abdb8490b33adb2f80d1827bb,data/manifests/phase1e/2019-06/daily/source_2019062800.json
2019062800,day1_24h,p04,A,4,8,197,3,3,194,0,0,0e0377119bafc1561ac7c57eb55f81d24fa12a0eac189fb59b195befd3acc62c,7db057949846b4285ccbe319d40dd7b8f730a40f37e1422ac230ffdfadef0986,data/manifests/phase1e/2019-06/daily/source_2019062800.json
2019062800,day1_24h,p04,B,1,5,0,0,0,0,0,0,c5115c92c235ee4b7ed2549c10504527f6018a6bc65ddcdab0bced4c7aad8063,c5115c92c235ee4b7ed2549c10504527f6018a6bc65ddcdab0bced4c7aad8063,data/manifests/phase1e/2019-06/daily/source_2019062800.json
2019062800,day2_24h,c00,A,4,8,50,0,0,50,0,0,74cd6a12c1937377796ae020a8cc4f3fd070312ca04d9d975b1e5d1b2170b285,bae59be8e9ccae065be23fd7ed62231d03715349fa93949a691b2c3d3b0ecd36,data/manifests/phase1e/2019-06/daily/source_2019062800.json
2019062800,day2_24h,c00,B,1,5,0,0,0,0,0,0,bbbddc5d61119c81c1ea553705fb3ffa9f689f9e491259da7f2e121b7751d870,bbbddc5d61119c81c1ea553705fb3ffa9f689f9e491259da7f2e121b7751d870,data/manifests/phase1e/2019-06/daily/source_2019062800.json
2019062800,day2_24h,p01,A,4,8,175,3,3,172,12,0,d102a93b2508a1137057d502a5a6aa676158b0c9041b17f38ee76e101ac00fb7,a1f4b51ee627b995b11479d3b196cb22d601123fa889b66372e1b425f55a49ae,data/manifests/phase1e/2019-06/daily/source_2019062800.json
2019062800,day2_24h,p01,B,1,5,175,3,3,172,12,0,acb1a83c685aecc62b7aba77c2ad9704c63a107cd6470e46c3eadf6a73d19e81,82e5b0402f533ac961eeaf7bbf0e615a3ae4b19300f0a1fcdf2a8b9a71dc2c32,data/manifests/phase1e/2019-06/daily/source_2019062800.json
2019062800,day2_24h,p02,A,4,8,0,0,0,0,0,0,69dfb78affd5bf4e82e5d249f5b912e7117b3aaf1833b1729ef71e5f89b206ee,69dfb78affd5bf4e82e5d249f5b912e7117b3aaf1833b1729ef71e5f89b206ee,data/manifests/phase1e/2019-06/daily/source_2019062800.json
2019062800,day2_24h,p02,B,1,5,0,0,0,0,0,0,3ebd77732c77d5cbba5aad04c87a222ab4db45c19bf097d525b50ecfc727376d,3ebd77732c77d5cbba5aad04c87a222ab4db45c19bf097d525b50ecfc727376d,data/manifests/phase1e/2019-06/daily/source_2019062800.json
2019062800,day2_24h,p03,A,4,8,83,5,5,78,0,0,767a2475ecf98b84129eb70d19cc33b19b816a984c6a64f601587fc8b09bcedb,f71e45cf447b3db3029e5628a627692c6b466acb934b8595844cb772af7594d3,data/manifests/phase1e/2019-06/daily/source_2019062800.json
2019062800,day2_24h,p03,B,1,5,0,0,0,0,0,0,70c0ba81e44817a17f494c9b29a4c817bb1ae409ed129f32fc49dc7a6e7a9741,70c0ba81e44817a17f494c9b29a4c817bb1ae409ed129f32fc49dc7a6e7a9741,data/manifests/phase1e/2019-06/daily/source_2019062800.json
2019062800,day2_24h,p04,A,4,8,220,10,10,210,0,0,15686f8968994deda63ccc144371852cfaf3a6edc4892cd9dbb424fcfb6b53b1,c49ab90e26b3612cbe6df1658a733a64716b6110321639db60a85947f41df70f,data/manifests/phase1e/2019-06/daily/source_2019062800.json
2019062800,day2_24h,p04,B,1,5,0,0,0,0,0,0,6882172d9908b65f50c784b646966bcd57d8949185e3ebcea067e86c6367fcad,6882172d9908b65f50c784b646966bcd57d8949185e3ebcea067e86c6367fcad,data/manifests/phase1e/2019-06/daily/source_2019062800.json
2019062800,day3_24h,c00,A,4,8,752,17,17,735,7,0,5c0aef1e4c354a36e64bed6f2129e70769db53d4c99320d023d302e6e46a1763,e950997f3bb626b5b514e7a0d5dcf687a0ec5a89bf4e25616b76b87bacf807a9,data/manifests/phase1e/2019-06/daily/source_2019062800.json
2019062800,day3_24h,c00,B,1,5,117,3,3,114,6,0,d5efab30f252dc7b3f18541119de07b77401b0fbf838c0e6a76bef32d55f3154,615c191b5a67fe74d0c2ae83048ca73ee3f95a1b13019917de09ce32e80e40f8,data/manifests/phase1e/2019-06/daily/source_2019062800.json
2019062800,day3_24h,p01,A,4,8,0,0,0,0,0,0,aac90c2c4a3e9c09356ae0971ba8340e6e33e58cc42c0d901813da2d7ab6985a,aac90c2c4a3e9c09356ae0971ba8340e6e33e58cc42c0d901813da2d7ab6985a,data/manifests/phase1e/2019-06/daily/source_2019062800.json
2019062800,day3_24h,p01,B,1,5,0,0,0,0,0,0,ea5e64779e80bd1c3c460d1ddcabe2bbedecacc432658fe083e20730f1a0226d,ea5e64779e80bd1c3c460d1ddcabe2bbedecacc432658fe083e20730f1a0226d,data/manifests/phase1e/2019-06/daily/source_2019062800.json
2019062800,day3_24h,p02,A,4,8,0,0,0,0,0,0,f3553b97ad51619ca12ca3f10329696368187c1a23c76eee032781ada18815a8,f3553b97ad51619ca12ca3f10329696368187c1a23c76eee032781ada18815a8,data/manifests/phase1e/2019-06/daily/source_2019062800.json
2019062800,day3_24h,p02,B,1,5,0,0,0,0,0,0,afe862fcd911d2ebf74445e3079b9408da13c7739d8724c3ae00d6237873fafb,afe862fcd911d2ebf74445e3079b9408da13c7739d8724c3ae00d6237873fafb,data/manifests/phase1e/2019-06/daily/source_2019062800.json
2019062800,day3_24h,p03,A,4,8,652,12,12,640,0,0,67b97a31b53ed137fed7f400724c62aa8cc4de5bf6984ad0460bd4b1e2f5e31f,73722a6ef48c9bf13fc8a6945594062e64e2568dab793e367fabf721c4cd0283,data/manifests/phase1e/2019-06/daily/source_2019062800.json
2019062800,day3_24h,p03,B,1,5,0,0,0,0,0,0,1458ba769f0d571243cefecc21c2c10946d0876ee09acd7f1e1c64973b734fa1,1458ba769f0d571243cefecc21c2c10946d0876ee09acd7f1e1c64973b734fa1,data/manifests/phase1e/2019-06/daily/source_2019062800.json
2019062800,day3_24h,p04,A,4,8,542,32,32,510,22,3,bc315783a5444c2936f3a150eb0c69a9dee519e3f8ac5f08aadae14d6ccee300,23b9120682e790227787d0cc2ff159d0870616b3e1d618ad85cc588448cd73e5,data/manifests/phase1e/2019-06/daily/source_2019062800.json
2019062800,day3_24h,p04,B,1,5,328,25,25,303,22,3,d8ae24876ffcaca1bf2406d2e33caede8a42c0eb5536de00e7d030e94915c779,5bc908f5f7199061281d0be5c7626be1fa7a386f0c188036fb00ba9faeb72572,data/manifests/phase1e/2019-06/daily/source_2019062800.json
2019062900,day1_24h,c00,A,4,8,0,0,0,0,0,0,7875650b4897abd98a312696234e25f3c22fc0d432f67ffb6cbfcaedcff49a82,7875650b4897abd98a312696234e25f3c22fc0d432f67ffb6cbfcaedcff49a82,data/manifests/phase1e/2019-06/daily/source_2019062900.json
2019062900,day1_24h,c00,B,1,5,0,0,0,0,0,0,e325827c5ce28022a8022fee704bca60313856046def0061c6bec1ee36d19e41,e325827c5ce28022a8022fee704bca60313856046def0061c6bec1ee36d19e41,data/manifests/phase1e/2019-06/daily/source_2019062900.json
2019062900,day1_24h,p01,A,4,8,0,0,0,0,0,0,8753675c59e97c36d60e2113dacdb6bde3144c227af51f9b480f830a2c914aa5,8753675c59e97c36d60e2113dacdb6bde3144c227af51f9b480f830a2c914aa5,data/manifests/phase1e/2019-06/daily/source_2019062900.json
2019062900,day1_24h,p01,B,1,5,0,0,0,0,0,0,35937974e6beee13273d6c565cc84b3acdd734380effe23b206fbfc710fa255f,35937974e6beee13273d6c565cc84b3acdd734380effe23b206fbfc710fa255f,data/manifests/phase1e/2019-06/daily/source_2019062900.json
2019062900,day1_24h,p02,A,4,8,0,0,0,0,0,0,a4c62414c05201a14ba44a1475953733a26dd58c6c2dd7f869ef05dff897960f,a4c62414c05201a14ba44a1475953733a26dd58c6c2dd7f869ef05dff897960f,data/manifests/phase1e/2019-06/daily/source_2019062900.json
2019062900,day1_24h,p02,B,1,5,0,0,0,0,0,0,2b0c7cd88e0688b4b20c1ea6e74d3d5c5598512e4d27a51127549022095cac7d,2b0c7cd88e0688b4b20c1ea6e74d3d5c5598512e4d27a51127549022095cac7d,data/manifests/phase1e/2019-06/daily/source_2019062900.json
2019062900,day1_24h,p03,A,4,8,330,7,7,323,0,0,d6bb3ee6b2ba1c1b81529bdf8837ff1ce161015809ffd6ff6be352692c760b3c,28db742b2b5b4d6fd3a3b67df5de6316c290fb66b11ff67790415954cee967e1,data/manifests/phase1e/2019-06/daily/source_2019062900.json
2019062900,day1_24h,p03,B,1,5,0,0,0,0,0,0,c86e44e67a36f889665fbbecdfd7afae2b2b3286cf59e44dc92ebf4abecdf4eb,c86e44e67a36f889665fbbecdfd7afae2b2b3286cf59e44dc92ebf4abecdf4eb,data/manifests/phase1e/2019-06/daily/source_2019062900.json
2019062900,day1_24h,p04,A,4,8,0,0,0,0,0,0,e50a4f25e07075869d82f9bb59e947f9e0cf6bf1dafb3d32fbde147dbbf6cc80,e50a4f25e07075869d82f9bb59e947f9e0cf6bf1dafb3d32fbde147dbbf6cc80,data/manifests/phase1e/2019-06/daily/source_2019062900.json
2019062900,day1_24h,p04,B,1,5,0,0,0,0,0,0,a81cb07ced3b2ed1bc93060302f1605d58737019d7ae44d19c7d3ccdd891820e,a81cb07ced3b2ed1bc93060302f1605d58737019d7ae44d19c7d3ccdd891820e,data/manifests/phase1e/2019-06/daily/source_2019062900.json
2019062900,day2_24h,c00,A,4,8,0,0,0,0,0,0,50d145b0f7209f3980bc3be1822bca38133e78269c374b6812c1d31444466225,50d145b0f7209f3980bc3be1822bca38133e78269c374b6812c1d31444466225,data/manifests/phase1e/2019-06/daily/source_2019062900.json
2019062900,day2_24h,c00,B,1,5,0,0,0,0,0,0,2231a307a933fd90967add9c210e91239e065efce7479e11403a588a6dcf0276,2231a307a933fd90967add9c210e91239e065efce7479e11403a588a6dcf0276,data/manifests/phase1e/2019-06/daily/source_2019062900.json
2019062900,day2_24h,p01,A,4,8,0,0,0,0,0,0,4dda7151599667ea3df5c7f10a07f7436f15588f15cc57fba154f7883a3aaf4f,4dda7151599667ea3df5c7f10a07f7436f15588f15cc57fba154f7883a3aaf4f,data/manifests/phase1e/2019-06/daily/source_2019062900.json
2019062900,day2_24h,p01,B,1,5,0,0,0,0,0,0,4fe2b04f2ab7c6a85b1a84fef6d21528df8a43f621d3f4bede1c491cb732b4ca,4fe2b04f2ab7c6a85b1a84fef6d21528df8a43f621d3f4bede1c491cb732b4ca,data/manifests/phase1e/2019-06/daily/source_2019062900.json
2019062900,day2_24h,p02,A,4,8,119,1,1,118,0,0,5c2552a0c36700764d6e7eddd155a0b3674bd49fff598466597c8fcb76dda2d7,19b3f304bef20c05e863e1c91462dbcfdfc485bbea577018ce17ee04daff1649,data/manifests/phase1e/2019-06/daily/source_2019062900.json
2019062900,day2_24h,p02,B,1,5,0,0,0,0,0,0,4060ff656584b06927ce9d3f5a741ae515f9856cbc538fa9ced7db08508d6231,4060ff656584b06927ce9d3f5a741ae515f9856cbc538fa9ced7db08508d6231,data/manifests/phase1e/2019-06/daily/source_2019062900.json
2019062900,day2_24h,p03,A,4,8,176,1,1,175,0,0,bee0d68d343c287ecd78a2dd4b62d148bb7ae6446663dba1e2851992ba543e2d,610c4202547bb47629f386ab492909d842de45af4e9bcbea6bf60ae81f43ab97,data/manifests/phase1e/2019-06/daily/source_2019062900.json
2019062900,day2_24h,p03,B,1,5,0,0,0,0,0,0,5f91520b11d451abc4f300f5a3aaece5c156fcf94f6b24df8b7a193c3d65a79d,5f91520b11d451abc4f300f5a3aaece5c156fcf94f6b24df8b7a193c3d65a79d,data/manifests/phase1e/2019-06/daily/source_2019062900.json
2019062900,day2_24h,p04,A,4,8,0,0,0,0,0,0,8eebb0754bb2c89ed82088858bd47f829cc1bd0020cb1b390e8b4bf1267b4fc1,8eebb0754bb2c89ed82088858bd47f829cc1bd0020cb1b390e8b4bf1267b4fc1,data/manifests/phase1e/2019-06/daily/source_2019062900.json
2019062900,day2_24h,p04,B,1,5,0,0,0,0,0,0,6634126fb505857335252499f48079b885ebfe3718acb25eb88a7d4d71aef5a9,6634126fb505857335252499f48079b885ebfe3718acb25eb88a7d4d71aef5a9,data/manifests/phase1e/2019-06/daily/source_2019062900.json
2019062900,day3_24h,c00,A,4,8,551,15,15,536,32,2,d03461453b7447254b2fc2b16da3da6667945e4d4d0c323af64b74131f88a1a4,c13ef484a89a67f85868e0268e47f7b429c7c5ce2613769e373a05a4c007a834,data/manifests/phase1e/2019-06/daily/source_2019062900.json
2019062900,day3_24h,c00,B,1,5,185,9,9,176,32,2,75c59681f9821df5c953db1098ca1528e2896727b78787edf833fdda81265e7c,35622f21855dcccaecfbda869356a81ca543a2af30ed92a259d62051ae7564b0,data/manifests/phase1e/2019-06/daily/source_2019062900.json
2019062900,day3_24h,p01,A,4,8,0,0,0,0,0,0,4bfa075926fcd94a757e6cb89fbcc516de631971902a5d5b6ae4ce93d2d18717,4bfa075926fcd94a757e6cb89fbcc516de631971902a5d5b6ae4ce93d2d18717,data/manifests/phase1e/2019-06/daily/source_2019062900.json
2019062900,day3_24h,p01,B,1,5,0,0,0,0,0,0,8d5d67db10865a6eab1f7dec869f54f513ddd225bdf05912a0af96b0973ea5dc,8d5d67db10865a6eab1f7dec869f54f513ddd225bdf05912a0af96b0973ea5dc,data/manifests/phase1e/2019-06/daily/source_2019062900.json
2019062900,day3_24h,p02,A,4,8,335,7,7,328,61,0,06b0b7a1ae459e96665b98eee1b3ca7244b6d62e912bdbfc7bcd0aa5dd518120,d38700c40b5b159d301f99bd62b72d8e0e0443b623277643f25458b128e5a316,data/manifests/phase1e/2019-06/daily/source_2019062900.json
2019062900,day3_24h,p02,B,1,5,176,2,2,174,61,0,16be58bafa7bb3f127d304d297812ca60ce4fb312bbca8f3c444672cc626e9b8,064743516d24678995feb4b3b44e6d07ec6123fe983aa574ca4486e24bff6bd7,data/manifests/phase1e/2019-06/daily/source_2019062900.json
2019062900,day3_24h,p03,A,4,8,0,0,0,0,0,0,a79945440a4b43494be0582f91af0af23ce2f95f2507ac2ddc54e28635b7ae28,a79945440a4b43494be0582f91af0af23ce2f95f2507ac2ddc54e28635b7ae28,data/manifests/phase1e/2019-06/daily/source_2019062900.json
2019062900,day3_24h,p03,B,1,5,0,0,0,0,0,0,983d142b35c111d2bb973d64714eb3738fa0f6a5a8dc6e1b896232f461bb3705,983d142b35c111d2bb973d64714eb3738fa0f6a5a8dc6e1b896232f461bb3705,data/manifests/phase1e/2019-06/daily/source_2019062900.json
2019062900,day3_24h,p04,A,4,8,329,13,13,316,0,0,1ec482dc142561dbaa234d9d9ce37e99e475fd8f1f864e244531be1e4a1708e0,4e7a978c1ddd3a52fc52f92185ddae6c22235d103d72ffd194030e9cd9d4913e,data/manifests/phase1e/2019-06/daily/source_2019062900.json
2019062900,day3_24h,p04,B,1,5,0,0,0,0,0,0,95e70e6f34ad1b44e08a47ed4cd456554c54d50130e3219423e74e0259c37751,95e70e6f34ad1b44e08a47ed4cd456554c54d50130e3219423e74e0259c37751,data/manifests/phase1e/2019-06/daily/source_2019062900.json
2019063000,day1_24h,c00,A,4,8,358,5,5,353,0,0,d0122cc9bbc464105ef582f5f46da2db41bb4bbd1e072ed6f0d50085be356cf4,8af90258a8fcf82d5ad0bd2faef977ac4c58564ee94fb023a59ea7ed048a654d,data/manifests/phase1e/2019-06/daily/source_2019063000.json
2019063000,day1_24h,c00,B,1,5,0,0,0,0,0,0,7bbcf22cd58d1671955283fc34c4ef0cd8811983f21a75e6aed36f08a4ab1b7a,7bbcf22cd58d1671955283fc34c4ef0cd8811983f21a75e6aed36f08a4ab1b7a,data/manifests/phase1e/2019-06/daily/source_2019063000.json
2019063000,day1_24h,p01,A,4,8,0,0,0,0,0,0,48f117444c811031ee76cea4d4f34b079bb9e8186a259157d79b2d5b2a4b64fb,48f117444c811031ee76cea4d4f34b079bb9e8186a259157d79b2d5b2a4b64fb,data/manifests/phase1e/2019-06/daily/source_2019063000.json
2019063000,day1_24h,p01,B,1,5,0,0,0,0,0,0,7bbbd84ebca3400d033f0017eaf89c4afb148b55e975f0f06d213d08af7c70e6,7bbbd84ebca3400d033f0017eaf89c4afb148b55e975f0f06d213d08af7c70e6,data/manifests/phase1e/2019-06/daily/source_2019063000.json
2019063000,day1_24h,p02,A,4,8,0,0,0,0,0,0,5861e539c68ce445076a7b4275be103f6dd993d88998c2c9fd17cfd5feadee4a,5861e539c68ce445076a7b4275be103f6dd993d88998c2c9fd17cfd5feadee4a,data/manifests/phase1e/2019-06/daily/source_2019063000.json
2019063000,day1_24h,p02,B,1,5,0,0,0,0,0,0,29e7b80e1ae93d9ef4de4258599111c8397733634cd9b6b1918e5b854dba53ca,29e7b80e1ae93d9ef4de4258599111c8397733634cd9b6b1918e5b854dba53ca,data/manifests/phase1e/2019-06/daily/source_2019063000.json
2019063000,day1_24h,p03,A,4,8,151,1,1,150,0,0,9d6409a8a52713b3b82a9afdb07b9ccb52894d8f19376f37fec47a8b4d3a93bf,7033be8efc1d5a08a594ccadab07b73fdfd270e3e5f6669bbe910395261daf90,data/manifests/phase1e/2019-06/daily/source_2019063000.json
2019063000,day1_24h,p03,B,1,5,38,0,0,38,0,0,ee2e8ca846253597efea87ec29528fae9985a1c4c7a13b0e8d50984bd8e5aa62,6ffec8c0ee14158a3421cc460d9f5c7856452c4757ba5d43597b2522ed07ff12,data/manifests/phase1e/2019-06/daily/source_2019063000.json
2019063000,day1_24h,p04,A,4,8,195,0,0,195,0,0,d012482f4f8b89e9f7d2bace0f71cf0dcba1279438ce121f140d3e9537ab84d5,a11ff0930ed26e9debba7a4389cd60f829c97c3a752a7c46bd04a8ec76b806a5,data/manifests/phase1e/2019-06/daily/source_2019063000.json
2019063000,day1_24h,p04,B,1,5,0,0,0,0,0,0,6015cc6add4aa470b1d43b82fbca9ac5e005e6d2ccdfa203a7421dbaded08b2a,6015cc6add4aa470b1d43b82fbca9ac5e005e6d2ccdfa203a7421dbaded08b2a,data/manifests/phase1e/2019-06/daily/source_2019063000.json
2019063000,day2_24h,c00,A,4,8,404,7,7,397,0,0,df34c351d1e19b443e740dc5d82ec37a593f591f74337925fea02d364e456bcb,4eeacf817f131205159b4d3340d3f234f1959facb43403f3a979bb0e79323088,data/manifests/phase1e/2019-06/daily/source_2019063000.json
2019063000,day2_24h,c00,B,1,5,0,0,0,0,0,0,f4eee97bb53832e8da48e68cbaff655b5c88ed95a3977f7b647e63b8863a99fb,f4eee97bb53832e8da48e68cbaff655b5c88ed95a3977f7b647e63b8863a99fb,data/manifests/phase1e/2019-06/daily/source_2019063000.json
2019063000,day2_24h,p01,A,4,8,228,4,4,224,0,0,fdd9ec7ae3bc4f9a0a0b9663ad146201070ca36b687591097062633c0f03ea28,a6bd60248ad86fbeb995af8cdafb818ec0ef9e5c4f9a626635542a6b4bd90392,data/manifests/phase1e/2019-06/daily/source_2019063000.json
2019063000,day2_24h,p01,B,1,5,0,0,0,0,0,0,254e4ead18648d4861743868d471990c385236a132f553361e8082eeb00d8a94,254e4ead18648d4861743868d471990c385236a132f553361e8082eeb00d8a94,data/manifests/phase1e/2019-06/daily/source_2019063000.json
2019063000,day2_24h,p02,A,4,8,510,14,14,496,0,0,cb3546116d91b85ec35d1fb2c1e15e310600589219efe0240db1924ddc30c949,da5065d0a6a274bf61c03a4aa0ce37896072017fdce7efefc59c476e57553fe8,data/manifests/phase1e/2019-06/daily/source_2019063000.json
2019063000,day2_24h,p02,B,1,5,0,0,0,0,0,0,2af28f8a0c5138043c572d320a086212c61b2c017d36e8410089adb79f4b0395,2af28f8a0c5138043c572d320a086212c61b2c017d36e8410089adb79f4b0395,data/manifests/phase1e/2019-06/daily/source_2019063000.json
2019063000,day2_24h,p03,A,4,8,207,6,6,201,41,0,9a349f9a7af5dcedbc42c015feefcb5c8d4a04f5036d94f2ac611b619efacead,00f3a68e3e2c648ea2707923f3904614f67bbebda78817060b56aadeb8ca1cc5,data/manifests/phase1e/2019-06/daily/source_2019063000.json
2019063000,day2_24h,p03,B,1,5,207,6,6,201,41,0,23182f3952bf60b9e8a83006d6ef4d79379e2f9642782ae24d607586bd16c207,1edc29b650ce7c547fbad40d34c8651e97e0ffbfe00546517ae276d56d0719a4,data/manifests/phase1e/2019-06/daily/source_2019063000.json
2019063000,day2_24h,p04,A,4,8,473,2,2,471,28,0,370f79ad9f11b2cf8180c4be304c0c724ea0bf67743e62b51ad7030d43e80ff1,5a58031a3ef1616bf7278c052a1d013f31d9f05f726c61baefc0be6775729dc0,data/manifests/phase1e/2019-06/daily/source_2019063000.json
2019063000,day2_24h,p04,B,1,5,143,1,1,142,28,0,0a0938d7544a6d110ed6fd75347d46ab534adcf3adb8b4a6d25e71e2a3ba10e4,e6dbcde178741d413bcc1936d541af4e7bfc96d7431d7115753cb3b14cd4e9e9,data/manifests/phase1e/2019-06/daily/source_2019063000.json
2019063000,day3_24h,c00,A,4,8,0,0,0,0,0,0,1c1c5dd7b13b435fd13a3e8883bd9db21570e92a7ee258502465a9be1b3fd1eb,1c1c5dd7b13b435fd13a3e8883bd9db21570e92a7ee258502465a9be1b3fd1eb,data/manifests/phase1e/2019-06/daily/source_2019063000.json
2019063000,day3_24h,c00,B,1,5,0,0,0,0,0,0,e77158c283c7ac8c53400981eb876b33a52befcf0f83dc9805a45c71107d5012,e77158c283c7ac8c53400981eb876b33a52befcf0f83dc9805a45c71107d5012,data/manifests/phase1e/2019-06/daily/source_2019063000.json
2019063000,day3_24h,p01,A,4,8,394,15,15,379,14,2,e46bbd0b2b45f97fca4c10bff7d97d5708b4e0a2ae627ece0b9d7871ddf9daf1,61a368b5931431a8b25009d7e07ba6e0e42fe125593b48f3993d7dc40cf3e947,data/manifests/phase1e/2019-06/daily/source_2019063000.json
2019063000,day3_24h,p01,B,1,5,97,5,5,92,14,2,1711964fde68c9b28f054005bf9d29d1d455ab5aa9616e04fce4f1154c1a0c18,89df75bc86a1630f51a55f0e07aacbec63395497c3aacbb763cf716d8077afe2,data/manifests/phase1e/2019-06/daily/source_2019063000.json
2019063000,day3_24h,p02,A,4,8,108,3,3,105,0,0,007fea2ddcdc871bc5661e58f460fc0004805017cd35ddee2067b30f98d7ba37,5d02c424158780ebc27d45697e120f3a6f20a7ff41b299e2d563624e071d50fb,data/manifests/phase1e/2019-06/daily/source_2019063000.json
2019063000,day3_24h,p02,B,1,5,0,0,0,0,0,0,0718f545df570fed6f469e58b3248cdb0b1d553c2f02e6bf58569054ca3663f5,0718f545df570fed6f469e58b3248cdb0b1d553c2f02e6bf58569054ca3663f5,data/manifests/phase1e/2019-06/daily/source_2019063000.json
2019063000,day3_24h,p03,A,4,8,128,3,3,125,0,0,b535e6fb928c010792d66d6cbfb0b43e8373f758574304a624caf82b43bed944,f5a27bc6de45b48367ade2b717c6c97b2391fa1be3898d2725c7346dfe4aaf18,data/manifests/phase1e/2019-06/daily/source_2019063000.json
2019063000,day3_24h,p03,B,1,5,0,0,0,0,0,0,620bfa3de0a539ecfe11c469a3a1ef8435f804acfc655fc1bed9c42fb5984dce,620bfa3de0a539ecfe11c469a3a1ef8435f804acfc655fc1bed9c42fb5984dce,data/manifests/phase1e/2019-06/daily/source_2019063000.json
2019063000,day3_24h,p04,A,4,8,0,0,0,0,0,0,8d59c9e8af87a369a787e13d7215fdbe07114cada4b64866741ceac6f0d97d03,8d59c9e8af87a369a787e13d7215fdbe07114cada4b64866741ceac6f0d97d03,data/manifests/phase1e/2019-06/daily/source_2019063000.json
2019063000,day3_24h,p04,B,1,5,0,0,0,0,0,0,3fb276ca2805655b6ba35c5d11fd4e31ca466ff0ee62b4d2eabd0dcec0d3af4d,3fb276ca2805655b6ba35c5d11fd4e31ca466ff0ee62b4d2eabd0dcec0d3af4d,data/manifests/phase1e/2019-06/daily/source_2019063000.json
2019070100,day1_24h,c00,A,4,8,163,6,6,157,0,0,fc8fa5d65658231225fdea932fb3bd0876153dbed09200aeb8a09d08752f61a9,ef8450901d2f6d1804718114f56539923b0158acad9d9794738309ac761df3d1,data/manifests/phase1e/2019-07/daily/source_2019070100.json
2019070100,day1_24h,c00,B,1,5,0,0,0,0,0,0,5ea904e38b9b76941f5549f77b88aed987248097abd0d2cb89386abb8975308f,5ea904e38b9b76941f5549f77b88aed987248097abd0d2cb89386abb8975308f,data/manifests/phase1e/2019-07/daily/source_2019070100.json
2019070100,day1_24h,p01,A,4,8,0,0,0,0,0,0,89daa3b2a833b85785e29c91c79635c17ac81fa59a7bbbf21ffc63de143f830d,89daa3b2a833b85785e29c91c79635c17ac81fa59a7bbbf21ffc63de143f830d,data/manifests/phase1e/2019-07/daily/source_2019070100.json
2019070100,day1_24h,p01,B,1,5,0,0,0,0,0,0,185a9ec746616d6d98488b5c596cc13c7341e55d755106312a316a2121d07cd3,185a9ec746616d6d98488b5c596cc13c7341e55d755106312a316a2121d07cd3,data/manifests/phase1e/2019-07/daily/source_2019070100.json
2019070100,day1_24h,p02,A,4,8,0,0,0,0,0,0,cb7d9f5736a9399484538b200660c44e1211e339f696fafc36093c885a546ea7,cb7d9f5736a9399484538b200660c44e1211e339f696fafc36093c885a546ea7,data/manifests/phase1e/2019-07/daily/source_2019070100.json
2019070100,day1_24h,p02,B,1,5,0,0,0,0,0,0,e63c14ff7d24204200012af67cd1e97ee62459f139d1c47eaa9c63e1f027eafe,e63c14ff7d24204200012af67cd1e97ee62459f139d1c47eaa9c63e1f027eafe,data/manifests/phase1e/2019-07/daily/source_2019070100.json
2019070100,day1_24h,p03,A,4,8,0,0,0,0,0,0,0bd233e6997d0f2ce56dcc044e05bd26d808a2bbf5dbc196d9388bf6ceb71d5b,0bd233e6997d0f2ce56dcc044e05bd26d808a2bbf5dbc196d9388bf6ceb71d5b,data/manifests/phase1e/2019-07/daily/source_2019070100.json
2019070100,day1_24h,p03,B,1,5,0,0,0,0,0,0,5fcba3d06d01a7835f80c1217fb9ebbec74e593ab7f4a8e3aa1e01f98c5d029a,5fcba3d06d01a7835f80c1217fb9ebbec74e593ab7f4a8e3aa1e01f98c5d029a,data/manifests/phase1e/2019-07/daily/source_2019070100.json
2019070100,day1_24h,p04,A,4,8,0,0,0,0,0,0,0661bd293f6311b27452e413b0c7f86e9dbccd4a09210bc3f33e24dec1e6bf7c,0661bd293f6311b27452e413b0c7f86e9dbccd4a09210bc3f33e24dec1e6bf7c,data/manifests/phase1e/2019-07/daily/source_2019070100.json
2019070100,day1_24h,p04,B,1,5,0,0,0,0,0,0,15c9ceb52fe9fd490496feaad18bb3883c1c7880ac818c88d309ecea4028434b,15c9ceb52fe9fd490496feaad18bb3883c1c7880ac818c88d309ecea4028434b,data/manifests/phase1e/2019-07/daily/source_2019070100.json
2019070100,day2_24h,c00,A,4,8,303,13,13,290,0,0,fb5f471bfb587718b0c911b65d9f1fb1216c82f16174b9de5b6837cbe47d3007,2d3e1845dc1243223efab7df68a49a7f11124a8d8e3e5b5f7121ada204e65486,data/manifests/phase1e/2019-07/daily/source_2019070100.json
2019070100,day2_24h,c00,B,1,5,0,0,0,0,0,0,5ebe86bfc314c7f8a51db4a68ab4cdf32ebff4a7e3b829fed481dee440464d8c,5ebe86bfc314c7f8a51db4a68ab4cdf32ebff4a7e3b829fed481dee440464d8c,data/manifests/phase1e/2019-07/daily/source_2019070100.json
2019070100,day2_24h,p01,A,4,8,0,0,0,0,0,0,b161894fbe9ae8cb57dee3f115816f33e6c15f5d7e85b0c0d9eca5804219d781,b161894fbe9ae8cb57dee3f115816f33e6c15f5d7e85b0c0d9eca5804219d781,data/manifests/phase1e/2019-07/daily/source_2019070100.json
2019070100,day2_24h,p01,B,1,5,0,0,0,0,0,0,be140ba767b6fc5b1f8e47a00a0dc1cfe579dd0e6b8f58e706ec9d39aaa456bf,be140ba767b6fc5b1f8e47a00a0dc1cfe579dd0e6b8f58e706ec9d39aaa456bf,data/manifests/phase1e/2019-07/daily/source_2019070100.json
2019070100,day2_24h,p02,A,4,8,200,7,7,193,0,0,cfd902ef110ecd8c300d2f6de590f49b341edef26f63b66d01ff3baaa7d2c2c2,ba65bde8f22b8ac6cf80982122fd436f4a5ff4ee40207e89cbfedeeef0378fa3,data/manifests/phase1e/2019-07/daily/source_2019070100.json
2019070100,day2_24h,p02,B,1,5,0,0,0,0,0,0,4639060bddddcc4b5518e957660789b33389ab7ac63082f1d1a0459757b8ddff,4639060bddddcc4b5518e957660789b33389ab7ac63082f1d1a0459757b8ddff,data/manifests/phase1e/2019-07/daily/source_2019070100.json
2019070100,day2_24h,p03,A,4,8,0,0,0,0,0,0,56c52b5c4e58c390b0db6db52ad728eb192ced087fa6af8c46016827e9d649ab,56c52b5c4e58c390b0db6db52ad728eb192ced087fa6af8c46016827e9d649ab,data/manifests/phase1e/2019-07/daily/source_2019070100.json
2019070100,day2_24h,p03,B,1,5,0,0,0,0,0,0,46881f686824ac93fa1e0fb6ac12537dc59edb6469709e3bee6c22cb12026880,46881f686824ac93fa1e0fb6ac12537dc59edb6469709e3bee6c22cb12026880,data/manifests/phase1e/2019-07/daily/source_2019070100.json
2019070100,day2_24h,p04,A,4,8,0,0,0,0,0,0,427d4457fc6adbe88126f844f38cfc9b3089d29c0199bf88a76ede2838834951,427d4457fc6adbe88126f844f38cfc9b3089d29c0199bf88a76ede2838834951,data/manifests/phase1e/2019-07/daily/source_2019070100.json
2019070100,day2_24h,p04,B,1,5,0,0,0,0,0,0,5a120c71abc004dce46c39933eb6ba5ebb6a4cfc6fea719a5d1b014a6fee71e8,5a120c71abc004dce46c39933eb6ba5ebb6a4cfc6fea719a5d1b014a6fee71e8,data/manifests/phase1e/2019-07/daily/source_2019070100.json
2019070100,day3_24h,c00,A,4,8,87,1,1,86,26,0,fa750700d4e032d8ec7be070679a6d0bad01bb1ea380a5b2ea605677d805e2b1,fc223b1502193f5229c276e2d533fe03c37507cd3286aa3c6d09830e49260781,data/manifests/phase1e/2019-07/daily/source_2019070100.json
2019070100,day3_24h,c00,B,1,5,87,1,1,86,26,0,a370add03c77a5f4bcfaadaba63a2d43a96a6cbde5fc8436ef870d3a7c83f29a,83e3d25c544ccacf1b8c8fcf38ebc2920e397c539f7cbe1a25d11160f2564144,data/manifests/phase1e/2019-07/daily/source_2019070100.json
2019070100,day3_24h,p01,A,4,8,0,0,0,0,0,0,7d6ec8c02918b4246e2c14bd6d18717c6e1ff7c3683366f30bd0895f1c4fcb03,7d6ec8c02918b4246e2c14bd6d18717c6e1ff7c3683366f30bd0895f1c4fcb03,data/manifests/phase1e/2019-07/daily/source_2019070100.json
2019070100,day3_24h,p01,B,1,5,0,0,0,0,0,0,aa784cbdfebf06a8a47d1e041b342dd0c4606e017367b286324a0e4c32b70356,aa784cbdfebf06a8a47d1e041b342dd0c4606e017367b286324a0e4c32b70356,data/manifests/phase1e/2019-07/daily/source_2019070100.json
2019070100,day3_24h,p02,A,4,8,0,0,0,0,0,0,206cfb43c919fd741e7ca48a2063ef9b2d07326475275ad19cb097c5ef3f9255,206cfb43c919fd741e7ca48a2063ef9b2d07326475275ad19cb097c5ef3f9255,data/manifests/phase1e/2019-07/daily/source_2019070100.json
2019070100,day3_24h,p02,B,1,5,0,0,0,0,0,0,7331e375e3ee13d0aa87d16c5df0cee8fd0cf47410b2064c2c5ea8bb51e08b71,7331e375e3ee13d0aa87d16c5df0cee8fd0cf47410b2064c2c5ea8bb51e08b71,data/manifests/phase1e/2019-07/daily/source_2019070100.json
2019070100,day3_24h,p03,A,4,8,182,2,2,180,30,0,7e33ffc80c9a7e4746de7451e80f3001b506f664a4977b974c6c5ed323cd44e7,6cca7f01b4129f63f386817e01cd97e4599bd71701b4b9ee8ec4223c48a82239,data/manifests/phase1e/2019-07/daily/source_2019070100.json
2019070100,day3_24h,p03,B,1,5,78,0,0,78,30,0,e466d306d329cdfd3ed456d1ea814f952fcca2d884f61db2a3898e188b3d853e,083ec8a0df960ba744b3af0f1ebdfb09594fda802d97d1df00681c303c1e715e,data/manifests/phase1e/2019-07/daily/source_2019070100.json
2019070100,day3_24h,p04,A,4,8,326,14,14,312,0,0,f81f8f97525b41c56795e686bfd00545ae354156b6b49130f9e408b6c5afeace,a2f0c479d5aaf43976ccabd52f164f5844d141adc3895f493c37f0fd2f7675be,data/manifests/phase1e/2019-07/daily/source_2019070100.json
2019070100,day3_24h,p04,B,1,5,0,0,0,0,0,0,6adfe6f473024c48a198e5a0319cea723ee08b341cc969efa88d2e123efd3dc6,6adfe6f473024c48a198e5a0319cea723ee08b341cc969efa88d2e123efd3dc6,data/manifests/phase1e/2019-07/daily/source_2019070100.json
2019070200,day1_24h,c00,A,4,8,333,11,11,322,0,0,9c1a8fe34cb9549fba14ce256af71fce24541b39c9565ae87cc2d41c670da72d,4e4fee370440dc7f6913d12c2784ea12a5d4abebf4bd91b81a40103518417c2c,data/manifests/phase1e/2019-07/daily/source_2019070200.json
2019070200,day1_24h,c00,B,1,5,0,0,0,0,0,0,61150eb96cc04aa2ac33aba57ea8e4659637dec860da6e8b1b2679b20ba2b666,61150eb96cc04aa2ac33aba57ea8e4659637dec860da6e8b1b2679b20ba2b666,data/manifests/phase1e/2019-07/daily/source_2019070200.json
2019070200,day1_24h,p01,A,4,8,67,1,1,66,0,0,31033c5124e06819da343a4e02c40fa9e4a61cc8b01e76a62e27e8ee03618c96,39ce7cae31c31e52743d6992e978a10fd68e2630722239e3f87b93aeb0f07bad,data/manifests/phase1e/2019-07/daily/source_2019070200.json
2019070200,day1_24h,p01,B,1,5,0,0,0,0,0,0,c3e5fc84e0bb194c2511971b2605164e39b8c35f4f0214a0f1a93a67ebb6582e,c3e5fc84e0bb194c2511971b2605164e39b8c35f4f0214a0f1a93a67ebb6582e,data/manifests/phase1e/2019-07/daily/source_2019070200.json
2019070200,day1_24h,p02,A,4,8,60,0,0,60,0,0,88faed15b0f86c4979463345c164cbfc136bb0819adb9cc01d78f3560343430d,8201cf1f062252deccbb5a56b92037f1ad4634af103c661810150c47428f7aed,data/manifests/phase1e/2019-07/daily/source_2019070200.json
2019070200,day1_24h,p02,B,1,5,0,0,0,0,0,0,405371c4e426016bad5c11aa65d830fe135dd7a4e7d83ff79bc95fa813b0f3b0,405371c4e426016bad5c11aa65d830fe135dd7a4e7d83ff79bc95fa813b0f3b0,data/manifests/phase1e/2019-07/daily/source_2019070200.json
2019070200,day1_24h,p03,A,4,8,59,0,0,59,3,0,6e1476a0f6a92df52435336723f8b43d504bb60072673fc6944bcb552a479bb8,b7c50e864002bd7a130f7beed4ce99d365c0b653137f36a96cdad8d825a72654,data/manifests/phase1e/2019-07/daily/source_2019070200.json
2019070200,day1_24h,p03,B,1,5,59,0,0,59,3,0,1a6d4437c7eeec8a5dbbc36d8a9f7d8d77ebf5268d8df933c77b32786fb00c07,0a52707016830a1c830a49bda5b20e6f0aa7df383c3fcce78cc408bbb2c34298,data/manifests/phase1e/2019-07/daily/source_2019070200.json
2019070200,day1_24h,p04,A,4,8,194,1,1,193,0,0,b613d9ffc6c6ae25c0e84052de65dd3efa2e943fa4be4e96693479237bd0ea43,d364f7030e8d2aa48b93d2f65311f0dee6422b678251afe7f876fca95273acd0,data/manifests/phase1e/2019-07/daily/source_2019070200.json
2019070200,day1_24h,p04,B,1,5,0,0,0,0,0,0,e11c9de148588dc4db644bd8753e01a92ada72d1810b06a1a702d41b25c541ce,e11c9de148588dc4db644bd8753e01a92ada72d1810b06a1a702d41b25c541ce,data/manifests/phase1e/2019-07/daily/source_2019070200.json
2019070200,day2_24h,c00,A,4,8,160,1,1,159,0,0,d267d13f18fe92e39db7b23da5ef4ee7a8fe0b967a7c6c02d3ecec2f63e68290,8a69d2fa284575690af4cdda8a6029fd8b4b6341c1e7fd19ced862edbeaa244d,data/manifests/phase1e/2019-07/daily/source_2019070200.json
2019070200,day2_24h,c00,B,1,5,0,0,0,0,0,0,568384c6102b680f59f9dcff710b131d3f9dc40d1a364089e04ec86044167eac,568384c6102b680f59f9dcff710b131d3f9dc40d1a364089e04ec86044167eac,data/manifests/phase1e/2019-07/daily/source_2019070200.json
2019070200,day2_24h,p01,A,4,8,171,1,1,170,14,0,b44bebbaa822b4fb208fbf052f5c283d9e779fd38d91e25b037c2fa05278bb3d,fdb706c1670c96aa55ded5ac19c1cad2581df1ad119b7eee47d2a2e7ad3eb2e3,data/manifests/phase1e/2019-07/daily/source_2019070200.json
2019070200,day2_24h,p01,B,1,5,68,1,1,67,14,0,cc04a5128f58cb8a9142acd8920a2dcd83ccece7b444410237127d21c7fd3233,043c1ff192cabce939c73e190f2987971703b360806036d2d55fc7dd08f40255,data/manifests/phase1e/2019-07/daily/source_2019070200.json
2019070200,day2_24h,p02,A,4,8,52,2,2,50,7,0,bf6a4e49a30623d6f2e3eb54c3edbd1a67897199d5aa3b91ac149074a42b9218,10fe2e0dc8cddf1961915e708c59e1bf6180f6d5003f1ff44db684de48059a2b,data/manifests/phase1e/2019-07/daily/source_2019070200.json
2019070200,day2_24h,p02,B,1,5,52,2,2,50,7,0,d426c6ab637064e5777b436dec819d3c8413d194f7ed24fc5650d799f67b2b8a,fc8d149281bd61e3b5ce89442afdfb37b06e992cfab99300de99a23de8c773a1,data/manifests/phase1e/2019-07/daily/source_2019070200.json
2019070200,day2_24h,p03,A,4,8,174,1,1,173,0,0,10744a3ebf46237f491451c258cf295d25af7b9d558068ac6e48b835feee47be,e7dbd5b6ea688024d50eb0ac17d8cd47127dff4ca3951cc7335d10fa454caee4,data/manifests/phase1e/2019-07/daily/source_2019070200.json
2019070200,day2_24h,p03,B,1,5,0,0,0,0,0,0,cd93dd3cb7cb4dbb213d81c19bf3cf9705ba37a3ed2c724984876834eb36fded,cd93dd3cb7cb4dbb213d81c19bf3cf9705ba37a3ed2c724984876834eb36fded,data/manifests/phase1e/2019-07/daily/source_2019070200.json
2019070200,day2_24h,p04,A,4,8,83,0,0,83,0,0,cc8984258cab9bd1b6914469dc416f18e4bf1921c1e27da863c8e362b6d57689,e27591752b5c2fcedde04fcf69fe3d7b74fb002986d8589e5850dc715d67fa36,data/manifests/phase1e/2019-07/daily/source_2019070200.json
2019070200,day2_24h,p04,B,1,5,0,0,0,0,0,0,9d1177cc77c16dcdf59d41e1ff7d99753a9c46c3a8eca0811b81ffdc38e478ff,9d1177cc77c16dcdf59d41e1ff7d99753a9c46c3a8eca0811b81ffdc38e478ff,data/manifests/phase1e/2019-07/daily/source_2019070200.json
2019070200,day3_24h,c00,A,4,8,93,2,2,91,0,0,d267aae1d89f1d7f5952bd55ba2c121ef4a1827923372359c0762d80cd63ab5c,ccc3153c06f1e353c7f06179f5ee6f4f0c86e6b34c1527714d877f3cd991c808,data/manifests/phase1e/2019-07/daily/source_2019070200.json
2019070200,day3_24h,c00,B,1,5,0,0,0,0,0,0,c88dcc6b6363625309723ab5e19aefd052eb34572cbd53a67dfd06b66d4bae91,c88dcc6b6363625309723ab5e19aefd052eb34572cbd53a67dfd06b66d4bae91,data/manifests/phase1e/2019-07/daily/source_2019070200.json
2019070200,day3_24h,p01,A,4,8,148,6,6,142,28,0,6fffbf826fed3bb6facd1e57b58b84fb3e0b98fcfdb486f63d70b04b00e00227,695880917aabd29bb9267c5205ac304579fcaa5c6077bc289b05de4963302ee7,data/manifests/phase1e/2019-07/daily/source_2019070200.json
2019070200,day3_24h,p01,B,1,5,47,2,2,45,28,0,0ee2eab8b5893ae2f40cee1b5e7eb999fd277cd83edaae8b7a4b37f53b712c44,0653f5ceaabcab4de7f0528561d7ab1d70fffb7e0cc21d9aeb3df39e7b8fc9f6,data/manifests/phase1e/2019-07/daily/source_2019070200.json
2019070200,day3_24h,p02,A,4,8,429,15,15,414,0,0,bf8ea1281bdd28a30cfc1417e3ed2e2570e2e967e17adcbea03bcfedf589cacc,367d49bdb9792174553c2bfd87787d08f495fe1dae0d31c79c05203b35c7050f,data/manifests/phase1e/2019-07/daily/source_2019070200.json
2019070200,day3_24h,p02,B,1,5,0,0,0,0,0,0,fc7ad0fe2468cc3729edbde82a5f57a6bec55b38bcd3c6747f5137e5f19fe4ed,fc7ad0fe2468cc3729edbde82a5f57a6bec55b38bcd3c6747f5137e5f19fe4ed,data/manifests/phase1e/2019-07/daily/source_2019070200.json
2019070200,day3_24h,p03,A,4,8,0,0,0,0,0,0,7d68b98debf9967df3f3aaedeb50e982daa6779ee3af821582dde50612b4556e,7d68b98debf9967df3f3aaedeb50e982daa6779ee3af821582dde50612b4556e,data/manifests/phase1e/2019-07/daily/source_2019070200.json
2019070200,day3_24h,p03,B,1,5,0,0,0,0,0,0,8ab442dfebc17ddb9f29548c93305296bf196c953dbe5d8b806a7a497d782e4c,8ab442dfebc17ddb9f29548c93305296bf196c953dbe5d8b806a7a497d782e4c,data/manifests/phase1e/2019-07/daily/source_2019070200.json
2019070200,day3_24h,p04,A,4,8,0,0,0,0,0,0,d027e088d831ca3a05e5e7c2ca359132a2b037d2ad0c16a60a10ed96af6993de,d027e088d831ca3a05e5e7c2ca359132a2b037d2ad0c16a60a10ed96af6993de,data/manifests/phase1e/2019-07/daily/source_2019070200.json
2019070200,day3_24h,p04,B,1,5,0,0,0,0,0,0,b136f3ecc27f1e9528052cafb040d2b8a6b6596187d28047936377b087d4ae74,b136f3ecc27f1e9528052cafb040d2b8a6b6596187d28047936377b087d4ae74,data/manifests/phase1e/2019-07/daily/source_2019070200.json
2019070300,day1_24h,c00,A,4,8,0,0,0,0,0,0,2c0146bc8cc143239c6c70f94025f30aff1362cc71ad144e0ea9e611c48e81c0,2c0146bc8cc143239c6c70f94025f30aff1362cc71ad144e0ea9e611c48e81c0,data/manifests/phase1e/2019-07/daily/source_2019070300.json
2019070300,day1_24h,c00,B,1,5,0,0,0,0,0,0,34580a189869b3155e282e624aec7fcaa6ae82ef446174ff0b8129d8fe360ec6,34580a189869b3155e282e624aec7fcaa6ae82ef446174ff0b8129d8fe360ec6,data/manifests/phase1e/2019-07/daily/source_2019070300.json
2019070300,day1_24h,p01,A,4,8,0,0,0,0,0,0,6e564f59ac3d8763577fcc3869e9af8e40a48435d8e346fb693f638afc5a8a0d,6e564f59ac3d8763577fcc3869e9af8e40a48435d8e346fb693f638afc5a8a0d,data/manifests/phase1e/2019-07/daily/source_2019070300.json
2019070300,day1_24h,p01,B,1,5,0,0,0,0,0,0,a743f15b05102ad59c02b8474ac8be1cc9f17016eeb1a0c3be8a1c931d320cce,a743f15b05102ad59c02b8474ac8be1cc9f17016eeb1a0c3be8a1c931d320cce,data/manifests/phase1e/2019-07/daily/source_2019070300.json
2019070300,day1_24h,p02,A,4,8,198,0,0,198,4,0,10b2b12881eb41974fe9736374388180c21c033a80957494176176d88d685968,749a317c67d08b63aab7383d419e5eb17d593a3dbecc6c1fee57eda751ce4c6a,data/manifests/phase1e/2019-07/daily/source_2019070300.json
2019070300,day1_24h,p02,B,1,5,28,0,0,28,4,0,4a290185ccc2177b8d3d60e8cec4f9918fe8b10d2c5e48665e67485b5b8c0807,a89a67e1d980c0f303b5b965699f3d1b8b0a41438064c17322202cd8605b0b0f,data/manifests/phase1e/2019-07/daily/source_2019070300.json
2019070300,day1_24h,p03,A,4,8,84,0,0,84,0,0,6d29bcd6955dff6b1f755e5a26fc5bdc2aee646b7458f762217f5a4e87aea85a,82ee1ef577a5ff51e2229149450ce0e04185c57e7759338cc53b6a639a2f2ff8,data/manifests/phase1e/2019-07/daily/source_2019070300.json
2019070300,day1_24h,p03,B,1,5,0,0,0,0,0,0,671ad6d22970fa30e54a82cdb65ab5d146b90ecac832d74ae5ff0fd3eca995f8,671ad6d22970fa30e54a82cdb65ab5d146b90ecac832d74ae5ff0fd3eca995f8,data/manifests/phase1e/2019-07/daily/source_2019070300.json
2019070300,day1_24h,p04,A,4,8,86,0,0,86,0,0,e5cd082a9356eff209abdeb038dd5327cec696bbf5fde418b4717b90ea2bc984,b8ba68a43b1966a2aed828e7ce96e69e055e4f02f962631cfc48557d8203dac5,data/manifests/phase1e/2019-07/daily/source_2019070300.json
2019070300,day1_24h,p04,B,1,5,0,0,0,0,0,0,734e32ec26350c8a8935aca53bf01b8ed2b5ef9882714ccfb6850026d730e2a3,734e32ec26350c8a8935aca53bf01b8ed2b5ef9882714ccfb6850026d730e2a3,data/manifests/phase1e/2019-07/daily/source_2019070300.json
2019070300,day2_24h,c00,A,4,8,320,5,5,315,13,0,2629874d327c8d162c37f1127288d18316242c67e21d94c4f554291f5ceeeb5a,45874d4d2920c411bf81fb70cdbd4ca31c7d67eee16efb40463a81124293d0d6,data/manifests/phase1e/2019-07/daily/source_2019070300.json
2019070300,day2_24h,c00,B,1,5,89,0,0,89,13,0,f12a8c94f42b8d557afeef7e820df57bd88699d1982a5d64cca88ca8854ec2e2,5c7d6a07eda9ff9333121f68a1ed0376f770f7beb509a4d6a58f220cb6b3faa7,data/manifests/phase1e/2019-07/daily/source_2019070300.json
2019070300,day2_24h,p01,A,4,8,0,0,0,0,0,0,8e822f95f754dd1e969aade062de738862c4dd308e446f3fda4563a0c08f42ae,8e822f95f754dd1e969aade062de738862c4dd308e446f3fda4563a0c08f42ae,data/manifests/phase1e/2019-07/daily/source_2019070300.json
2019070300,day2_24h,p01,B,1,5,0,0,0,0,0,0,a00273325bd8aae739c19a52aa7277a34476556545500e4be1a9cd0c9f1cd59f,a00273325bd8aae739c19a52aa7277a34476556545500e4be1a9cd0c9f1cd59f,data/manifests/phase1e/2019-07/daily/source_2019070300.json
2019070300,day2_24h,p02,A,4,8,0,0,0,0,0,0,d4c01a72514b95ef28f62bdfa9ad5a37b810d14754b9683c458e750b93183345,d4c01a72514b95ef28f62bdfa9ad5a37b810d14754b9683c458e750b93183345,data/manifests/phase1e/2019-07/daily/source_2019070300.json
2019070300,day2_24h,p02,B,1,5,0,0,0,0,0,0,6534fc3aeabeade15a15613a9bc199ed52d06270a4a9ee919956b1f73ce8632a,6534fc3aeabeade15a15613a9bc199ed52d06270a4a9ee919956b1f73ce8632a,data/manifests/phase1e/2019-07/daily/source_2019070300.json
2019070300,day2_24h,p03,A,4,8,246,5,5,241,0,0,9590fd4aa595db6aabd68ce8221abff74e0e9e34b36e253570d4b84030d68ae4,bc18738830e8d8db2bc6a78a2ebff24c50bac9ae620ed51c2442426b4c65c3be,data/manifests/phase1e/2019-07/daily/source_2019070300.json
2019070300,day2_24h,p03,B,1,5,0,0,0,0,0,0,f88c725bec5ed5de5d86c488b74c4b6889149b8017ec9369da6192e7b2d1e82f,f88c725bec5ed5de5d86c488b74c4b6889149b8017ec9369da6192e7b2d1e82f,data/manifests/phase1e/2019-07/daily/source_2019070300.json
2019070300,day2_24h,p04,A,4,8,189,6,6,183,0,0,1ebfc5136220c662362db19ed3f95ef7d9615aaeb12192d001dd65eef0144436,9cdb97b9cdda22fbb5a07d7549bf9da9bba3a9a00efb5d4c02ca8919b03bee1e,data/manifests/phase1e/2019-07/daily/source_2019070300.json
2019070300,day2_24h,p04,B,1,5,0,0,0,0,0,0,28fe36215363ac97f2a14d3a55ffa4a79edfd43f65a5699c128913852b75544b,28fe36215363ac97f2a14d3a55ffa4a79edfd43f65a5699c128913852b75544b,data/manifests/phase1e/2019-07/daily/source_2019070300.json
2019070300,day3_24h,c00,A,4,8,173,2,2,171,4,0,aed603e210deab9ddcae2d22d94499063997c4d2f7e5e11ab9861e08efa50485,4f62904961f961f25d9bb2f9e267ad2839da71ee07f3664d34a37dba875944e3,data/manifests/phase1e/2019-07/daily/source_2019070300.json
2019070300,day3_24h,c00,B,1,5,43,1,1,42,4,0,378469dc34369ca704bd4e614e1ba637a371ace1d654e860d01278e326f9d3fd,4c9b1a1bb0d4c54b62f59109fc9232deedc3145a169bed225ee3cbfabfc5391f,data/manifests/phase1e/2019-07/daily/source_2019070300.json
2019070300,day3_24h,p01,A,4,8,0,0,0,0,0,0,4f5d0a168cd5677548cc07e1f355498472bc415fe969fbd79507e8abb63fb2b2,4f5d0a168cd5677548cc07e1f355498472bc415fe969fbd79507e8abb63fb2b2,data/manifests/phase1e/2019-07/daily/source_2019070300.json
2019070300,day3_24h,p01,B,1,5,0,0,0,0,0,0,9090f5d92b72c5da963bd00f8ca33aed9b12d9a8371d951cf79c93dbad8def04,9090f5d92b72c5da963bd00f8ca33aed9b12d9a8371d951cf79c93dbad8def04,data/manifests/phase1e/2019-07/daily/source_2019070300.json
2019070300,day3_24h,p02,A,4,8,290,5,5,285,0,0,3fecc9e921f1dbbe80505bc638424ddde0097d0571beccddf0b951a6813c6a82,125589bda05a7af2f1842bef8dcb51f486084f72ff47dec60ef5bf6f6c66c4cd,data/manifests/phase1e/2019-07/daily/source_2019070300.json
2019070300,day3_24h,p02,B,1,5,0,0,0,0,0,0,ed60849e7020915b0f5da611c07cfdf47e0d0048f384316b893cfb9f22f1acaa,ed60849e7020915b0f5da611c07cfdf47e0d0048f384316b893cfb9f22f1acaa,data/manifests/phase1e/2019-07/daily/source_2019070300.json
2019070300,day3_24h,p03,A,4,8,246,6,6,240,2,0,3c869f0bebe781f3d7b24f535aa40e9c0e2b298c67cc32d51bcf8dad9332d927,9ccf1f1425d949a4380999188a39e1b89d31510114edce195a99d6545f5660bd,data/manifests/phase1e/2019-07/daily/source_2019070300.json
2019070300,day3_24h,p03,B,1,5,63,0,0,63,2,0,ea4c5f9dbe77ba9cfe50b4716ab6aa0976b92e64a005d2b6f23c36ab78cab2b8,1713a302b498106114d14c996c00bf17d8a8910c3c908ead369c9cff61c85f43,data/manifests/phase1e/2019-07/daily/source_2019070300.json
2019070300,day3_24h,p04,A,4,8,102,2,2,100,0,0,5090881c0063207c7647c092c8d251afad465c2683ed3867f96a2ea0c1480f7d,415b47f97467e0acd3e4544aba0fe9d21798f8f35d2f886f715188e88807bafe,data/manifests/phase1e/2019-07/daily/source_2019070300.json
2019070300,day3_24h,p04,B,1,5,0,0,0,0,0,0,987c701a14e17217b76184f950a5d711e03400093e55d791818845ce3dcdae03,987c701a14e17217b76184f950a5d711e03400093e55d791818845ce3dcdae03,data/manifests/phase1e/2019-07/daily/source_2019070300.json
2019070400,day1_24h,c00,A,4,8,230,3,3,227,0,0,3c5e76928c60c2410aebebbb04d771960f899606541342b0193bc35e44834c40,ad090237491476fe6af3fd3811f56c771a81a1991a6aed620e9d6fc77be0b24e,data/manifests/phase1e/2019-07/daily/source_2019070400.json
2019070400,day1_24h,c00,B,1,5,0,0,0,0,0,0,b35773eebe0634d4ceb62770edf94429c56c9c32a7e4de758d3113fc63d27939,b35773eebe0634d4ceb62770edf94429c56c9c32a7e4de758d3113fc63d27939,data/manifests/phase1e/2019-07/daily/source_2019070400.json
2019070400,day1_24h,p01,A,4,8,132,1,1,131,0,0,e7d9d8c56acf601a9c2ac7c550256c6fe89cb68a6518885f8900e0f158c54999,4f7b660410058939d32a7b33ae54aec416d2de65d2d516f0e6905777f1d3eea9,data/manifests/phase1e/2019-07/daily/source_2019070400.json
2019070400,day1_24h,p01,B,1,5,0,0,0,0,0,0,52c24aae371a8165e1db3e2666c8837380cb1e6e71c93db5d7b00d7ecff62050,52c24aae371a8165e1db3e2666c8837380cb1e6e71c93db5d7b00d7ecff62050,data/manifests/phase1e/2019-07/daily/source_2019070400.json
2019070400,day1_24h,p02,A,4,8,0,0,0,0,0,0,e5fa9e853f7c62bc33920e557f4acf293ec8a8912cdb1750a1452b6063007699,e5fa9e853f7c62bc33920e557f4acf293ec8a8912cdb1750a1452b6063007699,data/manifests/phase1e/2019-07/daily/source_2019070400.json
2019070400,day1_24h,p02,B,1,5,0,0,0,0,0,0,686eb6fb615a24846678cf7730cd309890ee00d1e9e71e0bf6c548f7d8a7a653,686eb6fb615a24846678cf7730cd309890ee00d1e9e71e0bf6c548f7d8a7a653,data/manifests/phase1e/2019-07/daily/source_2019070400.json
2019070400,day1_24h,p03,A,4,8,230,5,5,225,4,0,ae303caeff96d68eb8f8b696dadac55b71845927e5b16167218ceab14b84510e,d31ee3101f3d786a222d050f3a512cf040f4ed211b1601a42133b9fda49de0bc,data/manifests/phase1e/2019-07/daily/source_2019070400.json
2019070400,day1_24h,p03,B,1,5,53,0,0,53,4,0,468cc3fa45225daba3e81cd92560d900c6878011258f2bc14752c1f800b134dd,15fb5172cf5379d598884acc04aa7ba5244318c3fea4da558df0ec6a49f2c139,data/manifests/phase1e/2019-07/daily/source_2019070400.json
2019070400,day1_24h,p04,A,4,8,502,8,8,494,0,0,2333eae2ab697617c478f22d6bc880e5f8dd50d34d0e07b46e77cb0d420d8bc8,5c3886352412ba5cab86183509d5dddaa6200a8322d340f18c17b49d5561142e,data/manifests/phase1e/2019-07/daily/source_2019070400.json
2019070400,day1_24h,p04,B,1,5,0,0,0,0,0,0,91a0eb87ba7e6f116668b3e1ef22bcd4b0cc38a70f237d301358032cfd20f3c3,91a0eb87ba7e6f116668b3e1ef22bcd4b0cc38a70f237d301358032cfd20f3c3,data/manifests/phase1e/2019-07/daily/source_2019070400.json
2019070400,day2_24h,c00,A,4,8,135,4,4,131,18,0,de314fce4fbd0e0bda80b8a2ef43839e4a0f5c01182c6bae6366e3bc0f14fd12,01b49b8cdc6b0991a4405f61aaa9791635ac4ed7f2bfb91b496fe3a88cba78da,data/manifests/phase1e/2019-07/daily/source_2019070400.json
2019070400,day2_24h,c00,B,1,5,62,1,1,61,18,0,762a4362f4c58331945b8f25a0f41560976a5ea6e9782445859c725a3e4a7bd8,d2d63c7f6067bc6d46c4a5f9b60c228388cca2746bbd3dad681f83b97ea72ead,data/manifests/phase1e/2019-07/daily/source_2019070400.json
2019070400,day2_24h,p01,A,4,8,0,0,0,0,0,0,e2a2252c274a73f73258b9e31f7cc42883472df1e029afc8a30b67edcf641570,e2a2252c274a73f73258b9e31f7cc42883472df1e029afc8a30b67edcf641570,data/manifests/phase1e/2019-07/daily/source_2019070400.json
2019070400,day2_24h,p01,B,1,5,0,0,0,0,0,0,5cb2162938a0e0ce2770f9d355accb59a081ee9db4dab492c29ddd3086e72863,5cb2162938a0e0ce2770f9d355accb59a081ee9db4dab492c29ddd3086e72863,data/manifests/phase1e/2019-07/daily/source_2019070400.json
2019070400,day2_24h,p02,A,4,8,0,0,0,0,0,0,60b662464ebe9625b0d941263cc616f9ce3a25e52077c4a033fca6c299c8b358,60b662464ebe9625b0d941263cc616f9ce3a25e52077c4a033fca6c299c8b358,data/manifests/phase1e/2019-07/daily/source_2019070400.json
2019070400,day2_24h,p02,B,1,5,0,0,0,0,0,0,627242a689e84fed5bd17c2a9165e77c561d9deac72f7162825683c3da555929,627242a689e84fed5bd17c2a9165e77c561d9deac72f7162825683c3da555929,data/manifests/phase1e/2019-07/daily/source_2019070400.json
2019070400,day2_24h,p03,A,4,8,241,8,8,233,0,0,064bffe03024916fdef14123db9fab4401386e72b1e4a9a66712ab7b4e775de6,34a5ad8892e85cffe0fa5d70b1bf280a363aa3afe22d84995427acfec4ed8468,data/manifests/phase1e/2019-07/daily/source_2019070400.json
2019070400,day2_24h,p03,B,1,5,0,0,0,0,0,0,a73cac3b91d1c0c90d29e8fcdcce0a609f6a0b090c96ab35350c32170ed9d15f,a73cac3b91d1c0c90d29e8fcdcce0a609f6a0b090c96ab35350c32170ed9d15f,data/manifests/phase1e/2019-07/daily/source_2019070400.json
2019070400,day2_24h,p04,A,4,8,0,0,0,0,0,0,cab6bc721f3cfc504910cede62dccfef0522864a0a640bc9abf26dfc10dc3dc8,cab6bc721f3cfc504910cede62dccfef0522864a0a640bc9abf26dfc10dc3dc8,data/manifests/phase1e/2019-07/daily/source_2019070400.json
2019070400,day2_24h,p04,B,1,5,0,0,0,0,0,0,45eadd50f9819cfcefc92a197717e24be9f54307276407602ad18b0e370cd4b4,45eadd50f9819cfcefc92a197717e24be9f54307276407602ad18b0e370cd4b4,data/manifests/phase1e/2019-07/daily/source_2019070400.json
2019070400,day3_24h,c00,A,4,8,222,7,7,215,0,0,aad2a36338ea1ab4c51484c68a4230e1f7461c8604c2810530646ee627f963e6,c6881a319f046ed3c1d2a0dc222f0e11f54ddcdd0debe4427a2965e47c2044df,data/manifests/phase1e/2019-07/daily/source_2019070400.json
2019070400,day3_24h,c00,B,1,5,0,0,0,0,0,0,8899161e30c2fcaf2147a47325afead6740f2348fdac720f98bc0c26046484c2,8899161e30c2fcaf2147a47325afead6740f2348fdac720f98bc0c26046484c2,data/manifests/phase1e/2019-07/daily/source_2019070400.json
2019070400,day3_24h,p01,A,4,8,75,3,3,72,33,1,28d91735808577ceea287d6dcf0e660d327e8767527d294ffff0193c2b09e580,41dea1f85ef38b69ac905bcecb424c67f9450c9b07f1bab2fac93b03adc3769e,data/manifests/phase1e/2019-07/daily/source_2019070400.json
2019070400,day3_24h,p01,B,1,5,75,3,3,72,33,1,d9de7354376d3ac59e2a70fa1b907d3d888140594b1ea5e02842ce6fb38037fa,6a2142fca805601d54a0d9af3a0db5d12de9e635c517df680ea81400785911e0,data/manifests/phase1e/2019-07/daily/source_2019070400.json
2019070400,day3_24h,p02,A,4,8,106,3,3,103,0,0,fb464057e3e360df2c0e8c896df170aa826674d002da5c11f7cf488fe46296c0,af78fa1a34f32fe1945d905b4471529640c518ef6d22dd9e1da451e748c821be,data/manifests/phase1e/2019-07/daily/source_2019070400.json
2019070400,day3_24h,p02,B,1,5,0,0,0,0,0,0,51e853bdd735744348fbaae51b1b269a39300860fbbbc367c2d5ac3740a5462f,51e853bdd735744348fbaae51b1b269a39300860fbbbc367c2d5ac3740a5462f,data/manifests/phase1e/2019-07/daily/source_2019070400.json
2019070400,day3_24h,p03,A,4,8,0,0,0,0,0,0,c1d3aec744b58c9d4e1d4912385056e2a23f3c96fceb682563bdbc138bdef3f3,c1d3aec744b58c9d4e1d4912385056e2a23f3c96fceb682563bdbc138bdef3f3,data/manifests/phase1e/2019-07/daily/source_2019070400.json
2019070400,day3_24h,p03,B,1,5,0,0,0,0,0,0,ebe2c443b601ab6fe4caa58c010338a42b4cac916a1c7fe9998da1bd0541f469,ebe2c443b601ab6fe4caa58c010338a42b4cac916a1c7fe9998da1bd0541f469,data/manifests/phase1e/2019-07/daily/source_2019070400.json
2019070400,day3_24h,p04,A,4,8,80,4,4,76,0,0,ccd800d8466a19d33136b27d0a1e9c717686de1aec6f3a8e334eb8cba2c824d8,7a535411e5fb01b2db4ae01eeff6ce96612038107263888e69dee82718d5e440,data/manifests/phase1e/2019-07/daily/source_2019070400.json
2019070400,day3_24h,p04,B,1,5,0,0,0,0,0,0,fb973c6dfcb3c742f4d03129d863ba7552d8fc9b1e387502cd9bb01fe53bc781,fb973c6dfcb3c742f4d03129d863ba7552d8fc9b1e387502cd9bb01fe53bc781,data/manifests/phase1e/2019-07/daily/source_2019070400.json
2019070500,day1_24h,c00,A,4,8,233,4,4,229,0,0,76339c3fa08e7c740fe2fa6d6dca72fc88958b9fd8cd04da455d74bd5b18ac88,174ed6ec6cf322adc126d66aebc59ca44ab65e2e0326bcb8c68d054e06bbee07,data/manifests/phase1e/2019-07/daily/source_2019070500.json
2019070500,day1_24h,c00,B,1,5,0,0,0,0,0,0,03824c853dc600ead7de6e30cce5d23e36b572d9c9a57235fb1039f9aa8fead4,03824c853dc600ead7de6e30cce5d23e36b572d9c9a57235fb1039f9aa8fead4,data/manifests/phase1e/2019-07/daily/source_2019070500.json
2019070500,day1_24h,p01,A,4,8,40,0,0,40,0,0,f681ff44fedc528f443be3fbacc63de1a4dcae07ddf4422b97120e80dac0e0dd,f19e63bf8052765c006d0ac36c95118486d259ca9511c5aaeb45a79af75f7315,data/manifests/phase1e/2019-07/daily/source_2019070500.json
2019070500,day1_24h,p01,B,1,5,40,0,0,40,0,0,447bfbc2a32b2456a9c9b890f6f25e926f8339ba1c8ccaabd26c113ed5b96be2,6bd682696a9dace21d1a5696e81135e8d93f397739ef8000eec1d6e958f64442,data/manifests/phase1e/2019-07/daily/source_2019070500.json
2019070500,day1_24h,p02,A,4,8,70,0,0,70,6,0,ea843ad56622c6775b2ee8d946c9ecf4be277c2dc01a6fda96f58f8d7be35fce,94766ba9462b973428bb8397cf4609e5ca7c97d49712331093e37d5993888ba5,data/manifests/phase1e/2019-07/daily/source_2019070500.json
2019070500,day1_24h,p02,B,1,5,70,0,0,70,6,0,61e54454540a7a1bfabe72c4718d1ca716c990b421bbe26dd6b4cdada0191c3d,cdbaca5828a537fec3c9cf38bf9304a6482410206bf8472891a1351b95bf8ce5,data/manifests/phase1e/2019-07/daily/source_2019070500.json
2019070500,day1_24h,p03,A,4,8,78,0,0,78,13,0,f01e0571d1a9eba44eb1f3eb89dd8a79bcf8ddb3fb53356c64bdc125c2bd90b6,62bda9f8e5dcc249e6bea02a965cc52c48bdacfbbbf84f236c7fa2c6e5476c4d,data/manifests/phase1e/2019-07/daily/source_2019070500.json
2019070500,day1_24h,p03,B,1,5,78,0,0,78,13,0,583f66438f2b16dbab8166da6b8e4d4ef46d02e5e67d62d43c20a2bfbdfc7c57,02658d459d8eddf2247c14ad77730932d36d12ba091368f4c2dddedafb928ea6,data/manifests/phase1e/2019-07/daily/source_2019070500.json
2019070500,day1_24h,p04,A,4,8,411,8,8,403,1,0,8027516bbd7899cadf1569e778880c04433cb771be329f0d8eadf424c7c0aac7,4b8121fa89ca0096e08e451380bd4aa3aca3fa710e8f1dd78335f7f79c6e57ca,data/manifests/phase1e/2019-07/daily/source_2019070500.json
2019070500,day1_24h,p04,B,1,5,81,0,0,81,1,0,f5c1bc6bcc1e25e0974f3f4198f1fd1f9d94aef0667eef24cabfc7beb85207bb,97f40843757ad540f43e200799d9d7e359257e01b0483fbb7be04634683e5bdc,data/manifests/phase1e/2019-07/daily/source_2019070500.json
2019070500,day2_24h,c00,A,4,8,324,3,3,321,29,0,1ceb7d5dce56c487e5cfcad848ecb7a6b5438fa37098dfa51359c350eb8922b5,a912e127ef5b0824d90c2c984ac874e79087d05317017cedd7d826e5937f4342,data/manifests/phase1e/2019-07/daily/source_2019070500.json
2019070500,day2_24h,c00,B,1,5,89,0,0,89,29,0,2b65d051d05fef4da29eedf3fa27de8d2e169b09479ca31cce10531a5d9b933c,25584332916085ee28ee48ca58e8ee81ccfe904eaca71db81940606222d65948,data/manifests/phase1e/2019-07/daily/source_2019070500.json
2019070500,day2_24h,p01,A,4,8,272,7,7,265,0,0,e3cb9cd591c163972f7fe85fa6fd639321f453488726223cb36c9de534493ea7,fb91142dfc4680df144f925b935d3cf590db6f3c9aed544ba88b474933346379,data/manifests/phase1e/2019-07/daily/source_2019070500.json
2019070500,day2_24h,p01,B,1,5,0,0,0,0,0,0,cd8fdc44d7325b2eb17d8b9376205e738c5a3b8edbea13b4e5196c5a8afd74eb,cd8fdc44d7325b2eb17d8b9376205e738c5a3b8edbea13b4e5196c5a8afd74eb,data/manifests/phase1e/2019-07/daily/source_2019070500.json
2019070500,day2_24h,p02,A,4,8,0,0,0,0,0,0,db677d8234484774aec6ff9acb8d94b65aad440bea25afebc911ae7982f1c3e9,db677d8234484774aec6ff9acb8d94b65aad440bea25afebc911ae7982f1c3e9,data/manifests/phase1e/2019-07/daily/source_2019070500.json
2019070500,day2_24h,p02,B,1,5,0,0,0,0,0,0,ded3664110c2658eb8fe8eef73fd7f4c604b6235da3367663cac9e17ddf18b00,ded3664110c2658eb8fe8eef73fd7f4c604b6235da3367663cac9e17ddf18b00,data/manifests/phase1e/2019-07/daily/source_2019070500.json
2019070500,day2_24h,p03,A,4,8,0,0,0,0,0,0,5c6f5c1971da5a0840695fb7359f4c79ebf74bb2e4806bed1c71e6d136684802,5c6f5c1971da5a0840695fb7359f4c79ebf74bb2e4806bed1c71e6d136684802,data/manifests/phase1e/2019-07/daily/source_2019070500.json
2019070500,day2_24h,p03,B,1,5,0,0,0,0,0,0,24ca59c69efd3061bec285475cf4134fa0d9b2ae190f6e325b603e467b7c36b0,24ca59c69efd3061bec285475cf4134fa0d9b2ae190f6e325b603e467b7c36b0,data/manifests/phase1e/2019-07/daily/source_2019070500.json
2019070500,day2_24h,p04,A,4,8,0,0,0,0,0,0,4dce268980d9acf3e363c57b28fef4217d9fc9185a5350ced767eb5ef888b62b,4dce268980d9acf3e363c57b28fef4217d9fc9185a5350ced767eb5ef888b62b,data/manifests/phase1e/2019-07/daily/source_2019070500.json
2019070500,day2_24h,p04,B,1,5,0,0,0,0,0,0,55f95af340e6250dd85cf27077d35eceeb16733411c7b1327996306310970130,55f95af340e6250dd85cf27077d35eceeb16733411c7b1327996306310970130,data/manifests/phase1e/2019-07/daily/source_2019070500.json
2019070500,day3_24h,c00,A,4,8,207,4,4,203,0,0,e958028d4dbab5620f442bddf0d8fe7a306df1c502f6a2518c922211a1276050,88af6eebd23647e546c7d73efd3107491e10e7890adb3df565a7294a2c2db3c8,data/manifests/phase1e/2019-07/daily/source_2019070500.json
2019070500,day3_24h,c00,B,1,5,0,0,0,0,0,0,8379f99f5abdf2f1a693eedeb58a3c798e64f9232880c6e7a0059a91afbebc71,8379f99f5abdf2f1a693eedeb58a3c798e64f9232880c6e7a0059a91afbebc71,data/manifests/phase1e/2019-07/daily/source_2019070500.json
2019070500,day3_24h,p01,A,4,8,54,2,2,52,0,0,fa0cc5daa82cf9e38ed9cfabf715929a17244fc2d4baa98af40877ed28cdff86,0d34a09b4143e584c71fb632dc74498eb0be64afa6822c0ed77526bfcfd52860,data/manifests/phase1e/2019-07/daily/source_2019070500.json
2019070500,day3_24h,p01,B,1,5,0,0,0,0,0,0,9a120a5f2f510c5c1a89b7a12752f196519b2b780207f84ff5625ad9f03887a0,9a120a5f2f510c5c1a89b7a12752f196519b2b780207f84ff5625ad9f03887a0,data/manifests/phase1e/2019-07/daily/source_2019070500.json
2019070500,day3_24h,p02,A,4,8,86,1,1,85,5,1,541a3a7a5d02b5ab37c6dac568e6d3cb4f39e1fedcde03fd4925a17d20f455f7,9ae3bcaa36005dfd339b1dc2ab71b97b95a9dfa2e7d11ad3284fb55705390e72,data/manifests/phase1e/2019-07/daily/source_2019070500.json
2019070500,day3_24h,p02,B,1,5,86,1,1,85,5,1,4926dcd2ae5865e34ab09ab6175fa11e0d5405328f5e0d3f0daa8ea715d6f9c7,b1bc1635142ac560eabdc0e4a27404f3ad2aa60d7cef0f3d7c17afc7f6736ce9,data/manifests/phase1e/2019-07/daily/source_2019070500.json
2019070500,day3_24h,p03,A,4,8,49,7,7,42,0,0,09ced8fa3ba014ae858d29035f9a914b11799fa77413f87de6c26593aeecea51,15406bb255096cb45bd51c6c84d67c83245cf46b9736dd48fcf132dc02db71fa,data/manifests/phase1e/2019-07/daily/source_2019070500.json
2019070500,day3_24h,p03,B,1,5,0,0,0,0,0,0,92cdee068ce7a954007f0fdc28820b5fe4c283376118504c21282c396f42f0b0,92cdee068ce7a954007f0fdc28820b5fe4c283376118504c21282c396f42f0b0,data/manifests/phase1e/2019-07/daily/source_2019070500.json
2019070500,day3_24h,p04,A,4,8,488,25,25,463,0,0,824c1ee6129215374e95030cccc90ab1ba2c52382595267c03f510aa39b2f962,70c09530d253d6498eb8af677a57907d608fa5ff1883d24028a4eb3de76124d3,data/manifests/phase1e/2019-07/daily/source_2019070500.json
2019070500,day3_24h,p04,B,1,5,0,0,0,0,0,0,ad20c08f2215d53a44e9cffa81d4662a064e90934928d33aa7c488c5531ea8f7,ad20c08f2215d53a44e9cffa81d4662a064e90934928d33aa7c488c5531ea8f7,data/manifests/phase1e/2019-07/daily/source_2019070500.json
2019070600,day1_24h,c00,A,4,8,119,5,5,114,0,0,a6e29c07890ad5d842a8ac2c96b3483dc86f5c41649935696e540e9b4e43b685,203e486c933b7b460fecd54b5d158a4dd9e576fcb92e9cd4c7ddd61bd638adf7,data/manifests/phase1e/2019-07/daily/source_2019070600.json
2019070600,day1_24h,c00,B,1,5,0,0,0,0,0,0,1cda46f2278f848e2aa1e8a228bfdf194c7cb9bb3c3ff5098c84bae601e59b7a,1cda46f2278f848e2aa1e8a228bfdf194c7cb9bb3c3ff5098c84bae601e59b7a,data/manifests/phase1e/2019-07/daily/source_2019070600.json
2019070600,day1_24h,p01,A,4,8,94,0,0,94,4,0,d7c1bc577bed11b0a6e72ee06c6e1c5a857a4e9008dde43971842515d2c55c70,fffb2c9048bd73503e11af531c33cb8aaf8056cbd4814831043b1a4f43a0c817,data/manifests/phase1e/2019-07/daily/source_2019070600.json
2019070600,day1_24h,p01,B,1,5,94,0,0,94,4,0,b0b71e6c178c003a40c7eb05389e5a46f1cb223142d9e9e9bc5cc2d9617289a9,1cf79701aa91220c6fcdb69b7444c90f49ef7a3bef476a35775dc4a3d1527584,data/manifests/phase1e/2019-07/daily/source_2019070600.json
2019070600,day1_24h,p02,A,4,8,22,0,0,22,4,0,a137c51f0657dbbcfed284afa8159886e7e22067b8106bb31230044453fa6bb7,183684216bba4e17bd065fce42981bb09fff8ee760c6f28dc24410b2ab8cee16,data/manifests/phase1e/2019-07/daily/source_2019070600.json
2019070600,day1_24h,p02,B,1,5,22,0,0,22,4,0,505ce003440422b79e52d06ef5b7816c98f87cc04734dc1e1ea3a8569929ebda,5b9d698c20309d6b7a2392fa18e348df180790ef09c1d630e667d77cd3b53b79,data/manifests/phase1e/2019-07/daily/source_2019070600.json
2019070600,day1_24h,p03,A,4,8,91,0,0,91,0,0,8ee45b98fa21a99359f3747cca3525213caddf463f3de0cb2b5aa77b03000e4e,8166a453e29a612fb49648de853c9da0a1092a754397d07e642717aa28b8e346,data/manifests/phase1e/2019-07/daily/source_2019070600.json
2019070600,day1_24h,p03,B,1,5,0,0,0,0,0,0,4b213c90bae15a02cb3739b2f415386bdd3c4591615e3ad708a0dc55626c2e92,4b213c90bae15a02cb3739b2f415386bdd3c4591615e3ad708a0dc55626c2e92,data/manifests/phase1e/2019-07/daily/source_2019070600.json
2019070600,day1_24h,p04,A,4,8,38,0,0,38,0,0,40051e5a09ff98e9ab6cfd8c5c589eb76fbc41acfadbb63bf62bcaa69709eb85,0495343e0f4e9f70cc4dbd424aafef5d62c2b9c9f0e12e6f0799d1e9ea3118a8,data/manifests/phase1e/2019-07/daily/source_2019070600.json
2019070600,day1_24h,p04,B,1,5,38,0,0,38,0,0,9695a35b6bb20a4c5f36983f4d7f3e0e58ecfe024e505c533a7ada0b54eab6d9,28822f5c69cc95a9e09d94712e7e2c93e96a8f9d5ae97f759ff75c5aced27814,data/manifests/phase1e/2019-07/daily/source_2019070600.json
2019070600,day2_24h,c00,A,4,8,89,0,0,89,8,0,5df54eb25a920da5af7a90430a59aed0598d658a5e3f648b630148e98ea18d27,b5eab174c78cf43260c7f4f436674e0a2708be990a404400dbcf632027c11564,data/manifests/phase1e/2019-07/daily/source_2019070600.json
2019070600,day2_24h,c00,B,1,5,31,0,0,31,8,0,742fd0833610c3d3b40075f1ec6435e52c880325ab0566ad38b154f14eefd494,0ea8f7368ca245bb0c499185a782116622ef304335b86df41a4f6ee14aa6e9de,data/manifests/phase1e/2019-07/daily/source_2019070600.json
2019070600,day2_24h,p01,A,4,8,111,1,1,110,22,0,0b4e74002207fb5d5ee744cd1ea590ddece0a72620992f09aed22fa88578f438,67d4cd66061fbdb017364f889d6251a9918de12420dc36da3e883ab86972af32,data/manifests/phase1e/2019-07/daily/source_2019070600.json
2019070600,day2_24h,p01,B,1,5,45,0,0,45,22,0,8a22d735361adb0362aeb2a1990eb9fd75358c6f52c4a7098b79088c7312cfd4,2899c9dab1a1ef2fe5f767f69c0651d88e856e3f529d7a5eed8b8a2b5a9cfdc5,data/manifests/phase1e/2019-07/daily/source_2019070600.json
2019070600,day2_24h,p02,A,4,8,0,0,0,0,0,0,84f26f728b7eab5e33074fa347c7227a368cd330e92dba5d537c7e7feb8b9307,84f26f728b7eab5e33074fa347c7227a368cd330e92dba5d537c7e7feb8b9307,data/manifests/phase1e/2019-07/daily/source_2019070600.json
2019070600,day2_24h,p02,B,1,5,0,0,0,0,0,0,231f276a64c4c94a8ddee04b214cd69954ce148bca3719d7009128c167f33bbb,231f276a64c4c94a8ddee04b214cd69954ce148bca3719d7009128c167f33bbb,data/manifests/phase1e/2019-07/daily/source_2019070600.json
2019070600,day2_24h,p03,A,4,8,213,10,10,203,5,0,5b3028939d94d481e2b4c59f06dc56f8a6870b8030623cc7f86ea7bdbf768ccf,f7720d29800c27896054646591c9b72ebfb99fb754b59df36e496e255ff54dff,data/manifests/phase1e/2019-07/daily/source_2019070600.json
2019070600,day2_24h,p03,B,1,5,74,0,0,74,5,0,55d50e238613d65d896ccb257210cd4cef8bea8e250498af4a7b5f08f247672c,e0720afa30e9f3e209534b25260b38bbde9d3014f7ba019d17ddfd99223a88c5,data/manifests/phase1e/2019-07/daily/source_2019070600.json
2019070600,day2_24h,p04,A,4,8,381,7,7,374,43,0,f931307ef51194d3552f6f299eecc5acc5feaa9a871f754e21c5bc9e1cab6583,a6966cf44c5518a2c40b5793ff8368be14788c8bc227c5f19d8ba41c45e58c87,data/manifests/phase1e/2019-07/daily/source_2019070600.json
2019070600,day2_24h,p04,B,1,5,113,1,1,112,43,0,dfffc505be6f8d017b4137f7b3eaadd8961d87057a521a1f570efa7caa96d001,8eb62c7a4c5a4d9f47f452e16350c637a9a79ddd80701d19f89fb2c94141939c,data/manifests/phase1e/2019-07/daily/source_2019070600.json
2019070600,day3_24h,c00,A,4,8,157,3,3,154,21,0,1f6e57a09298315041dbd265ac9a273bbf135f850830af28697bdab48363435a,8d8c3499b0d116111a6745bce63952696e2b58a825c70c829bd940fa614a257c,data/manifests/phase1e/2019-07/daily/source_2019070600.json
2019070600,day3_24h,c00,B,1,5,70,1,1,69,21,0,3e3cf7fee891235fc1e8a5f733c874729f3d235187c3519c3ef1e7835ca018b8,e9b5f24b8c6b339e6e9a689f714bff3c4722b590c04d690c8fb15654ae576d6e,data/manifests/phase1e/2019-07/daily/source_2019070600.json
2019070600,day3_24h,p01,A,4,8,0,0,0,0,0,0,894694647c29a80cc7367afb2d8d0240b89ffbaf59066cc90aa824f318aafef0,894694647c29a80cc7367afb2d8d0240b89ffbaf59066cc90aa824f318aafef0,data/manifests/phase1e/2019-07/daily/source_2019070600.json
2019070600,day3_24h,p01,B,1,5,0,0,0,0,0,0,deb01bfa202f9a09aad0ffaf729bf908e011462c8eb4c6a4dae9ad73bacbba3c,deb01bfa202f9a09aad0ffaf729bf908e011462c8eb4c6a4dae9ad73bacbba3c,data/manifests/phase1e/2019-07/daily/source_2019070600.json
2019070600,day3_24h,p02,A,4,8,100,5,5,95,20,0,4b76ec7865529973692d924d8d11c35e41ecce4f5a64149e5f49b8ece91a1b04,1989f2d959524aae7f69bcb9870683d98478cfdba88c64b746848f49e7c58458,data/manifests/phase1e/2019-07/daily/source_2019070600.json
2019070600,day3_24h,p02,B,1,5,100,5,5,95,20,0,bf5b3b3eec3650ff9e53e4167688e6847c8e75f45b213b4d29e089383eadf709,76af9c06354e804a8c2ca3d2e02ea879bbd732acfa90e96c851d8cc7e20b7382,data/manifests/phase1e/2019-07/daily/source_2019070600.json
2019070600,day3_24h,p03,A,4,8,290,8,8,282,0,0,9b90eb08d6d20d66eabebcada6a5c6e19ae2d671395732d6a93c559b523b77a1,49c0eb7f37943eeac29bfdd88cf6757c4e37b6d2e4316b143ee5f34baf3b3d1a,data/manifests/phase1e/2019-07/daily/source_2019070600.json
2019070600,day3_24h,p03,B,1,5,85,1,1,84,0,0,072fa194c85b2e2bdfc710cc1cb67a07f11e901df814946ecfbf338c376188f4,0827c90e5cdbac099789a017ab83e847bcd8849e31efc882aa04827216f6e418,data/manifests/phase1e/2019-07/daily/source_2019070600.json
2019070600,day3_24h,p04,A,4,8,0,0,0,0,0,0,caf6a2c7371fb22e46182011d07c7e944eda9049880d389ffd2e50bec7736ff5,caf6a2c7371fb22e46182011d07c7e944eda9049880d389ffd2e50bec7736ff5,data/manifests/phase1e/2019-07/daily/source_2019070600.json
2019070600,day3_24h,p04,B,1,5,0,0,0,0,0,0,87a233b517c39075ffcafbd6b7cc2b41c4783a581464e90f8d378d155dd38cdd,87a233b517c39075ffcafbd6b7cc2b41c4783a581464e90f8d378d155dd38cdd,data/manifests/phase1e/2019-07/daily/source_2019070600.json
2019070700,day1_24h,c00,A,4,8,57,3,3,54,0,0,4fc879f735d5b8f0c1fbed803483b2e23a0fe0890a089f09a68c2a26a034bc2a,dd3500219cc80c0cabb4210f220ce0b82ab83a9cc69521d19f239f653b23178b,data/manifests/phase1e/2019-07/daily/source_2019070700.json
2019070700,day1_24h,c00,B,1,5,0,0,0,0,0,0,543cef8d677d3c5f38cb8beda1261883759c743de3827b9f88589e6a8679569a,543cef8d677d3c5f38cb8beda1261883759c743de3827b9f88589e6a8679569a,data/manifests/phase1e/2019-07/daily/source_2019070700.json
2019070700,day1_24h,p01,A,4,8,56,0,0,56,3,0,3e756521a9df9fa9d827bcf8f79b117ba48cfc2dd98d71a1a6369942f317b371,74ed4caaa36eec13772a56fd88c8b016a97db17e6cd8360ea9b3beb017dda7a8,data/manifests/phase1e/2019-07/daily/source_2019070700.json
2019070700,day1_24h,p01,B,1,5,56,0,0,56,3,0,3921cdfcd13fb92c97fd81c833805c0e10553ce578c1d31555971bf0a843bdfb,f2da24acdb97ee33719e39db28564c4bf7ffcf209ab72fab832449866d314d21,data/manifests/phase1e/2019-07/daily/source_2019070700.json
2019070700,day1_24h,p02,A,4,8,0,0,0,0,0,0,e12cbb65b005e1b60128c32f0c4a5c8def3c9f700f7409441354b6c2c792fb3a,e12cbb65b005e1b60128c32f0c4a5c8def3c9f700f7409441354b6c2c792fb3a,data/manifests/phase1e/2019-07/daily/source_2019070700.json
2019070700,day1_24h,p02,B,1,5,0,0,0,0,0,0,30110465f254dd9b16abcedf923358960b44d5b72441c0ecfad4debc9c41d6f2,30110465f254dd9b16abcedf923358960b44d5b72441c0ecfad4debc9c41d6f2,data/manifests/phase1e/2019-07/daily/source_2019070700.json
2019070700,day1_24h,p03,A,4,8,110,2,2,108,1,0,3dd888a664750607cab068e0f0ef2e66dc78a83e38a77fe0b70026258d4e1ca3,fb6b6b1d67637c1baeae049579ad326683379f24fe4c7b15f253de64a651b844,data/manifests/phase1e/2019-07/daily/source_2019070700.json
2019070700,day1_24h,p03,B,1,5,64,0,0,64,1,0,97167e3482a61733c08865e0c71b1bc2d85d7b7504af007a998393677f0b6807,0a2a3fbe076fd76a4324b7818c859e6dde478312c8f6cba3a07eb8216addba68,data/manifests/phase1e/2019-07/daily/source_2019070700.json
2019070700,day1_24h,p04,A,4,8,111,2,2,109,3,0,69470e7f1b3e2da4d34fbea0fd0c5821b83564d15442bfd0e47173fbeb336735,6d43c02501015b9f22e24dec994ab2d68b40a7d59b023ef6642f5205bf9ced23,data/manifests/phase1e/2019-07/daily/source_2019070700.json
2019070700,day1_24h,p04,B,1,5,21,0,0,21,3,0,f5205c5bc827375b7e24fd7bb2fa316b513c524f28d8b00a8a31767f9c1c8ad8,b2b812d23fca2f4d7810c6261303d864cc23a2d5ac2343f3c3a7873f7ecba25d,data/manifests/phase1e/2019-07/daily/source_2019070700.json
2019070700,day2_24h,c00,A,4,8,285,5,5,280,25,0,186a275c62086433f1f228e058cb9455e8523dd9cee944ad954e786afea166dd,88e6c30ccd9927cf40ea2daf78158e793598b9036cf84be2853c822a841160bb,data/manifests/phase1e/2019-07/daily/source_2019070700.json
2019070700,day2_24h,c00,B,1,5,64,0,0,64,25,0,096ca3a54b0fa08e7d425f770694f8fa397ece486bc93439cb2f3f30ddaf9e79,68d31de1dbaf25a6e74c9bdca508c98219b96db7ac1c67b06eac9de0008051c6,data/manifests/phase1e/2019-07/daily/source_2019070700.json
2019070700,day2_24h,p01,A,4,8,70,2,2,68,19,0,87a0f703deafb9909af3ee2abebd9e830d5964ac512f5d6285e5eef2b776ef2a,669c446734883da3335c3e5f7267f77079899f0c94b838ce1d5794c1bc841b37,data/manifests/phase1e/2019-07/daily/source_2019070700.json
2019070700,day2_24h,p01,B,1,5,70,2,2,68,19,0,9412eec499b11266827d11f2d27b7129f8e32d9c597f6db18d8050ca35070c18,20d4497079b18aa1178755ed93bcab8650c7042034614924f1b663cceed3d97f,data/manifests/phase1e/2019-07/daily/source_2019070700.json
2019070700,day2_24h,p02,A,4,8,0,0,0,0,0,0,c8b9ea93a0465c2c2f204877231513d9a79bd7a35e90f66040a6dc945e28516b,c8b9ea93a0465c2c2f204877231513d9a79bd7a35e90f66040a6dc945e28516b,data/manifests/phase1e/2019-07/daily/source_2019070700.json
2019070700,day2_24h,p02,B,1,5,0,0,0,0,0,0,91f4084e2bac081da0fbf500bdb8f1ebac22328ee5becd5bb6763bc46c6afed1,91f4084e2bac081da0fbf500bdb8f1ebac22328ee5becd5bb6763bc46c6afed1,data/manifests/phase1e/2019-07/daily/source_2019070700.json
2019070700,day2_24h,p03,A,4,8,0,0,0,0,0,0,9c1938f2ddafcc79f0e176423290c9e4d0671ecd758a0cde8f068deb48dc5ffe,9c1938f2ddafcc79f0e176423290c9e4d0671ecd758a0cde8f068deb48dc5ffe,data/manifests/phase1e/2019-07/daily/source_2019070700.json
2019070700,day2_24h,p03,B,1,5,0,0,0,0,0,0,4979588d0d127b49bf450fea0a4912b0bb94e57640a12f3a4f585c86f53b4b23,4979588d0d127b49bf450fea0a4912b0bb94e57640a12f3a4f585c86f53b4b23,data/manifests/phase1e/2019-07/daily/source_2019070700.json
2019070700,day2_24h,p04,A,4,8,357,6,6,351,34,0,c6998e63a2cdbd2fac7ee85bc20745125ff104ee3b20240fe88f877e1989b1b3,a3c8c2644e5907a74d4327f4af093344e05d4215cabdcb5b125ca5292c8d27b1,data/manifests/phase1e/2019-07/daily/source_2019070700.json
2019070700,day2_24h,p04,B,1,5,102,1,1,101,34,0,3da43971d61263252511f1e9cde7c6eb51ea0af84bc6230c27016faab611713d,023ae37f07771935267619a92818ddc1dca02cb740ae41980cfb8955126b7063,data/manifests/phase1e/2019-07/daily/source_2019070700.json
2019070700,day3_24h,c00,A,4,8,243,13,13,230,0,0,6f7201556c56f1adaf391dca8933739595d4a32143f8d76cc334f44cd9bad978,7f84c6a40335ac150c8e2cff2e1beaab6733d77aef94b2b570e73a393831fdcc,data/manifests/phase1e/2019-07/daily/source_2019070700.json
2019070700,day3_24h,c00,B,1,5,0,0,0,0,0,0,cf3702d079a968cc5ff5a8a138dceff3058d128c4bf3d9227f521fd89a084200,cf3702d079a968cc5ff5a8a138dceff3058d128c4bf3d9227f521fd89a084200,data/manifests/phase1e/2019-07/daily/source_2019070700.json
2019070700,day3_24h,p01,A,4,8,0,0,0,0,0,0,e3e3bd6c477ec7d2b69cbd3d785f33f02136820145d9ebdbcbdc8d313ea2dfbb,e3e3bd6c477ec7d2b69cbd3d785f33f02136820145d9ebdbcbdc8d313ea2dfbb,data/manifests/phase1e/2019-07/daily/source_2019070700.json
2019070700,day3_24h,p01,B,1,5,0,0,0,0,0,0,ef42d7c56d132891c5676107b1bba3bc2dd4b16ec66fbd7895aae8fdc615fade,ef42d7c56d132891c5676107b1bba3bc2dd4b16ec66fbd7895aae8fdc615fade,data/manifests/phase1e/2019-07/daily/source_2019070700.json
2019070700,day3_24h,p02,A,4,8,223,10,10,213,0,0,db3ff0a52b0f45985f9691b6dba061a30666688f11677cde9960aadd7b8ec5e3,b270c57879e5cbb7cfcbf7a9a6fe5bad9d3257b9e4f60764c056bb364507bf6b,data/manifests/phase1e/2019-07/daily/source_2019070700.json
2019070700,day3_24h,p02,B,1,5,0,0,0,0,0,0,5989cf4e6712cefab009499d7e51c25ffeb26f714674f3e2d3710ae897230962,5989cf4e6712cefab009499d7e51c25ffeb26f714674f3e2d3710ae897230962,data/manifests/phase1e/2019-07/daily/source_2019070700.json
2019070700,day3_24h,p03,A,4,8,162,4,4,158,0,0,0deebd45bdf8a700f3f10e082f6ca30b355dbfba895dbc75cd6a64eb997854fe,4abe694a3e1533db8c786245ad154ef53af1d8591a76a1bebfad94799dd212d6,data/manifests/phase1e/2019-07/daily/source_2019070700.json
2019070700,day3_24h,p03,B,1,5,0,0,0,0,0,0,de251fb14af9395294db966a1256f56fe9f5031d694834ccd1c253995cf322fc,de251fb14af9395294db966a1256f56fe9f5031d694834ccd1c253995cf322fc,data/manifests/phase1e/2019-07/daily/source_2019070700.json
2019070700,day3_24h,p04,A,4,8,192,6,6,186,0,0,e6aecc8419818a6e2100a275ab033491c5695e02ee227a222a5adce3117ff855,b79284f48043c1a392a9c75fe511e7cb7a0d9ff406e1552da9dab83fa20407eb,data/manifests/phase1e/2019-07/daily/source_2019070700.json
2019070700,day3_24h,p04,B,1,5,0,0,0,0,0,0,4eacb58198b12bf62a1c7083bae5b6b2a8c36844f214b71c51f0934204c7e3c2,4eacb58198b12bf62a1c7083bae5b6b2a8c36844f214b71c51f0934204c7e3c2,data/manifests/phase1e/2019-07/daily/source_2019070700.json
2019070800,day1_24h,c00,A,4,8,76,0,0,76,0,0,697e1416f0d72115fcaf15fa7e55731c06651ab1c6644ce4e37be04500b71816,6044c9a7e671bd4d4bc1dfdefb95cd61a0ef50f2c0001b3d4629b3d98e688bfa,data/manifests/phase1e/2019-07/daily/source_2019070800.json
2019070800,day1_24h,c00,B,1,5,0,0,0,0,0,0,b279b22911aef6970f2ba90de2fb23899abc20c7c664296787e386c10925d0ac,b279b22911aef6970f2ba90de2fb23899abc20c7c664296787e386c10925d0ac,data/manifests/phase1e/2019-07/daily/source_2019070800.json
2019070800,day1_24h,p01,A,4,8,45,0,0,45,3,0,f6ff9800daf4aa4f3c0a8583df96261e73a1dfddcbb385aa7fe00112d3ee7f58,eb7de60c4d67c3751c689b40f14bab17a3ba69b068ec0d2694c84be9f16c3953,data/manifests/phase1e/2019-07/daily/source_2019070800.json
2019070800,day1_24h,p01,B,1,5,45,0,0,45,3,0,a8ff6cf876a519ca5d1e6838a34112959ead65d755d302c18e93fa32860cb828,7629d727fadfa1226e498deca5436d37e25000ba45b66425782ab9c903f314ca,data/manifests/phase1e/2019-07/daily/source_2019070800.json
2019070800,day1_24h,p02,A,4,8,0,0,0,0,0,0,6fbfc95726de023076865c2fcf47e0f01cc916b5ed3fddbb360f3b510f5f562c,6fbfc95726de023076865c2fcf47e0f01cc916b5ed3fddbb360f3b510f5f562c,data/manifests/phase1e/2019-07/daily/source_2019070800.json
2019070800,day1_24h,p02,B,1,5,0,0,0,0,0,0,3026f72292beca7caa7cbbf6d03ca74caf0ae9527beae50a7fccbd8aafc06dee,3026f72292beca7caa7cbbf6d03ca74caf0ae9527beae50a7fccbd8aafc06dee,data/manifests/phase1e/2019-07/daily/source_2019070800.json
2019070800,day1_24h,p03,A,4,8,187,8,8,179,5,0,e6e6760b3e575668f843cb0991ef423fee49cb023d3bee7137a99aac430be9a9,07f8361409f47aecfc1a880d7d4be89adf55a16d7667baaf7c12a7ba3df8de2a,data/manifests/phase1e/2019-07/daily/source_2019070800.json
2019070800,day1_24h,p03,B,1,5,31,0,0,31,5,0,4383405f12be62d422b37053d4538584e9a2880d12254fe92f02c809bfe30571,8b5b638ff78d458c390d597bc749836f365ec34f793432af60267a372b166da9,data/manifests/phase1e/2019-07/daily/source_2019070800.json
2019070800,day1_24h,p04,A,4,8,28,0,0,28,4,0,8fc7b5621d96b98d9dec27f0e8e49721ec189dcd2013a00c8851eaad543fcef5,03c8d0d0f6c714f2f2d8e666589feacb364551a47c3d84e7d97212933fba4560,data/manifests/phase1e/2019-07/daily/source_2019070800.json
2019070800,day1_24h,p04,B,1,5,28,0,0,28,4,0,196556b9c6de4670d8ef475e361b3bc3f5893d57a5fe32ed1ff61a1cbd8841fb,ec71b629176eb0447fe3d5386dfc271e7d09fc807cb319e5c9c2b892517bd636,data/manifests/phase1e/2019-07/daily/source_2019070800.json
2019070800,day2_24h,c00,A,4,8,215,20,20,195,0,0,9807b3c30501b64eee8441b54d70e0c748fa286856d7b077b7d31dd7558da172,f6fed785ce6b5e5afc3ab4d85463bba7b072c9c5261fadf9a13124458932c85e,data/manifests/phase1e/2019-07/daily/source_2019070800.json
2019070800,day2_24h,c00,B,1,5,0,0,0,0,0,0,e8ec2887faa5eef65bebcf431314b933f9d29584705b673f04734d0d975c3904,e8ec2887faa5eef65bebcf431314b933f9d29584705b673f04734d0d975c3904,data/manifests/phase1e/2019-07/daily/source_2019070800.json
2019070800,day2_24h,p01,A,4,8,262,5,5,257,0,0,ab90b5025c78a0ac8df58b5a0fab0f922b67d766d826393c778f927633f2875e,e2e0c86ad98a2dfead0757193c468f9547622259346b38e4ca39ac08d252be41,data/manifests/phase1e/2019-07/daily/source_2019070800.json
2019070800,day2_24h,p01,B,1,5,0,0,0,0,0,0,87d1230ecd3add7d9f4d5813b2b75b442df5e30100d0c669b474767f6dc56f3b,87d1230ecd3add7d9f4d5813b2b75b442df5e30100d0c669b474767f6dc56f3b,data/manifests/phase1e/2019-07/daily/source_2019070800.json
2019070800,day2_24h,p02,A,4,8,0,0,0,0,0,0,eb54719336e26d01f5255c63aec6293688b5f5f5b89103f3ce0a28e1397d29c7,eb54719336e26d01f5255c63aec6293688b5f5f5b89103f3ce0a28e1397d29c7,data/manifests/phase1e/2019-07/daily/source_2019070800.json
2019070800,day2_24h,p02,B,1,5,0,0,0,0,0,0,baba3898c3aca80818cd8ce536a79fae648b34841845ec69c71f4a6f24f955b8,baba3898c3aca80818cd8ce536a79fae648b34841845ec69c71f4a6f24f955b8,data/manifests/phase1e/2019-07/daily/source_2019070800.json
2019070800,day2_24h,p03,A,4,8,139,7,7,132,0,0,5234641f2fd200099bda0b25fff75c777b26475687c79418c632414e618c9f00,dc1f64f7a3dc3b6a080f481d7bbe9679e01091ea54b9e5cc10d5bed1590279d1,data/manifests/phase1e/2019-07/daily/source_2019070800.json
2019070800,day2_24h,p03,B,1,5,0,0,0,0,0,0,abd8ef788ca6bada0edf92689266658640cf70ac12f03609fb4cf60199423dda,abd8ef788ca6bada0edf92689266658640cf70ac12f03609fb4cf60199423dda,data/manifests/phase1e/2019-07/daily/source_2019070800.json
2019070800,day2_24h,p04,A,4,8,0,0,0,0,0,0,289aad51dfd7addfc62be9a1b8ec3b400c7c120f8aa4ced87791bcd195222914,289aad51dfd7addfc62be9a1b8ec3b400c7c120f8aa4ced87791bcd195222914,data/manifests/phase1e/2019-07/daily/source_2019070800.json
2019070800,day2_24h,p04,B,1,5,0,0,0,0,0,0,a19e74c7b6f3c30657722d4dc32c8529ea081f1e93d845a2f957d9d99f531ee2,a19e74c7b6f3c30657722d4dc32c8529ea081f1e93d845a2f957d9d99f531ee2,data/manifests/phase1e/2019-07/daily/source_2019070800.json
2019070800,day3_24h,c00,A,4,8,257,6,6,251,1,0,21629a3e9e15788557a378644fd75816e45e18cac75a8b4989f6cecf81a6cf6b,d676fc31d3916c4f99fc5557c9be89860e8f51d3dde2c6e5bbb87a78b0699223,data/manifests/phase1e/2019-07/daily/source_2019070800.json
2019070800,day3_24h,c00,B,1,5,33,0,0,33,1,0,b8d9e2e4d45af1d1a31788717f48bc2da1cd8a9652e6ad5857606d8ed352c9a9,c5907115e47b417aa6a5211d2790e026576a8b54407cf44fb29b9dc0ace080ce,data/manifests/phase1e/2019-07/daily/source_2019070800.json
2019070800,day3_24h,p01,A,4,8,346,10,10,336,13,1,215b30731ee036f8b275af5d048a6d343d8cf63f4c9e532675c249568c4eee6e,539bf86168fd2139a9bdf2f95c6eda8599b1263ea3eb924f601c733880bf79dc,data/manifests/phase1e/2019-07/daily/source_2019070800.json
2019070800,day3_24h,p01,B,1,5,84,1,1,83,13,1,ce88172cb986de8600b332534da7f5ab9874478039db8858c92f8fdab6696be5,1d2dddbd7cc27cd3d7a4443f84cc0b1159be2fa72e0301bc65447efdfc74ffed,data/manifests/phase1e/2019-07/daily/source_2019070800.json
2019070800,day3_24h,p02,A,4,8,131,1,1,130,3,0,86e9948e95531898d58352df8d45ba5a342846b53cc517700a913fbbdc4c299e,ed4297cd19ac88127ff1d327a40cc8d8afe906717896296d266a41b12c64ab9a,data/manifests/phase1e/2019-07/daily/source_2019070800.json
2019070800,day3_24h,p02,B,1,5,81,1,1,80,3,0,37d65de70e8be898d482ec83baed6c10eb13ae40295721bfce3cc4139adb3dd9,7063c48b08067cf030e5366cc9a036be5c7137a98fbd141ff3573b6606a48ab6,data/manifests/phase1e/2019-07/daily/source_2019070800.json
2019070800,day3_24h,p03,A,4,8,478,16,16,462,0,0,3b5b7cd2d966bbb26c86e6fd83212a44fdc7df2d74aaff62fe8194e639ba8993,32378a78e040f7279ffd4722dda6ebe54b274220128388aa9f53932455ae186f,data/manifests/phase1e/2019-07/daily/source_2019070800.json
2019070800,day3_24h,p03,B,1,5,0,0,0,0,0,0,00c3a0c657f0ed0654edfd617c7e20e2e4f8531be42a60ccf50d648c491a76aa,00c3a0c657f0ed0654edfd617c7e20e2e4f8531be42a60ccf50d648c491a76aa,data/manifests/phase1e/2019-07/daily/source_2019070800.json
2019070800,day3_24h,p04,A,4,8,214,8,8,206,0,0,d89016a458ba0b2adf98011a9f9fced8ca448d6c0685d2a649373bc3172fe7e5,1a43ec3ea0e3b5a47ff956f3fd1fb0c9f3ab0dba40070ce08eb3ee9351f3b380,data/manifests/phase1e/2019-07/daily/source_2019070800.json
2019070800,day3_24h,p04,B,1,5,79,1,1,78,0,0,c03ec85f7ea68071455319d792c1045266869d8e153a10dd6a6abff701c27092,b55e91e9bb765961e4fd43bcc696269176671f083e5902026b0a6817adcdb576,data/manifests/phase1e/2019-07/daily/source_2019070800.json
2019070900,day1_24h,c00,A,4,8,234,10,10,224,0,0,756ad01fa60f288f65abd544e7f341ee01d8b2229096fed890fe82b11d2d80e0,2c467a4df21cfff9ed3cd4132eb52ac1077173564242b40f0c3eb45b54a61d38,data/manifests/phase1e/2019-07/daily/source_2019070900.json
2019070900,day1_24h,c00,B,1,5,0,0,0,0,0,0,f2d347faaca8525520aea94925d68358de37ae2bdcf00173f9a92a69e299525d,f2d347faaca8525520aea94925d68358de37ae2bdcf00173f9a92a69e299525d,data/manifests/phase1e/2019-07/daily/source_2019070900.json
2019070900,day1_24h,p01,A,4,8,185,9,9,176,0,0,b0bc4a8bb3c3acfd8b82916f4c9a61ea24fcdabd063674f059e28d21e9d90d9d,8e891431129803d719364118886ad4b65f23870490cfe5b2df7a535e46724200,data/manifests/phase1e/2019-07/daily/source_2019070900.json
2019070900,day1_24h,p01,B,1,5,0,0,0,0,0,0,346f5d03862b073e95422c9cdfcde225d15121fa616305b794aad76ac64b57cd,346f5d03862b073e95422c9cdfcde225d15121fa616305b794aad76ac64b57cd,data/manifests/phase1e/2019-07/daily/source_2019070900.json
2019070900,day1_24h,p02,A,4,8,216,9,9,207,0,0,3f8611a3aad2c8508e8622bd3983f5559b87155e56cb57ebcaca7c4262cc0e8b,28ff3dc29fc69db1054580636f3cae90d4270f18193cbab01198b1d435060a9e,data/manifests/phase1e/2019-07/daily/source_2019070900.json
2019070900,day1_24h,p02,B,1,5,0,0,0,0,0,0,c8d4677fcdf511b49259440e9c464f37a3f1e6bf7a42ba5e1ac8d7076ccab1a0,c8d4677fcdf511b49259440e9c464f37a3f1e6bf7a42ba5e1ac8d7076ccab1a0,data/manifests/phase1e/2019-07/daily/source_2019070900.json
2019070900,day1_24h,p03,A,4,8,375,13,13,362,0,0,37ad28f9af252c568edc2f72b65b16524fa25f67d0732739697b6d0eab8a29f1,7c9279c62d2abd712f4d4570ad7b806878708cc32876cb5a8f400bcacbd84cc8,data/manifests/phase1e/2019-07/daily/source_2019070900.json
2019070900,day1_24h,p03,B,1,5,0,0,0,0,0,0,3e7c0b3909eddf5a33d1b66def93395f972e39be2634f10555a3324cd0df09bc,3e7c0b3909eddf5a33d1b66def93395f972e39be2634f10555a3324cd0df09bc,data/manifests/phase1e/2019-07/daily/source_2019070900.json
2019070900,day1_24h,p04,A,4,8,137,0,0,137,0,0,4556709d99b4619e30456d9ee35faea3e5026482a454973e4759f2d182a03a79,a147fb5b8c5dcf184185e8871ca9a7482b6d2d4de8ff8e0d64dbe94ca56c7828,data/manifests/phase1e/2019-07/daily/source_2019070900.json
2019070900,day1_24h,p04,B,1,5,0,0,0,0,0,0,b26f60dc290cf3e8442926a8d82d38e3f79e705a233a0ed4bfd39b1ed9277f7f,b26f60dc290cf3e8442926a8d82d38e3f79e705a233a0ed4bfd39b1ed9277f7f,data/manifests/phase1e/2019-07/daily/source_2019070900.json
2019070900,day2_24h,c00,A,4,8,381,14,14,367,16,0,3a8dd3e8d4b0e76ab595e5816aa803e78136af52870fc6a3bb2182fbdc719237,e48bdf891270d6c9c6de9b0a63a3f9f38a72503d51b466b0a63aa0a706ad8aa5,data/manifests/phase1e/2019-07/daily/source_2019070900.json
2019070900,day2_24h,c00,B,1,5,58,0,0,58,16,0,b19bea141b00e5a2795b8ac410ff76759962711209043e4c6e3be1ec993c06c4,1fd699df62026a202e7b2b5b9f9813143be8730cf9b92a1973c4f74851afa26b,data/manifests/phase1e/2019-07/daily/source_2019070900.json
2019070900,day2_24h,p01,A,4,8,500,18,18,482,25,2,a5c421bcdb019f366043d5d458be7dfce3bc98f5cdd2913efe35a14725b5f77a,f7e4571a1c1fadd242d43c44503c1da6d21a9d46a4ac7b76868b392711dc97d0,data/manifests/phase1e/2019-07/daily/source_2019070900.json
2019070900,day2_24h,p01,B,1,5,65,2,2,63,25,2,030eea56e89f2731cfa4a820322121c34bbac12d313a156d3d7a1151e9f663a1,2ae49b43821c4c955c643a4197c378ea85f3c739e0bc6d6f60f22d9b7207454d,data/manifests/phase1e/2019-07/daily/source_2019070900.json
2019070900,day2_24h,p02,A,4,8,350,21,21,329,0,0,06b00762db6c1ff2805b35d5330b197d0803fac1a31dc3a1ba7dba96f05a83e3,f2cec31f4ae49887cc7606088c13d468ab8a50322c10a4b2af29c770daf3bd06,data/manifests/phase1e/2019-07/daily/source_2019070900.json
2019070900,day2_24h,p02,B,1,5,0,0,0,0,0,0,c80d476b315dac6d7dceb69dba47a86bedc9b06c692a5969b209611a0009d93e,c80d476b315dac6d7dceb69dba47a86bedc9b06c692a5969b209611a0009d93e,data/manifests/phase1e/2019-07/daily/source_2019070900.json
2019070900,day2_24h,p03,A,4,8,327,18,18,309,0,0,eebbad0885069446c0ac79060b70d13041536971c306b6a4d9055edaa43b1050,0bf36cd6403204cad139128c98fb69ccd967ab373f44fd90dc1ec74cac7e555a,data/manifests/phase1e/2019-07/daily/source_2019070900.json
2019070900,day2_24h,p03,B,1,5,43,2,2,41,0,0,b414ad3d382cb6d4c1dc21e84f9335274373e661d51993c5f67be9be55449871,952c81c47d3fe949c9a0463d8b8a167b73d5a653e3e9628e4fde444d56e919d0,data/manifests/phase1e/2019-07/daily/source_2019070900.json
2019070900,day2_24h,p04,A,4,8,286,13,13,273,3,0,e7060c0bb6bf62f8378a579b77e6430e3ea87c0cad809a4873ee7f0a8b5f0c5e,c355d57b99b6433a4bcd05a50f8e560c16fb9eac24eac3074bf1ea64490db767,data/manifests/phase1e/2019-07/daily/source_2019070900.json
2019070900,day2_24h,p04,B,1,5,23,1,1,22,3,0,4afd7f0f4a5ba1aeb8d7f6602a909d8e8374a37521adb99b0f290656803c14a5,517930ded1034c37747798c11eff816dcfc94951471f063a0f7fcb89d335d47f,data/manifests/phase1e/2019-07/daily/source_2019070900.json
2019070900,day3_24h,c00,A,4,8,563,22,22,541,1,0,f53ea0b612ac49ac4ba46d187560710f30c3a9b19ed4ef4bdf4020348e1592d9,593777eab4cd5a9ada852c8acd959ad58931dc793a9804ae1d957ebebef1d0c4,data/manifests/phase1e/2019-07/daily/source_2019070900.json
2019070900,day3_24h,c00,B,1,5,105,2,2,103,1,0,416c4384235354a9229f1976f7f9305b03ea5220c5583e266f3b924d1a48c8e8,a04e802591a5a2df8d3557665d4d6b2896ccfbe310c5321d140d67b8035d37a6,data/manifests/phase1e/2019-07/daily/source_2019070900.json
2019070900,day3_24h,p01,A,4,8,596,20,20,576,11,0,5060fb2d688041d53f98edc2026ad743bb9d0e6807e28e5a597bc9e7b85245be,f7e4feea9e8ced9485f9a505be74881539c0517bc85e8501d59eba05bd95cdf8,data/manifests/phase1e/2019-07/daily/source_2019070900.json
2019070900,day3_24h,p01,B,1,5,133,2,2,131,11,0,ee22050cbdbaf3e426a0f510c7961cf6dcbe624b1b28591eee5a81b3c1800d54,4ab830b61c11a59597f92adf2bec03633e2735800f64a687267deee7fb9e4c27,data/manifests/phase1e/2019-07/daily/source_2019070900.json
2019070900,day3_24h,p02,A,4,8,343,16,16,327,4,0,53ff31d4655078b59d57484b4a9c1b54f866ff81f6ca154269e2d522f80b2a27,72ae8d2db8c7898c3716a77eace15ff40d59bc6a17e1b93c5181cf21bb16e521,data/manifests/phase1e/2019-07/daily/source_2019070900.json
2019070900,day3_24h,p02,B,1,5,139,4,4,135,4,0,9e46dc2d09cbd80aef0450fa5039abbc56e8c5ba2ad65d0853a6e4593501df05,315f65326497dce309f625fd9996c8cb47351b499f15ee91eecd8a1a33aa8cda,data/manifests/phase1e/2019-07/daily/source_2019070900.json
2019070900,day3_24h,p03,A,4,8,837,16,16,821,20,1,7712a4e926f452a2cb7600c80c55d100fd8aed8d36fc530af1b168ff9277809a,d215c3de871ddb9e91d5a90cc4ea68b13c076913be1e8664c3f1e81d72e02c11,data/manifests/phase1e/2019-07/daily/source_2019070900.json
2019070900,day3_24h,p03,B,1,5,126,1,1,125,20,1,a06222a486a99652eb40db2f575a0b972396a12281a52004bb613a48d4a9c1c2,5dcedaa19d0f9bdbac0072c8708ee61bafc70cdbaa3e33141ead624f0248367d,data/manifests/phase1e/2019-07/daily/source_2019070900.json
2019070900,day3_24h,p04,A,4,8,587,24,24,563,0,0,4c39cc68a5371d5775238148f95c57b3b305c1f6abd9bb80e893c95c615de72a,c4efc00e1693583c77e15b8144bd90ae9e0fec216275e73292449cd6f47fe804,data/manifests/phase1e/2019-07/daily/source_2019070900.json
2019070900,day3_24h,p04,B,1,5,56,4,4,52,0,0,b846e03e07a3cd42e1cbee4bc5c1a5907a52f98ae0ef197fe3b071ff2ae516bf,490b93a1b023c6f4d83ae6c44f3ab25b6e9d580e12deffa1e7b6aabdf3442978,data/manifests/phase1e/2019-07/daily/source_2019070900.json
2019071000,day1_24h,c00,A,4,8,426,17,17,409,0,0,b21bfffb82e25def47f8417baae62d7039b02330b8d34749b65a7189b0a81dd9,56e676e8b6fb811f64069d29ec148deb47d6a7e9bbd415441850432dfe92c646,data/manifests/phase1e/2019-07/daily/source_2019071000.json
2019071000,day1_24h,c00,B,1,5,0,0,0,0,0,0,01187e12b2231064e6403b8c383f0b378f2e2c7a5ed378c7737fd316b98552e5,01187e12b2231064e6403b8c383f0b378f2e2c7a5ed378c7737fd316b98552e5,data/manifests/phase1e/2019-07/daily/source_2019071000.json
2019071000,day1_24h,p01,A,4,8,175,7,7,168,0,0,3c370db117d87b90ff6a4bf5cf5e52a8e520097dc47f5f6e12025fe67843faca,fa53fa8a33447c4fffcb8d3c0738036f9d07f4e2d50b739e35c384471998987a,data/manifests/phase1e/2019-07/daily/source_2019071000.json
2019071000,day1_24h,p01,B,1,5,0,0,0,0,0,0,f57ae1feb9f12077f7f59fc654b21e52818460f033eea8392fba62a8fc20e296,f57ae1feb9f12077f7f59fc654b21e52818460f033eea8392fba62a8fc20e296,data/manifests/phase1e/2019-07/daily/source_2019071000.json
2019071000,day1_24h,p02,A,4,8,253,6,6,247,0,0,f31742a843814aaff8bde0d655807376a5358abb1b0ff94bbd3f5073c94930da,7664a2d782ef8ae64eaa9eb8827484f3191ebdf37154a8af970262e7345c7dec,data/manifests/phase1e/2019-07/daily/source_2019071000.json
2019071000,day1_24h,p02,B,1,5,10,0,0,10,0,0,d3f149fd2d1ad9022d2748450d383f9a2370d8fac5f0e2b60e43cd393293a1b8,365169fadc0e8e3cf58cb9b843298f9b218602ec6664d817f9d1f43349c23300,data/manifests/phase1e/2019-07/daily/source_2019071000.json
2019071000,day1_24h,p03,A,4,8,454,22,22,432,6,0,e0772c788babd2f639616f5b6994356e28e90a4093251e0e71d7d894dc5232f1,99c14af71db953845ac77fd521e59396b1951a191fa3a7a8256571423e43f9fd,data/manifests/phase1e/2019-07/daily/source_2019071000.json
2019071000,day1_24h,p03,B,1,5,71,0,0,71,6,0,1450d214504441b4da3a2259b2f23901b20b047e56bba5af16dc7bf899d9f0f8,6886855704dc8c11ee91f24b291e312f3e359d7250fd36e5d566552f39229f62,data/manifests/phase1e/2019-07/daily/source_2019071000.json
2019071000,day1_24h,p04,A,4,8,185,5,5,180,0,0,66c4a2f6269726ecbb505382783c46db49ba7cef7352cac5209875fdbb172ee2,a68350644a2591473f3ebfef6fe8fadf108608a1a608fb90657bc75637882552,data/manifests/phase1e/2019-07/daily/source_2019071000.json
2019071000,day1_24h,p04,B,1,5,0,0,0,0,0,0,e9529d68b1d78e8465771f5b80094dd003d13c21a25e162989ed83d50ac66af8,e9529d68b1d78e8465771f5b80094dd003d13c21a25e162989ed83d50ac66af8,data/manifests/phase1e/2019-07/daily/source_2019071000.json
2019071000,day2_24h,c00,A,4,8,481,19,19,462,26,1,a3254dc6e54c4e69c7497edce98e883938924307bdfebbfe0d90a00f49f45ef1,075ab70bd6d07513224e6860f985fcaa3f8ab3c0596df46d798f4c879549a3e3,data/manifests/phase1e/2019-07/daily/source_2019071000.json
2019071000,day2_24h,c00,B,1,5,102,2,2,100,26,1,101771adebd34df716fb0cc6373b631af6ae48d7955f042937acf7a83c6083f1,44a873b53bf66bc16f5f7b967315f996b90761df4e12c706ddf5d729a0db4db7,data/manifests/phase1e/2019-07/daily/source_2019071000.json
2019071000,day2_24h,p01,A,4,8,903,27,27,876,66,2,95511d3539e2b5f11ad36186613059b2c3d4ff677758d49da4f7806f853eed18,c898d7bc46bfbf9e7ee2f5d9740bac93efeca59c77855a2e823d3d006c0d1aa7,data/manifests/phase1e/2019-07/daily/source_2019071000.json
2019071000,day2_24h,p01,B,1,5,276,12,12,264,66,2,98f4d40f44e49859f56f3a8a32cc9f5167d281fd8340e506d6a1d5f31e90cb87,6589425d6da930d77b096a8ef5ecfa9403cf51ee04e9751033255f2711adce06,data/manifests/phase1e/2019-07/daily/source_2019071000.json
2019071000,day2_24h,p02,A,4,8,689,20,20,669,25,0,1c873fbc2120424b35d6a71491359c8717c581f3bb033225a298cbe5bc13552d,bcfaf2e1287fd62ea5915fcb8748b6acbfd24b51611ba3174d75201c4c1d6c74,data/manifests/phase1e/2019-07/daily/source_2019071000.json
2019071000,day2_24h,p02,B,1,5,105,2,2,103,25,0,fe8f751430466c359d87305b5898848f068bbd1f278823f85d247c4dab498d80,0f48c1a5864e2af231cd08c337f5bd15938607755911325f66db910ff5cfa72b,data/manifests/phase1e/2019-07/daily/source_2019071000.json
2019071000,day2_24h,p03,A,4,8,340,15,15,325,0,0,1614da253cb517b48115c4ffa41110948bb460bf2c4d38468e82fe767ee76ecf,70fa4ea4ac2214a2a049e6200ee9035f5ab3afb4a897f0f0c81c3d6237e0cb3c,data/manifests/phase1e/2019-07/daily/source_2019071000.json
2019071000,day2_24h,p03,B,1,5,0,0,0,0,0,0,3e3299f1be4e767ff3d96776c2a5428c4b969c4773cbdc7603bbd3793773b2fb,3e3299f1be4e767ff3d96776c2a5428c4b969c4773cbdc7603bbd3793773b2fb,data/manifests/phase1e/2019-07/daily/source_2019071000.json
2019071000,day2_24h,p04,A,4,8,506,23,23,483,0,0,b2cec9af9728dc33f7a52132479ec943e7d472528dafbd0da0e47774f346ad35,265b4534d8e3c2ac14f784b96be511de6d27538cb9a21af78de4a407409b9a58,data/manifests/phase1e/2019-07/daily/source_2019071000.json
2019071000,day2_24h,p04,B,1,5,0,0,0,0,0,0,50f6686c8bf51014e818e8dd60a225ffd2dbfc97e53f29362f70e4525f2b1a31,50f6686c8bf51014e818e8dd60a225ffd2dbfc97e53f29362f70e4525f2b1a31,data/manifests/phase1e/2019-07/daily/source_2019071000.json
2019071000,day3_24h,c00,A,4,8,634,25,25,609,7,0,052c302b525d0d1f2b359355d42b4013afbe0a22823feac6f92aac6a28098799,d74718a58b73296441ef427861a322aa4014671a4517f5baee9f5c4393411249,data/manifests/phase1e/2019-07/daily/source_2019071000.json
2019071000,day3_24h,c00,B,1,5,89,3,3,86,7,0,24dea44d59741b7ffaeb86f49244935dd76ce471ad4d9d259be10ec0cd8f7c38,cb4a1b502f1a09377edf89f7bbdf3b70a6cdd96abca1cd4e29786accb0ed062c,data/manifests/phase1e/2019-07/daily/source_2019071000.json
2019071000,day3_24h,p01,A,4,8,189,2,2,187,0,0,f73ca7de54065d4cf0fab0963280be18b187900a07eaa53c49f85f420408ec6f,546a84cc3e323fcc1229e52f4c9b0144c338584259760be3ba1e3802fc86b9be,data/manifests/phase1e/2019-07/daily/source_2019071000.json
2019071000,day3_24h,p01,B,1,5,0,0,0,0,0,0,4cce99963ff2b05747866587225e8c624fe2d8d2db1316da2938a1428bdc37e8,4cce99963ff2b05747866587225e8c624fe2d8d2db1316da2938a1428bdc37e8,data/manifests/phase1e/2019-07/daily/source_2019071000.json
2019071000,day3_24h,p02,A,4,8,672,23,23,649,0,0,3e4beb6ebc1967e9a15758e563af58f8d4612f961bcdab89952560475fba8316,1f6bb9bd960687b8967664a5fb0f9b245853f7243e88f801d51973269ac8ed04,data/manifests/phase1e/2019-07/daily/source_2019071000.json
2019071000,day3_24h,p02,B,1,5,0,0,0,0,0,0,8adb672c6bfa24cd719ad4537af80bc8168feff1e1275a9c24940d45a548c690,8adb672c6bfa24cd719ad4537af80bc8168feff1e1275a9c24940d45a548c690,data/manifests/phase1e/2019-07/daily/source_2019071000.json
2019071000,day3_24h,p03,A,4,8,672,12,12,660,32,0,0c427930ec845db31f8093d178e32225990d57ae980fb47c4d770caf2588c21f,5e673be2528cdfca3ea1d0342e29c5c9edf736e1d454bd5ab8f6efb2faa34b14,data/manifests/phase1e/2019-07/daily/source_2019071000.json
2019071000,day3_24h,p03,B,1,5,147,1,1,146,32,0,b1055da2b730698d26a867f1ff5ae0cffecb952583940f6fcf472316a6f8ba7b,b0a2ee7d3d57abad36bf2a4d36d183ebd2536f210e28ac565cefb3f10a2de42f,data/manifests/phase1e/2019-07/daily/source_2019071000.json
2019071000,day3_24h,p04,A,4,8,114,4,4,110,0,0,a8870e8c91b28d60b902701a9680afe66a678ad922fdacdaf3c9de377c9f6eb5,369848c6eb8475c5345e4daff81cfa40bdc7baf212c8d119fe549ca190366d1d,data/manifests/phase1e/2019-07/daily/source_2019071000.json
2019071000,day3_24h,p04,B,1,5,0,0,0,0,0,0,d5ac117068ea9112fa78d9dc4bd613b4cd0819d92957ba77ab3241d058e378f6,d5ac117068ea9112fa78d9dc4bd613b4cd0819d92957ba77ab3241d058e378f6,data/manifests/phase1e/2019-07/daily/source_2019071000.json
2019071100,day1_24h,c00,A,4,8,445,24,24,421,0,0,0e78229c0969f502ac67a218aaa0d3b7beff05e4811b8a13346e44ba147b031f,8541f110f76b4df63ca3b17cfb999f64b9a20c6707ff404d0c5e0d10771dc1b3,data/manifests/phase1e/2019-07/daily/source_2019071100.json
2019071100,day1_24h,c00,B,1,5,0,0,0,0,0,0,a1ba033576d4257652e511fcb6a39c17f3487be40243852bb5a86203c046e8a2,a1ba033576d4257652e511fcb6a39c17f3487be40243852bb5a86203c046e8a2,data/manifests/phase1e/2019-07/daily/source_2019071100.json
2019071100,day1_24h,p01,A,4,8,0,0,0,0,0,0,63fa4fe4c3501c0d12793e017071fdfbfc8492ee115bfac785d3743aadb36d2c,63fa4fe4c3501c0d12793e017071fdfbfc8492ee115bfac785d3743aadb36d2c,data/manifests/phase1e/2019-07/daily/source_2019071100.json
2019071100,day1_24h,p01,B,1,5,0,0,0,0,0,0,8cf4e775403b29d814d0e6c932e3afdaf47db4b161d05fe8a65e4ad3678efc34,8cf4e775403b29d814d0e6c932e3afdaf47db4b161d05fe8a65e4ad3678efc34,data/manifests/phase1e/2019-07/daily/source_2019071100.json
2019071100,day1_24h,p02,A,4,8,210,6,6,204,0,0,d9760cc09db7fc6130e28d6bedc061cf124ef79dbbcee50d5abf7525fdcb2200,7ada0751d9583c72d46b2a1d941f5ec824ae9824c051eb45fd6f48bce1e04043,data/manifests/phase1e/2019-07/daily/source_2019071100.json
2019071100,day1_24h,p02,B,1,5,0,0,0,0,0,0,2a1f14d5fc15c1e8b2c52d0666f284df4671db87f7cdfaabdce426343c86fe4e,2a1f14d5fc15c1e8b2c52d0666f284df4671db87f7cdfaabdce426343c86fe4e,data/manifests/phase1e/2019-07/daily/source_2019071100.json
2019071100,day1_24h,p03,A,4,8,0,0,0,0,0,0,ee67087e90dbbfa21db97aaa82f1cb5e045dd8cd545d1441fc1356143201bf22,ee67087e90dbbfa21db97aaa82f1cb5e045dd8cd545d1441fc1356143201bf22,data/manifests/phase1e/2019-07/daily/source_2019071100.json
2019071100,day1_24h,p03,B,1,5,0,0,0,0,0,0,e6714388b313b6b54452f17d458d785b07d5dd569c5d8ed779731f971d2815a0,e6714388b313b6b54452f17d458d785b07d5dd569c5d8ed779731f971d2815a0,data/manifests/phase1e/2019-07/daily/source_2019071100.json
2019071100,day1_24h,p04,A,4,8,463,32,32,431,0,0,4fbcc58b123c5e02becff2ce2560ee1268cb36cbeae3ddb36e12e862a40c3e57,73062efe1b0d09b7abbea6315c9df60334be8d25989a2b7a6abf3baade613ab0,data/manifests/phase1e/2019-07/daily/source_2019071100.json
2019071100,day1_24h,p04,B,1,5,41,0,0,41,0,0,9cebbe90a46514fcea5655446f3700c94abd2f9d8e6a1e680a08321bad89ab05,00908dc4117e53b09ef165a2f8c4024a0d933f978acdedb55acbbff22d779a2c,data/manifests/phase1e/2019-07/daily/source_2019071100.json
2019071100,day2_24h,c00,A,4,8,96,2,2,94,12,0,db80db9ace5269fef9d444d0a072e7ac2de40eb023a09fadb2226d905fb37b66,eb5f1f400c177602b09dc25ad932afed56cf841e53da94b763a8df7a7b18c4b9,data/manifests/phase1e/2019-07/daily/source_2019071100.json
2019071100,day2_24h,c00,B,1,5,96,2,2,94,12,0,e51ca8d0663eca826e21cf27a0bf199325c54e7266e15fdc5e5f882882077fe4,108957dc708f91c43db39aeb73691767d0d109847a0a00559833ef5644da07b9,data/manifests/phase1e/2019-07/daily/source_2019071100.json
2019071100,day2_24h,p01,A,4,8,763,30,30,733,24,0,3baa35877be83ce4eb74b1ad18769c0205aa86a8060417a3e30f5c013741fbea,d9bf4bd0d364326981f2b225af5f6f331ca89c3d84eddf17ba868637c6d70399,data/manifests/phase1e/2019-07/daily/source_2019071100.json
2019071100,day2_24h,p01,B,1,5,121,6,6,115,24,0,b296285e5980569b0881d7dd79c88f51fe3eb3cce02b2c60749f9c451530f29c,1c52c4f68a9285971ea6950f4ddb2721e2bc6f58f6f1f6adc1921d0a1d422b47,data/manifests/phase1e/2019-07/daily/source_2019071100.json
2019071100,day2_24h,p02,A,4,8,237,6,6,231,10,1,e9d84f8300abd76fdf912bba810b45b60b73ef4d8873d0fb7b37dfa4e823319c,3fa1c4040cf8b073a76757f54a01ffcc6fd8137396a1448d2cddb3e401b19b09,data/manifests/phase1e/2019-07/daily/source_2019071100.json
2019071100,day2_24h,p02,B,1,5,82,3,3,79,10,1,62f7b52e9a14230146842ba964b9ea730d1a991e48b0a1dbb980b7fe6fc6ba01,a2e434e8c479008c5af7be208a97ce552ebe2e397cfddec2a55e3023903e4d90,data/manifests/phase1e/2019-07/daily/source_2019071100.json
2019071100,day2_24h,p03,A,4,8,152,3,3,149,0,0,599e79991699294fb1df3d763da1cf2586c494a624fd2d6a3441166844471668,43716f3f9eb17eb415c64eb1d02450ed623ffa6788aca3ec0e2db834a38ac418,data/manifests/phase1e/2019-07/daily/source_2019071100.json
2019071100,day2_24h,p03,B,1,5,0,0,0,0,0,0,7d997c7388f38d756bb14a2be65bbe72ef930360c4cd9c5494ee841daa9acdc6,7d997c7388f38d756bb14a2be65bbe72ef930360c4cd9c5494ee841daa9acdc6,data/manifests/phase1e/2019-07/daily/source_2019071100.json
2019071100,day2_24h,p04,A,4,8,82,2,2,80,0,0,4ecbb8c9d41f17f6db131f733e63a225b933f288ad176e206c9f4033fd5f224c,8bdb420253cd7e5ea0a9abe82a21b7bd8319078267865d78caf01e8dc8bac531,data/manifests/phase1e/2019-07/daily/source_2019071100.json
2019071100,day2_24h,p04,B,1,5,0,0,0,0,0,0,c9ace213cad814d5624fd73726a172318e3d9faedf7d555b05e57adae2104fd6,c9ace213cad814d5624fd73726a172318e3d9faedf7d555b05e57adae2104fd6,data/manifests/phase1e/2019-07/daily/source_2019071100.json
2019071100,day3_24h,c00,A,4,8,0,0,0,0,0,0,f38a6aa59325a241c566eff7d45096a48685e81366de8e7d68da275e767c4189,f38a6aa59325a241c566eff7d45096a48685e81366de8e7d68da275e767c4189,data/manifests/phase1e/2019-07/daily/source_2019071100.json
2019071100,day3_24h,c00,B,1,5,0,0,0,0,0,0,0958b5153caa1359a1b683bcb929383b0c1c3e0a57589161bd0924efd99af052,0958b5153caa1359a1b683bcb929383b0c1c3e0a57589161bd0924efd99af052,data/manifests/phase1e/2019-07/daily/source_2019071100.json
2019071100,day3_24h,p01,A,4,8,0,0,0,0,0,0,3b74f5f9ed017c6a80531ff4f1b18c72603987b852ab26fbaf92f166b1dcc5aa,3b74f5f9ed017c6a80531ff4f1b18c72603987b852ab26fbaf92f166b1dcc5aa,data/manifests/phase1e/2019-07/daily/source_2019071100.json
2019071100,day3_24h,p01,B,1,5,0,0,0,0,0,0,0d95a559924c887fcea7c6197f25d8e5d033bf457d3311ed63c4c3bba2c4385b,0d95a559924c887fcea7c6197f25d8e5d033bf457d3311ed63c4c3bba2c4385b,data/manifests/phase1e/2019-07/daily/source_2019071100.json
2019071100,day3_24h,p02,A,4,8,437,17,17,420,0,0,3f1db9de65b573024a723fa2f63f2524c0a4c718fd478830150fdb535b6f1673,285f0741eb9596f977f28ddfde229d8b8c6220a6080f2022ef475e7bc67c82ab,data/manifests/phase1e/2019-07/daily/source_2019071100.json
2019071100,day3_24h,p02,B,1,5,0,0,0,0,0,0,ff8d3b24776ca601a6ab6e4a744f9282b6b529b11e81777cfd51d179fdc242b3,ff8d3b24776ca601a6ab6e4a744f9282b6b529b11e81777cfd51d179fdc242b3,data/manifests/phase1e/2019-07/daily/source_2019071100.json
2019071100,day3_24h,p03,A,4,8,0,0,0,0,0,0,859ad834b147d1184cc7343ebba10115d274ea136a75bcdff12442b99530a0df,859ad834b147d1184cc7343ebba10115d274ea136a75bcdff12442b99530a0df,data/manifests/phase1e/2019-07/daily/source_2019071100.json
2019071100,day3_24h,p03,B,1,5,0,0,0,0,0,0,3b188304d058519e1f9f0201eaa01e8a8dc0a6980d22a24c73a1ec4a00c3bf8c,3b188304d058519e1f9f0201eaa01e8a8dc0a6980d22a24c73a1ec4a00c3bf8c,data/manifests/phase1e/2019-07/daily/source_2019071100.json
2019071100,day3_24h,p04,A,4,8,234,7,7,227,0,0,0bf91e2ede20d49356d30984fdfec28344127bf6b418044cd42733cfb64eb7e0,9165224c232c128183ac031db6fbda28023143d183020acfd60f4c70a032902f,data/manifests/phase1e/2019-07/daily/source_2019071100.json
2019071100,day3_24h,p04,B,1,5,0,0,0,0,0,0,48e5dee64fe216395ea0b92bcda2a87314e253dafc75b1dbff1efa35c4a9fa60,48e5dee64fe216395ea0b92bcda2a87314e253dafc75b1dbff1efa35c4a9fa60,data/manifests/phase1e/2019-07/daily/source_2019071100.json
2019071200,day1_24h,c00,A,4,8,525,22,22,503,0,0,1a8751cb710a0e77e9ba430934af5ca6184f6615c2863be2603898bff549019c,8e3f95dcb750253775bee95baa26458b773d1670be0cf48c38ee6e5c12fd84c2,data/manifests/phase1e/2019-07/daily/source_2019071200.json
2019071200,day1_24h,c00,B,1,5,0,0,0,0,0,0,dab63ac3dacf10a0dd7a029f7c9b78df2a1cd5564c84d06bea0857f5f2739725,dab63ac3dacf10a0dd7a029f7c9b78df2a1cd5564c84d06bea0857f5f2739725,data/manifests/phase1e/2019-07/daily/source_2019071200.json
2019071200,day1_24h,p01,A,4,8,306,9,9,297,0,0,da47b7d697fc7f5a7278b62aa83e7d66294f41c1964e3e39e29fa29c6e1fff30,d68252e42f0b6a8460513d54cc23c085cd5e64d835abc6890af0d4111d5cd18b,data/manifests/phase1e/2019-07/daily/source_2019071200.json
2019071200,day1_24h,p01,B,1,5,0,0,0,0,0,0,5fe2ad5d42a46c57360f49bdc670c4c7a18a07963a2ebb27b69d1be7bc4f9a5c,5fe2ad5d42a46c57360f49bdc670c4c7a18a07963a2ebb27b69d1be7bc4f9a5c,data/manifests/phase1e/2019-07/daily/source_2019071200.json
2019071200,day1_24h,p02,A,4,8,349,16,16,333,0,0,1d549ccabcd8b339b4de830f4af388ad5fd2ede2c079313e937b867837c73f5f,f4824cb0c9c16a514a746b0de8713313459d76a8d28918992f24d5b4bd5cc421,data/manifests/phase1e/2019-07/daily/source_2019071200.json
2019071200,day1_24h,p02,B,1,5,0,0,0,0,0,0,7b5bd405c1d46a2aff5954dbedede46194010c981dcd11c3ffa8eace7103c269,7b5bd405c1d46a2aff5954dbedede46194010c981dcd11c3ffa8eace7103c269,data/manifests/phase1e/2019-07/daily/source_2019071200.json
2019071200,day1_24h,p03,A,4,8,510,21,21,489,6,0,654e5d54f6f123b648e7b931d1b3f2e7440f970d1690cdda2665d4d9ca4a9f2f,7e2f6487d7ab0bf3273e8a5d46cb2b21354d0b2b3f8a9c89047bf70ac4e6df18,data/manifests/phase1e/2019-07/daily/source_2019071200.json
2019071200,day1_24h,p03,B,1,5,74,0,0,74,6,0,d4a0a182dc67ec46d3896b85a03e8aaca178c3e5c8adfa4e66f6adbab9ea6f0d,6ab7e457a698826a2c8ec6e7976f682e11cb5fdaceccc5e601856ed74313e952,data/manifests/phase1e/2019-07/daily/source_2019071200.json
2019071200,day1_24h,p04,A,4,8,0,0,0,0,0,0,f0b0d343f4e8ec277d034cc5322db970308b7d78f4aafdd1a84874d71cd372b7,f0b0d343f4e8ec277d034cc5322db970308b7d78f4aafdd1a84874d71cd372b7,data/manifests/phase1e/2019-07/daily/source_2019071200.json
2019071200,day1_24h,p04,B,1,5,0,0,0,0,0,0,070656748bda28af54f86b793e685c83a5b53646daf7b132ac206ed4a83d10d9,070656748bda28af54f86b793e685c83a5b53646daf7b132ac206ed4a83d10d9,data/manifests/phase1e/2019-07/daily/source_2019071200.json
2019071200,day2_24h,c00,A,4,8,328,13,13,315,0,0,920ecd2ccac4f555f46f63c1e0972a45595fdac719b0b89d2ade6bb8130e1e69,0e8a4d6e10d4e5b355ae226883edb553208cd1aae73eaad6bbe07ac6c39fbeaf,data/manifests/phase1e/2019-07/daily/source_2019071200.json
2019071200,day2_24h,c00,B,1,5,111,4,4,107,0,0,a0ec5cd689f454af5b2ff89d352840e11548b4ca8e1ee2e6524375b2e752206b,07e29d20c1d060be92532719817bfca06c75335ab1b01d3eaf7af2005815c6af,data/manifests/phase1e/2019-07/daily/source_2019071200.json
2019071200,day2_24h,p01,A,4,8,351,10,10,341,0,0,e0a564fcd964f8f12bc1beaeb0ac6a043df5ac88a076c98daab7d9eed09a4905,3cdfe00e20172696667879e280c1588d6547bdbe6aeba4edca643685c9a9ea78,data/manifests/phase1e/2019-07/daily/source_2019071200.json
2019071200,day2_24h,p01,B,1,5,0,0,0,0,0,0,f6b0e9017d236c565335bb59ecb73cbac8961f32243071a51c46261551f8950f,f6b0e9017d236c565335bb59ecb73cbac8961f32243071a51c46261551f8950f,data/manifests/phase1e/2019-07/daily/source_2019071200.json
2019071200,day2_24h,p02,A,4,8,281,9,9,272,5,0,92f64a5a5dce8a50208bfab454131573518326ded34493804051f0b979d190d9,865b624e13c33a1973f240e986d229b0c7572078fe6b86330af729afe6d84f5a,data/manifests/phase1e/2019-07/daily/source_2019071200.json
2019071200,day2_24h,p02,B,1,5,83,5,5,78,5,0,fc2120f086b91a4e6466dcdd7bb87fec016717344f7497f0b2282497a8e70fae,109eb5845160ecbf952771ec5f8ff6aa5fd0a2d134f1b68e6053f926c814d612,data/manifests/phase1e/2019-07/daily/source_2019071200.json
2019071200,day2_24h,p03,A,4,8,364,15,15,349,0,0,f890b041253d3b0b44eef169306bcc253a5503769eacd6eeaa8eaa92d994ffef,223458dbe301a41168fd74aa232700327e63e4954db63309daa95d6322e6a6bc,data/manifests/phase1e/2019-07/daily/source_2019071200.json
2019071200,day2_24h,p03,B,1,5,0,0,0,0,0,0,431992d1e0d5973f28b817a68271dd233835e3cc9241dfd9451605bc43cc192f,431992d1e0d5973f28b817a68271dd233835e3cc9241dfd9451605bc43cc192f,data/manifests/phase1e/2019-07/daily/source_2019071200.json
2019071200,day2_24h,p04,A,4,8,391,19,19,372,0,0,04cf4a4fc40fda13e0aa3e8a90ce6d8788974aceba8e19e17e8c5a981242eb53,ac4b6de034b876e66695d4ee2493e2296dc66bbeca4069fe3b94d6a8886a068e,data/manifests/phase1e/2019-07/daily/source_2019071200.json
2019071200,day2_24h,p04,B,1,5,0,0,0,0,0,0,89c614d2e8245ef66f1e34027c963b5005714e99e7130b2947f0c8fd116d2489,89c614d2e8245ef66f1e34027c963b5005714e99e7130b2947f0c8fd116d2489,data/manifests/phase1e/2019-07/daily/source_2019071200.json
2019071200,day3_24h,c00,A,4,8,551,20,20,531,16,0,9b11f07b289387d13ee9e6dd75f0c53f102ae0f6bff4c399002876d582c45b3b,303ee3273b04c5656b0d14b75b47e71cfd60dd2cd395404d86a23e6ed95cd0a7,data/manifests/phase1e/2019-07/daily/source_2019071200.json
2019071200,day3_24h,c00,B,1,5,158,10,10,148,16,0,be5322084754b727de23f76a489f64abc079ad03a7a39a4d7f8629a8a81ae197,d7435603ea21d5c18b8afb7fe8c8aa20b34a380fba8c2bbf47145773862dce96,data/manifests/phase1e/2019-07/daily/source_2019071200.json
2019071200,day3_24h,p01,A,4,8,459,8,8,451,0,0,d462d9f8b98247e52194089b40c5791215041ba237b8931f084aa2fe541c0215,8d9cdfce9f33379fba075463f98adfc09857d5aaa24cb3eb88aedc972b5a30bd,data/manifests/phase1e/2019-07/daily/source_2019071200.json
2019071200,day3_24h,p01,B,1,5,0,0,0,0,0,0,3db9e19da40395ed777cd6d0f5b74aa9566115423398f870ede4728d8cf7dcd8,3db9e19da40395ed777cd6d0f5b74aa9566115423398f870ede4728d8cf7dcd8,data/manifests/phase1e/2019-07/daily/source_2019071200.json
2019071200,day3_24h,p02,A,4,8,0,0,0,0,0,0,f74bde59a0bedeeb3fab2fab7bc4aa35bab6d672d9765350333014eb6d8cb6bd,f74bde59a0bedeeb3fab2fab7bc4aa35bab6d672d9765350333014eb6d8cb6bd,data/manifests/phase1e/2019-07/daily/source_2019071200.json
2019071200,day3_24h,p02,B,1,5,0,0,0,0,0,0,e15e96c61867151ea98311f08be0ffeeaaf2dcd39d0605f0b857f8b6f0221da6,e15e96c61867151ea98311f08be0ffeeaaf2dcd39d0605f0b857f8b6f0221da6,data/manifests/phase1e/2019-07/daily/source_2019071200.json
2019071200,day3_24h,p03,A,4,8,188,10,10,178,0,0,98965c5c74e1eebc64ccffbe656aaedcc71aacec4df3a7369511a4e1fd3539ac,6e495a17c0ddbf5b88e0a942393ad8c84be4a21455f33f87171790751ee43859,data/manifests/phase1e/2019-07/daily/source_2019071200.json
2019071200,day3_24h,p03,B,1,5,0,0,0,0,0,0,ed29d6b1e98f915c313743c6d386fd430132daa98ae8d1be9973072558e46538,ed29d6b1e98f915c313743c6d386fd430132daa98ae8d1be9973072558e46538,data/manifests/phase1e/2019-07/daily/source_2019071200.json
2019071200,day3_24h,p04,A,4,8,196,14,14,182,0,0,d7073ab91ffaf0641ae116a1a4cab1b1fa321e496fffb67350b5240810a4d64d,97c5dc191e6250426ba16ab2ec0c0097975686126e9ee1bad405a23914393a3f,data/manifests/phase1e/2019-07/daily/source_2019071200.json
2019071200,day3_24h,p04,B,1,5,0,0,0,0,0,0,4137ede57b4c07d5e737f6ba96bf472a3f87dcf7b1759a9561b90f364a5e9394,4137ede57b4c07d5e737f6ba96bf472a3f87dcf7b1759a9561b90f364a5e9394,data/manifests/phase1e/2019-07/daily/source_2019071200.json
2019071300,day1_24h,c00,A,4,8,176,7,7,169,0,0,b3e884a77efa10da6009031209e1937145e8cbe902ffca4f68a295be6925872a,d85fae15dc7385c42a308cf142814ca6e72c6d358a16f1d573e101c3f7ca8594,data/manifests/phase1e/2019-07/daily/source_2019071300.json
2019071300,day1_24h,c00,B,1,5,0,0,0,0,0,0,441aef80937fe495ea292a1c0c0928eb9adf98e26209a8e8dfee93150978665b,441aef80937fe495ea292a1c0c0928eb9adf98e26209a8e8dfee93150978665b,data/manifests/phase1e/2019-07/daily/source_2019071300.json
2019071300,day1_24h,p01,A,4,8,317,11,11,306,3,0,f8be1db0de69a062382614a6680bb03974963aa7ac0fcd2ed12fb1ebf08b55b7,8a9665ecc0b149945172d20b21a46c952fbe5d7d6238d2746a98fa2ae1af80fd,data/manifests/phase1e/2019-07/daily/source_2019071300.json
2019071300,day1_24h,p01,B,1,5,87,0,0,87,3,0,18e6ac29fecb92462094b7ff49217fe85a8dcab88087240f28b1953409507bb0,5ea79b3ac9b44a7575859507eb511f634617d09dc7c22eab706c99e7914bacd4,data/manifests/phase1e/2019-07/daily/source_2019071300.json
2019071300,day1_24h,p02,A,4,8,448,14,14,434,0,0,57cb90cf8c4be25cf9d65942b7aa25e7976290360f98f2c52af08e37d698bd9d,e53a74798b47df83f6fc2589de68c6c2aa2efcba243c3da8862fdf35988a6660,data/manifests/phase1e/2019-07/daily/source_2019071300.json
2019071300,day1_24h,p02,B,1,5,0,0,0,0,0,0,de94c96cbb6900941ff838e062e130d2cda1aee9a4f7d266eca1b52b469a1ef4,de94c96cbb6900941ff838e062e130d2cda1aee9a4f7d266eca1b52b469a1ef4,data/manifests/phase1e/2019-07/daily/source_2019071300.json
2019071300,day1_24h,p03,A,4,8,273,6,6,267,0,0,62ca1b092396ea3a9589c6cd7320abb7b662b2def74538b6f545747035225427,a96980345089d9a62f9b0a61cf22631d633eaf9199008d0540dab0cd590ab131,data/manifests/phase1e/2019-07/daily/source_2019071300.json
2019071300,day1_24h,p03,B,1,5,0,0,0,0,0,0,7d238b2452fdbff66a33f76f887f8e4a7e0dca9044039d0312d741930eefebac,7d238b2452fdbff66a33f76f887f8e4a7e0dca9044039d0312d741930eefebac,data/manifests/phase1e/2019-07/daily/source_2019071300.json
2019071300,day1_24h,p04,A,4,8,356,11,11,345,0,0,711b6632fbb7bd655064e10d53ac6d1aea6c56e6a21744464396b130dd810bd5,8263bc3a3360c6260b4b306097f78e2610c8540066fa47f59dbf68e5ac1fb4aa,data/manifests/phase1e/2019-07/daily/source_2019071300.json
2019071300,day1_24h,p04,B,1,5,0,0,0,0,0,0,4b44969c86cd715d47ebea2629fa347e3840c9da2d8fd769ade5913c030a7f71,4b44969c86cd715d47ebea2629fa347e3840c9da2d8fd769ade5913c030a7f71,data/manifests/phase1e/2019-07/daily/source_2019071300.json
2019071300,day2_24h,c00,A,4,8,376,9,9,367,6,0,99be92d5323f29df6ea58312c8aec177072fdc4a9d1b04f5240419ced2ec9c18,e02f7a760e5ecf89f9b306b818e1c5371d1b9cf64b8b8a20c9d4a52d3649376e,data/manifests/phase1e/2019-07/daily/source_2019071300.json
2019071300,day2_24h,c00,B,1,5,158,5,5,153,6,0,3c1ddd6808823a7dd7146e480aa5bd3721ff88753e37b6bae1add4dd9d375145,d4c6bbbe98771920dbba5e5bda5c07fc699834cb8ba7b7ceb6222c4556d6f3a0,data/manifests/phase1e/2019-07/daily/source_2019071300.json
2019071300,day2_24h,p01,A,4,8,526,15,15,511,6,0,726a5e2e6516cdfe32406d705422bc93ede6132a77386522b034f0e1dbcffb23,0f2b6f7dd5dc59c3a2fd3a47408ab39053b84e37665ece66a2b1b49442b3f2e2,data/manifests/phase1e/2019-07/daily/source_2019071300.json
2019071300,day2_24h,p01,B,1,5,129,3,3,126,6,0,43e89ba734b68b7dae6b6d733354da5c47ea80a9b40a66e868f1d87dd69d11db,1ecc424fc875e4e4cb50c13e6d04cf1e6b1221ad4f8a155f5a4cb0b11d1f723d,data/manifests/phase1e/2019-07/daily/source_2019071300.json
2019071300,day2_24h,p02,A,4,8,263,9,9,254,2,0,3415cf94bb061a2a70bbfbf3a20630f8f1cbb9da46a5c035919f7e4d16b40713,1aab284afaf5f5fa8f0f209fb11886a3de83eec1ad739c374cf81528abd41304,data/manifests/phase1e/2019-07/daily/source_2019071300.json
2019071300,day2_24h,p02,B,1,5,126,6,6,120,2,0,9ff511b785c0b4456571102b12c11b3305a5f9ab4e76073f5d314221759a11ca,deddbe5361129a89db5ec111afd153a43c634d55ebf96675937376a3c8b65106,data/manifests/phase1e/2019-07/daily/source_2019071300.json
2019071300,day2_24h,p03,A,4,8,170,12,12,158,13,0,805416dd426ffc76c8a21b396931ea619491106aa25876e518c03b6ad02a1d5e,c3313695715a471e1d675d096fd9a9472b1c5bfc118bf3c1b15e4485c5f0d7b4,data/manifests/phase1e/2019-07/daily/source_2019071300.json
2019071300,day2_24h,p03,B,1,5,170,12,12,158,13,0,10380870c6a22c132f02a941916da2f7ac0dc52a4c7ca378af4b65f6865c347e,2ced770f175182d95432e802e3957398fb62f6e014adf5bd4e2233fe7a0a459d,data/manifests/phase1e/2019-07/daily/source_2019071300.json
2019071300,day2_24h,p04,A,4,8,236,7,7,229,0,0,781b5b457a72d879cbb544de7d400a7442a5c96890c8534556ef9b2469f74cdb,e1600c5420b136bf11bcbb65c5e7272f8b8c22b97fc666804857c6aac83ea818,data/manifests/phase1e/2019-07/daily/source_2019071300.json
2019071300,day2_24h,p04,B,1,5,0,0,0,0,0,0,d18090fce35f3e1562c9ead6e40839b601da3cbe4fbfcbf46e82f562195e24a2,d18090fce35f3e1562c9ead6e40839b601da3cbe4fbfcbf46e82f562195e24a2,data/manifests/phase1e/2019-07/daily/source_2019071300.json
2019071300,day3_24h,c00,A,4,8,395,10,10,385,9,0,11f858322cb71abbfbae54b00dc6c3812719acb768e5e990b68cb252334aa5e8,ff49959bd32622cda3c5a51d9fc890a6d9b7e4f05a8a8e6c13baaf383bf6be04,data/manifests/phase1e/2019-07/daily/source_2019071300.json
2019071300,day3_24h,c00,B,1,5,179,4,4,175,9,0,5199e749161ef1719eefbc1a5509b7567583501b7668fcadec3f5ba4729626fc,60d2f252d0e4fe2b684347ade5814e176e553123f339931e12009cb9c988c1e9,data/manifests/phase1e/2019-07/daily/source_2019071300.json
2019071300,day3_24h,p01,A,4,8,125,10,10,115,0,0,08123567e15a0e67fd9a09b1d4af11f713ff80523e51014a5db76c67ccd56a19,72fa43cb575fbe7a75b90ed4752baa17603fcd76f4300b997d983ac23ac909f0,data/manifests/phase1e/2019-07/daily/source_2019071300.json
2019071300,day3_24h,p01,B,1,5,0,0,0,0,0,0,e78f8ef4e1f84d91ae1c0b923282613118f78719880ec553187f273c7a9c7bf5,e78f8ef4e1f84d91ae1c0b923282613118f78719880ec553187f273c7a9c7bf5,data/manifests/phase1e/2019-07/daily/source_2019071300.json
2019071300,day3_24h,p02,A,4,8,382,12,12,370,31,2,c7ff5bddf2f736029f831cc38885bf68cacbbd9fe8f9008d7c7699756c948189,bbb06dff015b1e6101b35c1f29fc41c93a77a8f8f3c09c724b235ab4c91b65d2,data/manifests/phase1e/2019-07/daily/source_2019071300.json
2019071300,day3_24h,p02,B,1,5,237,10,10,227,31,2,fd3ff407e9640a1c9acef443b11c47ab21497a3be85ffd1c1aa930305f020b0f,e344073549a587d87455a518476e6b0588e87d20d897ad75c77d24c0f6914c98,data/manifests/phase1e/2019-07/daily/source_2019071300.json
2019071300,day3_24h,p03,A,4,8,311,4,4,307,153,3,22a7cf4b53b11ec10f5088a13c07d0ad9f5d7ee9fa90f86cdbc8c435a1055cc6,bb498c4030f5e8cf618dbb77d5b53953db88d938e3009298b53508f110e8daa4,data/manifests/phase1e/2019-07/daily/source_2019071300.json
2019071300,day3_24h,p03,B,1,5,311,4,4,307,153,3,b2d683fec67e43cac3ca228e86ea95bd1bd72a49cc8ec02845001a4b0a09f63d,1ed1597feab7cabbef1fabfcdaf23805ea0f2c5234644cffe5ca8466b9de3416,data/manifests/phase1e/2019-07/daily/source_2019071300.json
2019071300,day3_24h,p04,A,4,8,268,9,9,259,14,0,4d7d0e97750b0420febb1db19a24fdd68c9c4eb201855cbbaad3bf00af58aa4e,4f270c76c6495d5695b97cac179510e7fa998488f1fd14df316356db9021c0d6,data/manifests/phase1e/2019-07/daily/source_2019071300.json
2019071300,day3_24h,p04,B,1,5,104,2,2,102,14,0,ff794f926654dbf4dcfc24465569fb7c95948c72edb46cb6d7a27979c0bbbce8,eb900a919afcd9f938a6bfde5072385ee4800e1a3d00c08854832b176c7ee2fd,data/manifests/phase1e/2019-07/daily/source_2019071300.json
2019071400,day1_24h,c00,A,4,8,196,6,6,190,0,0,7b18dfccc0db240058465757deb7dc9014b1ff44176bf5c6c4e7a5d953263f7b,4fd1e09dacfa30363b7bfa4794b9c779cc445c302bd2952c36908e46b9eb9ef6,data/manifests/phase1e/2019-07/daily/source_2019071400.json
2019071400,day1_24h,c00,B,1,5,0,0,0,0,0,0,33c3668d05d833b5887b1bf02121795344c98120e772cfbb3f126211f0cfcb8f,33c3668d05d833b5887b1bf02121795344c98120e772cfbb3f126211f0cfcb8f,data/manifests/phase1e/2019-07/daily/source_2019071400.json
2019071400,day1_24h,p01,A,4,8,386,16,16,370,0,0,fd49eca6ca5a839275e9be0ca1f0937fc32ebabcc9787cee86121be47cc10177,c5f11a4768d07a4e6b7ecef9e726a998e7b7bb0dd685e4e08f413525eea160ea,data/manifests/phase1e/2019-07/daily/source_2019071400.json
2019071400,day1_24h,p01,B,1,5,49,0,0,49,0,0,3342ae977e6ff757f0348bafc098cd3dbe7f8249d86780d821c7acff64ff163b,c2e6aed71949afc8629b5931961d360faef95d645c061d85f28de2aa0f478a69,data/manifests/phase1e/2019-07/daily/source_2019071400.json
2019071400,day1_24h,p02,A,4,8,0,0,0,0,0,0,9ea238b205fabeeb5ee30a8ddfda0bdd75650da41a45dc74cfcf8f7b4a2dee6d,9ea238b205fabeeb5ee30a8ddfda0bdd75650da41a45dc74cfcf8f7b4a2dee6d,data/manifests/phase1e/2019-07/daily/source_2019071400.json
2019071400,day1_24h,p02,B,1,5,0,0,0,0,0,0,0b8f1535c4a7514ee4496b04a71705faf800e33b050f2a0e46048e2d95dcf92a,0b8f1535c4a7514ee4496b04a71705faf800e33b050f2a0e46048e2d95dcf92a,data/manifests/phase1e/2019-07/daily/source_2019071400.json
2019071400,day1_24h,p03,A,4,8,250,5,5,245,5,0,0c2b5f6f1b47b507d8bb04be7b00c4c0ea353096f8ebbaa2841579c3334912e5,12d0e0d1bf7b1005bf70f79ff5630bf03a73b2f09a42896c16023b025abb9fe3,data/manifests/phase1e/2019-07/daily/source_2019071400.json
2019071400,day1_24h,p03,B,1,5,72,0,0,72,5,0,ff917451d997b4ab2fee1faeb29e955144483d612cf00cf3cebfba123b46340d,eb5f27837c88878b4e9f62a8d3db22c066164ab5a3bd7c2bd1fbd0566a051d53,data/manifests/phase1e/2019-07/daily/source_2019071400.json
2019071400,day1_24h,p04,A,4,8,328,13,13,315,0,0,a846375cb990c663d2247f6e43242441a5052a2607462dc5490c95dc5cbacc68,b9cb6ef26d827e030836b48a79411f8ba49918e1220136886475f345edb9ab6d,data/manifests/phase1e/2019-07/daily/source_2019071400.json
2019071400,day1_24h,p04,B,1,5,31,0,0,31,0,0,20d254c051bbf3b97d98c3c83783e0d1465b21aeefc14e5d8b613d2be22f33fd,daa5998d7d24669d6e7f78061c0f6a3bb19ec6b720acb36e055b7850964075eb,data/manifests/phase1e/2019-07/daily/source_2019071400.json
2019071400,day2_24h,c00,A,4,8,205,3,3,202,0,0,1f5e63c247bb6eb668932ee3b8eec385dd9ff659829fcc56870c4e90e25b3014,ee6da7636c4e3f9108fcbbaa047ff04621a881bc6427c2b1cde49084865c24d7,data/manifests/phase1e/2019-07/daily/source_2019071400.json
2019071400,day2_24h,c00,B,1,5,0,0,0,0,0,0,37596a090030c9acb66e1d20633e8fdfb51acf41dc38f3b4e9eac49687e65983,37596a090030c9acb66e1d20633e8fdfb51acf41dc38f3b4e9eac49687e65983,data/manifests/phase1e/2019-07/daily/source_2019071400.json
2019071400,day2_24h,p01,A,4,8,140,6,6,134,0,0,b7349acb8c25a4426f3ae10e169590610d4cf08e1716af4f0eb4f72caa370f7a,4279c13474e4ad2901d46164998776a8db05ca1c21cc8a312eb596c6a9aa2605,data/manifests/phase1e/2019-07/daily/source_2019071400.json
2019071400,day2_24h,p01,B,1,5,0,0,0,0,0,0,8f674c88efb43ccad714dc03f3b59781c4c8259ac4acbd6f4ad928d775021d99,8f674c88efb43ccad714dc03f3b59781c4c8259ac4acbd6f4ad928d775021d99,data/manifests/phase1e/2019-07/daily/source_2019071400.json
2019071400,day2_24h,p02,A,4,8,217,15,15,202,0,0,6f147758db60100932e0b303d813b41b31bc6afac16dcf377641302fccd3be0c,070dd8058522a175c450299fa2f0b33b6b80ef0e929d2980b212842518ab2a77,data/manifests/phase1e/2019-07/daily/source_2019071400.json
2019071400,day2_24h,p02,B,1,5,0,0,0,0,0,0,8e9fd68c4bf161ba24154412f212d5a55dac8fd5c5be4964217ed0f9e62ba069,8e9fd68c4bf161ba24154412f212d5a55dac8fd5c5be4964217ed0f9e62ba069,data/manifests/phase1e/2019-07/daily/source_2019071400.json
2019071400,day2_24h,p03,A,4,8,481,19,19,462,27,0,9ca0c2468b71d3de779c45037caf8ec1278f5b1b9123b52edc5ba32c0b5466ad,56aedfe02f4578f8e83bc4edd1ab57f9d67a8f8e7ed4960f2df600e0992432e1,data/manifests/phase1e/2019-07/daily/source_2019071400.json
2019071400,day2_24h,p03,B,1,5,137,6,6,131,27,0,65eaf58f5314a09e728a6268c117274f2e3122c8da696abadf0c59b51b5221ff,a343d26861e110cef6635235fdcb142d0647e7ff65d8a4a37a8e18ca40961c5f,data/manifests/phase1e/2019-07/daily/source_2019071400.json
2019071400,day2_24h,p04,A,4,8,509,22,22,487,14,2,c95eccbb439b6744455469c0487f1817060208e40f8d65b5deaec51de2e83c1e,1880bca8f76a984ebcaddef0e3dccdbf024c43454c62f7fd980287e5fa844446,data/manifests/phase1e/2019-07/daily/source_2019071400.json
2019071400,day2_24h,p04,B,1,5,245,12,12,233,14,2,17fd42a3c231a761970d969ffa3f18a715593a741706700a5eb1040f645d0292,1a3855b1d7a6e588bb101c267cecaad356231a8aaff861c169e20696ede1f1e6,data/manifests/phase1e/2019-07/daily/source_2019071400.json
2019071400,day3_24h,c00,A,4,8,163,5,5,158,0,0,df3903e510a7237ac64c2e0409ce50ba83b4d3db124ece8523d2cc191dcfbb6c,5f4e7ff6cc8c92fba7f948a0224f92fc10c549f4ba5eb0a3a74d7be6bfe0e9a5,data/manifests/phase1e/2019-07/daily/source_2019071400.json
2019071400,day3_24h,c00,B,1,5,0,0,0,0,0,0,7eb45b97e1896724cf536411e60dfe29aa45bd8ff15c941ad55a2d6e0ddda338,7eb45b97e1896724cf536411e60dfe29aa45bd8ff15c941ad55a2d6e0ddda338,data/manifests/phase1e/2019-07/daily/source_2019071400.json
2019071400,day3_24h,p01,A,4,8,96,13,13,83,0,0,5b758e9fa67db505c2193903530b2065f4cdad592524f2822adad7a54b8d41f1,c4313106c1b41f10bca69842fcf32073055cce6dc5038070e1945dd499e4744b,data/manifests/phase1e/2019-07/daily/source_2019071400.json
2019071400,day3_24h,p01,B,1,5,0,0,0,0,0,0,25b48864138950160133050ccdc4b6e17d073f46a6f23e2ff85c1f7cb3041c6a,25b48864138950160133050ccdc4b6e17d073f46a6f23e2ff85c1f7cb3041c6a,data/manifests/phase1e/2019-07/daily/source_2019071400.json
2019071400,day3_24h,p02,A,4,8,269,10,10,259,0,0,a16d560a08cd3859a11c0b3d4d9c5e897ab2107e3fd4c5e7689f3d53349ece40,0713bf9c06bf1a08d3d91970f1431125a5fc8dbdcb056f81be650a178fcd0fde,data/manifests/phase1e/2019-07/daily/source_2019071400.json
2019071400,day3_24h,p02,B,1,5,0,0,0,0,0,0,96b6fab53184dfdf6d80d33de176896fc0641265d4ba4a94a18bdfd46186b9df,96b6fab53184dfdf6d80d33de176896fc0641265d4ba4a94a18bdfd46186b9df,data/manifests/phase1e/2019-07/daily/source_2019071400.json
2019071400,day3_24h,p03,A,4,8,151,9,9,142,7,0,08fe0f3ac46fde61c1b13c3857c5e349ff2c119e9e37da8ca9e3329ac66ad51f,370cc944f5aa0a3a035390c916002223726c709ca4b531603af83e1af0e2cecf,data/manifests/phase1e/2019-07/daily/source_2019071400.json
2019071400,day3_24h,p03,B,1,5,151,9,9,142,7,0,43bc85df329ee59ed5505659a5ff6df331bd34704d9565cf672e9aa2ba3906d6,32a902783c18edd02e8bf35cf595d1c9b2a570daefb9031061697e592d302c7e,data/manifests/phase1e/2019-07/daily/source_2019071400.json
2019071400,day3_24h,p04,A,4,8,457,11,11,446,0,0,ab3fb0d8070add01339e5b601b2b32a6cfc0c80370e3538e768bf5b43269fdc7,8364ee739900ca0c467ae62ff9755caffc17cda7eedf4f207059eca27a52426c,data/manifests/phase1e/2019-07/daily/source_2019071400.json
2019071400,day3_24h,p04,B,1,5,0,0,0,0,0,0,61afcc76267068fff639e1aa91df4b1d5564bd8406583fdd5120ab89ad420b47,61afcc76267068fff639e1aa91df4b1d5564bd8406583fdd5120ab89ad420b47,data/manifests/phase1e/2019-07/daily/source_2019071400.json
2019071500,day1_24h,c00,A,4,8,404,14,14,390,0,0,10003ff7efbb86ff0de3e390bb1a77867a57e4c38c6543db37d0ae17fe44297b,4f6c4e920f7c44d00e0b19f02169c90291493feed72736052bb8fecceb0f0f31,data/manifests/phase1e/2019-07/daily/source_2019071500.json
2019071500,day1_24h,c00,B,1,5,0,0,0,0,0,0,a27996f303703fd691a3fa031632a8d2f1e88e04e7afa9c2a34cadc765a1d494,a27996f303703fd691a3fa031632a8d2f1e88e04e7afa9c2a34cadc765a1d494,data/manifests/phase1e/2019-07/daily/source_2019071500.json
2019071500,day1_24h,p01,A,4,8,168,6,6,162,0,0,f7c881fe64a278c9bdcd8338dc3eeccad983567edd06f61d0665829a468b46f1,23423bb43361a2e72e8af28224cfa4eccc339f219a7c6a0c37c465ef4cdd7ed9,data/manifests/phase1e/2019-07/daily/source_2019071500.json
2019071500,day1_24h,p01,B,1,5,0,0,0,0,0,0,ffc8eaa0181ab94586d48e027c2770d25e0ac4f05aab56f6e76ce0d2d037996f,ffc8eaa0181ab94586d48e027c2770d25e0ac4f05aab56f6e76ce0d2d037996f,data/manifests/phase1e/2019-07/daily/source_2019071500.json
2019071500,day1_24h,p02,A,4,8,172,6,6,166,0,0,30462b9f7f378b594b740d6691a859ba74e7a75e52453a8f9bf391620a24c469,ee83d986935245d5383528a9cf42e3d76dca09371515eb8acdc9ded18d51d303,data/manifests/phase1e/2019-07/daily/source_2019071500.json
2019071500,day1_24h,p02,B,1,5,0,0,0,0,0,0,f8889d8ae313cd5c25e8d4d42eb944e22afda9cbe8ace6911694250f3037ff20,f8889d8ae313cd5c25e8d4d42eb944e22afda9cbe8ace6911694250f3037ff20,data/manifests/phase1e/2019-07/daily/source_2019071500.json
2019071500,day1_24h,p03,A,4,8,166,5,5,161,0,0,9808205dde8e2d0e99a26788f816ca16476d39fec73f512a4c7f1b1f37eb1d28,e59e312d51c8aa7a7b440f8686efb8023ad03dcf5fe916b063860663a300d73f,data/manifests/phase1e/2019-07/daily/source_2019071500.json
2019071500,day1_24h,p03,B,1,5,0,0,0,0,0,0,e8c0a585831f81519cff34fe27f5ad094764e0cb12a3709be7b67d6430c3ae58,e8c0a585831f81519cff34fe27f5ad094764e0cb12a3709be7b67d6430c3ae58,data/manifests/phase1e/2019-07/daily/source_2019071500.json
2019071500,day1_24h,p04,A,4,8,0,0,0,0,0,0,af811b7c234ec4765c801b01ce70efeb37792dd977f7f7b6a42720371c10df15,af811b7c234ec4765c801b01ce70efeb37792dd977f7f7b6a42720371c10df15,data/manifests/phase1e/2019-07/daily/source_2019071500.json
2019071500,day1_24h,p04,B,1,5,0,0,0,0,0,0,0faa8cdeef0175c0dcb66f0f2d98852e7cf91931d2314cc56de852b7be6431f4,0faa8cdeef0175c0dcb66f0f2d98852e7cf91931d2314cc56de852b7be6431f4,data/manifests/phase1e/2019-07/daily/source_2019071500.json
2019071500,day2_24h,c00,A,4,8,772,19,19,753,19,0,5f67a441d0b93d11128eb5a2aa3923684651ffc77951e4f1990c33e57e580b34,8d56ddf07ba355dd81282fcc550528d6f229dceb5ddc4546079269735004e6b6,data/manifests/phase1e/2019-07/daily/source_2019071500.json
2019071500,day2_24h,c00,B,1,5,185,2,2,183,19,0,fbbf0cb4caf17e03e5184511afb92d0b6fa3b8bd80f5137341da73013eeb09f8,2dc0f0a5767b19878aceeeb852d3b139b5fa3aedf5dbda7c090b20cdd9c5824f,data/manifests/phase1e/2019-07/daily/source_2019071500.json
2019071500,day2_24h,p01,A,4,8,192,5,5,187,0,0,54b9b2e4d8f00e745ba9dacfabddf002108a3920ba397f23e1eaabdc881fbb20,5966e2da4548ec5e07e8a267efedbf1ac33e901d6e98d99075adf1b5eb6da2f3,data/manifests/phase1e/2019-07/daily/source_2019071500.json
2019071500,day2_24h,p01,B,1,5,0,0,0,0,0,0,278d835201befe40380e148c55a3fdf1bd59f63ce999a571164bd99e4f3f9315,278d835201befe40380e148c55a3fdf1bd59f63ce999a571164bd99e4f3f9315,data/manifests/phase1e/2019-07/daily/source_2019071500.json
2019071500,day2_24h,p02,A,4,8,0,0,0,0,0,0,64d85b9d20676b2a3d7307f57a3f2548468ff8f7acf51acabfc3aab04d5282d0,64d85b9d20676b2a3d7307f57a3f2548468ff8f7acf51acabfc3aab04d5282d0,data/manifests/phase1e/2019-07/daily/source_2019071500.json
2019071500,day2_24h,p02,B,1,5,0,0,0,0,0,0,eee74e89f0561c18d5ec3e679241906e2e1d74fdab3c5bdecf0f8274a4412e11,eee74e89f0561c18d5ec3e679241906e2e1d74fdab3c5bdecf0f8274a4412e11,data/manifests/phase1e/2019-07/daily/source_2019071500.json
2019071500,day2_24h,p03,A,4,8,0,0,0,0,0,0,0e5f11de7d51e4ca983e2646822ca465e9f7295cca68d2325bfb55eece5c3967,0e5f11de7d51e4ca983e2646822ca465e9f7295cca68d2325bfb55eece5c3967,data/manifests/phase1e/2019-07/daily/source_2019071500.json
2019071500,day2_24h,p03,B,1,5,0,0,0,0,0,0,d6c9bc0cb6888fa1bba006f2644b2bdf74a00ea452443c2a246a3611fcf5aa42,d6c9bc0cb6888fa1bba006f2644b2bdf74a00ea452443c2a246a3611fcf5aa42,data/manifests/phase1e/2019-07/daily/source_2019071500.json
2019071500,day2_24h,p04,A,4,8,93,2,2,91,3,0,b4157ce693aadf1d4800ff299262530e744cf5bcd14d8e0592e76d0968c5c40e,271d3c9f97603b3214e2bf7df2f2a31abcc1e293b0ae4fcdb8a6ece45a7a6f55,data/manifests/phase1e/2019-07/daily/source_2019071500.json
2019071500,day2_24h,p04,B,1,5,93,2,2,91,3,0,2c096a64839e42bfee3139aa934f786fed62659caa6ead6ad26fe2bc0402c429,6c8bf21871f772a97c3fe53d0ba7aa3358cf6a07e89d16cbb3537ba3eb67652b,data/manifests/phase1e/2019-07/daily/source_2019071500.json
2019071500,day3_24h,c00,A,4,8,0,0,0,0,0,0,ff85a4a062d891086a6c4000d37eec5b2f96951898b6059661046d7e4cbbd2cb,ff85a4a062d891086a6c4000d37eec5b2f96951898b6059661046d7e4cbbd2cb,data/manifests/phase1e/2019-07/daily/source_2019071500.json
2019071500,day3_24h,c00,B,1,5,0,0,0,0,0,0,518d606508119d83618310774b2863b5c29c1059d314770c1c375c2fa2ca66ed,518d606508119d83618310774b2863b5c29c1059d314770c1c375c2fa2ca66ed,data/manifests/phase1e/2019-07/daily/source_2019071500.json
2019071500,day3_24h,p01,A,4,8,239,5,5,234,8,0,15458dfa5bfb8c42e719be79cf1ba856e903f8e1ba5d730d9640a67c15c87120,57d9727bf92417799ed17fe6afb51747a23436e4d94a1ff9071fc863007d725e,data/manifests/phase1e/2019-07/daily/source_2019071500.json
2019071500,day3_24h,p01,B,1,5,81,1,1,80,8,0,1e638329138a6cc6c9a18780156c779b5dd2b827f01622ee1464f2c6fe5e8f9b,c6dd1a471e54dbff019a4d44e951bd8d615e08bc519092030df99233cfd9f09f,data/manifests/phase1e/2019-07/daily/source_2019071500.json
2019071500,day3_24h,p02,A,4,8,0,0,0,0,0,0,046ec752207148e971854a9ba1f49839d5a6afc3f1bcc760bc25301854989754,046ec752207148e971854a9ba1f49839d5a6afc3f1bcc760bc25301854989754,data/manifests/phase1e/2019-07/daily/source_2019071500.json
2019071500,day3_24h,p02,B,1,5,0,0,0,0,0,0,37384312818d7026cbd59c1a4c444479e7f42930b6eb6960f0493e690e01c8e6,37384312818d7026cbd59c1a4c444479e7f42930b6eb6960f0493e690e01c8e6,data/manifests/phase1e/2019-07/daily/source_2019071500.json
2019071500,day3_24h,p03,A,4,8,0,0,0,0,0,0,8b1dc40ddb827acb395b311f9dea47e594872f35d88257c33cbd3c7224bc5a91,8b1dc40ddb827acb395b311f9dea47e594872f35d88257c33cbd3c7224bc5a91,data/manifests/phase1e/2019-07/daily/source_2019071500.json
2019071500,day3_24h,p03,B,1,5,0,0,0,0,0,0,d8a4dfd2c7ac6e011d9252e63f26fa6bb792986d2b439285f49f3a77d793f6f6,d8a4dfd2c7ac6e011d9252e63f26fa6bb792986d2b439285f49f3a77d793f6f6,data/manifests/phase1e/2019-07/daily/source_2019071500.json
2019071500,day3_24h,p04,A,4,8,346,13,13,333,0,0,986280ab4ff575bd8c744b03e376221fa50296aad98e7e295d7d742b26e53b62,adf792a0b183eb651d268bdf1351dab23dd12dde1bac2a9fd0044970c4cd7b6a,data/manifests/phase1e/2019-07/daily/source_2019071500.json
2019071500,day3_24h,p04,B,1,5,0,0,0,0,0,0,725d36ffb47949836411da082472909cc2f5850d63e007e0309de3807a2a7e08,725d36ffb47949836411da082472909cc2f5850d63e007e0309de3807a2a7e08,data/manifests/phase1e/2019-07/daily/source_2019071500.json
2019071600,day1_24h,c00,A,4,8,369,24,24,345,0,0,6775c5dbd2013c4a791ce21882a8ebcd87ff6f10eb7e99e93c38af1e868e1d4d,51b6c2da52b4b211a9c86889a4a79e85e932955c26bafe1345cf5252f7eb6b18,data/manifests/phase1e/2019-07/daily/source_2019071600.json
2019071600,day1_24h,c00,B,1,5,0,0,0,0,0,0,b6864f3f3f9d39509c760ef040e3f0c757824a35a65e443332bbcb1d93dae2ab,b6864f3f3f9d39509c760ef040e3f0c757824a35a65e443332bbcb1d93dae2ab,data/manifests/phase1e/2019-07/daily/source_2019071600.json
2019071600,day1_24h,p01,A,4,8,314,17,17,297,1,0,e95905a4c92b7e721795535612d59d4803246cc5dbb1a74628f115adcd34db0a,dbcd82084dc10a4a380a97101fee1f08abeb6b2d0b34837c59c5cceaaa162a0f,data/manifests/phase1e/2019-07/daily/source_2019071600.json
2019071600,day1_24h,p01,B,1,5,94,0,0,94,1,0,99e4629ec835f58fcd8c1a680743f2a7d8b8fe5f700a0406adaa7ea6093ada69,19c28d05786c6b06f9c79cc754cd06cf4a0d84a8772bdc6aff263d6f9e4843e4,data/manifests/phase1e/2019-07/daily/source_2019071600.json
2019071600,day1_24h,p02,A,4,8,0,0,0,0,0,0,105a87aacf3b708a348cb0314306fd3af206c49d1b0eb950b6784f90287642bc,105a87aacf3b708a348cb0314306fd3af206c49d1b0eb950b6784f90287642bc,data/manifests/phase1e/2019-07/daily/source_2019071600.json
2019071600,day1_24h,p02,B,1,5,0,0,0,0,0,0,0b3c6158919822325c795f0cbcca53ea9d16a5d3f4578b73c1bc40386d31ea81,0b3c6158919822325c795f0cbcca53ea9d16a5d3f4578b73c1bc40386d31ea81,data/manifests/phase1e/2019-07/daily/source_2019071600.json
2019071600,day1_24h,p03,A,4,8,80,0,0,80,10,0,a2c131a4c8b35387293f183d014ec0ba72b1ffe1eb53333aafb8d0150d6053d6,45de5949073c886c476e69e22f88e364ee4c3dc6179558188956714a6735d733,data/manifests/phase1e/2019-07/daily/source_2019071600.json
2019071600,day1_24h,p03,B,1,5,80,0,0,80,10,0,b0b53caa6d9844cbcd7808e40fd80d9af648159c93e7a0ed9b73bca5ea02f88a,450278fe1c01a0450d05b4a0ff83bb534233ea2762b3745ffa5e2fb16f7d8b24,data/manifests/phase1e/2019-07/daily/source_2019071600.json
2019071600,day1_24h,p04,A,4,8,205,7,7,198,8,0,c2171f5df8f10ffc34504721b6a35dafa1580144296403fea317bbd7650d6499,317dbdba85efede78258cc1cc2c7f0dd0afd211352ea53df5298d7a782a5d5b2,data/manifests/phase1e/2019-07/daily/source_2019071600.json
2019071600,day1_24h,p04,B,1,5,70,0,0,70,8,0,db6acc5034fefda3f1b94bb9a3580dafeb5aab37ac0a661dfd1e7945ccee1669,38f8b07d394435b4455dbc6e021764c5daceceaef9f6ffd039a6123c70c9849c,data/manifests/phase1e/2019-07/daily/source_2019071600.json
2019071600,day2_24h,c00,A,4,8,223,5,5,218,0,0,7fca0383f918592feab2818803bcbaf72316d7cb92ed6633ad6e65b8b673eb2e,15a28acaad23370c46a32a89a534577466e3ea5051890b473d1aa588880ab090,data/manifests/phase1e/2019-07/daily/source_2019071600.json
2019071600,day2_24h,c00,B,1,5,0,0,0,0,0,0,f897b466f3dbc2444b0c6b94424661a688b9cbce27602ff41d52b5dcc89063b4,f897b466f3dbc2444b0c6b94424661a688b9cbce27602ff41d52b5dcc89063b4,data/manifests/phase1e/2019-07/daily/source_2019071600.json
2019071600,day2_24h,p01,A,4,8,0,0,0,0,0,0,1f20d7fef92d914f772ca6771f7ff67ff00acb50dadfa840efae6c783a1a4f48,1f20d7fef92d914f772ca6771f7ff67ff00acb50dadfa840efae6c783a1a4f48,data/manifests/phase1e/2019-07/daily/source_2019071600.json
2019071600,day2_24h,p01,B,1,5,0,0,0,0,0,0,818a414a11620532cce901f397b402b749cb3dd2290c3d945a9851d6b64aaa4a,818a414a11620532cce901f397b402b749cb3dd2290c3d945a9851d6b64aaa4a,data/manifests/phase1e/2019-07/daily/source_2019071600.json
2019071600,day2_24h,p02,A,4,8,0,0,0,0,0,0,24b6e13f52ec59f5c7adf51cc2c7ee0179da75e5f7f0a623ccec0a11f96886ad,24b6e13f52ec59f5c7adf51cc2c7ee0179da75e5f7f0a623ccec0a11f96886ad,data/manifests/phase1e/2019-07/daily/source_2019071600.json
2019071600,day2_24h,p02,B,1,5,0,0,0,0,0,0,6234d768370f1b881e14c72d6401379d768f2752f66723278312cb113ba01740,6234d768370f1b881e14c72d6401379d768f2752f66723278312cb113ba01740,data/manifests/phase1e/2019-07/daily/source_2019071600.json
2019071600,day2_24h,p03,A,4,8,194,7,7,187,0,0,553a4474cef073553cec86c739b0c70523cf9f1efd228bfd42da71a9257b6753,2987a4537264bb92d223252574eb65cf655763ea967c0fad0cf8eb13203e5fe5,data/manifests/phase1e/2019-07/daily/source_2019071600.json
2019071600,day2_24h,p03,B,1,5,0,0,0,0,0,0,7a132938dd2b53126ac54fea2619538612aaee48cfa5f639a6487160bf694095,7a132938dd2b53126ac54fea2619538612aaee48cfa5f639a6487160bf694095,data/manifests/phase1e/2019-07/daily/source_2019071600.json
2019071600,day2_24h,p04,A,4,8,0,0,0,0,0,0,16759b7373c50d60034fbae4d94bdcb8bbd040c5394641ff637b3c3689e9c67c,16759b7373c50d60034fbae4d94bdcb8bbd040c5394641ff637b3c3689e9c67c,data/manifests/phase1e/2019-07/daily/source_2019071600.json
2019071600,day2_24h,p04,B,1,5,0,0,0,0,0,0,0724d12ede09eecb06adbb3e9050ee4df232589321ddeac3167c75b3bcfa01f7,0724d12ede09eecb06adbb3e9050ee4df232589321ddeac3167c75b3bcfa01f7,data/manifests/phase1e/2019-07/daily/source_2019071600.json
2019071600,day3_24h,c00,A,4,8,320,10,10,310,0,0,3ee07299ca5f499dc8381886bdde95f4299b92e9e0ae527145ba4869540c48db,7295cbb5a00756fa40646b43490b01a440daf9078de044755680273e03bd4150,data/manifests/phase1e/2019-07/daily/source_2019071600.json
2019071600,day3_24h,c00,B,1,5,0,0,0,0,0,0,5df18e38bab6b2fcce47379cdd2dd585389f9a4d25918c44e6c4ec5ed7b63d0b,5df18e38bab6b2fcce47379cdd2dd585389f9a4d25918c44e6c4ec5ed7b63d0b,data/manifests/phase1e/2019-07/daily/source_2019071600.json
2019071600,day3_24h,p01,A,4,8,246,8,8,238,23,0,e59b9bf4b5c99245dc606b3073197eeecde5f284dbd4b687389c68f5341d6416,abb04f40e0e6b955f4e5a857a536ae14f5d5faac38edb74e73860d1465c98464,data/manifests/phase1e/2019-07/daily/source_2019071600.json
2019071600,day3_24h,p01,B,1,5,85,2,2,83,23,0,dbda37ca385dc61904d4cdcf1bad5270dd7623f37b54047a476b2d4d9a76ead1,6caf5c6b40e61f10c774c1fcf63fdc07de22b682ac9cbc60f14390668b15a20c,data/manifests/phase1e/2019-07/daily/source_2019071600.json
2019071600,day3_24h,p02,A,4,8,120,2,2,118,0,0,fefb5f81e1dcd3e3d4744181a681ba101e277da0df27f10e0a89ba5bc9563a55,18edbb551c2ea2986f24d9523604c3f7879b5b9ec0466eecd7b16cce372368ae,data/manifests/phase1e/2019-07/daily/source_2019071600.json
2019071600,day3_24h,p02,B,1,5,0,0,0,0,0,0,47302b590006ee11f402b0c00546433838fda82cf99a930dbf59616c13a7dc59,47302b590006ee11f402b0c00546433838fda82cf99a930dbf59616c13a7dc59,data/manifests/phase1e/2019-07/daily/source_2019071600.json
2019071600,day3_24h,p03,A,4,8,0,0,0,0,0,0,497da664c371086eba42ecb3bf4cf2a822d5635d24c7d6ba7a488261b4b33e3e,497da664c371086eba42ecb3bf4cf2a822d5635d24c7d6ba7a488261b4b33e3e,data/manifests/phase1e/2019-07/daily/source_2019071600.json
2019071600,day3_24h,p03,B,1,5,0,0,0,0,0,0,dd53fbca272c7749bcfd641ed45f1bfdb722439a3860f94c84969bd16abac4b9,dd53fbca272c7749bcfd641ed45f1bfdb722439a3860f94c84969bd16abac4b9,data/manifests/phase1e/2019-07/daily/source_2019071600.json
2019071600,day3_24h,p04,A,4,8,206,10,10,196,0,0,9fb9f2087e9e3b2342ab8dc313c87622746ad50fa4daac6a8c1377e5bc67474c,4aa04bc5dae6ff40d9f5a3f5c592e00d2d4e53835ee6b725adb93d7a94234814,data/manifests/phase1e/2019-07/daily/source_2019071600.json
2019071600,day3_24h,p04,B,1,5,0,0,0,0,0,0,fbfd6938fe2f1ed54924a9230fdb5cddfbf008f00b95ed5829216149e90ad296,fbfd6938fe2f1ed54924a9230fdb5cddfbf008f00b95ed5829216149e90ad296,data/manifests/phase1e/2019-07/daily/source_2019071600.json
2019071700,day1_24h,c00,A,4,8,113,3,3,110,0,0,04302d8f17381cc0aad7c2b5702b2183bddbfac6d96438e503c15e01625c912a,087db34ce1ef1f28fcf59e24287fe157e60605639a7e00f1c17f82667dbebf13,data/manifests/phase1e/2019-07/daily/source_2019071700.json
2019071700,day1_24h,c00,B,1,5,0,0,0,0,0,0,8b98218da9376c4fac1be194332836591c9bcff0573969b8447c9f9c8ab270dc,8b98218da9376c4fac1be194332836591c9bcff0573969b8447c9f9c8ab270dc,data/manifests/phase1e/2019-07/daily/source_2019071700.json
2019071700,day1_24h,p01,A,4,8,102,6,6,96,0,0,32d830baaade0d0746affbbea3b825505c38e917cd7be3b0ab42108e8c808e81,8d14b1d021c91d50d6a1717c82aae0ddbac36cf23756cc22c1d6b87b777b79a7,data/manifests/phase1e/2019-07/daily/source_2019071700.json
2019071700,day1_24h,p01,B,1,5,0,0,0,0,0,0,7b95096e54844c7f11776993d599713d762f96c221c7d2f5417d57a54718842a,7b95096e54844c7f11776993d599713d762f96c221c7d2f5417d57a54718842a,data/manifests/phase1e/2019-07/daily/source_2019071700.json
2019071700,day1_24h,p02,A,4,8,231,12,12,219,0,0,e60eec6a7d84d9aef2b66dd524ec0be57a5ff0feb08e4e26947ea1571a58e3d6,ae74d3a37bff344fa0fd569b12c7f7db581c0c4a8f3aab30cd9449c4d16fbf55,data/manifests/phase1e/2019-07/daily/source_2019071700.json
2019071700,day1_24h,p02,B,1,5,0,0,0,0,0,0,de4677381fc01185031d43cf56c415d9bc4baa14df3214c12dc8c924d6e32014,de4677381fc01185031d43cf56c415d9bc4baa14df3214c12dc8c924d6e32014,data/manifests/phase1e/2019-07/daily/source_2019071700.json
2019071700,day1_24h,p03,A,4,8,0,0,0,0,0,0,04ae1fed4c2e9492bec5009d8076cb482638e625d410746b55c0f98e738f5a8c,04ae1fed4c2e9492bec5009d8076cb482638e625d410746b55c0f98e738f5a8c,data/manifests/phase1e/2019-07/daily/source_2019071700.json
2019071700,day1_24h,p03,B,1,5,0,0,0,0,0,0,2f0b60ab88a77fc18957ae3cd145e12ffc4b98d2c67a88932d9b7c300590fc04,2f0b60ab88a77fc18957ae3cd145e12ffc4b98d2c67a88932d9b7c300590fc04,data/manifests/phase1e/2019-07/daily/source_2019071700.json
2019071700,day1_24h,p04,A,4,8,0,0,0,0,0,0,fa8a64a6c5c1a299d39011dbefec55d2653337043c14fe640a8605a7eac7abb2,fa8a64a6c5c1a299d39011dbefec55d2653337043c14fe640a8605a7eac7abb2,data/manifests/phase1e/2019-07/daily/source_2019071700.json
2019071700,day1_24h,p04,B,1,5,0,0,0,0,0,0,5937cc5cf6accc441f121c749c3abb5b55e9feedf5ec66870e1f364597b97b39,5937cc5cf6accc441f121c749c3abb5b55e9feedf5ec66870e1f364597b97b39,data/manifests/phase1e/2019-07/daily/source_2019071700.json
2019071700,day2_24h,c00,A,4,8,480,24,24,456,0,0,fbdf7495816f58b2b816e9cfb3b4ce51767891dfec88930ed56743660a1abb84,694e936a08de1e51a8b236fe1d4aebe59949ade549a55ab86b25b01a75943a8b,data/manifests/phase1e/2019-07/daily/source_2019071700.json
2019071700,day2_24h,c00,B,1,5,0,0,0,0,0,0,00a2c2da087f9f8432ec51ba62f3bad216d22362b9262f474e5812df17fb9527,00a2c2da087f9f8432ec51ba62f3bad216d22362b9262f474e5812df17fb9527,data/manifests/phase1e/2019-07/daily/source_2019071700.json
2019071700,day2_24h,p01,A,4,8,104,3,3,101,0,0,730b67d99f30b256139256c6a795c6f0e98ba612c698b24190c4f2ce0567d7e6,7d7fa1c1c50320fafec54ee62a78cee1729a1fba73ddb84bba6535fa6ece6d23,data/manifests/phase1e/2019-07/daily/source_2019071700.json
2019071700,day2_24h,p01,B,1,5,0,0,0,0,0,0,9144adf1dbf25bec5eaf277c27ed75d1cf5ae32e8d03872ac1b67b69765bb756,9144adf1dbf25bec5eaf277c27ed75d1cf5ae32e8d03872ac1b67b69765bb756,data/manifests/phase1e/2019-07/daily/source_2019071700.json
2019071700,day2_24h,p02,A,4,8,275,21,21,254,0,0,6b5fc98ccfc4f58b756f90699457ef531a87a86c6b87588f82d9622528699f4c,f6722e577736772f8ee78099804c1b85a19ec5684d8ca6ac180da68f983e2f2a,data/manifests/phase1e/2019-07/daily/source_2019071700.json
2019071700,day2_24h,p02,B,1,5,0,0,0,0,0,0,723ca68b9c6d4fd07d5033972e0e89905ab23fb350ac2ca5e5e26a2ccbb543c6,723ca68b9c6d4fd07d5033972e0e89905ab23fb350ac2ca5e5e26a2ccbb543c6,data/manifests/phase1e/2019-07/daily/source_2019071700.json
2019071700,day2_24h,p03,A,4,8,147,2,2,145,0,0,cff79ba47b8d693e780c1225bacd9c31e295b4526acce07f2980372be4ecc646,32701c94bcaabd84eb5dfb3ed4dd856a93a47af547f2715f159e4fcfa196a533,data/manifests/phase1e/2019-07/daily/source_2019071700.json
2019071700,day2_24h,p03,B,1,5,0,0,0,0,0,0,a917e0792f44fb8f31c1c9ec346c8583da93ca50ace621471a18de4629131f41,a917e0792f44fb8f31c1c9ec346c8583da93ca50ace621471a18de4629131f41,data/manifests/phase1e/2019-07/daily/source_2019071700.json
2019071700,day2_24h,p04,A,4,8,0,0,0,0,0,0,9cc02c54b120f05c2c7a805a60b17e84c56af345a82c32b314d3c9b383f6c985,9cc02c54b120f05c2c7a805a60b17e84c56af345a82c32b314d3c9b383f6c985,data/manifests/phase1e/2019-07/daily/source_2019071700.json
2019071700,day2_24h,p04,B,1,5,0,0,0,0,0,0,3fb0d4b98a9561357d952195a8bef9558f70dab66667d7b5dcdfb8178bc81360,3fb0d4b98a9561357d952195a8bef9558f70dab66667d7b5dcdfb8178bc81360,data/manifests/phase1e/2019-07/daily/source_2019071700.json
2019071700,day3_24h,c00,A,4,8,137,13,13,124,0,0,b6a242e0dae6c5f978a2bf581079c4ab1b4fed2c0d0eff61cf472e4461534855,0b548c331900e3977aa8f10b4f35eede8d2f9757ee173a318b934183af861530,data/manifests/phase1e/2019-07/daily/source_2019071700.json
2019071700,day3_24h,c00,B,1,5,0,0,0,0,0,0,c448830f174deb0b37328151f08ecf895d37dfb6a9f26b7fe2b1c129a0e5ed07,c448830f174deb0b37328151f08ecf895d37dfb6a9f26b7fe2b1c129a0e5ed07,data/manifests/phase1e/2019-07/daily/source_2019071700.json
2019071700,day3_24h,p01,A,4,8,0,0,0,0,0,0,47902a2437687d929a79608ac08bee5fdd1cbd5d059b23db1f2720f304b1d15d,47902a2437687d929a79608ac08bee5fdd1cbd5d059b23db1f2720f304b1d15d,data/manifests/phase1e/2019-07/daily/source_2019071700.json
2019071700,day3_24h,p01,B,1,5,0,0,0,0,0,0,52f6ed96e13a1a555793da93ce89cf87ffe7b10b4b6d7fecfd94e02c6f34cef5,52f6ed96e13a1a555793da93ce89cf87ffe7b10b4b6d7fecfd94e02c6f34cef5,data/manifests/phase1e/2019-07/daily/source_2019071700.json
2019071700,day3_24h,p02,A,4,8,418,26,26,392,0,0,1c703b8488647df2181eece1eba9b403a29612cce9891ef81c505d93a0ff3047,ff117819e67ae6e7cc1da12ecc1481b8b32334d86d635429c458a6564b3601ee,data/manifests/phase1e/2019-07/daily/source_2019071700.json
2019071700,day3_24h,p02,B,1,5,0,0,0,0,0,0,e02fe0ff7f29afafeaf73ea3445fbb292d36898618f275cecd98addab534458f,e02fe0ff7f29afafeaf73ea3445fbb292d36898618f275cecd98addab534458f,data/manifests/phase1e/2019-07/daily/source_2019071700.json
2019071700,day3_24h,p03,A,4,8,0,0,0,0,0,0,96a4e77f629444b623a63af778664f96e83bb1ff96588c4516c3bc35f1a900b7,96a4e77f629444b623a63af778664f96e83bb1ff96588c4516c3bc35f1a900b7,data/manifests/phase1e/2019-07/daily/source_2019071700.json
2019071700,day3_24h,p03,B,1,5,0,0,0,0,0,0,87c88cfc06779079c2663744b958b268b67fe52e9ec7d4d1b07155815239f25c,87c88cfc06779079c2663744b958b268b67fe52e9ec7d4d1b07155815239f25c,data/manifests/phase1e/2019-07/daily/source_2019071700.json
2019071700,day3_24h,p04,A,4,8,0,0,0,0,0,0,284ddc8acf360398fa9ba9db734f39b3889c5adf1852c99b294707c773e62cc0,284ddc8acf360398fa9ba9db734f39b3889c5adf1852c99b294707c773e62cc0,data/manifests/phase1e/2019-07/daily/source_2019071700.json
2019071700,day3_24h,p04,B,1,5,0,0,0,0,0,0,936e232a2bd8bc86a1bb00e6d9d078d53e35ea1482bd767f29bcf7a34e4a8ddb,936e232a2bd8bc86a1bb00e6d9d078d53e35ea1482bd767f29bcf7a34e4a8ddb,data/manifests/phase1e/2019-07/daily/source_2019071700.json
2019071800,day1_24h,c00,A,4,8,343,23,23,320,0,0,d929bd447685a342aad79321a3f850762d39f4fb7a2cbf62e06d555603678a3f,0ded6d4cdcf15392b3856d9f7f23fcfb911e5e9322c19913b451271a90df6a43,data/manifests/phase1e/2019-07/daily/source_2019071800.json
2019071800,day1_24h,c00,B,1,5,0,0,0,0,0,0,e9e458a16de2d1ac937f1a95bc34600068dbe47ea14ce4b36ef3554ff7262e25,e9e458a16de2d1ac937f1a95bc34600068dbe47ea14ce4b36ef3554ff7262e25,data/manifests/phase1e/2019-07/daily/source_2019071800.json
2019071800,day1_24h,p01,A,4,8,225,18,18,207,0,0,e938b983b9d3a450e6a6168f57aced2bbb86b3ad6c257ea9624520af68147223,71cab756af83a29788f574920b47a09aa48c11504ba0909ba73e20632fba07dc,data/manifests/phase1e/2019-07/daily/source_2019071800.json
2019071800,day1_24h,p01,B,1,5,0,0,0,0,0,0,aeeb4ef502e2c43b805b8ec6aead3841f921c3941dc07c3837aa041bf0ab81cc,aeeb4ef502e2c43b805b8ec6aead3841f921c3941dc07c3837aa041bf0ab81cc,data/manifests/phase1e/2019-07/daily/source_2019071800.json
2019071800,day1_24h,p02,A,4,8,145,10,10,135,0,0,3f899762b30dd5657fbc9723fa13d76bf45999cdf7e33eb57e9e984d61a1475e,2130084f5f86d8bbf0fb9098b95eccc67060dc28cbe8fdac32750749da399b2d,data/manifests/phase1e/2019-07/daily/source_2019071800.json
2019071800,day1_24h,p02,B,1,5,50,0,0,50,0,0,f7ac0a34ea3f06e145f47e61b9e38d1ea83a79602e42614d5efd2634ef5c07d5,1c506c850bc0da847c253dc53daf44eb70b4c4d946b91c8e4fbbb6b0b4d65bb6,data/manifests/phase1e/2019-07/daily/source_2019071800.json
2019071800,day1_24h,p03,A,4,8,0,0,0,0,0,0,c050056128583d434d59d885e383aeb9ddf8fb976b20fa55bb8f2eb1014a031a,c050056128583d434d59d885e383aeb9ddf8fb976b20fa55bb8f2eb1014a031a,data/manifests/phase1e/2019-07/daily/source_2019071800.json
2019071800,day1_24h,p03,B,1,5,0,0,0,0,0,0,dd38a8b3f96d38d742839466bee67d60db268f4c4b285551d443a8f6d4a7e72a,dd38a8b3f96d38d742839466bee67d60db268f4c4b285551d443a8f6d4a7e72a,data/manifests/phase1e/2019-07/daily/source_2019071800.json
2019071800,day1_24h,p04,A,4,8,0,0,0,0,0,0,1175cc842cb4bffe553057c7a415e8f582c855bb008032ec206f3fa0af512f65,1175cc842cb4bffe553057c7a415e8f582c855bb008032ec206f3fa0af512f65,data/manifests/phase1e/2019-07/daily/source_2019071800.json
2019071800,day1_24h,p04,B,1,5,0,0,0,0,0,0,8185f2b4294e742e3eae61ea0589aa954c199e7d32ea64e5d84081f2b9e64def,8185f2b4294e742e3eae61ea0589aa954c199e7d32ea64e5d84081f2b9e64def,data/manifests/phase1e/2019-07/daily/source_2019071800.json
2019071800,day2_24h,c00,A,4,8,410,20,20,390,43,2,ac2e38ad7fd3b8a822dc76cd77ceea49d3c02f9c93b2e0bf98c0cda5cca99aaf,1dd0c9b6f6fb88396021ab1582154238e275a20c3dbda6817851e6e3f7c6c57e,data/manifests/phase1e/2019-07/daily/source_2019071800.json
2019071800,day2_24h,c00,B,1,5,166,12,12,154,43,2,2008d377ed4e0d03370951bd7c5da4326e8ae8f2f420e4255daee1b78beac0c8,ee23fcf4dc767a2b8c324a7cefc003d29e944de553b3b9d6b8e718a0ecc65a6d,data/manifests/phase1e/2019-07/daily/source_2019071800.json
2019071800,day2_24h,p01,A,4,8,0,0,0,0,0,0,a3b36308b5deb3ec1e6c333e76b569e15166415d31d3dd583e76666235f2fc45,a3b36308b5deb3ec1e6c333e76b569e15166415d31d3dd583e76666235f2fc45,data/manifests/phase1e/2019-07/daily/source_2019071800.json
2019071800,day2_24h,p01,B,1,5,0,0,0,0,0,0,1cd7b029519572749a5c0cc37e2bd07057581fa85b980bd4b313af5414e8725f,1cd7b029519572749a5c0cc37e2bd07057581fa85b980bd4b313af5414e8725f,data/manifests/phase1e/2019-07/daily/source_2019071800.json
2019071800,day2_24h,p02,A,4,8,0,0,0,0,0,0,d9a038a27341d4b53518fb8ff1898930bf87957c8ffc7316503f33cc7833a322,d9a038a27341d4b53518fb8ff1898930bf87957c8ffc7316503f33cc7833a322,data/manifests/phase1e/2019-07/daily/source_2019071800.json
2019071800,day2_24h,p02,B,1,5,0,0,0,0,0,0,294edf10c78afecc7bf872d3e267916b249896d8139a7c777a25afe6e9c034a4,294edf10c78afecc7bf872d3e267916b249896d8139a7c777a25afe6e9c034a4,data/manifests/phase1e/2019-07/daily/source_2019071800.json
2019071800,day2_24h,p03,A,4,8,177,12,12,165,0,0,fc1cf94aa3e877991b44224005cbb3eb2a9dee55954f14f5ede6ea0783fa6dc9,234a1d012c426f6825afd2ecb74fb9d05c9c03945c61747db15c3d208ddca009,data/manifests/phase1e/2019-07/daily/source_2019071800.json
2019071800,day2_24h,p03,B,1,5,0,0,0,0,0,0,a296efff2592e8165d1b929530858c144deeef7b91f75edb6b58a9297188e7f5,a296efff2592e8165d1b929530858c144deeef7b91f75edb6b58a9297188e7f5,data/manifests/phase1e/2019-07/daily/source_2019071800.json
2019071800,day2_24h,p04,A,4,8,0,0,0,0,0,0,aed5c891086fb1f88525f453ea210afc83a35e34841ec0a78288dffe626079bf,aed5c891086fb1f88525f453ea210afc83a35e34841ec0a78288dffe626079bf,data/manifests/phase1e/2019-07/daily/source_2019071800.json
2019071800,day2_24h,p04,B,1,5,0,0,0,0,0,0,6cc275b5c0d8cf7b96464821df9e605870beb36f3467c83a0351b92edc3ccb54,6cc275b5c0d8cf7b96464821df9e605870beb36f3467c83a0351b92edc3ccb54,data/manifests/phase1e/2019-07/daily/source_2019071800.json
2019071800,day3_24h,c00,A,4,8,410,24,24,386,6,0,2e5dd0c37a092ad70dca371baf62061536dbfccd03d9f746b1b3e0ea8aa9969e,8759a4186f387c729d24195b6204628aa47bee435f33587e7b193a35cf154796,data/manifests/phase1e/2019-07/daily/source_2019071800.json
2019071800,day3_24h,c00,B,1,5,137,7,7,130,6,0,fa3ad118ebcd99bb5aafdcf6bc5c496f5557982ba5e22121833d90f15b80c14d,0ad6d1e2c1ca5ca27d6c43078b5765e22e40edf27c54afeb6a45acee17ebe7f9,data/manifests/phase1e/2019-07/daily/source_2019071800.json
2019071800,day3_24h,p01,A,4,8,89,4,4,85,0,0,54d68429ee855ee6b3c409b943059727457ad8f86545ca2bdd530f1ca4217fe3,79e06e0473c6cff1a210125c5ae1c17ee41f70f561958d71d6db52453ac29b3b,data/manifests/phase1e/2019-07/daily/source_2019071800.json
2019071800,day3_24h,p01,B,1,5,0,0,0,0,0,0,de3a1cba7943c051bc0c5271bce140aad8f0b44a688ab537d4ab2b7279b0a116,de3a1cba7943c051bc0c5271bce140aad8f0b44a688ab537d4ab2b7279b0a116,data/manifests/phase1e/2019-07/daily/source_2019071800.json
2019071800,day3_24h,p02,A,4,8,273,17,17,256,0,0,4ef17a3ad2fd9365130b13220fbf09fc52d6beb67079d5d2732d234be59ede23,ecd0bf3ae81128a1182b1587c251727ec1f251f3fceb02d0ae55baeee8c62768,data/manifests/phase1e/2019-07/daily/source_2019071800.json
2019071800,day3_24h,p02,B,1,5,0,0,0,0,0,0,ac5a30db99b46b8bccb49e62035e656b92709a4744bfe956fcb041bf0fde7b1a,ac5a30db99b46b8bccb49e62035e656b92709a4744bfe956fcb041bf0fde7b1a,data/manifests/phase1e/2019-07/daily/source_2019071800.json
2019071800,day3_24h,p03,A,4,8,88,4,4,84,0,0,272d9a5eed8a5bb6179ffc8ca5d67aea1bb34ae317df111dcba533aa59de8dac,4b2a29a89328f08b8fb9def53976dff11ebbbd5c2a0bbf284fb1f357bf5173a9,data/manifests/phase1e/2019-07/daily/source_2019071800.json
2019071800,day3_24h,p03,B,1,5,0,0,0,0,0,0,365c27ea8de99b7857d606ea36a16f4339d0df6ad94590f88fddd3606f16623c,365c27ea8de99b7857d606ea36a16f4339d0df6ad94590f88fddd3606f16623c,data/manifests/phase1e/2019-07/daily/source_2019071800.json
2019071800,day3_24h,p04,A,4,8,119,3,3,116,0,0,a8ef4cb097c57c2b364a87dee8098c4a7612e950bb4928455e52faf4f3269b13,2915e64d3de4eb0b00032c4f29ad1c673aacc09ddad4ea059927172f17dfd9c8,data/manifests/phase1e/2019-07/daily/source_2019071800.json
2019071800,day3_24h,p04,B,1,5,0,0,0,0,0,0,6cc9b6019ac80d46ad304638a2abd08e9c54454fae6a618b885592a491914a76,6cc9b6019ac80d46ad304638a2abd08e9c54454fae6a618b885592a491914a76,data/manifests/phase1e/2019-07/daily/source_2019071800.json
2019071900,day1_24h,c00,A,4,8,223,8,8,215,0,0,8a2dde7222e9e7100eb13cb8274ee377cfabc05b7648fe3d64207f9ef471db2d,826cd47b50443feb18816cdb0022cb172de3ee793eca104b8eeae320a062c284,data/manifests/phase1e/2019-07/daily/source_2019071900.json
2019071900,day1_24h,c00,B,1,5,0,0,0,0,0,0,93d2a53098de336d8086400752ccb9788d840f95b9830ff9371d854ce1db0b51,93d2a53098de336d8086400752ccb9788d840f95b9830ff9371d854ce1db0b51,data/manifests/phase1e/2019-07/daily/source_2019071900.json
2019071900,day1_24h,p01,A,4,8,567,21,21,546,13,0,098e8fd2c6a2e738191afa59aa9fcc8acf75dd293056dde3a6a6ad932a86b5fc,117f7a6238c36c70a73515dfff597043c06453978086c3ad9d262f1dc97eb3b9,data/manifests/phase1e/2019-07/daily/source_2019071900.json
2019071900,day1_24h,p01,B,1,5,60,0,0,60,13,0,0bf2e0cddb4f6e61e496896ff7862316d8a54c1dfda457430a58b4a00d2929ec,99069114936a483edf601cbfa8c570681dc89c31bad329b6d150113ab290c620,data/manifests/phase1e/2019-07/daily/source_2019071900.json
2019071900,day1_24h,p02,A,4,8,79,0,0,79,2,0,2143503b6ae23233252f6e658cf4de3ca8ac55b2b38da7cdb401bc5424983b40,4073058be54b6d94b4e54863cefd1615f1e6aa8be5b6a68633736fb71551fe1c,data/manifests/phase1e/2019-07/daily/source_2019071900.json
2019071900,day1_24h,p02,B,1,5,79,0,0,79,2,0,a2395b7f7f8fd0c79e9fad53242b6519814a0572413d161264c5b96e23f7ed2e,6a3f4464cc4f3cd0ba5262b3ad1b5b0930fdb3a3f347b63dd6e0c431685230c9,data/manifests/phase1e/2019-07/daily/source_2019071900.json
2019071900,day1_24h,p03,A,4,8,226,9,9,217,0,0,67f13c1a534813a8d68a41a4ed0a5a4451034d4f8bbb77d9ac313d69887aedd0,cf5cd11bd2f3885aea3269dc0730fef904228623b0415574e152f0533915111c,data/manifests/phase1e/2019-07/daily/source_2019071900.json
2019071900,day1_24h,p03,B,1,5,0,0,0,0,0,0,59d3cfefe964184a2a7f8d8215778268897d507702ee76ef500037bceb740460,59d3cfefe964184a2a7f8d8215778268897d507702ee76ef500037bceb740460,data/manifests/phase1e/2019-07/daily/source_2019071900.json
2019071900,day1_24h,p04,A,4,8,118,0,0,118,20,0,3b6937339a9f72c01e033cedcefe433a7778ba2dfbc3474db58af840649bb888,1eb17f036d1c72fc4632e6f42aef7904d50e7a32570c9b0b94c5785b3000c12f,data/manifests/phase1e/2019-07/daily/source_2019071900.json
2019071900,day1_24h,p04,B,1,5,118,0,0,118,20,0,7185dd1f3c50495d88a7b4316e5f50dbddb53e156b57fb7436ae2414654aa2e6,c17ef34aa80f57be1d77f54606a2f070fca5c961ea4d68a0310a2beaba2a0573,data/manifests/phase1e/2019-07/daily/source_2019071900.json
2019071900,day2_24h,c00,A,4,8,646,35,35,611,5,0,2e164bf65ff9d7c7d7df10856b46018eb46feb638648aa641586c5c570c85f0d,c10c03859c97913328f9ecb8a165e633bafd6afb45ba0917b1db595446c4b1c1,data/manifests/phase1e/2019-07/daily/source_2019071900.json
2019071900,day2_24h,c00,B,1,5,114,6,6,108,5,0,1d5b7137e00d5340fd45829a752c8d3dd8404f9efef6933d692cb93194e6c559,e5233e8e5c73556f86189c7818f88c0eb05850c9af0c72dfc2936f4cd33d7a44,data/manifests/phase1e/2019-07/daily/source_2019071900.json
2019071900,day2_24h,p01,A,4,8,0,0,0,0,0,0,8ee9774c5f31a5109961e8fe7ef5ce3fb55565dae598520a933a04ddd627cc3e,8ee9774c5f31a5109961e8fe7ef5ce3fb55565dae598520a933a04ddd627cc3e,data/manifests/phase1e/2019-07/daily/source_2019071900.json
2019071900,day2_24h,p01,B,1,5,0,0,0,0,0,0,80ea117af85d1208a937369dc82861085b48083c13b28103c2bbfe94578252dc,80ea117af85d1208a937369dc82861085b48083c13b28103c2bbfe94578252dc,data/manifests/phase1e/2019-07/daily/source_2019071900.json
2019071900,day2_24h,p02,A,4,8,298,18,18,280,16,3,2fb8c9fbe37c62ed958d40b61b09ad6732d9e7ebd360b3184ce5157b4b7e9fd9,415cc23c3c5e095dc8462a3c367eb394d821a2aa5ca900af94c9662561f5bd2c,data/manifests/phase1e/2019-07/daily/source_2019071900.json
2019071900,day2_24h,p02,B,1,5,177,14,14,163,16,3,11b651b696cc5e0b7a5d737c6682c3a73e29069c872810ac62aae604780d37da,6323d7492e35fdeae126e17dc005321f3160393b4aa7ee0d2644b989d5f7058a,data/manifests/phase1e/2019-07/daily/source_2019071900.json
2019071900,day2_24h,p03,A,4,8,511,19,19,492,0,0,a89ed606c4f9d72180268c843aad3da3b43f6dcbebaac7644b4355f53fe4669a,25ece461c34248c757e5979ab494c7a8a931cd2a9eaf26c36dd551dc9561113a,data/manifests/phase1e/2019-07/daily/source_2019071900.json
2019071900,day2_24h,p03,B,1,5,0,0,0,0,0,0,0997accb8498004c1b86c5cb20ccada27d39ee6effe48bf3ae4a9aa3e35eb657,0997accb8498004c1b86c5cb20ccada27d39ee6effe48bf3ae4a9aa3e35eb657,data/manifests/phase1e/2019-07/daily/source_2019071900.json
2019071900,day2_24h,p04,A,4,8,380,17,17,363,0,0,16f4592e9ff37ce0d89f283c63d79e04bd88433d8e66edfdf1689dead4f36ea3,4854689d4e6405e25ad0b974b0066fc06c599307da2c8e031bcaae1cadc319fe,data/manifests/phase1e/2019-07/daily/source_2019071900.json
2019071900,day2_24h,p04,B,1,5,0,0,0,0,0,0,c20e5cbaec387b12b72cab64d12a4c6e89fc82ceed918b5064408b2fabb4bd0a,c20e5cbaec387b12b72cab64d12a4c6e89fc82ceed918b5064408b2fabb4bd0a,data/manifests/phase1e/2019-07/daily/source_2019071900.json
2019071900,day3_24h,c00,A,4,8,449,17,17,432,5,0,8556546a39b7c8d84e6abfa64d44b27862c9ea9dc03e42849a5538cf28205691,f840a00526e9f6210e333054889db3bf5cb769b9bd095d149fda4e71899d18ff,data/manifests/phase1e/2019-07/daily/source_2019071900.json
2019071900,day3_24h,c00,B,1,5,120,2,2,118,5,0,cb34092ae9d5a51bfe6d8d8fe75655fa2a77282aaf391aabd22b479c7404a9f2,2c22c65f7576f186d17f9167ee01004444866b48f34548a77e60ad8f77b74a59,data/manifests/phase1e/2019-07/daily/source_2019071900.json
2019071900,day3_24h,p01,A,4,8,355,20,20,335,0,0,e97eb49a5a23c0b7233872bcc6510537ca68608b5d99fc1b6599a83fbc7c7163,9c195f228f8639162547c54b2dfabaddf3ed605ce7145575545c531d6cd86e76,data/manifests/phase1e/2019-07/daily/source_2019071900.json
2019071900,day3_24h,p01,B,1,5,0,0,0,0,0,0,9ab2b4f9ab692f958ed0c5a308a1c505cb4ba404fc6a41dfec3a0fa1b3b402f8,9ab2b4f9ab692f958ed0c5a308a1c505cb4ba404fc6a41dfec3a0fa1b3b402f8,data/manifests/phase1e/2019-07/daily/source_2019071900.json
2019071900,day3_24h,p02,A,4,8,215,16,16,199,0,0,6161acfc6a840b8740764c2d8215f708c94185e95d66ea06c3ea3e2ae9628860,473d59738b4ff5666bb6ec939bc24871ac6039f457459e8a16109d7080baf209,data/manifests/phase1e/2019-07/daily/source_2019071900.json
2019071900,day3_24h,p02,B,1,5,0,0,0,0,0,0,5b090cdba2892d70152c202fa1a864a7275e83fed34fb36edd02d895ac892c8d,5b090cdba2892d70152c202fa1a864a7275e83fed34fb36edd02d895ac892c8d,data/manifests/phase1e/2019-07/daily/source_2019071900.json
2019071900,day3_24h,p03,A,4,8,493,29,29,464,10,2,7a72ea980a9a8a3ec206f5ff1fab29e9499bf404f88ef571ed58a04aa1ccf89b,bc1d0007bfd4cd0b6fb7dd692193e8d9436965edeb868dc85861980371d43cc2,data/manifests/phase1e/2019-07/daily/source_2019071900.json
2019071900,day3_24h,p03,B,1,5,119,11,11,108,10,2,6df68e22b5b60464d7d5a110f15412295abf55c9d15a546888fe14919b0ef4c8,e826b25cf0dbadb5f870fb661951f331f42eccb544c8f3c7e75ad4749f5877eb,data/manifests/phase1e/2019-07/daily/source_2019071900.json
2019071900,day3_24h,p04,A,4,8,114,3,3,111,3,0,26965f388a466c5826dbd2b4fbc8dc37c9821dd9d51c7b5e93667a39f8c543f6,0f572d1ac01e52520e4db060d7a50a1faa718d9934215db65f481613af0f1fb0,data/manifests/phase1e/2019-07/daily/source_2019071900.json
2019071900,day3_24h,p04,B,1,5,114,3,3,111,3,0,0d67b194a81200ad7038324208d011e8b8ce0c3b3285c8883bb2f41ef0735a75,a6776c09c0e8442a4a7ebbf7b0f4dacb76a8a9d4646dcfc1e4ff8b8e73cbe5e0,data/manifests/phase1e/2019-07/daily/source_2019071900.json
2019072000,day1_24h,c00,A,4,8,102,4,4,98,0,0,9bf29091fb5467d0863afb1ca7db814f617e327beb3ef41c69926b6d033f8d62,9c47cf8ed8bf22f7a4c5c42abcbe42f50d62b5552febced1261ea594462f42e3,data/manifests/phase1e/2019-07/daily/source_2019072000.json
2019072000,day1_24h,c00,B,1,5,0,0,0,0,0,0,d15ba192fe21b79ec9d24177ee0868c1ea109c340cd08c33efcf8c3740ac0187,d15ba192fe21b79ec9d24177ee0868c1ea109c340cd08c33efcf8c3740ac0187,data/manifests/phase1e/2019-07/daily/source_2019072000.json
2019072000,day1_24h,p01,A,4,8,265,13,13,252,0,0,2297f934aa635f4010e11e5705ba5bdaca6f0bd5569ae788108fcbcde9196408,916b597b15e2ae46ef9fc867a32d9d7c353ac0fc673ebbdc10cc1b9234a2b7e7,data/manifests/phase1e/2019-07/daily/source_2019072000.json
2019072000,day1_24h,p01,B,1,5,0,0,0,0,0,0,2c9ba63764eb50a1c2002af2f82f881441bb1f5ff15c11672f6fabcf8c30b7c8,2c9ba63764eb50a1c2002af2f82f881441bb1f5ff15c11672f6fabcf8c30b7c8,data/manifests/phase1e/2019-07/daily/source_2019072000.json
2019072000,day1_24h,p02,A,4,8,98,0,0,98,13,0,13fd9f96ec75bf0cbac82fa62dbd505525aabd618c3793fffbf0da1054b7d0bc,768d1d5174d5b1583ee7093921a9088010f9cf5329ccdb6473a8bf58ba25afdd,data/manifests/phase1e/2019-07/daily/source_2019072000.json
2019072000,day1_24h,p02,B,1,5,98,0,0,98,13,0,81464f00d62d294862721c465887bcf96b88c811fa5c1d8da69fa47358c3a260,557da69921b783fbe409641afd9c3913f5e4b527aebeb3abd679744d62a5328f,data/manifests/phase1e/2019-07/daily/source_2019072000.json
2019072000,day1_24h,p03,A,4,8,404,8,8,396,11,0,c668471142bc4be6503503c9893ddb964319699233640a2d517575f9beadb4a5,9cf62bb1297ae178be788bce4e911644522abc9ef7962eb20d31945645dbc14d,data/manifests/phase1e/2019-07/daily/source_2019072000.json
2019072000,day1_24h,p03,B,1,5,80,0,0,80,11,0,764c6a976cf908553e956883a91c7ff9971a83c196682472066e02b551ceb87b,0ad6bc945fa5befc7ebd5058b84720308f193bfe2a4d9673b46b4fc13bdc1ba1,data/manifests/phase1e/2019-07/daily/source_2019072000.json
2019072000,day1_24h,p04,A,4,8,99,0,0,99,1,0,fec36fc6b85e26f42c663367a43cdb18178da0b0c2076e3069901ce4bf214acc,77ac97250fd0777edb94a72f8cb0c05548263dab1a4d7fb40f31dea9bfea8ad2,data/manifests/phase1e/2019-07/daily/source_2019072000.json
2019072000,day1_24h,p04,B,1,5,99,0,0,99,1,0,1128361f66e727d879e5a81ef90c993ef33b7a69d17ae4b88492eca6669b7d68,db75f608655a5f2fbe592727039c5091306a1b5cd446018bbd81311c78de24a9,data/manifests/phase1e/2019-07/daily/source_2019072000.json
2019072000,day2_24h,c00,A,4,8,556,33,33,523,6,0,40d820eb77e0c98e979517f5198209f4ac2b23a9444e810a978933e1feaa9d47,5fe62ed79fd3f28b61d184cf11d58cc0b498418e873273bba46faca78f564ae6,data/manifests/phase1e/2019-07/daily/source_2019072000.json
2019072000,day2_24h,c00,B,1,5,85,3,3,82,6,0,3c763992a25825b68e278d13e2ee5347db5e9f523b4f96fc122ace8a122ebd1d,2a558f1dfa04367e2ab54e2654ce066bdadc715290d82e9659627adbebc9ddc1,data/manifests/phase1e/2019-07/daily/source_2019072000.json
2019072000,day2_24h,p01,A,4,8,0,0,0,0,0,0,286e200af42c8f447d92db28c81a79fb1f6a180f8bc41f3af95c0f5e9812faeb,286e200af42c8f447d92db28c81a79fb1f6a180f8bc41f3af95c0f5e9812faeb,data/manifests/phase1e/2019-07/daily/source_2019072000.json
2019072000,day2_24h,p01,B,1,5,0,0,0,0,0,0,1d13840a3f790fd554bbf9374aa33e49e93261b40335f04611078b66ddf794cf,1d13840a3f790fd554bbf9374aa33e49e93261b40335f04611078b66ddf794cf,data/manifests/phase1e/2019-07/daily/source_2019072000.json
2019072000,day2_24h,p02,A,4,8,495,16,16,479,3,1,fc8e116456075923b329276100ef1548144c3a30df296c6549a991672f8da995,262356b5ca943a5930f790bcd7e161594066720134a03dec667e0be99347333b,data/manifests/phase1e/2019-07/daily/source_2019072000.json
2019072000,day2_24h,p02,B,1,5,122,5,5,117,3,1,b11775f89db0cdae346560d3f88c61351ac0299a45a9965351f56b90a6214af9,b8e596519d09b99e55acabade833d49fc068b77bc9caa38d195ddc4e594e7e4a,data/manifests/phase1e/2019-07/daily/source_2019072000.json
2019072000,day2_24h,p03,A,4,8,713,30,30,683,4,0,e5b43cc1d0b7c4dd796e4b4aeb89f64697b6528a602d8c2adbc63443569d398f,96d0a92ce9bb7ab99950456097d74e99279c124f1f5f00df0dcd200701e64fdc,data/manifests/phase1e/2019-07/daily/source_2019072000.json
2019072000,day2_24h,p03,B,1,5,104,1,1,103,4,0,52989496ae12f4b0364871c65b79bd57da4f4597abfa7b841c8191c73e903463,21e6c02443906b83581241e8307c902a6c8415a13ac37db1b2c1d7853e23f4a8,data/manifests/phase1e/2019-07/daily/source_2019072000.json
2019072000,day2_24h,p04,A,4,8,132,4,4,128,0,0,10ac022b30db25fa7d4973e1cc0b3b825bce0639ced268fb766e97a1c242c4bd,f0b022c2fbfea03a34c87abc75548425de6df31d5892251eed92092bfdbaea73,data/manifests/phase1e/2019-07/daily/source_2019072000.json
2019072000,day2_24h,p04,B,1,5,0,0,0,0,0,0,f689c0559863ec0ed22b8b65817cd1dd624234c1a371619b48296c0e058a618a,f689c0559863ec0ed22b8b65817cd1dd624234c1a371619b48296c0e058a618a,data/manifests/phase1e/2019-07/daily/source_2019072000.json
2019072000,day3_24h,c00,A,4,8,277,16,16,261,0,0,574480a2a9c3601535ddceffe51e5cd199fb6d89f9ad8cd83b51afa2fa01609e,d83a520e27f1a212c18af5579d36a607a4621c8eeea3add3f88082c03138dc94,data/manifests/phase1e/2019-07/daily/source_2019072000.json
2019072000,day3_24h,c00,B,1,5,66,2,2,64,0,0,4cff334c0abc2375240f4ffb2d740f4873f53fd81fed0d7a8851f4cb007d53b3,b66ff7aea393f41af662f8e27f9257b3c34f7ebe3b7ae7c19248a16c3e197eec,data/manifests/phase1e/2019-07/daily/source_2019072000.json
2019072000,day3_24h,p01,A,4,8,110,4,4,106,0,0,03a6e562c55ea21a4013407a31e2198489bedb749d78d62b78be729c270f6b01,4881e00fe3d0fb5e2e177d4fa8bb12879480c1fa7a923d84a31c3dbdfbdc5614,data/manifests/phase1e/2019-07/daily/source_2019072000.json
2019072000,day3_24h,p01,B,1,5,0,0,0,0,0,0,01ccf3e4155b50f47beb8f45a53fa0d85b6ddf0dee0f4d57887aa7fdf8a7bc3b,01ccf3e4155b50f47beb8f45a53fa0d85b6ddf0dee0f4d57887aa7fdf8a7bc3b,data/manifests/phase1e/2019-07/daily/source_2019072000.json
2019072000,day3_24h,p02,A,4,8,0,0,0,0,0,0,52eff5c81589b2d6341babf559d130a5f3a3dc91041e27b59acedd6de10e5538,52eff5c81589b2d6341babf559d130a5f3a3dc91041e27b59acedd6de10e5538,data/manifests/phase1e/2019-07/daily/source_2019072000.json
2019072000,day3_24h,p02,B,1,5,0,0,0,0,0,0,127259b60d7aa73f213884d25a4a2cdc247a2bf5e679cdfbb01715ba60ca5a73,127259b60d7aa73f213884d25a4a2cdc247a2bf5e679cdfbb01715ba60ca5a73,data/manifests/phase1e/2019-07/daily/source_2019072000.json
2019072000,day3_24h,p03,A,4,8,162,5,5,157,0,0,a57c54e8992c7a64a1f74e4ecca48d4b8392866dbb4f8e62f96f98c0f6977923,a3824c9a01d63e25164a597ff0a6216f154d19aa388d2ec2eef98df6599e950e,data/manifests/phase1e/2019-07/daily/source_2019072000.json
2019072000,day3_24h,p03,B,1,5,0,0,0,0,0,0,9f30d4194269667fddeccea6695e25b8c512e3fd5008c432bf13522dbc2b3ad2,9f30d4194269667fddeccea6695e25b8c512e3fd5008c432bf13522dbc2b3ad2,data/manifests/phase1e/2019-07/daily/source_2019072000.json
2019072000,day3_24h,p04,A,4,8,501,27,27,474,0,0,388b0eb9f9ebefa6e78564f7057be673b4b37f2fba5c6bd9ebc5a4bf348ca4a5,9823ca6724e64c8a515161192f40a9b5065b1167533fc6437c33968404ad00c4,data/manifests/phase1e/2019-07/daily/source_2019072000.json
2019072000,day3_24h,p04,B,1,5,0,0,0,0,0,0,31efb3ce6ece0f16c3af29d6888bab868ce69ff7a87f7efa1159404c4870f1fc,31efb3ce6ece0f16c3af29d6888bab868ce69ff7a87f7efa1159404c4870f1fc,data/manifests/phase1e/2019-07/daily/source_2019072000.json
2019072100,day1_24h,c00,A,4,8,0,0,0,0,0,0,4ec9b22d9847269e8daab7c1b886078ee9bf7868226adb733e6defa7731345a5,4ec9b22d9847269e8daab7c1b886078ee9bf7868226adb733e6defa7731345a5,data/manifests/phase1e/2019-07/daily/source_2019072100.json
2019072100,day1_24h,c00,B,1,5,0,0,0,0,0,0,e139d5db34586e42a26465d600a5227a96803dd3e3a640f60b2c1c94bb0e49ff,e139d5db34586e42a26465d600a5227a96803dd3e3a640f60b2c1c94bb0e49ff,data/manifests/phase1e/2019-07/daily/source_2019072100.json
2019072100,day1_24h,p01,A,4,8,0,0,0,0,0,0,30496a1031a6eb66a153b4bfd8fbbbceec582304b6f44dbc518c6a90facfb76f,30496a1031a6eb66a153b4bfd8fbbbceec582304b6f44dbc518c6a90facfb76f,data/manifests/phase1e/2019-07/daily/source_2019072100.json
2019072100,day1_24h,p01,B,1,5,0,0,0,0,0,0,5143e280b98bbf4668ae7fbc6aace8feaba01c26ac10b8fb55f595cb1781737e,5143e280b98bbf4668ae7fbc6aace8feaba01c26ac10b8fb55f595cb1781737e,data/manifests/phase1e/2019-07/daily/source_2019072100.json
2019072100,day1_24h,p02,A,4,8,206,14,14,192,0,0,9d8ce0d97a4e8b05ed370f4bd345edd4754f9f95ff9625831609e54839a3c6f8,fef595212fd17e849ba129ff1742911966924f4572b436ea867677d5ad776385,data/manifests/phase1e/2019-07/daily/source_2019072100.json
2019072100,day1_24h,p02,B,1,5,0,0,0,0,0,0,c0749aaf4da4da30d3e3e7e67b229e2087e9d166bd1de0cea3fafe50912352e6,c0749aaf4da4da30d3e3e7e67b229e2087e9d166bd1de0cea3fafe50912352e6,data/manifests/phase1e/2019-07/daily/source_2019072100.json
2019072100,day1_24h,p03,A,4,8,0,0,0,0,0,0,fb729a424fe9ff34b66783b4606c2fe5db4ba7b2196633ed1c23f9cfce3c83fd,fb729a424fe9ff34b66783b4606c2fe5db4ba7b2196633ed1c23f9cfce3c83fd,data/manifests/phase1e/2019-07/daily/source_2019072100.json
2019072100,day1_24h,p03,B,1,5,0,0,0,0,0,0,e0a455f863e722a19acecc616b0b4f0252c73d6156e7fd8694b7d62ec28bfa98,e0a455f863e722a19acecc616b0b4f0252c73d6156e7fd8694b7d62ec28bfa98,data/manifests/phase1e/2019-07/daily/source_2019072100.json
2019072100,day1_24h,p04,A,4,8,248,12,12,236,0,0,b554132073535ebacca5647ccd997ff872d41731c06ad8364e0e1714497c8391,bb01db76af1e4a0e599a798b369ecbb6240608fe8f234d255f27c64256cea1d8,data/manifests/phase1e/2019-07/daily/source_2019072100.json
2019072100,day1_24h,p04,B,1,5,39,0,0,39,0,0,257adb46f5c3d40641e7e7bb51d8f20df50ca1b059a96eb556f5b5cc0d1c986e,2c15df0f91f947170f1acc7ee436b85b0c2c4cd72a885b5c9e2c870d389dcacb,data/manifests/phase1e/2019-07/daily/source_2019072100.json
2019072100,day2_24h,c00,A,4,8,280,10,10,270,1,0,9345d3009f4b22240854b0d11ff2c01e7580c0ee6f6ecdbc260246328b602dd7,fca8245ce53b850317dfcd46d28faabe9a34c9fa004a513ba12c3dd08698307f,data/manifests/phase1e/2019-07/daily/source_2019072100.json
2019072100,day2_24h,c00,B,1,5,73,2,2,71,1,0,f6d52d275d5ee298bf6c7d627b7095afa76dc04b496ba0eeac6782d1f066efd9,4d7736f3277420affa1f7906e2d9d6a253aff63e0c6af557cb78f6ad70d00415,data/manifests/phase1e/2019-07/daily/source_2019072100.json
2019072100,day2_24h,p01,A,4,8,0,0,0,0,0,0,bdc7496bf523e103962e67685006e5aee2c65ef45bb77768a8a1ae3d1f785ed6,bdc7496bf523e103962e67685006e5aee2c65ef45bb77768a8a1ae3d1f785ed6,data/manifests/phase1e/2019-07/daily/source_2019072100.json
2019072100,day2_24h,p01,B,1,5,0,0,0,0,0,0,6b872eff01125442ac0f06ad32589c85d50e618b73e904fa001b74dd13be4450,6b872eff01125442ac0f06ad32589c85d50e618b73e904fa001b74dd13be4450,data/manifests/phase1e/2019-07/daily/source_2019072100.json
2019072100,day2_24h,p02,A,4,8,0,0,0,0,0,0,ea3395dda2a55677560f325b58714f7ca2ae1ed3aa2f89cc7ca7ae471a39a953,ea3395dda2a55677560f325b58714f7ca2ae1ed3aa2f89cc7ca7ae471a39a953,data/manifests/phase1e/2019-07/daily/source_2019072100.json
2019072100,day2_24h,p02,B,1,5,0,0,0,0,0,0,b4300f2216cff87bb8f33117a39ef93c49d2956549aa9a3a06d67943e052eca6,b4300f2216cff87bb8f33117a39ef93c49d2956549aa9a3a06d67943e052eca6,data/manifests/phase1e/2019-07/daily/source_2019072100.json
2019072100,day2_24h,p03,A,4,8,0,0,0,0,0,0,8ac181a8a718a0de348b5926baecaa1b49555e23843386542e4d1fbb791ae643,8ac181a8a718a0de348b5926baecaa1b49555e23843386542e4d1fbb791ae643,data/manifests/phase1e/2019-07/daily/source_2019072100.json
2019072100,day2_24h,p03,B,1,5,0,0,0,0,0,0,63abc90c2cc8ab0efe89fd22ac1a2140e845b88c243dda2caaf574ff4c9ee779,63abc90c2cc8ab0efe89fd22ac1a2140e845b88c243dda2caaf574ff4c9ee779,data/manifests/phase1e/2019-07/daily/source_2019072100.json
2019072100,day2_24h,p04,A,4,8,259,1,1,258,4,0,56883d1e30d838d59560137afcf81249568b03b36c9e041149a61228511418b3,070ac9b8e0b63b48457d3002fa36c427c4e504235573bfe07e7d785a1cfdbbed,data/manifests/phase1e/2019-07/daily/source_2019072100.json
2019072100,day2_24h,p04,B,1,5,132,1,1,131,4,0,cc5e113fa5ad8ec62a00ed37d1f395f2fe37d27d659dbd8f750a220c34facbdd,90ff0ba1367205f26b4c7e45496dcdb20170fb266a358859146a200f0a2f7cc4,data/manifests/phase1e/2019-07/daily/source_2019072100.json
2019072100,day3_24h,c00,A,4,8,103,3,3,100,0,0,3c5f660b1bb0b8ab3ddae1d24e64fcca9e49c8bc60ba378f8f93ebd94cc15d48,5b82168b2bc0be04cc155029f6603e239c07bd6f2515cf1aa6a987a30fe6dd2b,data/manifests/phase1e/2019-07/daily/source_2019072100.json
2019072100,day3_24h,c00,B,1,5,103,3,3,100,0,0,be0d00029271edf7aac70ae020ac24b66676dc9671b6eed7f58db4f630b55afb,bc4f5a8f19292b2bae3fba20bb05d3e2448816ab7658fd07712814f80f102df4,data/manifests/phase1e/2019-07/daily/source_2019072100.json
2019072100,day3_24h,p01,A,4,8,0,0,0,0,0,0,6e93f9cb1dbaabcd24ade1c34571795bd999f0647a784d5347420b2c453eec24,6e93f9cb1dbaabcd24ade1c34571795bd999f0647a784d5347420b2c453eec24,data/manifests/phase1e/2019-07/daily/source_2019072100.json
2019072100,day3_24h,p01,B,1,5,0,0,0,0,0,0,98dc92bcfe263ac9cf410fb395683aae26703c672baf77ed35f094f301810911,98dc92bcfe263ac9cf410fb395683aae26703c672baf77ed35f094f301810911,data/manifests/phase1e/2019-07/daily/source_2019072100.json
2019072100,day3_24h,p02,A,4,8,138,8,8,130,0,0,66e578be55bbb21a0c39d44c012c5367c8b2bdff819e12594e6113c8d37a5de1,d7cae9d8e74a2e77c8afd636267d97fbd70a8fbd326c932238ef724c380a65e0,data/manifests/phase1e/2019-07/daily/source_2019072100.json
2019072100,day3_24h,p02,B,1,5,0,0,0,0,0,0,c73071304728d19a8485ca46be74342e979c043404f516e621086460e5288051,c73071304728d19a8485ca46be74342e979c043404f516e621086460e5288051,data/manifests/phase1e/2019-07/daily/source_2019072100.json
2019072100,day3_24h,p03,A,4,8,122,4,4,118,0,0,3910d28316d271d5b28dd7fab5ee45a6320506e05aaa10233411492c833a5689,eade616721e06355720da21b6001593d28f45e492135c60834812d999e5f003e,data/manifests/phase1e/2019-07/daily/source_2019072100.json
2019072100,day3_24h,p03,B,1,5,0,0,0,0,0,0,86a8345620d94c8600f6ea2b6fa16107bfb8d759fc6f734ae0f0d621ad47b17f,86a8345620d94c8600f6ea2b6fa16107bfb8d759fc6f734ae0f0d621ad47b17f,data/manifests/phase1e/2019-07/daily/source_2019072100.json
2019072100,day3_24h,p04,A,4,8,206,5,5,201,13,0,4a0fdbe470a6b273fd68ee0e09404c15a3191265bd1032f1dc82e9f72a58c1e9,02c5654474390a15c91041488788d50f6d3dfa73d2d858276c891ce6cb85358c,data/manifests/phase1e/2019-07/daily/source_2019072100.json
2019072100,day3_24h,p04,B,1,5,206,5,5,201,13,0,8f0a784e079f0a3453a04bc2ed39396e204d25d5b3265d6446fda0c19325b87e,4638eb90a66a3c5efb1510c523261b5a69f67f37b63fa83fb9f80d545cde003b,data/manifests/phase1e/2019-07/daily/source_2019072100.json
2019072200,day1_24h,c00,A,4,8,274,9,9,265,0,0,2f56a06bdc8b6a28dccb173ceb33edb1637fa801dc9da8ea59ac7217c1f3ddea,957eab34956f9c46bf17b5fe5da43031fb8446c607af0343b9deafd9652c1f14,data/manifests/phase1e/2019-07/daily/source_2019072200.json
2019072200,day1_24h,c00,B,1,5,0,0,0,0,0,0,e8ac0b2a22450654e7d2e403c909b9b5e4bb59b3a83d2d86326178ae679fb6f3,e8ac0b2a22450654e7d2e403c909b9b5e4bb59b3a83d2d86326178ae679fb6f3,data/manifests/phase1e/2019-07/daily/source_2019072200.json
2019072200,day1_24h,p01,A,4,8,142,3,3,139,4,0,5d8226b9bcf1bd6f41de41c95471a4f52bc37a3d594d5909bc3de1ba5aced639,322298f16e626087582516e2dcc317e02ef0ab20d68d72002c36007f3b0f6119,data/manifests/phase1e/2019-07/daily/source_2019072200.json
2019072200,day1_24h,p01,B,1,5,77,0,0,77,4,0,9a7767d7f20a81647aa620762c178cc32865b8b6b0ae2b4f0a0ded88c49b6edb,e440d0900e8ae1955e74a53707df0e9f62b6f0f26971b37ee7ac20066cb874fd,data/manifests/phase1e/2019-07/daily/source_2019072200.json
2019072200,day1_24h,p02,A,4,8,107,4,4,103,0,0,13abdd05c899787bc7a71f3975f8e4732c0b8476a0cdc596013f4f32d0897cfe,295490d3c2a4c2bd18eb414924668e0c6aabe2ac327e2ab81efab17150100d99,data/manifests/phase1e/2019-07/daily/source_2019072200.json
2019072200,day1_24h,p02,B,1,5,0,0,0,0,0,0,e8e3668b163f2de73d22361376286797af7cbfb1ba977ddc43a871c28312ebd8,e8e3668b163f2de73d22361376286797af7cbfb1ba977ddc43a871c28312ebd8,data/manifests/phase1e/2019-07/daily/source_2019072200.json
2019072200,day1_24h,p03,A,4,8,178,12,12,166,11,0,17fc205c45b7b0dac004ebec9155dc4631bbdce26698b66754f8f2c57a6905be,b663ae888ecaab94aada37c84ee3b2b8204fff497ff2fed612236b5bb65a8828,data/manifests/phase1e/2019-07/daily/source_2019072200.json
2019072200,day1_24h,p03,B,1,5,33,0,0,33,11,0,2274387e80662d878be467a1137bffa696092a735469be8474a0aef8f1eb7aa0,b8adbe8a6d2ec07aa8e35478682a4c6a08d87c958c69ac5ac55c93a9e4ee3c7a,data/manifests/phase1e/2019-07/daily/source_2019072200.json
2019072200,day1_24h,p04,A,4,8,240,17,17,223,2,0,fa197c1b9c64a0d11957b9ef37c8eb44d67c27b3c9a4dfab03311a08b88a1f9a,49e7b5e7bf0c1748b76c24acbeb2d107c01a7245ed954a2d98b9f6a488e61d33,data/manifests/phase1e/2019-07/daily/source_2019072200.json
2019072200,day1_24h,p04,B,1,5,69,0,0,69,2,0,c844bb94a747f0647af007feaa941ba26bec1b9a8672ece255f2e48a806bff70,cba128f4f980740e3fd85416d1b8680064d93eb7e034b9ebce667ef07d42a0b3,data/manifests/phase1e/2019-07/daily/source_2019072200.json
2019072200,day2_24h,c00,A,4,8,97,2,2,95,15,0,90c0f6b9bcc7e1dc4052a5d994750f6ed605571e3e483030f9a85d345c1b013c,81898f9b565d7354de9d3cf6ccfc919f7a6d8ab010d3bfca3cde1020d165682b,data/manifests/phase1e/2019-07/daily/source_2019072200.json
2019072200,day2_24h,c00,B,1,5,97,2,2,95,15,0,557ecb666ce686a1df634baaf45810e1b67a80a178570e2b59c99911bb61b7ad,7fee98a9ac02ad97edf9548c31e65ad32acd5c26809483dee537bb58c6dd5b41,data/manifests/phase1e/2019-07/daily/source_2019072200.json
2019072200,day2_24h,p01,A,4,8,64,2,2,62,0,0,84ad09cdc32595f7ea6789ae2ab9887c783dbb56ae444efcdfc9d95333740a39,f9ee0f524025353336efa92a60be92cb0ab6db245f67b5c03ff5e0e441f2467b,data/manifests/phase1e/2019-07/daily/source_2019072200.json
2019072200,day2_24h,p01,B,1,5,0,0,0,0,0,0,96954d93349eb3ecee0319ec779f577108f4d5bd1d2d0738c8b7f24adea26d98,96954d93349eb3ecee0319ec779f577108f4d5bd1d2d0738c8b7f24adea26d98,data/manifests/phase1e/2019-07/daily/source_2019072200.json
2019072200,day2_24h,p02,A,4,8,0,0,0,0,0,0,fa2e23d1471ab776686bc9f767c291da941cf5b47ed32a1ba2348f5660383545,fa2e23d1471ab776686bc9f767c291da941cf5b47ed32a1ba2348f5660383545,data/manifests/phase1e/2019-07/daily/source_2019072200.json
2019072200,day2_24h,p02,B,1,5,0,0,0,0,0,0,17cfbe192e870e606d3892a0a46d9b02f832d54ce66562cdbd36a13a9fa1463e,17cfbe192e870e606d3892a0a46d9b02f832d54ce66562cdbd36a13a9fa1463e,data/manifests/phase1e/2019-07/daily/source_2019072200.json
2019072200,day2_24h,p03,A,4,8,0,0,0,0,0,0,7d219afcef836d6190038645889954eaa3b482dcb515ef87117bcdd38c14cef8,7d219afcef836d6190038645889954eaa3b482dcb515ef87117bcdd38c14cef8,data/manifests/phase1e/2019-07/daily/source_2019072200.json
2019072200,day2_24h,p03,B,1,5,0,0,0,0,0,0,b6a4e80014b833a02996241f64daf66712e50e1466d134c6e30af2b1124d33e5,b6a4e80014b833a02996241f64daf66712e50e1466d134c6e30af2b1124d33e5,data/manifests/phase1e/2019-07/daily/source_2019072200.json
2019072200,day2_24h,p04,A,4,8,179,13,13,166,0,0,83d8e04b861285d52b4b7bdb61fcc4044dbfe26a1c5f3220465037bc37b794a8,962962e13bc48e62cffe898b64216edee9040efab1dd717e86e993b669424a22,data/manifests/phase1e/2019-07/daily/source_2019072200.json
2019072200,day2_24h,p04,B,1,5,0,0,0,0,0,0,7b59076b10f925f381bbb83c07374ba850b6660908c38883c1674fed07314278,7b59076b10f925f381bbb83c07374ba850b6660908c38883c1674fed07314278,data/manifests/phase1e/2019-07/daily/source_2019072200.json
2019072200,day3_24h,c00,A,4,8,361,15,15,346,0,0,845c45992b3000aa37a66b08df4873366f9d74a2a695ec2f0f97aef8ea2b546a,4ce2ff88cce37357d1ef45bc612faa1acd4d892096d7678a6f08fe43e6404429,data/manifests/phase1e/2019-07/daily/source_2019072200.json
2019072200,day3_24h,c00,B,1,5,0,0,0,0,0,0,828534806135539b1de642ef37ce5f0096610a13dff69825f04fc24fd1b36aed,828534806135539b1de642ef37ce5f0096610a13dff69825f04fc24fd1b36aed,data/manifests/phase1e/2019-07/daily/source_2019072200.json
2019072200,day3_24h,p01,A,4,8,223,14,14,209,0,0,b7208a6a221e514d67d8d6dd25b2d4809fd2561ef5b91bfcce6f5e88f5848f42,6a516ca41276d1a3c84fff2729ec26f6e36040e9d20371cc45c6ab355682674e,data/manifests/phase1e/2019-07/daily/source_2019072200.json
2019072200,day3_24h,p01,B,1,5,0,0,0,0,0,0,2de53cc3360e72ee5015f2c81d8221b3a3b68790f545731419160e9c5c6d7067,2de53cc3360e72ee5015f2c81d8221b3a3b68790f545731419160e9c5c6d7067,data/manifests/phase1e/2019-07/daily/source_2019072200.json
2019072200,day3_24h,p02,A,4,8,0,0,0,0,0,0,767979efe94a64998da857d824b1141ac0a597fef1cb3473af3cdae86bf0774c,767979efe94a64998da857d824b1141ac0a597fef1cb3473af3cdae86bf0774c,data/manifests/phase1e/2019-07/daily/source_2019072200.json
2019072200,day3_24h,p02,B,1,5,0,0,0,0,0,0,a4bd914c7291915272e950c5606bf45d28e87259d226c5f3dd2ec3a0ed11c65a,a4bd914c7291915272e950c5606bf45d28e87259d226c5f3dd2ec3a0ed11c65a,data/manifests/phase1e/2019-07/daily/source_2019072200.json
2019072200,day3_24h,p03,A,4,8,0,0,0,0,0,0,c060331da06ba10c52691abdbcb3950ffb39d0f9b70792ca11c7109c631132eb,c060331da06ba10c52691abdbcb3950ffb39d0f9b70792ca11c7109c631132eb,data/manifests/phase1e/2019-07/daily/source_2019072200.json
2019072200,day3_24h,p03,B,1,5,0,0,0,0,0,0,cc4cd946e35b154505754ab04a293acb674cf89f1ea8f0910bfbfc95ba708cfd,cc4cd946e35b154505754ab04a293acb674cf89f1ea8f0910bfbfc95ba708cfd,data/manifests/phase1e/2019-07/daily/source_2019072200.json
2019072200,day3_24h,p04,A,4,8,317,13,13,304,0,0,a2b82d66baebccd2c1966d9eeb6ba69f4883b1e24ba1990658aa9735bc662a8e,748f4b79126bde12f69e221ce8bf6e79950e4310a33141f36f057dbe6b782048,data/manifests/phase1e/2019-07/daily/source_2019072200.json
2019072200,day3_24h,p04,B,1,5,0,0,0,0,0,0,db5bbcafb97b893c601536222dc98e7cb7944883dd640123160a45ce5e9622f1,db5bbcafb97b893c601536222dc98e7cb7944883dd640123160a45ce5e9622f1,data/manifests/phase1e/2019-07/daily/source_2019072200.json
2019072300,day1_24h,c00,A,4,8,130,6,6,124,0,0,7038da107a13ca520e25d550556f85031dc6510868edc1d3f350c407155ba903,f13d9d27950844857f2f3bd4c05c9c11ea11a6efb0e6ae89ceb05f87107ed76d,data/manifests/phase1e/2019-07/daily/source_2019072300.json
2019072300,day1_24h,c00,B,1,5,0,0,0,0,0,0,408d5a3735489fe8cf4d7775b2abe02973650b6f02f472ce8cc3aad7668ee363,408d5a3735489fe8cf4d7775b2abe02973650b6f02f472ce8cc3aad7668ee363,data/manifests/phase1e/2019-07/daily/source_2019072300.json
2019072300,day1_24h,p01,A,4,8,0,0,0,0,0,0,0584d72a73a0f32ccd99cd630f26acd2342d58fc50f97294f8a9483a1415d12e,0584d72a73a0f32ccd99cd630f26acd2342d58fc50f97294f8a9483a1415d12e,data/manifests/phase1e/2019-07/daily/source_2019072300.json
2019072300,day1_24h,p01,B,1,5,0,0,0,0,0,0,87be1b35b50d2693f34bed738946e4e50402e56535ff3f1e3814ae0932761ad8,87be1b35b50d2693f34bed738946e4e50402e56535ff3f1e3814ae0932761ad8,data/manifests/phase1e/2019-07/daily/source_2019072300.json
2019072300,day1_24h,p02,A,4,8,91,2,2,89,0,0,69f85d8dc76b90d379f4e41bebe8993cb372afe6a1400c8ec6bbabc2bfb9a3a8,fa8346c2a88272af3b27c043a1a95619b11bff31a2e2e888df074cb0324df59a,data/manifests/phase1e/2019-07/daily/source_2019072300.json
2019072300,day1_24h,p02,B,1,5,0,0,0,0,0,0,a39bcbbf959390511d4f4b5d358f09b88523d4a0c713d008492e97c23c14518b,a39bcbbf959390511d4f4b5d358f09b88523d4a0c713d008492e97c23c14518b,data/manifests/phase1e/2019-07/daily/source_2019072300.json
2019072300,day1_24h,p03,A,4,8,188,15,15,173,0,0,0d0dc4bd2ef73d7a75cdb6a050d034601bdf99b3899267a61a7f2e8ccd1bf7f5,80b940468fab3f09c7c0928faa9d80fac353ef2ede0abbcae2d9472556897691,data/manifests/phase1e/2019-07/daily/source_2019072300.json
2019072300,day1_24h,p03,B,1,5,0,0,0,0,0,0,ceb9f6faf5a6269a43c9a602368a6ca6f6b3a1aa6e622df93f3f98397d32e86e,ceb9f6faf5a6269a43c9a602368a6ca6f6b3a1aa6e622df93f3f98397d32e86e,data/manifests/phase1e/2019-07/daily/source_2019072300.json
2019072300,day1_24h,p04,A,4,8,321,23,23,298,0,0,f47ee0ebf8de6338e2dedaf0b16acc51520b7475ae8b473d7566c097f883f545,4c9ec4bfb09a01ee5e7093002997fc6c5c515c4b6fe794c0f3936d233cb5506b,data/manifests/phase1e/2019-07/daily/source_2019072300.json
2019072300,day1_24h,p04,B,1,5,0,0,0,0,0,0,cffb9ec3b1a6ddeb8de362e687a1d21ac1ced0cb41a4b1d2ee7463b5b504f8a0,cffb9ec3b1a6ddeb8de362e687a1d21ac1ced0cb41a4b1d2ee7463b5b504f8a0,data/manifests/phase1e/2019-07/daily/source_2019072300.json
2019072300,day2_24h,c00,A,4,8,184,6,6,178,0,0,d70f0afbd43ad865c0ec18fee347f1e22ec22ebdde8db27941bce77159046b4d,46ab42dd47bb077fc177b451dc8bf3e1368ac473b538a3fae538ea6fdac595c4,data/manifests/phase1e/2019-07/daily/source_2019072300.json
2019072300,day2_24h,c00,B,1,5,0,0,0,0,0,0,7aa254cd14cd5a11ad8bad00df11e181a3591d95d4278dcadfd8d39bebf1d7b0,7aa254cd14cd5a11ad8bad00df11e181a3591d95d4278dcadfd8d39bebf1d7b0,data/manifests/phase1e/2019-07/daily/source_2019072300.json
2019072300,day2_24h,p01,A,4,8,216,14,14,202,0,0,837ee26b9a47969730e8a733866dd7d3d047a7cf65a0c16f181f012882b742d6,0f37b26575199ac2ee651c234442e282f080370ba0fc058f77cfb5ea07fd7cd2,data/manifests/phase1e/2019-07/daily/source_2019072300.json
2019072300,day2_24h,p01,B,1,5,0,0,0,0,0,0,bece6ee8b9514827a1a4719ff5295c79e330c96466038e7377d123adeed76725,bece6ee8b9514827a1a4719ff5295c79e330c96466038e7377d123adeed76725,data/manifests/phase1e/2019-07/daily/source_2019072300.json
2019072300,day2_24h,p02,A,4,8,70,4,4,66,0,0,880ce735874fbe44eebb63f81a792f2096c2a54e9262aebed72cce6ffe77830c,bc8acb071c36f2f154e6a0950193876129e517961bda94a58170735b595324dc,data/manifests/phase1e/2019-07/daily/source_2019072300.json
2019072300,day2_24h,p02,B,1,5,0,0,0,0,0,0,0b847a9f72e68c595b2d96914d6dcffb457f745de77ceecc98f5be2e8576eb34,0b847a9f72e68c595b2d96914d6dcffb457f745de77ceecc98f5be2e8576eb34,data/manifests/phase1e/2019-07/daily/source_2019072300.json
2019072300,day2_24h,p03,A,4,8,328,17,17,311,0,0,908b645556c0cf75be03d6e896a26f78f800e105c69956c0ed88cf064e10a397,bac8f1e827ffeacc7227faba5e6200ff3d0a317da047afbfcce90acc8b648253,data/manifests/phase1e/2019-07/daily/source_2019072300.json
2019072300,day2_24h,p03,B,1,5,0,0,0,0,0,0,f0fe8c964c214652f3cf779a00a871ae85f465a90a84f5313f92a4c5102f3e6b,f0fe8c964c214652f3cf779a00a871ae85f465a90a84f5313f92a4c5102f3e6b,data/manifests/phase1e/2019-07/daily/source_2019072300.json
2019072300,day2_24h,p04,A,4,8,0,0,0,0,0,0,8799dcc85fdedd3031a692c8aa208a1131c03ca1ac332ab0f6ac5661fc7fac5a,8799dcc85fdedd3031a692c8aa208a1131c03ca1ac332ab0f6ac5661fc7fac5a,data/manifests/phase1e/2019-07/daily/source_2019072300.json
2019072300,day2_24h,p04,B,1,5,0,0,0,0,0,0,a8b4d42127bc0ded0dc0292fe49d02c779ae2a21f3fed5544cc9724497e28e1d,a8b4d42127bc0ded0dc0292fe49d02c779ae2a21f3fed5544cc9724497e28e1d,data/manifests/phase1e/2019-07/daily/source_2019072300.json
2019072300,day3_24h,c00,A,4,8,230,10,10,220,0,0,2efa0008a3b03bb37339a75fb710ec3564fc06e0d6c9c31890c3b8f46babd20c,da88a25ce201d15c45dc1a20d009f8140bdace9c0ddc86613966fcc660823805,data/manifests/phase1e/2019-07/daily/source_2019072300.json
2019072300,day3_24h,c00,B,1,5,0,0,0,0,0,0,836e6080b4862d7fc1b741e62d5c5b6a48f4f1cbd03eed0a7b442bb5e8e08e6a,836e6080b4862d7fc1b741e62d5c5b6a48f4f1cbd03eed0a7b442bb5e8e08e6a,data/manifests/phase1e/2019-07/daily/source_2019072300.json
2019072300,day3_24h,p01,A,4,8,175,12,12,163,0,0,81211ba794fe4e0e072bfe68da9b824e0d0fbf41bf9bf5e57aed0245f9fb6d57,da0727b9cab221aae043a1d78aa404e9bd8c830502f304b95c958d4380d10dd8,data/manifests/phase1e/2019-07/daily/source_2019072300.json
2019072300,day3_24h,p01,B,1,5,0,0,0,0,0,0,f77394f45ee95a3c98f32378f22e2a3ec8b81095286ca56b0416d4f675519186,f77394f45ee95a3c98f32378f22e2a3ec8b81095286ca56b0416d4f675519186,data/manifests/phase1e/2019-07/daily/source_2019072300.json
2019072300,day3_24h,p02,A,4,8,116,0,0,116,0,0,28c5d90109b1619d4d3d0c4a07f3a9a8216e2e5d5b53c6ad9d7c581a72440a71,ffbf9a27d61de6f8d4c92bfade2e07497c4b815d6431a70d9214c4b943a0bd26,data/manifests/phase1e/2019-07/daily/source_2019072300.json
2019072300,day3_24h,p02,B,1,5,71,0,0,71,0,0,dc91ebe56cfc8cbc54d76bcabbb4cb944ca1d7c64a542b4a59444cdaee488a21,ecff606710e67a89037e40b99e6444e938100552d82251e8b47f6e9ff0bf3b3b,data/manifests/phase1e/2019-07/daily/source_2019072300.json
2019072300,day3_24h,p03,A,4,8,125,2,2,123,0,0,66efb670beec81c2979b4cd8167755d90fb99a354836a4568f241699f946389f,932f2d5d0e0e49e8e10161a21dcda1503863cae1db078f7a1169066f7cf05af3,data/manifests/phase1e/2019-07/daily/source_2019072300.json
2019072300,day3_24h,p03,B,1,5,0,0,0,0,0,0,696285c4436f6bbcaa06485575b16f17016a027535d69139c63a1968741005ac,696285c4436f6bbcaa06485575b16f17016a027535d69139c63a1968741005ac,data/manifests/phase1e/2019-07/daily/source_2019072300.json
2019072300,day3_24h,p04,A,4,8,459,25,25,434,1,0,3dd985c644f0946e3004857a11441103315e6b0dbac0e874167c6f99080d9cee,2b2fd138e88f721ebfa2427d03c83e5c2ca9d7c828d8576414a9e76f95fda9b4,data/manifests/phase1e/2019-07/daily/source_2019072300.json
2019072300,day3_24h,p04,B,1,5,166,9,9,157,1,0,91bea1e97f2447fcf6e55f57fed07b312eea8046317e2f7c7bbaa48d01620deb,1392667d826193a35e37e7ccffa064438a43c35f69ef5515f473d8157f1ac6fd,data/manifests/phase1e/2019-07/daily/source_2019072300.json
2019072400,day1_24h,c00,A,4,8,395,17,17,378,0,0,4b6c0f5b13e68048ffad85765f0dc855fe4dfee99703f4d1f4960f2a458fb1fc,fe41ec99bf09b26de9b5aec30916e04d6a53134e028956016cc56c16a4937d7f,data/manifests/phase1e/2019-07/daily/source_2019072400.json
2019072400,day1_24h,c00,B,1,5,0,0,0,0,0,0,8d0c01ae30dcbdb945ac33165fddafc26ff531560a9e79132fd59d1a0716a1bd,8d0c01ae30dcbdb945ac33165fddafc26ff531560a9e79132fd59d1a0716a1bd,data/manifests/phase1e/2019-07/daily/source_2019072400.json
2019072400,day1_24h,p01,A,4,8,278,4,4,274,0,0,598c91926eadb5f28f9e7a68f5798c18fbf7862e94214695aee86c252129d742,7e4119c0b0cf25c60076f119b9806650d1157d7b028509d299da2e3d75a7589c,data/manifests/phase1e/2019-07/daily/source_2019072400.json
2019072400,day1_24h,p01,B,1,5,0,0,0,0,0,0,56f88fd3fadbe8f9080776d948197dbbf4051f71fa82f54af5c8e29ef8999f28,56f88fd3fadbe8f9080776d948197dbbf4051f71fa82f54af5c8e29ef8999f28,data/manifests/phase1e/2019-07/daily/source_2019072400.json
2019072400,day1_24h,p02,A,4,8,171,10,10,161,0,0,b742292e016320290905df88bf57526c21ba12537a17c87908d06278f8b95f4e,f31330d9b1e884616f4ce5a84c23d5c2d1b3f37a214ede062935264cd904d23c,data/manifests/phase1e/2019-07/daily/source_2019072400.json
2019072400,day1_24h,p02,B,1,5,0,0,0,0,0,0,99431f4d638b6e010a30679c9f89ad76cecc8f4d9471b6136f844d3e86e38ae3,99431f4d638b6e010a30679c9f89ad76cecc8f4d9471b6136f844d3e86e38ae3,data/manifests/phase1e/2019-07/daily/source_2019072400.json
2019072400,day1_24h,p03,A,4,8,166,7,7,159,0,0,327b5ff9473999227cbc571367c687635b66575d56510bba7f080b8d0382b2e8,a2d054f279671cf64e1c0b461329428eae16ffdafd1df73899cda48afd8a6b77,data/manifests/phase1e/2019-07/daily/source_2019072400.json
2019072400,day1_24h,p03,B,1,5,0,0,0,0,0,0,20ee0c9b87d2911ac460c39f46dfc8da8631a1aecf006bf75db8efd267cdd9b5,20ee0c9b87d2911ac460c39f46dfc8da8631a1aecf006bf75db8efd267cdd9b5,data/manifests/phase1e/2019-07/daily/source_2019072400.json
2019072400,day1_24h,p04,A,4,8,161,6,6,155,0,0,49c514c46d6d07f76c4fbda0605db7eb3d0ef48cb85c1d72a55b0b6cfc8f3b9e,73a9c00d497593daaa41144dbcc495bdd2342b394915fb0ccf8233a71ac0f312,data/manifests/phase1e/2019-07/daily/source_2019072400.json
2019072400,day1_24h,p04,B,1,5,0,0,0,0,0,0,2a59389d358e4a8689f6fc24047e142c8bac6c7fe3a25b1c788c2eb8aa8871f7,2a59389d358e4a8689f6fc24047e142c8bac6c7fe3a25b1c788c2eb8aa8871f7,data/manifests/phase1e/2019-07/daily/source_2019072400.json
2019072400,day2_24h,c00,A,4,8,309,6,6,303,0,0,49b976663489fcad70484773e3c60c61030e2474ab2666d44d1b3ee9fd02c252,46c782e0d3d78bb4f9e2f7536f2986f3f14b5a6f8fbc013bf790cb46347cd34e,data/manifests/phase1e/2019-07/daily/source_2019072400.json
2019072400,day2_24h,c00,B,1,5,0,0,0,0,0,0,f154b37cb2cbdc33d15b2121dbc6d57f1b56e365fc585c1e7669c090ec49fe99,f154b37cb2cbdc33d15b2121dbc6d57f1b56e365fc585c1e7669c090ec49fe99,data/manifests/phase1e/2019-07/daily/source_2019072400.json
2019072400,day2_24h,p01,A,4,8,262,7,7,255,9,0,0415a689b0c261c696c6029a86d3ccbab686b41157db3b5833469009037336ed,a1d4a64f2ebcd9d16a9f0ab2002446fc970535af3dd703e47a9aceeb30848f06,data/manifests/phase1e/2019-07/daily/source_2019072400.json
2019072400,day2_24h,p01,B,1,5,160,5,5,155,9,0,6018fb22f628d81aa69402e382c124316469fc6551638498483c150faaaa6785,c63674020bdcdd84156e8e210fb672018cb40d44233774fa2cbfb841550e3c65,data/manifests/phase1e/2019-07/daily/source_2019072400.json
2019072400,day2_24h,p02,A,4,8,0,0,0,0,0,0,8779efce597e349ca988f648656c7724c1639a9211d9fee1fe6107970e3e695b,8779efce597e349ca988f648656c7724c1639a9211d9fee1fe6107970e3e695b,data/manifests/phase1e/2019-07/daily/source_2019072400.json
2019072400,day2_24h,p02,B,1,5,0,0,0,0,0,0,9cd2ab0340ce4199308f6f5aaa915faabf25b169a206a867cebfc52055dc3cc5,9cd2ab0340ce4199308f6f5aaa915faabf25b169a206a867cebfc52055dc3cc5,data/manifests/phase1e/2019-07/daily/source_2019072400.json
2019072400,day2_24h,p03,A,4,8,0,0,0,0,0,0,a4e47aca8f032cdaeb932b1c7177bc14f7444d311536afe8d0bc831c2d0d5a1e,a4e47aca8f032cdaeb932b1c7177bc14f7444d311536afe8d0bc831c2d0d5a1e,data/manifests/phase1e/2019-07/daily/source_2019072400.json
2019072400,day2_24h,p03,B,1,5,0,0,0,0,0,0,e687e859e09ce59896c0dea805054f1bfd21f996094d0b840052bcaafd4fabc1,e687e859e09ce59896c0dea805054f1bfd21f996094d0b840052bcaafd4fabc1,data/manifests/phase1e/2019-07/daily/source_2019072400.json
2019072400,day2_24h,p04,A,4,8,395,19,19,376,2,0,752e5992204100837290ebcd16298a73ebe2234bf4367d698ea91f6c7cffbce0,1aaf8a9dc2aefb66492ca2355bcba74b14f649badeb3b6b08c019caffa19e17f,data/manifests/phase1e/2019-07/daily/source_2019072400.json
2019072400,day2_24h,p04,B,1,5,139,5,5,134,2,0,e63d2820b5544eb0cd3e04a5e54f86b06001d448098ce7058d53bdef3342f99f,bdb9c10bad66241ff0dc8c4e52557b7dc9256de732be0fd47247c7133267a9f8,data/manifests/phase1e/2019-07/daily/source_2019072400.json
2019072400,day3_24h,c00,A,4,8,427,10,10,417,1,0,77202f7435e4b473ad9de68847f0bed30993ae28a4446eda22d3638b31f536a2,69204d97b4b6beb4c7ff3d881971acbb864b4734e3ecda7ca7b070b1138c3de7,data/manifests/phase1e/2019-07/daily/source_2019072400.json
2019072400,day3_24h,c00,B,1,5,131,2,2,129,1,0,2e0deb6883e514b1e0a2055b740c683bb8388385de802f896b6d171ebdb66bd4,a1a2dee263311152fae7675ccbdd81d2fe55e08a524beb05f806b8412b72b509,data/manifests/phase1e/2019-07/daily/source_2019072400.json
2019072400,day3_24h,p01,A,4,8,0,0,0,0,0,0,30d8a0c5bad77db92c865c4c25b1fbf5e2b4c061c6baf71a6b12fee305928b7c,30d8a0c5bad77db92c865c4c25b1fbf5e2b4c061c6baf71a6b12fee305928b7c,data/manifests/phase1e/2019-07/daily/source_2019072400.json
2019072400,day3_24h,p01,B,1,5,0,0,0,0,0,0,212329795f05fdfb38e3420d70f9f83c0f6afe142e3d46a97a57d1ffb3864240,212329795f05fdfb38e3420d70f9f83c0f6afe142e3d46a97a57d1ffb3864240,data/manifests/phase1e/2019-07/daily/source_2019072400.json
2019072400,day3_24h,p02,A,4,8,331,12,12,319,0,0,6119b7c0a78a69419bf59d154a5241db9cc292eb2f9d85306510ac8e126ae6f9,56c3989710fec83f6d825f7aadf510ed8a218ac1453a89f9c704d2ab17b35e64,data/manifests/phase1e/2019-07/daily/source_2019072400.json
2019072400,day3_24h,p02,B,1,5,0,0,0,0,0,0,4b7854da59a25a260e2af8ee51ac74c73ffcce5ec5aa4f1fb9ba2739859e189d,4b7854da59a25a260e2af8ee51ac74c73ffcce5ec5aa4f1fb9ba2739859e189d,data/manifests/phase1e/2019-07/daily/source_2019072400.json
2019072400,day3_24h,p03,A,4,8,154,7,7,147,0,0,b07400bc29074f1734cb08a6d558b9a3b3c48dfd1352afa01262baaf19051f0d,ee462ef100100562f2f98f39d7a648ea52ba1e85899c37d741dc23eface60cc9,data/manifests/phase1e/2019-07/daily/source_2019072400.json
2019072400,day3_24h,p03,B,1,5,0,0,0,0,0,0,aefc7b369be143e2f139ab7af1d99d1b3f2cd1cdb3250e5fb5152ba9952ef307,aefc7b369be143e2f139ab7af1d99d1b3f2cd1cdb3250e5fb5152ba9952ef307,data/manifests/phase1e/2019-07/daily/source_2019072400.json
2019072400,day3_24h,p04,A,4,8,222,2,2,220,0,0,85629a1d02c53550d39f750149fec82c027a2796433df7910d796a92ee6c5647,6dade4cf57e4682bb49877da1bad623845b62dfe641c2df2afa0e1cffec65542,data/manifests/phase1e/2019-07/daily/source_2019072400.json
2019072400,day3_24h,p04,B,1,5,0,0,0,0,0,0,6fb85a14ff212ed01922e4ab9b6bda575c5bdf4dd51fe276ce1e42fd9ec98bad,6fb85a14ff212ed01922e4ab9b6bda575c5bdf4dd51fe276ce1e42fd9ec98bad,data/manifests/phase1e/2019-07/daily/source_2019072400.json
2019072500,day1_24h,c00,A,4,8,244,6,6,238,0,0,90b0a6da66db5c047386321affb890685b567f8c3eeee5c76533fcd382d671e1,45678e9ae17bb0954065a343aacea6971d0dbf585689884eee0d2f26442fe687,data/manifests/phase1e/2019-07/daily/source_2019072500.json
2019072500,day1_24h,c00,B,1,5,0,0,0,0,0,0,493d11993b3d26b251c21597a03401c629c5fd060cc7f800996ecdb4be4766cd,493d11993b3d26b251c21597a03401c629c5fd060cc7f800996ecdb4be4766cd,data/manifests/phase1e/2019-07/daily/source_2019072500.json
2019072500,day1_24h,p01,A,4,8,356,16,16,340,0,0,4af197b3687940096faf9edd363969f4d50aac2002ac99207902a689475fd9df,4a2dfac28b5e2db2bb6bb68b6b9f2b6253a85df7bb19c6634c087f90be39b4c8,data/manifests/phase1e/2019-07/daily/source_2019072500.json
2019072500,day1_24h,p01,B,1,5,101,0,0,101,0,0,4047ffa71edb651ae22cbf1576d4a874bd1c913ed2eb60e25d4e5da3e98ab9c9,f010b407b5e28339e8b03440edc2b3369edddf988c81c8259c86617bc0392734,data/manifests/phase1e/2019-07/daily/source_2019072500.json
2019072500,day1_24h,p02,A,4,8,223,7,7,216,0,0,a7b400145ab870225ac9afc0c690f9137a159aa8898ad45d86c7f15eba2426eb,8695f60e7f011fc1417d8a00b0faf6d10b19e6f5c86081549efefeb686814b34,data/manifests/phase1e/2019-07/daily/source_2019072500.json
2019072500,day1_24h,p02,B,1,5,0,0,0,0,0,0,12eb83526d8db1dd8662a21a81522b404fcf72881d5f51b23f35679944409359,12eb83526d8db1dd8662a21a81522b404fcf72881d5f51b23f35679944409359,data/manifests/phase1e/2019-07/daily/source_2019072500.json
2019072500,day1_24h,p03,A,4,8,70,0,0,70,0,0,1d04a8a78fe303892d6ea3de339383f49bdda4b6382f51c5ca6ba93a41e62e0a,0084f2c19e4d7ca4e46ee9f79d395692002bae0591cacd9863589c4a6cf6fb9f,data/manifests/phase1e/2019-07/daily/source_2019072500.json
2019072500,day1_24h,p03,B,1,5,70,0,0,70,0,0,c03438f427a70dd62f988bdaa23411def82b0137e81e7ecb8338ecb9ed9bf13a,f1eceb52a30b2c7f92ed68bd74a6ceb2df6532551fe8da5d884ee684ccf75c2c,data/manifests/phase1e/2019-07/daily/source_2019072500.json
2019072500,day1_24h,p04,A,4,8,86,0,0,86,0,0,79197a064363ab83d40cff02a3a6bfa8900d2afdf98f444ff44322496b7f045e,5bbb7605ca48ba5ec523576efe77fe53c93422b27f78a4079a21cb967e5d2f31,data/manifests/phase1e/2019-07/daily/source_2019072500.json
2019072500,day1_24h,p04,B,1,5,86,0,0,86,0,0,e6ee860576711b2707bf679e9ff938caeb128b9687e1516c849f809ee56df22d,12fd8f7558fa75496f45491c0533a1def94de0ee2501689580fd4dfba4eb51a1,data/manifests/phase1e/2019-07/daily/source_2019072500.json
2019072500,day2_24h,c00,A,4,8,403,12,12,391,0,0,b3006aff1c9a77d1c7af514b08d56c64c2f5f0f7a39d64bf90f3ccfb0591e2f6,93c6780976ae712feea42f5b5fcae79c970a9ab1cefd33dce437c6187691b703,data/manifests/phase1e/2019-07/daily/source_2019072500.json
2019072500,day2_24h,c00,B,1,5,0,0,0,0,0,0,f18bf408f4430cfd4e0976c91e801d38e22f6b5391ded468eb93a79376588e67,f18bf408f4430cfd4e0976c91e801d38e22f6b5391ded468eb93a79376588e67,data/manifests/phase1e/2019-07/daily/source_2019072500.json
2019072500,day2_24h,p01,A,4,8,273,8,8,265,0,0,1856b3f8ac06799bd9148c1b2af0da7660608949b6dbe744264556c0c02e23b8,6e8d6a6f43a1240006a30ded36bcb2de4a4686f6154438092899eb7b82111988,data/manifests/phase1e/2019-07/daily/source_2019072500.json
2019072500,day2_24h,p01,B,1,5,0,0,0,0,0,0,0a8ffc0c4679bb4025ae657ed762f94fc31a521e1e652de47293cf3e73f5afd0,0a8ffc0c4679bb4025ae657ed762f94fc31a521e1e652de47293cf3e73f5afd0,data/manifests/phase1e/2019-07/daily/source_2019072500.json
2019072500,day2_24h,p02,A,4,8,135,5,5,130,0,0,9e602f7719fe49fb8c8f70b22ec140f52ebc5e6e946c03bf41464126b1d34bc8,df5724472cf2ec0f06a7c1d717b8d6274b02bb248f31944c7a2484e7654163c7,data/manifests/phase1e/2019-07/daily/source_2019072500.json
2019072500,day2_24h,p02,B,1,5,0,0,0,0,0,0,c181c5fde6ee2a2f1374cd9f599cdf179dac30706281dddcd18790d5873a6eda,c181c5fde6ee2a2f1374cd9f599cdf179dac30706281dddcd18790d5873a6eda,data/manifests/phase1e/2019-07/daily/source_2019072500.json
2019072500,day2_24h,p03,A,4,8,462,5,5,457,0,0,dbe6a0d4ecfe8e4f1736c3bc2b7f19c9b0f61000702f7044a1aa9134caa9669f,79f9e99c8f3f10b69a388667c0be4f820dc7aac633c45113b5f0cdde57cc3bad,data/manifests/phase1e/2019-07/daily/source_2019072500.json
2019072500,day2_24h,p03,B,1,5,0,0,0,0,0,0,883f17cf43b693f4a57df310158f3b2863bfbd256c468dd71427763d886f25dc,883f17cf43b693f4a57df310158f3b2863bfbd256c468dd71427763d886f25dc,data/manifests/phase1e/2019-07/daily/source_2019072500.json
2019072500,day2_24h,p04,A,4,8,0,0,0,0,0,0,83bd6cdebb04d73696127645e298d35884d1be4c6374edcb3e5056e0e1043654,83bd6cdebb04d73696127645e298d35884d1be4c6374edcb3e5056e0e1043654,data/manifests/phase1e/2019-07/daily/source_2019072500.json
2019072500,day2_24h,p04,B,1,5,0,0,0,0,0,0,33760b62abca8cb7857ca5b507dd2c1724b688f52d09e68d40da0b17c833ab2c,33760b62abca8cb7857ca5b507dd2c1724b688f52d09e68d40da0b17c833ab2c,data/manifests/phase1e/2019-07/daily/source_2019072500.json
2019072500,day3_24h,c00,A,4,8,112,8,8,104,24,1,8b9ec6944d2b7685d09456a91a9ff492487e9e9557e6c31bad6c78e800466cc4,52431803eb695e746e10b142fe521e5d5a85195e472aafa7902c7db86fcf479b,data/manifests/phase1e/2019-07/daily/source_2019072500.json
2019072500,day3_24h,c00,B,1,5,112,8,8,104,24,1,48d7e45f503c793267b97f5a9ba72c8f8f7931c23c22716642102171ef33383e,6fb5c6fcb1b1428545ea4d19d0d3020b7c0a2c65b0209c8ed230085eab6367d2,data/manifests/phase1e/2019-07/daily/source_2019072500.json
2019072500,day3_24h,p01,A,4,8,660,23,23,637,6,0,57db8d3ae9a4969b8edb27fee61e161034ae4e97b2ed9fc1a7f35bae953359f2,3ba2b2fa4829e8ce656b9d6e2f9f37eb79768cf76798b7cbcbc03a599d6147c8,data/manifests/phase1e/2019-07/daily/source_2019072500.json
2019072500,day3_24h,p01,B,1,5,199,7,7,192,6,0,4fa5cffd7eea54e4b030f4d1dde8a23ef7c7776296703d9668feeaa435d33ff9,ed34288721e0444f3d02aec49535c66ab610ce129aaa66362f7e84650ee7bf52,data/manifests/phase1e/2019-07/daily/source_2019072500.json
2019072500,day3_24h,p02,A,4,8,78,4,4,74,1,0,b2aba6a826404a9137801c759573c93a7c03139178df24a8a07ed5793745760c,1d8e1ea7c2d955e7d651f44bea386cffb15b72c5e571e3ad3658bc98a6f0bbe8,data/manifests/phase1e/2019-07/daily/source_2019072500.json
2019072500,day3_24h,p02,B,1,5,78,4,4,74,1,0,ea656f14e7d50746e7191d2d66e0e78388fea47e25cd353ab18ba9b01e3f3d87,5d7241d4b57ac0f7c0f7405e4bceec2d889294438358ab6604faff7d32a08310,data/manifests/phase1e/2019-07/daily/source_2019072500.json
2019072500,day3_24h,p03,A,4,8,415,12,12,403,12,0,72dd8217270fdbded64610aef5eedfeb7834d4a8e75dc5d6956d8e3de281ac13,7d9c8d28d9948d7fa2a48e1685b2fa47eca5594cc2a55458895b3c5fb598db70,data/manifests/phase1e/2019-07/daily/source_2019072500.json
2019072500,day3_24h,p03,B,1,5,134,2,2,132,12,0,9f96ab46eb27c95a2160a15252bc302de21da5c230eb413ed5d53dcc52fbc60b,b906fbfc77042d0a23ee2f7e0e345ab80fa903d96f566eee3256c3b430bc828c,data/manifests/phase1e/2019-07/daily/source_2019072500.json
2019072500,day3_24h,p04,A,4,8,375,3,3,372,0,0,2d5d7c5beed5ba99b8fc2a30f5ad970d87fdce9872f6830010d5cd5961237ff5,0db2502f0bc8b05f6bab160ccdd76a126f5d05cc4fd4311b129a79428fc49975,data/manifests/phase1e/2019-07/daily/source_2019072500.json
2019072500,day3_24h,p04,B,1,5,0,0,0,0,0,0,e6b9be6636d0aac11618c2cbbe8a42f5c7bea3937964db15ed22b97ded57144d,e6b9be6636d0aac11618c2cbbe8a42f5c7bea3937964db15ed22b97ded57144d,data/manifests/phase1e/2019-07/daily/source_2019072500.json
2019072600,day1_24h,c00,A,4,8,471,23,23,448,0,0,3aaa83493194856a0ad775a6cb4acce709ad01120f06526e96567348715df873,566600328b8898fb9add7af0c19b34c33af8aac571e1f07e6badb668a9eaf5f8,data/manifests/phase1e/2019-07/daily/source_2019072600.json
2019072600,day1_24h,c00,B,1,5,0,0,0,0,0,0,f0e0ccf004c377d6cba59c389382c95ff76cdf3fc320f7d69c00862d7d76feaa,f0e0ccf004c377d6cba59c389382c95ff76cdf3fc320f7d69c00862d7d76feaa,data/manifests/phase1e/2019-07/daily/source_2019072600.json
2019072600,day1_24h,p01,A,4,8,287,12,12,275,0,0,3d2e16e03a0a2a515eefabc9fc094e8c04036c6588c650c3d924d72965f47007,c24770ca6c25355871f584bf2db55df2efc6d57155a71e067de550f3c3fd8cdc,data/manifests/phase1e/2019-07/daily/source_2019072600.json
2019072600,day1_24h,p01,B,1,5,0,0,0,0,0,0,a02c185a47a66c6df986e481a8de75f1b18f3315bb1e89565ed8addd94aea7ec,a02c185a47a66c6df986e481a8de75f1b18f3315bb1e89565ed8addd94aea7ec,data/manifests/phase1e/2019-07/daily/source_2019072600.json
2019072600,day1_24h,p02,A,4,8,96,0,0,96,0,0,f5b45a0b70417a834723da172f5cb0d68310777b72f60371568d15a1420ebd6a,724373cd76f95d843644a06b1274200924d0d5f203b48613bd9165dfc1c9175a,data/manifests/phase1e/2019-07/daily/source_2019072600.json
2019072600,day1_24h,p02,B,1,5,96,0,0,96,0,0,5f27ac35d3d44b20b9a085d6612ff7ae035bd95f9424a1aa7aca6de4e8aa2cd9,39204cde625ed2f2fd0872f2092699c4356dd06ca96a9a71080b74e394bdfea6,data/manifests/phase1e/2019-07/daily/source_2019072600.json
2019072600,day1_24h,p03,A,4,8,89,6,6,83,0,0,8f889affb4613c31393e9976a4579f840a8483abd9cbdf6c709eae871892a15e,b965a5f2d15167038cdad19a7d3360bf4eae2803bcc99d96f60cf0bf5299b43b,data/manifests/phase1e/2019-07/daily/source_2019072600.json
2019072600,day1_24h,p03,B,1,5,0,0,0,0,0,0,913555457a2a3386627fbfb1a359b9066e05c2419bb534b27a87ca5e9a6f9c1f,913555457a2a3386627fbfb1a359b9066e05c2419bb534b27a87ca5e9a6f9c1f,data/manifests/phase1e/2019-07/daily/source_2019072600.json
2019072600,day1_24h,p04,A,4,8,241,3,3,238,1,0,488a5eefc9ca5074ab9108c19bef6ac61ed095110186c49e6d8086cfca17ecb2,6ae9c8f6548b10be4318c678e3b6a4e6865e0c2e55ea01d277219a2f05451478,data/manifests/phase1e/2019-07/daily/source_2019072600.json
2019072600,day1_24h,p04,B,1,5,68,0,0,68,1,0,e409fcc69f96eb237145e3b68284bbfd9924a00248ab5a46bdf9e572e3fb4a75,adecb05a5dcd93b917e2cf9b066961edfc8b3242c4aea68f48b18e69df8ccd7c,data/manifests/phase1e/2019-07/daily/source_2019072600.json
2019072600,day2_24h,c00,A,4,8,143,1,1,142,12,0,8106db92cb0bb4ac51a00a62df17ab18681171adb5b8cc0170bca61aeb373de0,d5924744661a5032638386f5b98ad9b0928f533a79df02188f92832954b34058,data/manifests/phase1e/2019-07/daily/source_2019072600.json
2019072600,day2_24h,c00,B,1,5,143,1,1,142,12,0,5a5fdeae48bbe25a268b32c558e03cb8e023f51349e23b393475612f5e6ca503,1a6dbb87ea3c2b620539535ffa98cef434997c11f9fcef4febdee7073414a6d4,data/manifests/phase1e/2019-07/daily/source_2019072600.json
2019072600,day2_24h,p01,A,4,8,203,2,2,201,74,0,8761d62ffad81d2cb9877b6626987d55b67928472855d5fb5b328d8e01052e87,dad063d97a0377fe9f972d7716a376eb72357ca9423fa80f6192e12d4e506b2a,data/manifests/phase1e/2019-07/daily/source_2019072600.json
2019072600,day2_24h,p01,B,1,5,203,2,2,201,74,0,e8dee6fd35e76ab428905be9b825f79a73174f98f049362e25b7879898672b76,1f531ac90013c9b4d9557a6ea76a47f301bb31b2d851adbebbc5ed11dfabaec2,data/manifests/phase1e/2019-07/daily/source_2019072600.json
2019072600,day2_24h,p02,A,4,8,229,11,11,218,0,0,f2ba6d5d54da6f50498e170e295dc29fcaf3b2e4509f2416edf40a18d685f801,39b62c7e41a3d6b48c24cf91f635a977425b4a2384e3a0b73c8e8612b94ffffe,data/manifests/phase1e/2019-07/daily/source_2019072600.json
2019072600,day2_24h,p02,B,1,5,0,0,0,0,0,0,0db6fa4c2b89837cd1aca7475101d910e0acdc2fece8a9e367f15de29ecdf357,0db6fa4c2b89837cd1aca7475101d910e0acdc2fece8a9e367f15de29ecdf357,data/manifests/phase1e/2019-07/daily/source_2019072600.json
2019072600,day2_24h,p03,A,4,8,0,0,0,0,0,0,6c66b732756fd0e523deb8076d1156ca42e2f5a05f0614ea29529fafc09b9717,6c66b732756fd0e523deb8076d1156ca42e2f5a05f0614ea29529fafc09b9717,data/manifests/phase1e/2019-07/daily/source_2019072600.json
2019072600,day2_24h,p03,B,1,5,0,0,0,0,0,0,0a6511c80442fba33d8267a8a26accd3440c0caff59f90851a928daea1c5de43,0a6511c80442fba33d8267a8a26accd3440c0caff59f90851a928daea1c5de43,data/manifests/phase1e/2019-07/daily/source_2019072600.json
2019072600,day2_24h,p04,A,4,8,0,0,0,0,0,0,9392f63d3a4166709cd83fd7ad9a4d09d2753f1e8e37dddd38d36cd21c3dcda0,9392f63d3a4166709cd83fd7ad9a4d09d2753f1e8e37dddd38d36cd21c3dcda0,data/manifests/phase1e/2019-07/daily/source_2019072600.json
2019072600,day2_24h,p04,B,1,5,0,0,0,0,0,0,d79f3a23d006fee6281d09ea5139110e15aa6879989bb160f191ef60e2b075bb,d79f3a23d006fee6281d09ea5139110e15aa6879989bb160f191ef60e2b075bb,data/manifests/phase1e/2019-07/daily/source_2019072600.json
2019072600,day3_24h,c00,A,4,8,578,18,18,560,1,0,8c8aa1290c01d4b6a6ef79e1e3105e7545af2ef4c02137a045bca8209ebb8da4,b3a6caa003d9276f459fd793bf28911fb783d4d8418c5bb4f553aca6e2da1a07,data/manifests/phase1e/2019-07/daily/source_2019072600.json
2019072600,day3_24h,c00,B,1,5,109,2,2,107,1,0,7886338f68efd59496fb4c70ed4b6687094a2c93a4e97017a723bfdf77e32ed6,3e4d76c8290e4cf031b8785e96aca621e3d56560eb3d217165c44ba69d1f3d7e,data/manifests/phase1e/2019-07/daily/source_2019072600.json
2019072600,day3_24h,p01,A,4,8,163,4,4,159,0,0,b6a13cef9a164d086a8959f0754d010f37319fd1403f1b52b241d56fe3a38e13,134a2cad08278aa0163205967a6ec154476f9432fa5b4480a82ef4e67dc5cf6a,data/manifests/phase1e/2019-07/daily/source_2019072600.json
2019072600,day3_24h,p01,B,1,5,0,0,0,0,0,0,5e7b4235136d946adb13baa7be38b1813711dc190ca29e84f2ded8f318f77afc,5e7b4235136d946adb13baa7be38b1813711dc190ca29e84f2ded8f318f77afc,data/manifests/phase1e/2019-07/daily/source_2019072600.json
2019072600,day3_24h,p02,A,4,8,142,3,3,139,11,0,5b206bfd7203cd6bfe964acfb44e58ecd4276c7ed32f9012a64ff767d88ef904,02ece78e5b46e73596b6023680554ee079b419f36365b5f39407357bb689d3aa,data/manifests/phase1e/2019-07/daily/source_2019072600.json
2019072600,day3_24h,p02,B,1,5,142,3,3,139,11,0,4553ef39ecccecadce8bf5e795e3e917bf9d62808cf9a2ca04d5c766acb82d6e,8ca4029be303bbb88dcf0700195f4e5cc9e294c408e7bc175e20b4ee8e17a72e,data/manifests/phase1e/2019-07/daily/source_2019072600.json
2019072600,day3_24h,p03,A,4,8,0,0,0,0,0,0,052edc539a7badf1d215788f25cc5686af8083263ed7b573a760f0c443a2389b,052edc539a7badf1d215788f25cc5686af8083263ed7b573a760f0c443a2389b,data/manifests/phase1e/2019-07/daily/source_2019072600.json
2019072600,day3_24h,p03,B,1,5,0,0,0,0,0,0,4673cf15fce40768218cb0ee7fca3164006764896b383e07b3fef506b7a66568,4673cf15fce40768218cb0ee7fca3164006764896b383e07b3fef506b7a66568,data/manifests/phase1e/2019-07/daily/source_2019072600.json
2019072600,day3_24h,p04,A,4,8,167,7,7,160,0,0,feaee6336815d13fd424f3ec9c79adf4e8538d90017231720c8d941306d61d88,74efd22c1dfd100fdd2efe0cb2cc2b929d4acc149c732aa38e9836bcf6f0d486,data/manifests/phase1e/2019-07/daily/source_2019072600.json
2019072600,day3_24h,p04,B,1,5,0,0,0,0,0,0,0e193024df49b5cfa0a8ccc4cc90c943525624be5ffc7c12db46327ff6e2cea8,0e193024df49b5cfa0a8ccc4cc90c943525624be5ffc7c12db46327ff6e2cea8,data/manifests/phase1e/2019-07/daily/source_2019072600.json
2019072700,day1_24h,c00,A,4,8,474,13,13,461,0,0,a4681ba294ebb4ff2e8a43200925a318715e01ff684ab30ee8fdea26ff0217bc,38df1857ec0d414ba1c16c32d3018c9238b3ab5a9eea8fc177ed40e6cdf93190,data/manifests/phase1e/2019-07/daily/source_2019072700.json
2019072700,day1_24h,c00,B,1,5,0,0,0,0,0,0,c89d633f703457137062fc78d620e7a11d695ac5ff74656a4774b3b262865feb,c89d633f703457137062fc78d620e7a11d695ac5ff74656a4774b3b262865feb,data/manifests/phase1e/2019-07/daily/source_2019072700.json
2019072700,day1_24h,p01,A,4,8,509,16,16,493,0,0,ec2bfc442eb93978c5fde813886c644565210641020f877552a63558453ffc6c,4adb53d4f4f9f91185b77b76e543234e4006736235ff7cd5d9acc0f85c7870ab,data/manifests/phase1e/2019-07/daily/source_2019072700.json
2019072700,day1_24h,p01,B,1,5,0,0,0,0,0,0,f44ea2cb51237e2453099d01d17708c02389d9ec02c537ebbf00f31a6cbf8665,f44ea2cb51237e2453099d01d17708c02389d9ec02c537ebbf00f31a6cbf8665,data/manifests/phase1e/2019-07/daily/source_2019072700.json
2019072700,day1_24h,p02,A,4,8,260,2,2,258,3,0,9775f26d9ae6c7d9d3616bfafcd0cf5e361acc9ce1334f11addba6c27649fd08,b18704f4a138d1be8b512f9a565760683b911fa7d071957dbb7d720acc134070,data/manifests/phase1e/2019-07/daily/source_2019072700.json
2019072700,day1_24h,p02,B,1,5,80,0,0,80,3,0,97e57d2e06ff3fc6a29929f7337a54b83495fe2ee0671a9021a6c3773b2c9dd3,2c370d1936d13a3a0da8c8d4e7f8a45081c60059836e45a1c619b3f08295a601,data/manifests/phase1e/2019-07/daily/source_2019072700.json
2019072700,day1_24h,p03,A,4,8,315,4,4,311,5,0,d601c204353300b623c64da4711449a4e657130e2b4941b461fc71e05aa78233,70468de65942100644f580a55ae8fda984fa2693edd3b2824a63a4527bae5b4a,data/manifests/phase1e/2019-07/daily/source_2019072700.json
2019072700,day1_24h,p03,B,1,5,91,0,0,91,5,0,d59428ec064edcc51262af8a4443fb86ee02e5ec0a218fba247c34a47dfb5515,7a76cdaaf9e7245d357d489da293bbd87433c21456f3dc3063cdcef640e8d8ec,data/manifests/phase1e/2019-07/daily/source_2019072700.json
2019072700,day1_24h,p04,A,4,8,36,0,0,36,0,0,7027efa94bd46e525511a12651a620871394cfaee3ea239209a8af955c8edbd1,75c6c603f513af8cf50dd84dc2f606c62e94a797bc0dfa2c784277e606a3b0fc,data/manifests/phase1e/2019-07/daily/source_2019072700.json
2019072700,day1_24h,p04,B,1,5,36,0,0,36,0,0,1603b6414a4cd36b4d592e01722b2f36809433a52ab66e291090170cda9edb49,c9f4ee6d528a003e9d75c4a91f8dfc81cb02592200a46dfd8bb0c5e799aea132,data/manifests/phase1e/2019-07/daily/source_2019072700.json
2019072700,day2_24h,c00,A,4,8,129,5,5,124,0,0,59460d7e28bcc2e21504a6ae173933b2e7ed67e372c036375e75e8f396dd78d0,99f8d90df06f2f69c16d41cd8ec927251e9cfe80db58ebf38daae059e7ffed51,data/manifests/phase1e/2019-07/daily/source_2019072700.json
2019072700,day2_24h,c00,B,1,5,0,0,0,0,0,0,5ae8cd2be2f068364d5c11e5e457819bc4acd2921db719c116f7be5eb36e8f66,5ae8cd2be2f068364d5c11e5e457819bc4acd2921db719c116f7be5eb36e8f66,data/manifests/phase1e/2019-07/daily/source_2019072700.json
2019072700,day2_24h,p01,A,4,8,170,4,4,166,6,2,8d6b1f84daf731e0282efb3de19c9856cd45a52174c4bf5fa5b93829c3a94881,caf0592db44f54807df15ee4abd3e21cb4fff26ce6cf431ed79d99fc43a0d377,data/manifests/phase1e/2019-07/daily/source_2019072700.json
2019072700,day2_24h,p01,B,1,5,170,4,4,166,6,2,ec86cae3ea2cbba7f5e4095c3c8424aa5bfb2400b52f81f1c58b4fabec6056f8,0d8c5b3759a5cd272030fd3269820931d74c36a991293a5edf6caf385b312a56,data/manifests/phase1e/2019-07/daily/source_2019072700.json
2019072700,day2_24h,p02,A,4,8,287,12,12,275,2,0,bed1a11b53998322f2f9cb4ef4138048c5780561a660d4f81d2672f177bdc91b,596422ebc103d8e939fac4c6bbfe73e4b5356b31b24cbc03331dd493136babfd,data/manifests/phase1e/2019-07/daily/source_2019072700.json
2019072700,day2_24h,p02,B,1,5,127,2,2,125,2,0,db70d5322503e70711a4b7ebba71649c1d4c05830ce20746284c1d894792a522,a4f0effc32e746e3d69756e18df4eba8d659ef15da67d7994fbab60e2b476177,data/manifests/phase1e/2019-07/daily/source_2019072700.json
2019072700,day2_24h,p03,A,4,8,242,16,16,226,0,0,6e50861de8a556d4bf49690c3fca816e87c6cf626b11ef6427c7f12b106b5742,aa1998e405f47ad8185ee8c03a8c8b098a4af2c0665a4e9eb9009af4ebb2a104,data/manifests/phase1e/2019-07/daily/source_2019072700.json
2019072700,day2_24h,p03,B,1,5,0,0,0,0,0,0,121eab4ba45af4ae964d5e4251ef5a1522df9443f4497d38ca4324658357d6c6,121eab4ba45af4ae964d5e4251ef5a1522df9443f4497d38ca4324658357d6c6,data/manifests/phase1e/2019-07/daily/source_2019072700.json
2019072700,day2_24h,p04,A,4,8,497,20,20,477,6,0,f4c87a3499bab49ffe8b1f6e2c44155bd235f3d5238bf514b65174b07e7e3ca2,5959e3bf7edcd06c4defc941787dc8483d3fe15721464ae8784230d617e16471,data/manifests/phase1e/2019-07/daily/source_2019072700.json
2019072700,day2_24h,p04,B,1,5,111,1,1,110,6,0,a699534068a8e276a65b85dc08dfabd9ddbeba284f46013c0c5cd209e721ca57,cceffba3fd177a377b6c7f765783c56ca7ff706844044d8898f7eb47617ab76b,data/manifests/phase1e/2019-07/daily/source_2019072700.json
2019072700,day3_24h,c00,A,4,8,474,13,13,461,18,1,80056f08e1619fdfa74c8789680cbb77a826baa3bcc79f5ef51a22a5f59b04a5,bfd13aa5f9f1591ee1ba99df5fe7210f5e9010214119afaade5e191dcfa9586e,data/manifests/phase1e/2019-07/daily/source_2019072700.json
2019072700,day3_24h,c00,B,1,5,144,2,2,142,18,1,7c5df13fd59f30917198e59bcb75a7cd9b456ab7e4d939f30e23f39ba7847c50,99f4bc0a9bb738e197a3509326c520cb531699e064571d77ec4a3e490442b3f7,data/manifests/phase1e/2019-07/daily/source_2019072700.json
2019072700,day3_24h,p01,A,4,8,58,1,1,57,1,0,a09fd1458742db18f1df5ff65481ba0a6abb0d98e0975330993fb64966c3dc90,7980fe8501d36d41b3fd34a3397e1ebb1eda2649f95185332dc8ff6a3e5c772e,data/manifests/phase1e/2019-07/daily/source_2019072700.json
2019072700,day3_24h,p01,B,1,5,58,1,1,57,1,0,d8b51f2eeb86cca484518f15192bc8bb3bbd7ebadb39049120a705df5ed68d43,b5b83cc59ae725b5e9859513a03ac3337dbfd7d522c242cddce66030ab205d2e,data/manifests/phase1e/2019-07/daily/source_2019072700.json
2019072700,day3_24h,p02,A,4,8,0,0,0,0,0,0,8c79107e7f6c929c36709dcdaceac8605593850f416b28b474f85956a3465e83,8c79107e7f6c929c36709dcdaceac8605593850f416b28b474f85956a3465e83,data/manifests/phase1e/2019-07/daily/source_2019072700.json
2019072700,day3_24h,p02,B,1,5,0,0,0,0,0,0,511311b955662c5b0822195b29ff87c2a09b51676f699d84e323c8e2c38656d8,511311b955662c5b0822195b29ff87c2a09b51676f699d84e323c8e2c38656d8,data/manifests/phase1e/2019-07/daily/source_2019072700.json
2019072700,day3_24h,p03,A,4,8,128,3,3,125,0,0,a9be831234ff32251ba681c0e08e58cdb09c33691c8484f22f2f858aa3466c1d,77179a4f3b05dfccc593341eb2dd036bb419c1fca19acbd43d71379f4acef050,data/manifests/phase1e/2019-07/daily/source_2019072700.json
2019072700,day3_24h,p03,B,1,5,0,0,0,0,0,0,3afac211787e77144d34650ec42b7a53b88297738cfe165a16e786c6b65c2493,3afac211787e77144d34650ec42b7a53b88297738cfe165a16e786c6b65c2493,data/manifests/phase1e/2019-07/daily/source_2019072700.json
2019072700,day3_24h,p04,A,4,8,334,16,16,318,0,0,596f70a1a5763dcb2710e393ffd814040467d4479a89c864f65afd44c38ca6da,fa99611fba19b55ba2bf187d57ba816fc4ce6de7a0790b76ad2bd39d27de1009,data/manifests/phase1e/2019-07/daily/source_2019072700.json
2019072700,day3_24h,p04,B,1,5,0,0,0,0,0,0,70bfcb34e3e92374427fc492de8403e2325016ca97fa2cd66534f0088da1669e,70bfcb34e3e92374427fc492de8403e2325016ca97fa2cd66534f0088da1669e,data/manifests/phase1e/2019-07/daily/source_2019072700.json
2019072800,day1_24h,c00,A,4,8,119,2,2,117,0,0,6bf7ffe41b06a9a16349aa2aefe083b07569f6033b873c5eb146582a3859670e,0758323c1882383a504f4febd735141220a0f1ac793d1e1a2ce2bac93f19893e,data/manifests/phase1e/2019-07/daily/source_2019072800.json
2019072800,day1_24h,c00,B,1,5,0,0,0,0,0,0,4c6ede45972f91f9833863514e95064fc2f57cf5afc56d9a1e3a05980968e5dd,4c6ede45972f91f9833863514e95064fc2f57cf5afc56d9a1e3a05980968e5dd,data/manifests/phase1e/2019-07/daily/source_2019072800.json
2019072800,day1_24h,p01,A,4,8,0,0,0,0,0,0,a605110d6d18b26d1a32e8f7f3a4476ed176559ec405104095cb97b7212b2a16,a605110d6d18b26d1a32e8f7f3a4476ed176559ec405104095cb97b7212b2a16,data/manifests/phase1e/2019-07/daily/source_2019072800.json
2019072800,day1_24h,p01,B,1,5,0,0,0,0,0,0,9a4b814aed0b77337b275536f53893f140f4840a69b1f3f54cf19a00e60ba774,9a4b814aed0b77337b275536f53893f140f4840a69b1f3f54cf19a00e60ba774,data/manifests/phase1e/2019-07/daily/source_2019072800.json
2019072800,day1_24h,p02,A,4,8,0,0,0,0,0,0,867c2985c293dfb290945c91c4c8e3e6ccc0d4db909612e75f608edd5fb3f1ac,867c2985c293dfb290945c91c4c8e3e6ccc0d4db909612e75f608edd5fb3f1ac,data/manifests/phase1e/2019-07/daily/source_2019072800.json
2019072800,day1_24h,p02,B,1,5,0,0,0,0,0,0,9855e08a2872970dcea6868262ac7e4ee4bc310dadaa99591e84bca39abefe9d,9855e08a2872970dcea6868262ac7e4ee4bc310dadaa99591e84bca39abefe9d,data/manifests/phase1e/2019-07/daily/source_2019072800.json
2019072800,day1_24h,p03,A,4,8,340,8,8,332,0,0,fe66d31a5968198ad5f02cee3209dbe7e8e8ffede9e2ccee005f1c2212697dc6,255f7daa634b11cb056119b148f25b32b3dbc03cce4b07da619ab4038a0bd3c3,data/manifests/phase1e/2019-07/daily/source_2019072800.json
2019072800,day1_24h,p03,B,1,5,0,0,0,0,0,0,92451b9fb1d8b52fccbf4a7885c60a8e0b1d9aed376302070a0e65f703b8b428,92451b9fb1d8b52fccbf4a7885c60a8e0b1d9aed376302070a0e65f703b8b428,data/manifests/phase1e/2019-07/daily/source_2019072800.json
2019072800,day1_24h,p04,A,4,8,227,7,7,220,0,0,d308f64f87877460706747e62aef3616e0d36839d54ea64344aca62f505d2129,302e1bc0e3272354b536618d3d8d90875d3cd839c459281b98b3746cf31b9895,data/manifests/phase1e/2019-07/daily/source_2019072800.json
2019072800,day1_24h,p04,B,1,5,0,0,0,0,0,0,72d441935565c3eba6ff1871267bf518c9df77972413dcf73343cc7f5b4cd892,72d441935565c3eba6ff1871267bf518c9df77972413dcf73343cc7f5b4cd892,data/manifests/phase1e/2019-07/daily/source_2019072800.json
2019072800,day2_24h,c00,A,4,8,112,1,1,111,5,0,e468c50743e177ec4696a9fedff149ae7aee17680e2850d5660f45a705db4971,7d577e3e0522823c7d9b4ac3786018a19d89863be35263efbd28f17024574f80,data/manifests/phase1e/2019-07/daily/source_2019072800.json
2019072800,day2_24h,c00,B,1,5,49,1,1,48,5,0,e956da158eba5477ade0fdc90f2c99bc7bf1e8a1502024538ebffa51af64ec3d,26d61e1f60fe94df886e3b7252a87fc2cc80f69f016dde8b6b35ec7b4a664202,data/manifests/phase1e/2019-07/daily/source_2019072800.json
2019072800,day2_24h,p01,A,4,8,314,6,6,308,0,0,f71f7df2aaea6261f3730d829ce32576955193feeaec3f7a5bbd81a1184ae427,b96c80af8e847a0cc6a4dca7641db4649d2efe5623411deccf5ed522668732dd,data/manifests/phase1e/2019-07/daily/source_2019072800.json
2019072800,day2_24h,p01,B,1,5,0,0,0,0,0,0,1bb8b171a1210b0ef967534855b2203a561e65bb141dfb57691ba56c85d393fa,1bb8b171a1210b0ef967534855b2203a561e65bb141dfb57691ba56c85d393fa,data/manifests/phase1e/2019-07/daily/source_2019072800.json
2019072800,day2_24h,p02,A,4,8,169,1,1,168,33,0,c70f91700f4984ae7dc740f1ab31547c1965bd54ad3773d20056900c86e0981e,5dc412066336a017aec7adc85f13db06c8c7b9b1535d2eb8f2284175f5dd8b0c,data/manifests/phase1e/2019-07/daily/source_2019072800.json
2019072800,day2_24h,p02,B,1,5,169,1,1,168,33,0,fe5825717e81a86846b94479c9ad3ee361fbb5cd9a521631b8ac04b3040c4e68,e860f0b944fbda6e70e91202efcd4490a7fb8d9f1c9408ab1e13ccda84f60345,data/manifests/phase1e/2019-07/daily/source_2019072800.json
2019072800,day2_24h,p03,A,4,8,193,9,9,184,0,0,495d0a0b68ea2eb20561ecaadeeccd589550aed3d46b9175690a465e2314463a,0d0af7f6f195c408aecba66427afee4eb2242e649b4c677b37f7b734ae827955,data/manifests/phase1e/2019-07/daily/source_2019072800.json
2019072800,day2_24h,p03,B,1,5,0,0,0,0,0,0,793bdd08f6cb716c67351f66b0a5486a7ea6120bbee4b205fc9d9b42eb00a6df,793bdd08f6cb716c67351f66b0a5486a7ea6120bbee4b205fc9d9b42eb00a6df,data/manifests/phase1e/2019-07/daily/source_2019072800.json
2019072800,day2_24h,p04,A,4,8,152,2,2,150,0,0,559cd18e8cf60e12ac2a8c0fe6867dfbc9b32017c32b30ebd04f8930316e41f2,1e8c1406ffbafc1aa75867021393c877639a3f225b0af11b726a30a584af9f4a,data/manifests/phase1e/2019-07/daily/source_2019072800.json
2019072800,day2_24h,p04,B,1,5,0,0,0,0,0,0,1a99a8dc7e6520d713cccbf24cfcf5b37328223279e1ce54571ec0f06be4654e,1a99a8dc7e6520d713cccbf24cfcf5b37328223279e1ce54571ec0f06be4654e,data/manifests/phase1e/2019-07/daily/source_2019072800.json
2019072800,day3_24h,c00,A,4,8,469,9,9,460,8,0,fd3884099e6972b6cde4dd47f4688df9e2bf08d13c19fe3969c869966cf6e158,629cb3d26d29cab8009cdf606bf12f0124380efd0dc145f4aa31928f6ed4c750,data/manifests/phase1e/2019-07/daily/source_2019072800.json
2019072800,day3_24h,c00,B,1,5,62,2,2,60,8,0,4213dd8452dc2fc3bd4b87a2f85e23383db8152ac5c30b53cb814f192f4edd41,0c5a7ff2640eaf55988eaba894025208914db2c3ea7e314a772002abc78ff016,data/manifests/phase1e/2019-07/daily/source_2019072800.json
2019072800,day3_24h,p01,A,4,8,201,6,6,195,0,0,3a3011ecb88bce2ad076253c58c769731ce66d81653abe41c2548b82f6305afb,44a12a8ddfa653403f855cee3d3421bf840b20ad74b6a9a0f0ee7f497849217d,data/manifests/phase1e/2019-07/daily/source_2019072800.json
2019072800,day3_24h,p01,B,1,5,0,0,0,0,0,0,34eeff1fe01420e237b80eac087111becd9f145a56bdc014333b56ec2a47f617,34eeff1fe01420e237b80eac087111becd9f145a56bdc014333b56ec2a47f617,data/manifests/phase1e/2019-07/daily/source_2019072800.json
2019072800,day3_24h,p02,A,4,8,597,21,21,576,15,1,0f855d798203de356d667eae82e02368c68c479ef4175df738d87303009cb374,53687a5503c849d621a8835e153fc6079973868951c4886f8a92ff643f769d3d,data/manifests/phase1e/2019-07/daily/source_2019072800.json
2019072800,day3_24h,p02,B,1,5,79,3,3,76,15,1,af12a8ff25eb2d742f7827bbf64bdc44a18c4a28a39e1784cc29e8afbea7ba0c,103ad085b133e5d06f20c7c08aa522d5ed598bb36ee38961cb97493fc7ab2283,data/manifests/phase1e/2019-07/daily/source_2019072800.json
2019072800,day3_24h,p03,A,4,8,371,15,15,356,0,0,53fb08e1f0a70462ac332d20a7914bfdbd0bb94f139f73c42029339c77495a6a,18e7f407d610c7df262400fb29f45333c642a525decfd64d8ada49bd5bce7452,data/manifests/phase1e/2019-07/daily/source_2019072800.json
2019072800,day3_24h,p03,B,1,5,0,0,0,0,0,0,b33aefd284b9a4d5d3316b9f849864e0fa59dc5f02b33fd7bb4788207faa671a,b33aefd284b9a4d5d3316b9f849864e0fa59dc5f02b33fd7bb4788207faa671a,data/manifests/phase1e/2019-07/daily/source_2019072800.json
2019072800,day3_24h,p04,A,4,8,212,7,7,205,0,0,a7df25ac42881ece629f4abd3a9ab07d2b6ddd98a94b5a43c3e996f360f20078,dbf91be74d8ea25cca3f09b4bf97fc0cee25d0711fdb23040d4c01b5cba81f33,data/manifests/phase1e/2019-07/daily/source_2019072800.json
2019072800,day3_24h,p04,B,1,5,0,0,0,0,0,0,ad352944ea800dbc9695db732d6780bf83404d40a001820513180f67f2211fcf,ad352944ea800dbc9695db732d6780bf83404d40a001820513180f67f2211fcf,data/manifests/phase1e/2019-07/daily/source_2019072800.json
2019072900,day1_24h,c00,A,4,8,77,1,1,76,0,0,5ad19d15610b273fa30a8093c49e1e21be2880fbbddf976baefaaed381ef6392,938644b925ac9200605288fe4f67c42a078417e7c250c0f373abe5d0a5f722c8,data/manifests/phase1e/2019-07/daily/source_2019072900.json
2019072900,day1_24h,c00,B,1,5,0,0,0,0,0,0,7c73ca0b21a9a1a68d382c1ecf9015e10e4d4552b9ae531f67e0e6703809d24b,7c73ca0b21a9a1a68d382c1ecf9015e10e4d4552b9ae531f67e0e6703809d24b,data/manifests/phase1e/2019-07/daily/source_2019072900.json
2019072900,day1_24h,p01,A,4,8,141,10,10,131,0,0,c2cee1d3c3de46eb77e998168e9114a0117925ef8fcea286ad9b7fda7b8f30d3,4b4430a97b610777313f73440b565f050e00f8346d51af6638659d43cbf42f6b,data/manifests/phase1e/2019-07/daily/source_2019072900.json
2019072900,day1_24h,p01,B,1,5,0,0,0,0,0,0,42d03bb557121cf0e7138da5b2efc5d20372c0127487a0fb691ee7c46ddedad9,42d03bb557121cf0e7138da5b2efc5d20372c0127487a0fb691ee7c46ddedad9,data/manifests/phase1e/2019-07/daily/source_2019072900.json
2019072900,day1_24h,p02,A,4,8,0,0,0,0,0,0,647a3011bfe025018cc01d7c318c06fa9e70a6ce79929d00ac97fac7f0521e83,647a3011bfe025018cc01d7c318c06fa9e70a6ce79929d00ac97fac7f0521e83,data/manifests/phase1e/2019-07/daily/source_2019072900.json
2019072900,day1_24h,p02,B,1,5,0,0,0,0,0,0,70f7e3268ce9746ba62363f252bb9ed48676135b676d5040fec05ff5ac33480f,70f7e3268ce9746ba62363f252bb9ed48676135b676d5040fec05ff5ac33480f,data/manifests/phase1e/2019-07/daily/source_2019072900.json
2019072900,day1_24h,p03,A,4,8,200,1,1,199,0,0,a36c59a788c9e91af1ebcfdf859e00ecd3f4ce07de6739dc129aa87f88156688,b3bf2c23b02bf3eb6202725026615da33cc1f970baa4e796315eaae98736530e,data/manifests/phase1e/2019-07/daily/source_2019072900.json
2019072900,day1_24h,p03,B,1,5,0,0,0,0,0,0,15b1f910f33f48539a611e3b06434ca6bdb999aec2fe7b2112869e65c1729ca8,15b1f910f33f48539a611e3b06434ca6bdb999aec2fe7b2112869e65c1729ca8,data/manifests/phase1e/2019-07/daily/source_2019072900.json
2019072900,day1_24h,p04,A,4,8,388,18,18,370,0,0,540457adb7aa3e1da2a5c8d3b1187b3455560eff405ab821e9b6fce37b2f5738,61aa517d8376a9ca6ee614b743b8e68549ad053079762cfc83e0b994e86f6c65,data/manifests/phase1e/2019-07/daily/source_2019072900.json
2019072900,day1_24h,p04,B,1,5,0,0,0,0,0,0,3b532af923232203c366caa3d1539d1f11e758ffb500b102aa696e6674ea384b,3b532af923232203c366caa3d1539d1f11e758ffb500b102aa696e6674ea384b,data/manifests/phase1e/2019-07/daily/source_2019072900.json
2019072900,day2_24h,c00,A,4,8,399,9,9,390,0,0,3a38537bbb99fbf9f6fffb9db6fb3cf8e262cd056c6b14919808e2f27f9af614,f8f46c2d2d175aecc8eb139f67bdbdf1f7485e9f60cce02ad0456b5db191b3c8,data/manifests/phase1e/2019-07/daily/source_2019072900.json
2019072900,day2_24h,c00,B,1,5,0,0,0,0,0,0,daafcc38360e4d355d26d9752f5cc5caa99a7d312385e1a169fc845bfd42de3b,daafcc38360e4d355d26d9752f5cc5caa99a7d312385e1a169fc845bfd42de3b,data/manifests/phase1e/2019-07/daily/source_2019072900.json
2019072900,day2_24h,p01,A,4,8,0,0,0,0,0,0,df1f7e604e79db5a56488f560b619f99031a4cec38135d82ccd8638a00d3d379,df1f7e604e79db5a56488f560b619f99031a4cec38135d82ccd8638a00d3d379,data/manifests/phase1e/2019-07/daily/source_2019072900.json
2019072900,day2_24h,p01,B,1,5,0,0,0,0,0,0,f499f3b92c84ba94b49b2de5d3c666d225adfd7a31d641711249e87fc17ac7a0,f499f3b92c84ba94b49b2de5d3c666d225adfd7a31d641711249e87fc17ac7a0,data/manifests/phase1e/2019-07/daily/source_2019072900.json
2019072900,day2_24h,p02,A,4,8,254,8,8,246,0,0,a6ae4338d772edfc32c460772168ca5cbebfef6f317c50db9a9bb7a305fbf64c,6ad28456fbc61e5f4e5812daf33b00f1a3679bcdb500b73e493ea82600a5e4f2,data/manifests/phase1e/2019-07/daily/source_2019072900.json
2019072900,day2_24h,p02,B,1,5,0,0,0,0,0,0,a16569b7b3198a1103732084c8c3d9bf1571ea7a89672bffeb6fc7cf08419368,a16569b7b3198a1103732084c8c3d9bf1571ea7a89672bffeb6fc7cf08419368,data/manifests/phase1e/2019-07/daily/source_2019072900.json
2019072900,day2_24h,p03,A,4,8,261,9,9,252,6,0,29cfa0b68cea06c7703cf488c6104eda3e3a920026d0d7df19bebb8b31e8a4a3,d3cd1d052bf07a0da1a2b49f6c644a068479243ffcb894989f2aeb59ce041c91,data/manifests/phase1e/2019-07/daily/source_2019072900.json
2019072900,day2_24h,p03,B,1,5,51,0,0,51,6,0,0e6be6f1dca34e810a1deec540456a736ac703560131efb98b9c72fc8bb56292,a02bfb8708526ea4c616b9573eef4538176a52f4afe2c113ee95cd078876c1db,data/manifests/phase1e/2019-07/daily/source_2019072900.json
2019072900,day2_24h,p04,A,4,8,0,0,0,0,0,0,395622a3202729b44c072326b90bc9ab427b668051e3cdc582b861dc6f7f9751,395622a3202729b44c072326b90bc9ab427b668051e3cdc582b861dc6f7f9751,data/manifests/phase1e/2019-07/daily/source_2019072900.json
2019072900,day2_24h,p04,B,1,5,0,0,0,0,0,0,8d7882b28421496eb9978da91663335a973a0185d666d85837ea1de801008f99,8d7882b28421496eb9978da91663335a973a0185d666d85837ea1de801008f99,data/manifests/phase1e/2019-07/daily/source_2019072900.json
2019072900,day3_24h,c00,A,4,8,362,8,8,354,0,0,1770923c61cda444be36b91a383f993e12b92783e50b6069f5cf571fc318c98b,47215799a038675b07cbe82803f9280f12cd929f2070199a20ba395c5fb11650,data/manifests/phase1e/2019-07/daily/source_2019072900.json
2019072900,day3_24h,c00,B,1,5,72,2,2,70,0,0,f47c915a4147c68bdff2f8d1f5795d8af40e27227e78b9c9e242496e7563d7a4,6479b134f932554a8715f04b50a3e89dd077ceba836dbbbd89277eb5ac0233c3,data/manifests/phase1e/2019-07/daily/source_2019072900.json
2019072900,day3_24h,p01,A,4,8,0,0,0,0,0,0,93f778cc6f9727b9436d8bce567572d34ed150b290751ac03b3c5cb52663601a,93f778cc6f9727b9436d8bce567572d34ed150b290751ac03b3c5cb52663601a,data/manifests/phase1e/2019-07/daily/source_2019072900.json
2019072900,day3_24h,p01,B,1,5,0,0,0,0,0,0,49c5b0c8828b17d763be11ac586118f356fde6dee509b52c33d6b130c524bf12,49c5b0c8828b17d763be11ac586118f356fde6dee509b52c33d6b130c524bf12,data/manifests/phase1e/2019-07/daily/source_2019072900.json
2019072900,day3_24h,p02,A,4,8,202,10,10,192,0,0,3cce4548a43615a8b53f0531f3951ea29260224e55ebd08c0ecff64ef4e4cdc3,12ed523246923bef35ed8c7c915e7e4bf9b1cfe778ece29122f11f6413bbf7cc,data/manifests/phase1e/2019-07/daily/source_2019072900.json
2019072900,day3_24h,p02,B,1,5,0,0,0,0,0,0,9c03164304b4e4df8bbb6a0407559b05af5ac69921cd3e9a309b98e6cadc3293,9c03164304b4e4df8bbb6a0407559b05af5ac69921cd3e9a309b98e6cadc3293,data/manifests/phase1e/2019-07/daily/source_2019072900.json
2019072900,day3_24h,p03,A,4,8,86,2,2,84,0,0,8ffcf485cf4aa5df91015027be9e2cd96163ded9c885d740424d9828a9ed9a4c,068969b76a6ff4834bd66d79f7a52cbbf40d0056b8f3f4f93d9e01b33c22cee6,data/manifests/phase1e/2019-07/daily/source_2019072900.json
2019072900,day3_24h,p03,B,1,5,86,2,2,84,0,0,af0e01a7d3ba18f2387f82e396ea272314ef291c4d9fc4ede37cc365807b87ef,faf64a47048db31239536afdfba682a8ed53e333f22ff5eac6b680719d8fcd27,data/manifests/phase1e/2019-07/daily/source_2019072900.json
2019072900,day3_24h,p04,A,4,8,0,0,0,0,0,0,cbc937cf0b6c381c5731b17c8c81baa3544fd8f7bbde8081a24d0e59c3681ee7,cbc937cf0b6c381c5731b17c8c81baa3544fd8f7bbde8081a24d0e59c3681ee7,data/manifests/phase1e/2019-07/daily/source_2019072900.json
2019072900,day3_24h,p04,B,1,5,0,0,0,0,0,0,892d8effb4a00d1ae2ee450c235b0f58592d5e79b140059cf066a97cf19a11e3,892d8effb4a00d1ae2ee450c235b0f58592d5e79b140059cf066a97cf19a11e3,data/manifests/phase1e/2019-07/daily/source_2019072900.json
2019073000,day1_24h,c00,A,4,8,433,12,12,421,0,0,91329cfa10e8d995bd452685670327b01ccc1e3423b2e6e8d919af92aa430270,fe085f3164ab9ef21d465113055dec6de151fadf3fcce25760091b685ebd2d3e,data/manifests/phase1e/2019-07/daily/source_2019073000.json
2019073000,day1_24h,c00,B,1,5,0,0,0,0,0,0,66fbf57159300cea3c5a01aa6d5d27ef13720ef8772867d61d4667c26f63375b,66fbf57159300cea3c5a01aa6d5d27ef13720ef8772867d61d4667c26f63375b,data/manifests/phase1e/2019-07/daily/source_2019073000.json
2019073000,day1_24h,p01,A,4,8,434,10,10,424,0,0,71a8a1c80a8110b3bd9a7ca0a8bdc5ff057f2935398ffe64d37814502b54ce72,20c5a045462ec44a8aed20030a93e7e7000f152c4eb3fbbd272ee395b8bd7c93,data/manifests/phase1e/2019-07/daily/source_2019073000.json
2019073000,day1_24h,p01,B,1,5,0,0,0,0,0,0,ea1b8cd20446b1fab46429494710aff667d1bf5f321f153558ec326f82e135c1,ea1b8cd20446b1fab46429494710aff667d1bf5f321f153558ec326f82e135c1,data/manifests/phase1e/2019-07/daily/source_2019073000.json
2019073000,day1_24h,p02,A,4,8,45,0,0,45,0,0,78d13f944ce007c43f42b812a97869c91630ca0132495f69d62018ab67944847,60116e7075f979319be480aa050165bd27a5fa684084a3ec8c91faeb4e3e56bb,data/manifests/phase1e/2019-07/daily/source_2019073000.json
2019073000,day1_24h,p02,B,1,5,0,0,0,0,0,0,e07e2ad65ecf14dd1f58bf67f85c9e767425225fba7fe0caee2fbbc6e85af0db,e07e2ad65ecf14dd1f58bf67f85c9e767425225fba7fe0caee2fbbc6e85af0db,data/manifests/phase1e/2019-07/daily/source_2019073000.json
2019073000,day1_24h,p03,A,4,8,454,12,12,442,0,0,cfd1aad6567a212f726049a0918069ec8861d820b7cc3b547d11f025c08e5f0e,3333eb4ea5daaca1f63fb0d14e499db646e248b289c93dde3fd206cbb0e4dea8,data/manifests/phase1e/2019-07/daily/source_2019073000.json
2019073000,day1_24h,p03,B,1,5,0,0,0,0,0,0,19863c91bc22749ff2f655f2945d2acf62a4c05aaf3e4ff2b505c19ae1b3efa8,19863c91bc22749ff2f655f2945d2acf62a4c05aaf3e4ff2b505c19ae1b3efa8,data/manifests/phase1e/2019-07/daily/source_2019073000.json
2019073000,day1_24h,p04,A,4,8,0,0,0,0,0,0,9592ea7598dc012618dca522dd481e35a4e7bbacb7457456cd638692a4faf9b7,9592ea7598dc012618dca522dd481e35a4e7bbacb7457456cd638692a4faf9b7,data/manifests/phase1e/2019-07/daily/source_2019073000.json
2019073000,day1_24h,p04,B,1,5,0,0,0,0,0,0,44fffb5a173d243222f603507564fd0e83813b47c07ee1d12c7036c7cf384137,44fffb5a173d243222f603507564fd0e83813b47c07ee1d12c7036c7cf384137,data/manifests/phase1e/2019-07/daily/source_2019073000.json
2019073000,day2_24h,c00,A,4,8,0,0,0,0,0,0,d0ee84a9152317f25269e563d82f2049ec99dfeaca253976a996bb680c33a680,d0ee84a9152317f25269e563d82f2049ec99dfeaca253976a996bb680c33a680,data/manifests/phase1e/2019-07/daily/source_2019073000.json
2019073000,day2_24h,c00,B,1,5,0,0,0,0,0,0,1dfd6f520379f73b0922d717b6e6a1f4023dacbca119edb4154747e6a24a91b6,1dfd6f520379f73b0922d717b6e6a1f4023dacbca119edb4154747e6a24a91b6,data/manifests/phase1e/2019-07/daily/source_2019073000.json
2019073000,day2_24h,p01,A,4,8,0,0,0,0,0,0,bdc5e6e785556585db411258161fb61b739a56c203455848a0ceef43e0fe3397,bdc5e6e785556585db411258161fb61b739a56c203455848a0ceef43e0fe3397,data/manifests/phase1e/2019-07/daily/source_2019073000.json
2019073000,day2_24h,p01,B,1,5,0,0,0,0,0,0,475ce663c72f5aedc081be8506b17f6c860b015d68037c0b57e13e56a58efcd6,475ce663c72f5aedc081be8506b17f6c860b015d68037c0b57e13e56a58efcd6,data/manifests/phase1e/2019-07/daily/source_2019073000.json
2019073000,day2_24h,p02,A,4,8,217,11,11,206,0,0,db0ec3929922983bf3e51bd5c094e7e2ba5a88fc5ea751b37a0165b8ba6e3c1e,e3f102675be49f14f86338774d12b8beb2c3de745fe4bf4664e5f3b2ec23b1a6,data/manifests/phase1e/2019-07/daily/source_2019073000.json
2019073000,day2_24h,p02,B,1,5,0,0,0,0,0,0,3639f5f1879e67ed03b5897091a46c134d8bd971a44da4eb541ee04f0f2d0dc4,3639f5f1879e67ed03b5897091a46c134d8bd971a44da4eb541ee04f0f2d0dc4,data/manifests/phase1e/2019-07/daily/source_2019073000.json
2019073000,day2_24h,p03,A,4,8,210,3,3,207,0,0,4d7c887d9748bd82ff1f1af7423ad840575f6283925f558b7add7f44d1980bfe,11a7442ea691317d8df0654904891538631f9b0ce7467e7f06c3f05637de1e03,data/manifests/phase1e/2019-07/daily/source_2019073000.json
2019073000,day2_24h,p03,B,1,5,0,0,0,0,0,0,2c1ef430765fe9a2bf2e8dcf0066a596cff13de9d7804fbd4f570bbd883723e0,2c1ef430765fe9a2bf2e8dcf0066a596cff13de9d7804fbd4f570bbd883723e0,data/manifests/phase1e/2019-07/daily/source_2019073000.json
2019073000,day2_24h,p04,A,4,8,0,0,0,0,0,0,1bfe7687cf8b29299be6c9c04ab04aa882ab7745ebce9fa8195142cfd41a5f52,1bfe7687cf8b29299be6c9c04ab04aa882ab7745ebce9fa8195142cfd41a5f52,data/manifests/phase1e/2019-07/daily/source_2019073000.json
2019073000,day2_24h,p04,B,1,5,0,0,0,0,0,0,2b21b3d21dc8b94ccaf78ee6b84d7355262851d196dc7151fd06cea7ad6ce856,2b21b3d21dc8b94ccaf78ee6b84d7355262851d196dc7151fd06cea7ad6ce856,data/manifests/phase1e/2019-07/daily/source_2019073000.json
2019073000,day3_24h,c00,A,4,8,115,2,2,113,0,0,b76e3ee7f78916751130c8fd447fd3df1831787da7fda5bdc1f698f4a3dcebee,2a45ce67b61d168d6a64286a87fb12cc1581ec230592aa10b78e0c6721927bc8,data/manifests/phase1e/2019-07/daily/source_2019073000.json
2019073000,day3_24h,c00,B,1,5,0,0,0,0,0,0,73df06ec0f186ce22cc50b0af55885e8fb29994bf872a4ecf605a17fac612a43,73df06ec0f186ce22cc50b0af55885e8fb29994bf872a4ecf605a17fac612a43,data/manifests/phase1e/2019-07/daily/source_2019073000.json
2019073000,day3_24h,p01,A,4,8,187,9,9,178,0,0,288da1a980ffd435e7f26fe2ae4c250956a73f335c257123b2a55decab3a1820,c2daf698bd0a665126b36bcda0a3c12f5a48d5cb8438cd06a79bab163c976d58,data/manifests/phase1e/2019-07/daily/source_2019073000.json
2019073000,day3_24h,p01,B,1,5,0,0,0,0,0,0,1866efc6c9c075de7e7bb168a7b03fa2c58e207605bb7f011e0619180fbba74c,1866efc6c9c075de7e7bb168a7b03fa2c58e207605bb7f011e0619180fbba74c,data/manifests/phase1e/2019-07/daily/source_2019073000.json
2019073000,day3_24h,p02,A,4,8,0,0,0,0,0,0,ce95e5df2f169664a23f99cc9c8615dd4867d5dd1fc437e11c17d30c1266aaa1,ce95e5df2f169664a23f99cc9c8615dd4867d5dd1fc437e11c17d30c1266aaa1,data/manifests/phase1e/2019-07/daily/source_2019073000.json
2019073000,day3_24h,p02,B,1,5,0,0,0,0,0,0,330fda23d1c23db790593d0e9a33c74675f931bf9895e04df84c5d245b5418ea,330fda23d1c23db790593d0e9a33c74675f931bf9895e04df84c5d245b5418ea,data/manifests/phase1e/2019-07/daily/source_2019073000.json
2019073000,day3_24h,p03,A,4,8,0,0,0,0,0,0,1ad53c0b6dffda94cc367d13066c5071915ea2f6eda0737a259b1ea83ffc7e97,1ad53c0b6dffda94cc367d13066c5071915ea2f6eda0737a259b1ea83ffc7e97,data/manifests/phase1e/2019-07/daily/source_2019073000.json
2019073000,day3_24h,p03,B,1,5,0,0,0,0,0,0,407f16bca0c64baaa8af0ee5494acd7396dcc339dc1857ed50c039cde4240838,407f16bca0c64baaa8af0ee5494acd7396dcc339dc1857ed50c039cde4240838,data/manifests/phase1e/2019-07/daily/source_2019073000.json
2019073000,day3_24h,p04,A,4,8,330,5,5,325,1,0,6d64560db84eb6942232b0d9c28358d959672c9d7df5f469ddaa77adf7840a7b,aa9af42bf6a20a3e164b3bb62fe6e8b707e761bfe26c8c0d39b60757cee8716d,data/manifests/phase1e/2019-07/daily/source_2019073000.json
2019073000,day3_24h,p04,B,1,5,201,4,4,197,1,0,3c6abc7f7813e7d327f52aa5b3e76aa2381ea7fb6ba83d7f41ed5a1450754b61,800b276b6c87f3156c304b7d4c4ba294e3b0351160d3841b93b2cc61741e989d,data/manifests/phase1e/2019-07/daily/source_2019073000.json
2019073100,day1_24h,c00,A,4,8,601,10,10,591,0,0,bdfc6f90e2a826ba118c57832a6b899a62170a23b471654d874ae40d965a4a7c,d347bc8bd63c65d5426a7c45372b1fe59011ecad00b26ee3816018102669b306,data/manifests/phase1e/2019-07/daily/source_2019073100.json
2019073100,day1_24h,c00,B,1,5,0,0,0,0,0,0,47d8005b71121753f1fa517c6d26aad78effca5a3c241598ceb77a33e8c7f433,47d8005b71121753f1fa517c6d26aad78effca5a3c241598ceb77a33e8c7f433,data/manifests/phase1e/2019-07/daily/source_2019073100.json
2019073100,day1_24h,p01,A,4,8,0,0,0,0,0,0,ec96d6204c84b9d498f78e9407a699f05eec1a14f6a2f0b4918beac19b75c71e,ec96d6204c84b9d498f78e9407a699f05eec1a14f6a2f0b4918beac19b75c71e,data/manifests/phase1e/2019-07/daily/source_2019073100.json
2019073100,day1_24h,p01,B,1,5,0,0,0,0,0,0,b37ee544e7799b5ab40c2ebefcf035f273c524503b4f5940147d5c3c00330015,b37ee544e7799b5ab40c2ebefcf035f273c524503b4f5940147d5c3c00330015,data/manifests/phase1e/2019-07/daily/source_2019073100.json
2019073100,day1_24h,p02,A,4,8,330,7,7,323,1,0,5dc66acb71b58c724c1bd9f7484a08f0fde9338f4a097f5f6da33c5592687b5a,bb0db9772d4b8df4d044b6a868fb8528e35308adeadf634c6fed2e8af1153a8c,data/manifests/phase1e/2019-07/daily/source_2019073100.json
2019073100,day1_24h,p02,B,1,5,72,0,0,72,1,0,34560fa4b63386c1abc9a2477251720e453aa8175a6b00dcae290540f3772013,e0ea14bf54bba960a74497ecf0a6b9bcffb73f7ce49f491d5f23157531a6c40a,data/manifests/phase1e/2019-07/daily/source_2019073100.json
2019073100,day1_24h,p03,A,4,8,294,2,2,292,0,0,ff5418ded0af5d166b809fdfc1956694a6499170800cde09c1b6da8791d7ed27,c61be039c73b139ff3dc106ac312c765e0092c53ac0cc3819cd77a909689aa4f,data/manifests/phase1e/2019-07/daily/source_2019073100.json
2019073100,day1_24h,p03,B,1,5,0,0,0,0,0,0,4356dc550dd342c6f7c3be6da7a2bc242d7604f5d1a1555a48e008d8913796ea,4356dc550dd342c6f7c3be6da7a2bc242d7604f5d1a1555a48e008d8913796ea,data/manifests/phase1e/2019-07/daily/source_2019073100.json
2019073100,day1_24h,p04,A,4,8,0,0,0,0,0,0,e62296f303151912896ed78536a0383764556791be07247bae2e9bb982e4b689,e62296f303151912896ed78536a0383764556791be07247bae2e9bb982e4b689,data/manifests/phase1e/2019-07/daily/source_2019073100.json
2019073100,day1_24h,p04,B,1,5,0,0,0,0,0,0,a00c5ae607d6872e068f1f98000b55fa757f8c803dbfc2b9814d79d4b723d985,a00c5ae607d6872e068f1f98000b55fa757f8c803dbfc2b9814d79d4b723d985,data/manifests/phase1e/2019-07/daily/source_2019073100.json
2019073100,day2_24h,c00,A,4,8,605,17,17,588,0,0,e61324620345263e92f9023b481a73205f8c80b24bc00739ef3c5ef43dd862ee,f54ea4f655b170b40d3c1cbcf1d568f29e8e1e6d2740eaeba0eb0486be658198,data/manifests/phase1e/2019-07/daily/source_2019073100.json
2019073100,day2_24h,c00,B,1,5,0,0,0,0,0,0,84b413b259f4af2a2ecf7462bf73b37b55176a94dd0adafd3988dcbabafaffc6,84b413b259f4af2a2ecf7462bf73b37b55176a94dd0adafd3988dcbabafaffc6,data/manifests/phase1e/2019-07/daily/source_2019073100.json
2019073100,day2_24h,p01,A,4,8,75,0,0,75,0,0,cbec8fe34745c80cd884123dadc34ae0f67f199b4c3f190099f6836bb62c4024,3614766b69425d71df6fb0ab21c50c7a6f9a85891b3dec85fbe14178fe5e6676,data/manifests/phase1e/2019-07/daily/source_2019073100.json
2019073100,day2_24h,p01,B,1,5,0,0,0,0,0,0,9fbb632430e04d9383431f65d8f33819f6bf9a739c22187734b5105feea3eed8,9fbb632430e04d9383431f65d8f33819f6bf9a739c22187734b5105feea3eed8,data/manifests/phase1e/2019-07/daily/source_2019073100.json
2019073100,day2_24h,p02,A,4,8,425,20,20,405,0,0,3462bb420404fc85321a4ebd04702387c2d1d6816a372ad9ba26e2333fda2b6b,a974070ed28ae7afbee7e5103929bb1366c25137f9f5e1c81590d68c11145a64,data/manifests/phase1e/2019-07/daily/source_2019073100.json
2019073100,day2_24h,p02,B,1,5,0,0,0,0,0,0,df160232a55ddbc4b1d0808548625c7ebfac3b6e0423fdd1401ade7b91990eaa,df160232a55ddbc4b1d0808548625c7ebfac3b6e0423fdd1401ade7b91990eaa,data/manifests/phase1e/2019-07/daily/source_2019073100.json
2019073100,day2_24h,p03,A,4,8,0,0,0,0,0,0,0199118cd5db9775c850bf5ea1f1131b8d5ac9c40088cfef978db0f1e01997c1,0199118cd5db9775c850bf5ea1f1131b8d5ac9c40088cfef978db0f1e01997c1,data/manifests/phase1e/2019-07/daily/source_2019073100.json
2019073100,day2_24h,p03,B,1,5,0,0,0,0,0,0,d3abcbaf3cd28da46f6166bef80421f2a3e1d9d873f0a8812d8c87ee3231e80e,d3abcbaf3cd28da46f6166bef80421f2a3e1d9d873f0a8812d8c87ee3231e80e,data/manifests/phase1e/2019-07/daily/source_2019073100.json
2019073100,day2_24h,p04,A,4,8,119,2,2,117,0,0,1d1462caddec7774eef9c209f29ac310f68c790fab38801e2b7a074ad6de9533,3c4a8ca1d4462ed9e188ce456f2dd8044b93ad145ef545a1903c332925c57ba6,data/manifests/phase1e/2019-07/daily/source_2019073100.json
2019073100,day2_24h,p04,B,1,5,0,0,0,0,0,0,fbe274578ba918f3cd6671b2bbb0dbf0183c9f762436d803bbd6a9104b430fb6,fbe274578ba918f3cd6671b2bbb0dbf0183c9f762436d803bbd6a9104b430fb6,data/manifests/phase1e/2019-07/daily/source_2019073100.json
2019073100,day3_24h,c00,A,4,8,55,3,3,52,0,0,1f66399846b91b4eba807eb541ddf65a011073a6cc1a67a99a0a778278ddd9fe,e04a9370cbd0237625a2591a981f3ea6f50b505edca599c8ae523dd142858114,data/manifests/phase1e/2019-07/daily/source_2019073100.json
2019073100,day3_24h,c00,B,1,5,0,0,0,0,0,0,2138cc5bda7e10501296dffacc46105389dfb4a78ebfe9d518eb3f0111291b72,2138cc5bda7e10501296dffacc46105389dfb4a78ebfe9d518eb3f0111291b72,data/manifests/phase1e/2019-07/daily/source_2019073100.json
2019073100,day3_24h,p01,A,4,8,0,0,0,0,0,0,891c3aa5213f9dbc2da339aa9e829c5cc0a2c69c11f32cfc4f43e82c6c7accec,891c3aa5213f9dbc2da339aa9e829c5cc0a2c69c11f32cfc4f43e82c6c7accec,data/manifests/phase1e/2019-07/daily/source_2019073100.json
2019073100,day3_24h,p01,B,1,5,0,0,0,0,0,0,fa815cad4afeaa6185326b178f6bb0bc7483f9701ccc9b99d08416bfda127e19,fa815cad4afeaa6185326b178f6bb0bc7483f9701ccc9b99d08416bfda127e19,data/manifests/phase1e/2019-07/daily/source_2019073100.json
2019073100,day3_24h,p02,A,4,8,109,5,5,104,0,0,7082da5a116b5d3b9ac8f999a21294750ae54c71aaac6c258d3c1f2e7697611f,c0411d1c0685bb0c1c9a1c9de05b6e21947298df0d0d93febba75b8a3182e76c,data/manifests/phase1e/2019-07/daily/source_2019073100.json
2019073100,day3_24h,p02,B,1,5,0,0,0,0,0,0,749c79ec02b7132f04b3a9872a20d70ed1a01759b9d7c174026bd1e0e09838ec,749c79ec02b7132f04b3a9872a20d70ed1a01759b9d7c174026bd1e0e09838ec,data/manifests/phase1e/2019-07/daily/source_2019073100.json
2019073100,day3_24h,p03,A,4,8,0,0,0,0,0,0,9cd217d368d944a5235d8c1a508c806c5b910c4dc6a831422a3786dc0e96f400,9cd217d368d944a5235d8c1a508c806c5b910c4dc6a831422a3786dc0e96f400,data/manifests/phase1e/2019-07/daily/source_2019073100.json
2019073100,day3_24h,p03,B,1,5,0,0,0,0,0,0,89acc5f5a77b29b4f4ebc85c86a3f606ab2cda82fbb3083bdad0223a59fc685e,89acc5f5a77b29b4f4ebc85c86a3f606ab2cda82fbb3083bdad0223a59fc685e,data/manifests/phase1e/2019-07/daily/source_2019073100.json
2019073100,day3_24h,p04,A,4,8,142,10,10,132,0,0,29f76a4c9be9b67f61ab5efd42696e214db2469033233427f0cdae55ddbe6ad8,1531c47ec28f5b836d791d8a4cc21b1cb5826c96b2fe6996319ec110de6126c7,data/manifests/phase1e/2019-07/daily/source_2019073100.json
2019073100,day3_24h,p04,B,1,5,0,0,0,0,0,0,11a9a9ebfb9aaa53a79fd969732861dbe676dd3455642d612a4b640b4ea37240,11a9a9ebfb9aaa53a79fd969732861dbe676dd3455642d612a4b640b4ea37240,data/manifests/phase1e/2019-07/daily/source_2019073100.json
2019080100,day1_24h,c00,A,4,8,0,0,0,0,0,0,617aa73a5804e0405fc7b0b9fd33d99a263de38d1449e5e89d48743a22cb3059,617aa73a5804e0405fc7b0b9fd33d99a263de38d1449e5e89d48743a22cb3059,data/manifests/phase1e/2019-08/daily/source_2019080100.json
2019080100,day1_24h,c00,B,1,5,0,0,0,0,0,0,921c53c0f421a5ee6a29be230b92adde1035614e8cb237e8eadededad87b3f5e,921c53c0f421a5ee6a29be230b92adde1035614e8cb237e8eadededad87b3f5e,data/manifests/phase1e/2019-08/daily/source_2019080100.json
2019080100,day1_24h,p01,A,4,8,0,0,0,0,0,0,410b70a80a1cc0440615e6640b254f50fe880b6390ad85d4302bdb76df6d343f,410b70a80a1cc0440615e6640b254f50fe880b6390ad85d4302bdb76df6d343f,data/manifests/phase1e/2019-08/daily/source_2019080100.json
2019080100,day1_24h,p01,B,1,5,0,0,0,0,0,0,7b468c309df771917da1a8db71e55c1fdfed5eb9f69610d6f7ec79454049cd99,7b468c309df771917da1a8db71e55c1fdfed5eb9f69610d6f7ec79454049cd99,data/manifests/phase1e/2019-08/daily/source_2019080100.json
2019080100,day1_24h,p02,A,4,8,0,0,0,0,0,0,aca1c6db3117c17844ba5725b32c540f9c7f1c5ae93c9092b4d941dc3b9737c5,aca1c6db3117c17844ba5725b32c540f9c7f1c5ae93c9092b4d941dc3b9737c5,data/manifests/phase1e/2019-08/daily/source_2019080100.json
2019080100,day1_24h,p02,B,1,5,0,0,0,0,0,0,48548bab1a8ef982930276074a2f97d7aa851b5f5f0107921b8f227de86ca1f7,48548bab1a8ef982930276074a2f97d7aa851b5f5f0107921b8f227de86ca1f7,data/manifests/phase1e/2019-08/daily/source_2019080100.json
2019080100,day1_24h,p03,A,4,8,0,0,0,0,0,0,49e8cff28f029075c31f6ffde4000940aed1ab9ddac2ffdaba824bb8e16c47e3,49e8cff28f029075c31f6ffde4000940aed1ab9ddac2ffdaba824bb8e16c47e3,data/manifests/phase1e/2019-08/daily/source_2019080100.json
2019080100,day1_24h,p03,B,1,5,0,0,0,0,0,0,8792853523355bd3a269433883da4f1a7b9d5dad9666e33184d82acbbdc7edf3,8792853523355bd3a269433883da4f1a7b9d5dad9666e33184d82acbbdc7edf3,data/manifests/phase1e/2019-08/daily/source_2019080100.json
2019080100,day1_24h,p04,A,4,8,0,0,0,0,0,0,60c4a53d9d67366c1b88258d42b11e3611fdbaf92d5138b895a68de2c8271328,60c4a53d9d67366c1b88258d42b11e3611fdbaf92d5138b895a68de2c8271328,data/manifests/phase1e/2019-08/daily/source_2019080100.json
2019080100,day1_24h,p04,B,1,5,0,0,0,0,0,0,f58c69e727de35590286e4e8c5679d37e7a383d9479705c791452fc47898eead,f58c69e727de35590286e4e8c5679d37e7a383d9479705c791452fc47898eead,data/manifests/phase1e/2019-08/daily/source_2019080100.json
2019080100,day2_24h,c00,A,4,8,161,6,6,155,13,0,6530a7633be786ec7685949f83a9d463fe1203552828b8c4778549b843dc1a09,bae3c49eff4b2afed2f63cbd0e41977bd548573886d99a551fb512e6495b5888,data/manifests/phase1e/2019-08/daily/source_2019080100.json
2019080100,day2_24h,c00,B,1,5,52,0,0,52,13,0,9b3fc500e9f75b3279f653eb5aa45b3e4fe6d43c6c79412b7931f5b6fe9d3367,3d43ea90e68c1171ebda630d2b2932d00343589a18aaad0fbdae28f5e4f024ef,data/manifests/phase1e/2019-08/daily/source_2019080100.json
2019080100,day2_24h,p01,A,4,8,292,6,6,286,6,0,f86e5b4eb24b461bdaf66c7039287185251687f00e6296503cb181f942814f35,b95b84d16b7fed7c38cb87bbb2145ff7e755ba1377653c93ae953a2c6c3bb033,data/manifests/phase1e/2019-08/daily/source_2019080100.json
2019080100,day2_24h,p01,B,1,5,121,2,2,119,6,0,dd90e1f8abe185bc9192b1b10453a154435b0ab2d3df61bab452c4c79625430b,a3a763d327f379acf0287fd5d31ccc884088c743d6943dc1df488e7176410341,data/manifests/phase1e/2019-08/daily/source_2019080100.json
2019080100,day2_24h,p02,A,4,8,0,0,0,0,0,0,2feb3fdabc74b33db1ca018ee81a9b2df05f9eaa454c82a77aace25acb6c7644,2feb3fdabc74b33db1ca018ee81a9b2df05f9eaa454c82a77aace25acb6c7644,data/manifests/phase1e/2019-08/daily/source_2019080100.json
2019080100,day2_24h,p02,B,1,5,0,0,0,0,0,0,8b75db25bee3a965ac625a13d14a54bac6ff9757b9e084e582570e0740fb53d9,8b75db25bee3a965ac625a13d14a54bac6ff9757b9e084e582570e0740fb53d9,data/manifests/phase1e/2019-08/daily/source_2019080100.json
2019080100,day2_24h,p03,A,4,8,0,0,0,0,0,0,e5c8f1cb08db2383e4ad900db66dd903ea9aef81b847c6f9fab1bdff97408207,e5c8f1cb08db2383e4ad900db66dd903ea9aef81b847c6f9fab1bdff97408207,data/manifests/phase1e/2019-08/daily/source_2019080100.json
2019080100,day2_24h,p03,B,1,5,0,0,0,0,0,0,fa799b4b732f8441f9c8e5880aedf1a3b2352c37bdaacef5177d98f86b5b649a,fa799b4b732f8441f9c8e5880aedf1a3b2352c37bdaacef5177d98f86b5b649a,data/manifests/phase1e/2019-08/daily/source_2019080100.json
2019080100,day2_24h,p04,A,4,8,333,13,13,320,0,0,7ec7e638bca86b652da1b3d01d656ce78870c9d30a5a28bbb1168bb056c1032c,f0774cf192bb1731a623503e545a1f2e455cc29148440e706fbcde9c01ac8e3b,data/manifests/phase1e/2019-08/daily/source_2019080100.json
2019080100,day2_24h,p04,B,1,5,0,0,0,0,0,0,20ae9139c926f43f6ba1ec8f660da9fd75d6c93c870ffcb85566a65936c2a498,20ae9139c926f43f6ba1ec8f660da9fd75d6c93c870ffcb85566a65936c2a498,data/manifests/phase1e/2019-08/daily/source_2019080100.json
2019080100,day3_24h,c00,A,4,8,147,7,7,140,0,0,b0984b1ccc75a761979bddd0dbbbd76bcf70538917885f07ddc0340303af406f,6073d2686ed9e83fa1db3c26d2165c63c56aa6d425e92136d4663a6be2568ec2,data/manifests/phase1e/2019-08/daily/source_2019080100.json
2019080100,day3_24h,c00,B,1,5,0,0,0,0,0,0,a2765a8688ca9c6a68c33f0dbc04a7c64fb00c0421726e162a8a12aa88132cdc,a2765a8688ca9c6a68c33f0dbc04a7c64fb00c0421726e162a8a12aa88132cdc,data/manifests/phase1e/2019-08/daily/source_2019080100.json
2019080100,day3_24h,p01,A,4,8,0,0,0,0,0,0,95ce50ea3891f185722b0877f3a797ceced7c6970ab57f644d80c65024729de3,95ce50ea3891f185722b0877f3a797ceced7c6970ab57f644d80c65024729de3,data/manifests/phase1e/2019-08/daily/source_2019080100.json
2019080100,day3_24h,p01,B,1,5,0,0,0,0,0,0,d1351549dccabe9797f9d6176de43262f4dcdc4a1c80b0466d40c31fdfa4da76,d1351549dccabe9797f9d6176de43262f4dcdc4a1c80b0466d40c31fdfa4da76,data/manifests/phase1e/2019-08/daily/source_2019080100.json
2019080100,day3_24h,p02,A,4,8,0,0,0,0,0,0,d44783f86caa7388fb54e4b2141d45eaabc9e0b6f5c11a4c2e278fb811259b5e,d44783f86caa7388fb54e4b2141d45eaabc9e0b6f5c11a4c2e278fb811259b5e,data/manifests/phase1e/2019-08/daily/source_2019080100.json
2019080100,day3_24h,p02,B,1,5,0,0,0,0,0,0,211f7bd3f934cc61496672950972b1037292a5e5c751fc173b007affadccfdef,211f7bd3f934cc61496672950972b1037292a5e5c751fc173b007affadccfdef,data/manifests/phase1e/2019-08/daily/source_2019080100.json
2019080100,day3_24h,p03,A,4,8,293,12,12,281,0,0,fedbe669b8379a916c5d48d72b4d4352f79d1aafe349b59576afd2b5616dc22f,27683295abb51fdcb36f4db25b563b4925c75df3ec9ecad4e2a05e2a2d08af73,data/manifests/phase1e/2019-08/daily/source_2019080100.json
2019080100,day3_24h,p03,B,1,5,0,0,0,0,0,0,4607fdd1ed353b4c2e8222fe5a0c7bc3a8eab1e37b86e251deaf92e51765f9ce,4607fdd1ed353b4c2e8222fe5a0c7bc3a8eab1e37b86e251deaf92e51765f9ce,data/manifests/phase1e/2019-08/daily/source_2019080100.json
2019080100,day3_24h,p04,A,4,8,0,0,0,0,0,0,1e592507649e3793466ba7d20f4cb99b577cdd0639f27d448b022098abc77649,1e592507649e3793466ba7d20f4cb99b577cdd0639f27d448b022098abc77649,data/manifests/phase1e/2019-08/daily/source_2019080100.json
2019080100,day3_24h,p04,B,1,5,0,0,0,0,0,0,3742abb997a620721d5554676956a4e36f19e54abc2e5c5c548649e8a6e3603e,3742abb997a620721d5554676956a4e36f19e54abc2e5c5c548649e8a6e3603e,data/manifests/phase1e/2019-08/daily/source_2019080100.json
2019080200,day1_24h,c00,A,4,8,133,0,0,133,0,0,bf621be291420531f3c01442d37aac05904ce93d14e7b5b70a743adb25cc175b,0e6879d97ba86c461402d7a16051b75671f6729c8d6a253e008dfae6cc99f6ad,data/manifests/phase1e/2019-08/daily/source_2019080200.json
2019080200,day1_24h,c00,B,1,5,0,0,0,0,0,0,78a09bb79a74889bd0c2deae7ee8e70b3d45aef4f132729581d1995f17c6ba10,78a09bb79a74889bd0c2deae7ee8e70b3d45aef4f132729581d1995f17c6ba10,data/manifests/phase1e/2019-08/daily/source_2019080200.json
2019080200,day1_24h,p01,A,4,8,32,0,0,32,0,0,b43fca9c9f37b64ea8cfa1576baf8bd188538027da186fc6627b267074404eb4,c8fa5f7e5f45476045ac688b990b2f4ce72b170e14e968fa075540157138e185,data/manifests/phase1e/2019-08/daily/source_2019080200.json
2019080200,day1_24h,p01,B,1,5,32,0,0,32,0,0,9fd1ce02b4523c3ab84b02a35aa2ef00add61402ebfdb6825bf57fbac985954a,a49bbd91102a5e5a5fabfa8bde28df349e1171162d721d74528e3dde07768d89,data/manifests/phase1e/2019-08/daily/source_2019080200.json
2019080200,day1_24h,p02,A,4,8,109,1,1,108,1,0,1db75bc8dad9762e778a234eb5137f7b807c0947636ca0f0d3b6e1642c9edb4e,2829d57b922a9889073e81f3a51a86e8d2b4779262a45f56ba3fe1daf7d38626,data/manifests/phase1e/2019-08/daily/source_2019080200.json
2019080200,day1_24h,p02,B,1,5,32,0,0,32,1,0,0b9da043126db137449fd44702dbc014ab0e22b9606a39dcbb6ac129785d59aa,5f21481ef26f09e4fde130bdea2f6b06dd520cdc6797aa7e896d9cb9933b9a4c,data/manifests/phase1e/2019-08/daily/source_2019080200.json
2019080200,day1_24h,p03,A,4,8,189,4,4,185,1,0,42af221c6fb0444d3d35084f910d003c26450e6ca5ffc2285ff48715517d9bb4,08efe981b3b3b7cc8309b459c66e7a843e0674d3b6d9fb864ddb9f6379245111,data/manifests/phase1e/2019-08/daily/source_2019080200.json
2019080200,day1_24h,p03,B,1,5,29,0,0,29,1,0,a3a0280b93d701608dd9771c0718015947df136019516738056081481ac83cf8,f3efa558c20e74d9f5ad8ed934fa8590d2d0393648f819c0e7d826348e7885fc,data/manifests/phase1e/2019-08/daily/source_2019080200.json
2019080200,day1_24h,p04,A,4,8,43,0,0,43,0,0,72dea114746e3916a3629614692a67adced8b32246c6506ca4b755f0bbe6d700,0c54dd542273e275da60507d79fc02f9a494bdc441e2df21c96c865078f221cd,data/manifests/phase1e/2019-08/daily/source_2019080200.json
2019080200,day1_24h,p04,B,1,5,43,0,0,43,0,0,55925684c3016e72c0b3f0eaee3edc1185a59bc4418b37de1a67c05ce96f3d11,b679dc67ba614a62fa92c87901c9e0b31cda320bcd919c43f633b5d213f3ab90,data/manifests/phase1e/2019-08/daily/source_2019080200.json
2019080200,day2_24h,c00,A,4,8,59,1,1,58,0,0,a981cb8b2fd04c1248c1632c12eda0ed08133982bdd83a2c5428cc3acdace809,d9bf5c9cd33fa342086d86a8ad1622b3cb75b26cc2ff22508bc4e9d9b3c7f444,data/manifests/phase1e/2019-08/daily/source_2019080200.json
2019080200,day2_24h,c00,B,1,5,0,0,0,0,0,0,9c04d413691f96b8fd3f30d60df3e597fbeca09b19704de33247b55fc6b2f67b,9c04d413691f96b8fd3f30d60df3e597fbeca09b19704de33247b55fc6b2f67b,data/manifests/phase1e/2019-08/daily/source_2019080200.json
2019080200,day2_24h,p01,A,4,8,62,0,0,62,0,0,11de272b27c984218d34102dd0711b7a05858085b55e029cde415f5113c28ba7,66402a1ddf6381ba1d9f614b48766be08c0b09ff54c999597a82d10e027ff384,data/manifests/phase1e/2019-08/daily/source_2019080200.json
2019080200,day2_24h,p01,B,1,5,0,0,0,0,0,0,29e2d627c58395dd0a361d95278487abe763b70a5909d2ff03a190258f5e69a2,29e2d627c58395dd0a361d95278487abe763b70a5909d2ff03a190258f5e69a2,data/manifests/phase1e/2019-08/daily/source_2019080200.json
2019080200,day2_24h,p02,A,4,8,67,3,3,64,0,0,17976c8e5abedc89b6f702ff9a4bb737bbcaf753dcfb5bf3f4d090a0a5df8d4b,5591e5a6383987aabdf7c302ab4da4344ed6cbe4e5615a3263d9d5b3d20214ea,data/manifests/phase1e/2019-08/daily/source_2019080200.json
2019080200,day2_24h,p02,B,1,5,0,0,0,0,0,0,cd5e357ac4a4ca291c9bce98c26f666b88b5e71a0f0a4917b8e10ff51f46e421,cd5e357ac4a4ca291c9bce98c26f666b88b5e71a0f0a4917b8e10ff51f46e421,data/manifests/phase1e/2019-08/daily/source_2019080200.json
2019080200,day2_24h,p03,A,4,8,118,3,3,115,1,0,3b59f9fbcd673f79a515ffe3b746a1e5671548328eaf6fea89490121850d182a,1269923bdefa77c276f6d4a7cf3247f643440a745967b38b91ee10f9d4ee7b3a,data/manifests/phase1e/2019-08/daily/source_2019080200.json
2019080200,day2_24h,p03,B,1,5,39,2,2,37,1,0,ed11011178505c1c36b545be7dcdd56eede12df33fe3b0eaf0388b51faf4a5f3,7bfa4f7800ac400b24a792c59764ea38b0d6c5053c50d1a6ec3ab885aa4982b4,data/manifests/phase1e/2019-08/daily/source_2019080200.json
2019080200,day2_24h,p04,A,4,8,0,0,0,0,0,0,f84a7e91907a6a471d0fd97b8e73f640fcbb50a3d563178fe02938c359fc7aee,f84a7e91907a6a471d0fd97b8e73f640fcbb50a3d563178fe02938c359fc7aee,data/manifests/phase1e/2019-08/daily/source_2019080200.json
2019080200,day2_24h,p04,B,1,5,0,0,0,0,0,0,64036755ff664100911ad15dc16d37013ae3c16ccd008432a76ee47754bade77,64036755ff664100911ad15dc16d37013ae3c16ccd008432a76ee47754bade77,data/manifests/phase1e/2019-08/daily/source_2019080200.json
2019080200,day3_24h,c00,A,4,8,32,0,0,32,0,0,766ff4b6c7418968b2fe0b0aa8a712e2e3c4d9cbea44df4ba8489c06003cfa58,96186140afd4856a9eac23ce4006d8837de6a453fa70f8af2c1f383bf759d8af,data/manifests/phase1e/2019-08/daily/source_2019080200.json
2019080200,day3_24h,c00,B,1,5,15,0,0,15,0,0,2aa34a9a9f727418d0e7fbb7cd0e618905787301497b2e6eb47dbfd405ae2300,38c60ad306d7b42497aded11acd33b8d62b12c5a3df49969003b11906839bb3c,data/manifests/phase1e/2019-08/daily/source_2019080200.json
2019080200,day3_24h,p01,A,4,8,346,18,18,328,0,0,ef4fc86560210c7ce258cdaf0931945634fbe7e3dc3fe6b09c9cb6468279f38e,770d09969730b4361314a0d37a8de069dd48e706261da4a4e6c894b834a5ee48,data/manifests/phase1e/2019-08/daily/source_2019080200.json
2019080200,day3_24h,p01,B,1,5,0,0,0,0,0,0,1de1a8c3b045c205ed0b987c433ff086f993cca557dee234dcc0099ec7e3bec0,1de1a8c3b045c205ed0b987c433ff086f993cca557dee234dcc0099ec7e3bec0,data/manifests/phase1e/2019-08/daily/source_2019080200.json
2019080200,day3_24h,p02,A,4,8,313,12,12,301,0,0,2fc711cf5a01af45950834e7e1a5acf7fc6a7f47891c8396a48dc94889f1829a,738ec885905a2de0923d3355ba82a38a074cad31e0877bb9992b9c01b666faaa,data/manifests/phase1e/2019-08/daily/source_2019080200.json
2019080200,day3_24h,p02,B,1,5,0,0,0,0,0,0,bf8367f3aedaf75949071bc998345a55da5bf0699c792da06b6fb17feb0da5e9,bf8367f3aedaf75949071bc998345a55da5bf0699c792da06b6fb17feb0da5e9,data/manifests/phase1e/2019-08/daily/source_2019080200.json
2019080200,day3_24h,p03,A,4,8,268,9,9,259,0,0,d42797b49fc5f673acde969bed28d60723136c57321e3c55e088e9bbdf2627a0,fad2002d758970318c538079375aa9b9e2bee3cd01d51f7d6fe8c456e5846cca,data/manifests/phase1e/2019-08/daily/source_2019080200.json
2019080200,day3_24h,p03,B,1,5,80,3,3,77,0,0,acd4da0b1743a9cd106f4ab6710e1ea6b72758876113a800c567607e609c18b4,a753295bf991df8b38aeda5c583c48b879461c530b59840da739aefa9aae570f,data/manifests/phase1e/2019-08/daily/source_2019080200.json
2019080200,day3_24h,p04,A,4,8,125,10,10,115,0,0,f5d9d4858bdb6f75c80cf24842b4b90a3f51772c104e8afecb027a45f72a524c,f066bce16a2578452f253ed6c1997f11f63429ddeeb3c9b8306392e686b2cfca,data/manifests/phase1e/2019-08/daily/source_2019080200.json
2019080200,day3_24h,p04,B,1,5,0,0,0,0,0,0,c5173af52e92a99a77891f865dde30f8af24d24230433ee66a4446bdffb71612,c5173af52e92a99a77891f865dde30f8af24d24230433ee66a4446bdffb71612,data/manifests/phase1e/2019-08/daily/source_2019080200.json
2019080300,day1_24h,c00,A,4,8,52,1,1,51,0,0,b29a634823430ca94d293cb2ade8155be2da72bbfa9f9ba767f7dd045d25d34f,0ce8c6e79e07ee919c091c7257e7295e073c36310e167bf83af43a964a54f058,data/manifests/phase1e/2019-08/daily/source_2019080300.json
2019080300,day1_24h,c00,B,1,5,0,0,0,0,0,0,e240bafaa6e195cac775ba52df8910be4f09b9cf551d7df446afb96d9c9619e2,e240bafaa6e195cac775ba52df8910be4f09b9cf551d7df446afb96d9c9619e2,data/manifests/phase1e/2019-08/daily/source_2019080300.json
2019080300,day1_24h,p01,A,4,8,17,0,0,17,0,0,5ad4aa8d605988321966547a1c1332058ab53117b66655b0ee9d7818d504fe12,b8063a49d27d2fa69f472b7a0a6239466e3b96f4beb6db81d242a4956ec50fdf,data/manifests/phase1e/2019-08/daily/source_2019080300.json
2019080300,day1_24h,p01,B,1,5,17,0,0,17,0,0,1b9f1134ab805506a890b92552b3e2076a481f985ef11623b22bc388530c9305,1764a12520fe5847306ce5502b33e5a4bac37f8191077a2888af80e5ca5e4933,data/manifests/phase1e/2019-08/daily/source_2019080300.json
2019080300,day1_24h,p02,A,4,8,12,0,0,12,1,0,ba8b7aa9308219d530cab623362131a9664f7d5f777a56e46906fba19c021530,321d0c7ab66b27697e867cffe695d4b1ca486a44125e19d4d562e646c6dce7bf,data/manifests/phase1e/2019-08/daily/source_2019080300.json
2019080300,day1_24h,p02,B,1,5,12,0,0,12,1,0,1aa50ccd2e941c6eddf94259031ba430c317f49d378f319e43fe386fec811a9e,8c3537b3a74ca1d95186620b0efa491704fb3e24efe20051272c227f149074ac,data/manifests/phase1e/2019-08/daily/source_2019080300.json
2019080300,day1_24h,p03,A,4,8,321,8,8,313,1,0,bed84895e52981310b29c87c16c3365d206eecb0351df792e814f0eff0b36ea4,21e0a4239558bc06814a9216cba07494ec6e544d39a6f16f0c5da8078e6c844e,data/manifests/phase1e/2019-08/daily/source_2019080300.json
2019080300,day1_24h,p03,B,1,5,18,0,0,18,1,0,a46695e2deb7fbaf0e7c88a70730343df077580276b1ef7af995947279be468d,7f0f73538988b2b1ef8eca9e26e4d38472aceaa03833a03f378336b3e435d924,data/manifests/phase1e/2019-08/daily/source_2019080300.json
2019080300,day1_24h,p04,A,4,8,24,0,0,24,10,0,083f6885d708779adf295601b4e3a074148022c92b1605a759d520de20a243e2,8a3df1a2e18dc4e87d6120038356d5036267bc1a6aa308a0319730cc3488ca93,data/manifests/phase1e/2019-08/daily/source_2019080300.json
2019080300,day1_24h,p04,B,1,5,24,0,0,24,10,0,afff281270b4237e75047a3396a6c4e2e4624138a60c2b24b1c72bb33b5fe7d1,02a97fe141c9ee4c31deb257c2f0ec445acceac9bdf3329484a1fbe5e40bc12a,data/manifests/phase1e/2019-08/daily/source_2019080300.json
2019080300,day2_24h,c00,A,4,8,133,3,3,130,0,0,f981fa1a3021394745b3bec65a31e555ee5e3a9bbb90e8078ec42f7b87ef520c,56556d2a06c77629ee6458071ca335b65a59dfafc884f2c3684370f067e84f25,data/manifests/phase1e/2019-08/daily/source_2019080300.json
2019080300,day2_24h,c00,B,1,5,0,0,0,0,0,0,e22ac342d26ad06e351faf953eb126379ec1ec60980a107b06fd09c905573f54,e22ac342d26ad06e351faf953eb126379ec1ec60980a107b06fd09c905573f54,data/manifests/phase1e/2019-08/daily/source_2019080300.json
2019080300,day2_24h,p01,A,4,8,0,0,0,0,0,0,3ef16a1a65c8ba85fd53f333f050f05ca403383bda492334db503bb22355b4be,3ef16a1a65c8ba85fd53f333f050f05ca403383bda492334db503bb22355b4be,data/manifests/phase1e/2019-08/daily/source_2019080300.json
2019080300,day2_24h,p01,B,1,5,0,0,0,0,0,0,50b58d2bd088ca3ff97f06a4536b383779d2f49fdfde16aec9491b240e9b351a,50b58d2bd088ca3ff97f06a4536b383779d2f49fdfde16aec9491b240e9b351a,data/manifests/phase1e/2019-08/daily/source_2019080300.json
2019080300,day2_24h,p02,A,4,8,227,12,12,215,0,0,d6f48c8b465d43a707e25d8732c1da2009f0a0a3b9f1058fda98ac9a1b371c57,37715d885681569e2617ab5729f66808f90b738f45316ab023dcbaec1cc890e6,data/manifests/phase1e/2019-08/daily/source_2019080300.json
2019080300,day2_24h,p02,B,1,5,0,0,0,0,0,0,c3a995b28352b60fda0d235fb441a03c06cd5f09dda40826cc35d52d1bed920b,c3a995b28352b60fda0d235fb441a03c06cd5f09dda40826cc35d52d1bed920b,data/manifests/phase1e/2019-08/daily/source_2019080300.json
2019080300,day2_24h,p03,A,4,8,49,0,0,49,0,0,851066d6520b43455a990ffe8b79abd261bd5b238d132e730e9697c6b1afb7c7,d0327741a1ca799d863ae3702624c623de387e2fafa995ec71b544abbf2ecc26,data/manifests/phase1e/2019-08/daily/source_2019080300.json
2019080300,day2_24h,p03,B,1,5,49,0,0,49,0,0,406f477117152b9102ec8a277bba1898e57de7e394fe4ca2693d44aaf7d7100c,c78c32631caab765ec33c0fb88d913061c9d3fa87f346fafc26f8aad365757c1,data/manifests/phase1e/2019-08/daily/source_2019080300.json
2019080300,day2_24h,p04,A,4,8,107,0,0,107,0,0,532e42a80df07604e7f2347bf9c26b4f5856ff04cb302d706ce9cc7f8bb4b938,8b0ec6c14f02ee5e8477f1420c57837e60925afd8362dfd076a478f6285a103c,data/manifests/phase1e/2019-08/daily/source_2019080300.json
2019080300,day2_24h,p04,B,1,5,0,0,0,0,0,0,144604f0761ae92a42579d7a50257ce54a4b64072c72d703c52e110af110b680,144604f0761ae92a42579d7a50257ce54a4b64072c72d703c52e110af110b680,data/manifests/phase1e/2019-08/daily/source_2019080300.json
2019080300,day3_24h,c00,A,4,8,414,13,13,401,8,0,8d747184d1038166da1f053119809d65c5adfa1909eabb88ce983bf806361c20,3996504684f9574c51569a55f9f9d08aa2a132c3966c49ab3368ec6537fa4e66,data/manifests/phase1e/2019-08/daily/source_2019080300.json
2019080300,day3_24h,c00,B,1,5,43,0,0,43,8,0,9a57607f523080060c7cd94c1837e02c5e79965be8285e6f079ad429e39963e9,afd2dd88a8062c8f47eaf6da270657c96308e8a95afa24a16f1fbb5b9c6ab8e5,data/manifests/phase1e/2019-08/daily/source_2019080300.json
2019080300,day3_24h,p01,A,4,8,103,6,6,97,0,0,e3998a5bdc98528d6f8ea4b7c5ff96f28f940b0e1f1aaccf2972e58081b1b07f,45a97ccfaa27df48f2e61926585c7e3e4cdabd069b16a68dd0cfb1906dcedc94,data/manifests/phase1e/2019-08/daily/source_2019080300.json
2019080300,day3_24h,p01,B,1,5,0,0,0,0,0,0,360bbfc918c974b05272ea248343b551d4d0ec33f8722cd29b22f35e1993edc8,360bbfc918c974b05272ea248343b551d4d0ec33f8722cd29b22f35e1993edc8,data/manifests/phase1e/2019-08/daily/source_2019080300.json
2019080300,day3_24h,p02,A,4,8,239,5,5,234,0,0,e3d8249ba95b8db8cd62c88a3feb6c3b9276a70f1ee139c9b7058d5066835600,b596e8ba2365baa7f4b2c53fdb5275a183d9a0e4a653798f6c5d434fa6204034,data/manifests/phase1e/2019-08/daily/source_2019080300.json
2019080300,day3_24h,p02,B,1,5,80,5,5,75,0,0,f01169b612561f298a8c27cd1f30f28f8b02444e077bc520e048ffaeb9411f80,8927a6113c4a608661cb1321977c4b2a61bf4a71530c82fca224ff8399e9cb36,data/manifests/phase1e/2019-08/daily/source_2019080300.json
2019080300,day3_24h,p03,A,4,8,81,2,2,79,4,0,84a3626aea6b5019a545055cd436063fcff78d3e15f75bfd26a125cc0532e557,53cb1fe2efb86e0288f1f897aa470fa99fbe6c6c0d16991a84a6a20224cf9803,data/manifests/phase1e/2019-08/daily/source_2019080300.json
2019080300,day3_24h,p03,B,1,5,81,2,2,79,4,0,08c111af62cee0778bfe1858ab21ab5bf471dad2dbafa7b2b195c6111ef02a1c,fec8b30f1a30878aad5b5e5fcae974521f296d4b2c4aa2063dcd6a19f2dbf4f1,data/manifests/phase1e/2019-08/daily/source_2019080300.json
2019080300,day3_24h,p04,A,4,8,100,4,4,96,0,0,fd69389236f406d4fbcae5dfb40923b287576b607a216a859846cefc7f875697,ca35a047c5d4f48baf6a60390f3461f376e1cb876d1d27d105a141e153f87790,data/manifests/phase1e/2019-08/daily/source_2019080300.json
2019080300,day3_24h,p04,B,1,5,0,0,0,0,0,0,105036ef7fef90a7af1933c86122c5f245f7fc435c11cfd3372b03d7fca8a00f,105036ef7fef90a7af1933c86122c5f245f7fc435c11cfd3372b03d7fca8a00f,data/manifests/phase1e/2019-08/daily/source_2019080300.json
2019080400,day1_24h,c00,A,4,8,0,0,0,0,0,0,0d5f72ceee38de75878a47f3357690ae054d66aa8f264bb7e857f41e9a9ad728,0d5f72ceee38de75878a47f3357690ae054d66aa8f264bb7e857f41e9a9ad728,data/manifests/phase1e/2019-08/daily/source_2019080400.json
2019080400,day1_24h,c00,B,1,5,0,0,0,0,0,0,d46f52a0800bf0612238bcba32745e8dc1da5da14f8c50ee3f39339862c57007,d46f52a0800bf0612238bcba32745e8dc1da5da14f8c50ee3f39339862c57007,data/manifests/phase1e/2019-08/daily/source_2019080400.json
2019080400,day1_24h,p01,A,4,8,0,0,0,0,0,0,ba8fc654b81d39ebdef9f176028efe43f3f9c44a83f7bcae8c19171ab89a5ae7,ba8fc654b81d39ebdef9f176028efe43f3f9c44a83f7bcae8c19171ab89a5ae7,data/manifests/phase1e/2019-08/daily/source_2019080400.json
2019080400,day1_24h,p01,B,1,5,0,0,0,0,0,0,3e3f769d33b0477a7bfaed50c972a2d0225de11da9300fe0b0ed74eaf9926d41,3e3f769d33b0477a7bfaed50c972a2d0225de11da9300fe0b0ed74eaf9926d41,data/manifests/phase1e/2019-08/daily/source_2019080400.json
2019080400,day1_24h,p02,A,4,8,296,13,13,283,0,0,88ea4514be16aafc5150a5eaa529579937c1f1ea6bc666893aae5d112f4c986b,9015df841640452204a55744a8f6e2e7cb7db4f1dcdd35354637b4bb69acfb2f,data/manifests/phase1e/2019-08/daily/source_2019080400.json
2019080400,day1_24h,p02,B,1,5,13,0,0,13,0,0,e29053986d885545e96c0fc4ece2f46a0df53ebce836b2861ecbfdcc2cf9d4be,f9ec8534e7c77f16422addca6973d5e568a5700db774e4cc92bd8a445c9c659b,data/manifests/phase1e/2019-08/daily/source_2019080400.json
2019080400,day1_24h,p03,A,4,8,202,6,6,196,2,0,2688eb7efb4bddaad888c928a6566d6acb6648fb60ee997da2922fe585495fff,823a76b95993cd96e2653780f18aaee17901e2e1d72724faf0b94aa846d085fb,data/manifests/phase1e/2019-08/daily/source_2019080400.json
2019080400,day1_24h,p03,B,1,5,24,0,0,24,2,0,c6e922021999326a66d4c098c5ea15f051d572e518c429257ee318b0cf39cd3b,1e528bfa70d82035f2b8bc119d2c8c141cc967446cb228de44107bd8a2e551aa,data/manifests/phase1e/2019-08/daily/source_2019080400.json
2019080400,day1_24h,p04,A,4,8,0,0,0,0,0,0,5b2cbebfdbfe6de3bf1f986719f137dfd4470b2eef9cf90704548f90544ea656,5b2cbebfdbfe6de3bf1f986719f137dfd4470b2eef9cf90704548f90544ea656,data/manifests/phase1e/2019-08/daily/source_2019080400.json
2019080400,day1_24h,p04,B,1,5,0,0,0,0,0,0,75f11264792717ca956f96704d40932850cb06d074bb146662ad642cc13a13d3,75f11264792717ca956f96704d40932850cb06d074bb146662ad642cc13a13d3,data/manifests/phase1e/2019-08/daily/source_2019080400.json
2019080400,day2_24h,c00,A,4,8,0,0,0,0,0,0,aecc5964425136bb2f6fe29fce2b5ff7b8a2b7e3c6f2924723b578783fabf853,aecc5964425136bb2f6fe29fce2b5ff7b8a2b7e3c6f2924723b578783fabf853,data/manifests/phase1e/2019-08/daily/source_2019080400.json
2019080400,day2_24h,c00,B,1,5,0,0,0,0,0,0,4f8ce3c74be54c51df1e29096de7eae2117edc1385eadc37a867583f78fc0de7,4f8ce3c74be54c51df1e29096de7eae2117edc1385eadc37a867583f78fc0de7,data/manifests/phase1e/2019-08/daily/source_2019080400.json
2019080400,day2_24h,p01,A,4,8,78,4,4,74,0,0,884a2b92326182c154d3db9a8c4ee4ec382b37040cb951e7b44bec4c9aa07ac0,280fdc2308ebddc9322feea1c9de19d8226bc33501a42f946ff2064973e772ac,data/manifests/phase1e/2019-08/daily/source_2019080400.json
2019080400,day2_24h,p01,B,1,5,0,0,0,0,0,0,b7ca0406ff26728dad20ff01e347b54b4172b3a87922c20fdca3ce6b466b4cfc,b7ca0406ff26728dad20ff01e347b54b4172b3a87922c20fdca3ce6b466b4cfc,data/manifests/phase1e/2019-08/daily/source_2019080400.json
2019080400,day2_24h,p02,A,4,8,109,6,6,103,0,0,73edf579446ef13950889399b780d11c7797715e1f361bdd2bb48bca87d19415,8e8851830c9c9b7287a174b14a6bd80a2ffab928d5b40efdc8350a41642abf19,data/manifests/phase1e/2019-08/daily/source_2019080400.json
2019080400,day2_24h,p02,B,1,5,0,0,0,0,0,0,48125fbc6374700726dfbee9ebe3b827a604adffae279a1d5acd89a2d269b33a,48125fbc6374700726dfbee9ebe3b827a604adffae279a1d5acd89a2d269b33a,data/manifests/phase1e/2019-08/daily/source_2019080400.json
2019080400,day2_24h,p03,A,4,8,222,5,5,217,4,0,9ab222ce4b4eb9081fd09f7002b17f13dea010b0b4177ea1028c2068b995f3ab,aded8321ca91aea257101f39a9fb3141fdb218acf8f967e3b07d9b353dd79a19,data/manifests/phase1e/2019-08/daily/source_2019080400.json
2019080400,day2_24h,p03,B,1,5,154,3,3,151,4,0,a091f14f3dca1a256056ce5b794578fde15a886608efd42ce5ddf14519ff31fa,0dcf4f53fdf344a23aa98b4870b1a46140c9ff8ef1d63de8ebbf19c947fbc3bf,data/manifests/phase1e/2019-08/daily/source_2019080400.json
2019080400,day2_24h,p04,A,4,8,199,9,9,190,0,0,29a1f1fdee3072b8d01bec4430ac92da41f9169f3545ada80f17185e57788e72,a85f76e3e4ac209f7b915d19e3a7245f4fd906d94e777d517279e8ccbdd39394,data/manifests/phase1e/2019-08/daily/source_2019080400.json
2019080400,day2_24h,p04,B,1,5,0,0,0,0,0,0,44d0c5dc1262460b1a6ad08683f63d09af41cdcd5a434c7465d3ef50524c98e6,44d0c5dc1262460b1a6ad08683f63d09af41cdcd5a434c7465d3ef50524c98e6,data/manifests/phase1e/2019-08/daily/source_2019080400.json
2019080400,day3_24h,c00,A,4,8,0,0,0,0,0,0,d9f5d33797d4fd4a4ea52da80230d4cfa92dd18b3e8fc5ed0029c0ad2b33b5db,d9f5d33797d4fd4a4ea52da80230d4cfa92dd18b3e8fc5ed0029c0ad2b33b5db,data/manifests/phase1e/2019-08/daily/source_2019080400.json
2019080400,day3_24h,c00,B,1,5,0,0,0,0,0,0,ced0a71f832c8f29de331aee2ce48e52fff40af9fe1ca63f149ede703ae06fad,ced0a71f832c8f29de331aee2ce48e52fff40af9fe1ca63f149ede703ae06fad,data/manifests/phase1e/2019-08/daily/source_2019080400.json
2019080400,day3_24h,p01,A,4,8,0,0,0,0,0,0,29c15d91b569eb5de4c15d0886b8c2f5384d245ea4cc80bb66b6e5bb98f5852d,29c15d91b569eb5de4c15d0886b8c2f5384d245ea4cc80bb66b6e5bb98f5852d,data/manifests/phase1e/2019-08/daily/source_2019080400.json
2019080400,day3_24h,p01,B,1,5,0,0,0,0,0,0,92582c7dbbb1661ed21d94415b19f9a8d6497842fe5ee876673786fce909520d,92582c7dbbb1661ed21d94415b19f9a8d6497842fe5ee876673786fce909520d,data/manifests/phase1e/2019-08/daily/source_2019080400.json
2019080400,day3_24h,p02,A,4,8,292,9,9,283,11,0,3a6e9c021bdfca3ce31f7d429c5797ac90d7fa412fddbeabc361165936d924c0,310f2f009708e35f3a1af0da33633a3ed2805d4af3a7de988960c2acba1dc5be,data/manifests/phase1e/2019-08/daily/source_2019080400.json
2019080400,day3_24h,p02,B,1,5,112,2,2,110,11,0,88658bc3d93a0e3751355ba48ea87c6e2e59510479e65e30dcfa6bd0af82aea9,4d7906226dcde63ff3464c849649ceeb755aca422806bb3477972840331dfa89,data/manifests/phase1e/2019-08/daily/source_2019080400.json
2019080400,day3_24h,p03,A,4,8,0,0,0,0,0,0,8d743334cabaaf4ee58870a34837c14d1fce256d8d07aea43d26ee9dad2d6547,8d743334cabaaf4ee58870a34837c14d1fce256d8d07aea43d26ee9dad2d6547,data/manifests/phase1e/2019-08/daily/source_2019080400.json
2019080400,day3_24h,p03,B,1,5,0,0,0,0,0,0,65c23be462895d62a52ab791f8d2b0864b883590ffa870b5f938ee08bbe94a0b,65c23be462895d62a52ab791f8d2b0864b883590ffa870b5f938ee08bbe94a0b,data/manifests/phase1e/2019-08/daily/source_2019080400.json
2019080400,day3_24h,p04,A,4,8,264,17,17,247,0,0,8de70b1515b2b4e81c56d2b5716dc1b6cc1fc7a33c34d086efdb16e6d04c6acb,18e2ffb560c4637ba342ce4bd7dbfffb587b9b244ab235653a1b709d2f28742a,data/manifests/phase1e/2019-08/daily/source_2019080400.json
2019080400,day3_24h,p04,B,1,5,83,7,7,76,0,0,e44359ced8bc8f34f1ea3c1f269aaab12225b0dd9f49d0382d1ec34cc7c0d2c4,1e4210c8716398c29c4af1b799b3d35cb47f54b983cc9a938b2480fe78d3683c,data/manifests/phase1e/2019-08/daily/source_2019080400.json
2019080500,day1_24h,c00,A,4,8,0,0,0,0,0,0,2003fc3cfe3a43753ab9752d8160c2d2d9d19a8c14e48647726a3b30635ced66,2003fc3cfe3a43753ab9752d8160c2d2d9d19a8c14e48647726a3b30635ced66,data/manifests/phase1e/2019-08/daily/source_2019080500.json
2019080500,day1_24h,c00,B,1,5,0,0,0,0,0,0,d61eb72580c40719cf06c1098bc56020cc7c31d3b72127efc2d3d276da58ca1a,d61eb72580c40719cf06c1098bc56020cc7c31d3b72127efc2d3d276da58ca1a,data/manifests/phase1e/2019-08/daily/source_2019080500.json
2019080500,day1_24h,p01,A,4,8,0,0,0,0,0,0,805660b539ac4f8a7f478b4ed3afb557cf2ec905962d3b180e33b2c74e519204,805660b539ac4f8a7f478b4ed3afb557cf2ec905962d3b180e33b2c74e519204,data/manifests/phase1e/2019-08/daily/source_2019080500.json
2019080500,day1_24h,p01,B,1,5,0,0,0,0,0,0,d0b64ab0252baa666ba732bb55f40c4e48a76b09c075dd5a46158cac7206597d,d0b64ab0252baa666ba732bb55f40c4e48a76b09c075dd5a46158cac7206597d,data/manifests/phase1e/2019-08/daily/source_2019080500.json
2019080500,day1_24h,p02,A,4,8,82,2,2,80,0,0,6ffc51b879262f8ce4bde5f694d22b196bbf20092a11fe4eb656bf253b8d81cd,83dfc4a5fea8545f3b2379dc8b907a3a3fe951081dfdcaa87329d401533b91a8,data/manifests/phase1e/2019-08/daily/source_2019080500.json
2019080500,day1_24h,p02,B,1,5,0,0,0,0,0,0,eaea043c1f13d9772ed337017b813f70439d8c7f8827c930fe2d0d62c3ecdd43,eaea043c1f13d9772ed337017b813f70439d8c7f8827c930fe2d0d62c3ecdd43,data/manifests/phase1e/2019-08/daily/source_2019080500.json
2019080500,day1_24h,p03,A,4,8,0,0,0,0,0,0,80fdb48b2f2b02da12877d10e7376760036e08e290faba8244bfcc8a7f3a2342,80fdb48b2f2b02da12877d10e7376760036e08e290faba8244bfcc8a7f3a2342,data/manifests/phase1e/2019-08/daily/source_2019080500.json
2019080500,day1_24h,p03,B,1,5,0,0,0,0,0,0,02d36b80bb5054e20d65652863d1bba88697f1a8e59131d8fbee7b3ef9e62cef,02d36b80bb5054e20d65652863d1bba88697f1a8e59131d8fbee7b3ef9e62cef,data/manifests/phase1e/2019-08/daily/source_2019080500.json
2019080500,day1_24h,p04,A,4,8,0,0,0,0,0,0,c149918149eea51c39abbcbb46154acfaa6bc9e97c24446e14536fec7b5af11d,c149918149eea51c39abbcbb46154acfaa6bc9e97c24446e14536fec7b5af11d,data/manifests/phase1e/2019-08/daily/source_2019080500.json
2019080500,day1_24h,p04,B,1,5,0,0,0,0,0,0,a8d25471ee36704a01d7f9ff46920a71a4a4e740e274ae6557f2377eb7084b8e,a8d25471ee36704a01d7f9ff46920a71a4a4e740e274ae6557f2377eb7084b8e,data/manifests/phase1e/2019-08/daily/source_2019080500.json
2019080500,day2_24h,c00,A,4,8,0,0,0,0,0,0,a67936996ee53bafbd7b8a8c42dd9904db8e65957a9cfeebfc49c42ef489443c,a67936996ee53bafbd7b8a8c42dd9904db8e65957a9cfeebfc49c42ef489443c,data/manifests/phase1e/2019-08/daily/source_2019080500.json
2019080500,day2_24h,c00,B,1,5,0,0,0,0,0,0,8164e3acee4e1f6c305b5e8b22b13a9a86f3211383a23ee843dd9d2b666604fb,8164e3acee4e1f6c305b5e8b22b13a9a86f3211383a23ee843dd9d2b666604fb,data/manifests/phase1e/2019-08/daily/source_2019080500.json
2019080500,day2_24h,p01,A,4,8,0,0,0,0,0,0,e9a758f1a96c3008cd539b3f58f0d74dcc29697236d2f2059b27e98f5c5aeff1,e9a758f1a96c3008cd539b3f58f0d74dcc29697236d2f2059b27e98f5c5aeff1,data/manifests/phase1e/2019-08/daily/source_2019080500.json
2019080500,day2_24h,p01,B,1,5,0,0,0,0,0,0,a076ea7948a5a4ea26eeb1519ad164f38efe09ef5d1647e0ca8995bd6e6406e8,a076ea7948a5a4ea26eeb1519ad164f38efe09ef5d1647e0ca8995bd6e6406e8,data/manifests/phase1e/2019-08/daily/source_2019080500.json
2019080500,day2_24h,p02,A,4,8,0,0,0,0,0,0,dce222e99efb54141294b069d6cc1c044a7a02f10641e85830cc45049385f89a,dce222e99efb54141294b069d6cc1c044a7a02f10641e85830cc45049385f89a,data/manifests/phase1e/2019-08/daily/source_2019080500.json
2019080500,day2_24h,p02,B,1,5,0,0,0,0,0,0,726809e48b273e8a39145eb8cd15600b87b5b3c2f3713449f03008c8625a35e7,726809e48b273e8a39145eb8cd15600b87b5b3c2f3713449f03008c8625a35e7,data/manifests/phase1e/2019-08/daily/source_2019080500.json
2019080500,day2_24h,p03,A,4,8,0,0,0,0,0,0,17826897bfc14d94ea441f4d532bca0e7b8db7d06c21d8921f55c26fc9753ec1,17826897bfc14d94ea441f4d532bca0e7b8db7d06c21d8921f55c26fc9753ec1,data/manifests/phase1e/2019-08/daily/source_2019080500.json
2019080500,day2_24h,p03,B,1,5,0,0,0,0,0,0,e409e37961e8918cfbc7be47c0e5bc645abdd968630fed2e3abe715f9714fe09,e409e37961e8918cfbc7be47c0e5bc645abdd968630fed2e3abe715f9714fe09,data/manifests/phase1e/2019-08/daily/source_2019080500.json
2019080500,day2_24h,p04,A,4,8,0,0,0,0,0,0,d4c528494577efe7a91aed2c4e1f7e7484249957edfb01f439f802d7184f74a6,d4c528494577efe7a91aed2c4e1f7e7484249957edfb01f439f802d7184f74a6,data/manifests/phase1e/2019-08/daily/source_2019080500.json
2019080500,day2_24h,p04,B,1,5,0,0,0,0,0,0,c3c3cd55f2ae022095883be876142d294cac0e94d6d944db2130812559eece6f,c3c3cd55f2ae022095883be876142d294cac0e94d6d944db2130812559eece6f,data/manifests/phase1e/2019-08/daily/source_2019080500.json
2019080500,day3_24h,c00,A,4,8,14,0,0,14,0,0,81da3db119764ca6ad2d8c031405fafc4b0c65f3830e37c924c3f4577b9dc93f,8f041b30fec9ab4f759aee419c3b2862b3d0cf300156c5dbe1eaf1240f7d5198,data/manifests/phase1e/2019-08/daily/source_2019080500.json
2019080500,day3_24h,c00,B,1,5,14,0,0,14,0,0,a5e4797f5f41a9289f8603558191d0e4be04f04265facd320c083e312c2425b2,dc004af337c6af451cfc39fa1cbae5529171bcfb66c6fabfd9f71476b8e6fda8,data/manifests/phase1e/2019-08/daily/source_2019080500.json
2019080500,day3_24h,p01,A,4,8,0,0,0,0,0,0,e28ec0394253015c345ee17cf33437269d0e6c88599656bc4e81dbc6e5d6e0e0,e28ec0394253015c345ee17cf33437269d0e6c88599656bc4e81dbc6e5d6e0e0,data/manifests/phase1e/2019-08/daily/source_2019080500.json
2019080500,day3_24h,p01,B,1,5,0,0,0,0,0,0,34cc47122c88e7aa9ddc1d6586c23168702929bf230fa7c0a5868dbfcd6b4394,34cc47122c88e7aa9ddc1d6586c23168702929bf230fa7c0a5868dbfcd6b4394,data/manifests/phase1e/2019-08/daily/source_2019080500.json
2019080500,day3_24h,p02,A,4,8,44,2,2,42,0,0,5fcac9dbf69ae25c26abb8cebed6331af531e03314a2d40f7ccdac18de7351dc,888e1c89f4a10749672dda1e7608850169fd6691569db3d8ddc18fdd27139479,data/manifests/phase1e/2019-08/daily/source_2019080500.json
2019080500,day3_24h,p02,B,1,5,0,0,0,0,0,0,c268aab28f7d90f363e1948b2767b3eca8291eaa1df6b7c169511a2b14ff39b9,c268aab28f7d90f363e1948b2767b3eca8291eaa1df6b7c169511a2b14ff39b9,data/manifests/phase1e/2019-08/daily/source_2019080500.json
2019080500,day3_24h,p03,A,4,8,0,0,0,0,0,0,2e99069a434ecd848e45f73aedb37779e55b0959456bedb04949c1fd09dfca1d,2e99069a434ecd848e45f73aedb37779e55b0959456bedb04949c1fd09dfca1d,data/manifests/phase1e/2019-08/daily/source_2019080500.json
2019080500,day3_24h,p03,B,1,5,0,0,0,0,0,0,49269dca83ed24ba19b02d2de22fa5b515cc1b19fe5519856b4151e884f43180,49269dca83ed24ba19b02d2de22fa5b515cc1b19fe5519856b4151e884f43180,data/manifests/phase1e/2019-08/daily/source_2019080500.json
2019080500,day3_24h,p04,A,4,8,0,0,0,0,0,0,c7efc8b879f26b9e8593fb0ab2ffbbfc155402c43723d77fee41e77b3efaf5b0,c7efc8b879f26b9e8593fb0ab2ffbbfc155402c43723d77fee41e77b3efaf5b0,data/manifests/phase1e/2019-08/daily/source_2019080500.json
2019080500,day3_24h,p04,B,1,5,0,0,0,0,0,0,c42dac7ba4aeff2f82fca9eba44a7bd162a6c5b609ecf71f5f5189857da7be97,c42dac7ba4aeff2f82fca9eba44a7bd162a6c5b609ecf71f5f5189857da7be97,data/manifests/phase1e/2019-08/daily/source_2019080500.json
2019080600,day1_24h,c00,A,4,8,0,0,0,0,0,0,1a12dc3d5ae001ca57f2d70b819cd600d26353c426df0c4716f5de95b1c15a57,1a12dc3d5ae001ca57f2d70b819cd600d26353c426df0c4716f5de95b1c15a57,data/manifests/phase1e/2019-08/daily/source_2019080600.json
2019080600,day1_24h,c00,B,1,5,0,0,0,0,0,0,3b30867f6f04a499a7aded7b356cd677bc3198043cf17c1cef7c667bd468a323,3b30867f6f04a499a7aded7b356cd677bc3198043cf17c1cef7c667bd468a323,data/manifests/phase1e/2019-08/daily/source_2019080600.json
2019080600,day1_24h,p01,A,4,8,55,4,4,51,0,0,9b333f2c8bff79e477343b2361000c264589eac23f9c60da9800acc6a5db8217,084ba97e2d595234c33b1f866071ebfbbb46e25c5bb7ff2019d46470d5302a71,data/manifests/phase1e/2019-08/daily/source_2019080600.json
2019080600,day1_24h,p01,B,1,5,0,0,0,0,0,0,0d173962d771317851fd4496e5c23eba69c68f30c92555f5ac197812dbaf47b3,0d173962d771317851fd4496e5c23eba69c68f30c92555f5ac197812dbaf47b3,data/manifests/phase1e/2019-08/daily/source_2019080600.json
2019080600,day1_24h,p02,A,4,8,24,0,0,24,0,0,8f713228275585a96d04d7ad8ed66b0932b497c7b7ad47b477eee6821c4ffb48,0d67893dc65c7fbe855e4868ad325146877ddd7f27a23cabb0ed2251c72b01c3,data/manifests/phase1e/2019-08/daily/source_2019080600.json
2019080600,day1_24h,p02,B,1,5,0,0,0,0,0,0,b5e34ca8221a19fb0594264558797e8a25995efdb9126498f348355a8120ec58,b5e34ca8221a19fb0594264558797e8a25995efdb9126498f348355a8120ec58,data/manifests/phase1e/2019-08/daily/source_2019080600.json
2019080600,day1_24h,p03,A,4,8,0,0,0,0,0,0,2d4e864447a416a2dc112b44c2936cf3999652cccdeae6200f5bdac67af1626e,2d4e864447a416a2dc112b44c2936cf3999652cccdeae6200f5bdac67af1626e,data/manifests/phase1e/2019-08/daily/source_2019080600.json
2019080600,day1_24h,p03,B,1,5,0,0,0,0,0,0,a5f3d5d07c840ea721292fbf41e6ce7747ea327c0a11bcccd1bea1aae166a31b,a5f3d5d07c840ea721292fbf41e6ce7747ea327c0a11bcccd1bea1aae166a31b,data/manifests/phase1e/2019-08/daily/source_2019080600.json
2019080600,day1_24h,p04,A,4,8,0,0,0,0,0,0,aa383886d639edb29148bb76a548331c8b0729cac421a72576eeaf014e753ea6,aa383886d639edb29148bb76a548331c8b0729cac421a72576eeaf014e753ea6,data/manifests/phase1e/2019-08/daily/source_2019080600.json
2019080600,day1_24h,p04,B,1,5,0,0,0,0,0,0,2b4dfdcc8231c112cf6a1f89925500b7d79adbcaca7817c1d94eb1ccc0758672,2b4dfdcc8231c112cf6a1f89925500b7d79adbcaca7817c1d94eb1ccc0758672,data/manifests/phase1e/2019-08/daily/source_2019080600.json
2019080600,day2_24h,c00,A,4,8,98,2,2,96,0,0,002065d27487fe20f5d47105146368c49da92326de386bb9eaae282f8d105f50,bb8a5dc02d1a0412ef3cee41ef2e6a73e536e29135db3eff50a6463c189f2fa7,data/manifests/phase1e/2019-08/daily/source_2019080600.json
2019080600,day2_24h,c00,B,1,5,0,0,0,0,0,0,40d5f5369c8c7c6370caeeb32d57b1790741b7f58b67b04dc88c0346f1f88f99,40d5f5369c8c7c6370caeeb32d57b1790741b7f58b67b04dc88c0346f1f88f99,data/manifests/phase1e/2019-08/daily/source_2019080600.json
2019080600,day2_24h,p01,A,4,8,233,7,7,226,0,0,b45f05bfd3439c97de0ead41dd7834f5291e1bf39bc2d9d8aba5f2c48486498d,88d0a4bdfff60331e84a2b2a604ee468e98852b16765f6b248ba4b823539299b,data/manifests/phase1e/2019-08/daily/source_2019080600.json
2019080600,day2_24h,p01,B,1,5,0,0,0,0,0,0,f85c351ece5ce1649713f1c79d02eb88d5fa457a26d6208b942331885d35155b,f85c351ece5ce1649713f1c79d02eb88d5fa457a26d6208b942331885d35155b,data/manifests/phase1e/2019-08/daily/source_2019080600.json
2019080600,day2_24h,p02,A,4,8,0,0,0,0,0,0,20a40b8d385b4ac20a1a12465663bbb1acb6d3103fa2e4a71aa4f08fb21aed3e,20a40b8d385b4ac20a1a12465663bbb1acb6d3103fa2e4a71aa4f08fb21aed3e,data/manifests/phase1e/2019-08/daily/source_2019080600.json
2019080600,day2_24h,p02,B,1,5,0,0,0,0,0,0,32ad9e8a8fd25a82f19a98706dd3dd49ca9cbba0f5cfb1659834398ac34419a6,32ad9e8a8fd25a82f19a98706dd3dd49ca9cbba0f5cfb1659834398ac34419a6,data/manifests/phase1e/2019-08/daily/source_2019080600.json
2019080600,day2_24h,p03,A,4,8,0,0,0,0,0,0,b2877cca7a33d5552b5858d854cf89246b046a8d180e36e11464d816fa3c67fd,b2877cca7a33d5552b5858d854cf89246b046a8d180e36e11464d816fa3c67fd,data/manifests/phase1e/2019-08/daily/source_2019080600.json
2019080600,day2_24h,p03,B,1,5,0,0,0,0,0,0,9b4102c867fadc4908cf78e2cdabe1c1ca1a996a4768ea57fbc2feac42efa3da,9b4102c867fadc4908cf78e2cdabe1c1ca1a996a4768ea57fbc2feac42efa3da,data/manifests/phase1e/2019-08/daily/source_2019080600.json
2019080600,day2_24h,p04,A,4,8,0,0,0,0,0,0,5d684c7c468ed666ce03e21f82e9b88c9eb072bf36bd28b94c8b5e4ddbd4848f,5d684c7c468ed666ce03e21f82e9b88c9eb072bf36bd28b94c8b5e4ddbd4848f,data/manifests/phase1e/2019-08/daily/source_2019080600.json
2019080600,day2_24h,p04,B,1,5,0,0,0,0,0,0,6243faa0267a94629dade17d4f783ce2863e2f9339d5689358a0430a13dab077,6243faa0267a94629dade17d4f783ce2863e2f9339d5689358a0430a13dab077,data/manifests/phase1e/2019-08/daily/source_2019080600.json
2019080600,day3_24h,c00,A,4,8,223,9,9,214,0,0,6431c2dae321fe4ace2689b30ceccd5b61cca4703513773423f24c9d89955cfb,d8634cdc41f058dcaa06a40155db6a01f2a7e2300ec2860ec1636d8591d02f8c,data/manifests/phase1e/2019-08/daily/source_2019080600.json
2019080600,day3_24h,c00,B,1,5,23,1,1,22,0,0,5a01f35a66d221467d8bd584462983b687055b769e71621aeb1d19c549207cbc,745eed3d52515acaed6226ff5b3ea056bb657d8068db1681f895641c182f2276,data/manifests/phase1e/2019-08/daily/source_2019080600.json
2019080600,day3_24h,p01,A,4,8,0,0,0,0,0,0,2ac40b94de05c67048a91c7adc1ad619d12d880ccd119bda603e3c53f55fcd4f,2ac40b94de05c67048a91c7adc1ad619d12d880ccd119bda603e3c53f55fcd4f,data/manifests/phase1e/2019-08/daily/source_2019080600.json
2019080600,day3_24h,p01,B,1,5,0,0,0,0,0,0,774a0b8bb9105348b1f2424b3802be75fe1bb1e907c674e6baa810a35dd54119,774a0b8bb9105348b1f2424b3802be75fe1bb1e907c674e6baa810a35dd54119,data/manifests/phase1e/2019-08/daily/source_2019080600.json
2019080600,day3_24h,p02,A,4,8,108,4,4,104,7,0,865fa646fae641ae084d82017c4349affafb928989695eb9ef307f51e8d78ae1,804ad5f4ee25aa463fec1aaa383440522389e92dc5f2e97ef4f073b87f810ff9,data/manifests/phase1e/2019-08/daily/source_2019080600.json
2019080600,day3_24h,p02,B,1,5,62,1,1,61,7,0,340ba4146c526071130222b7f2f2c5bf144734990b88027e4af52fdbdd4ce299,31d1dc8bcbe14aca1e9cddbccf7a6210f31416150f5f9af4097a4b3b9dffa82c,data/manifests/phase1e/2019-08/daily/source_2019080600.json
2019080600,day3_24h,p03,A,4,8,30,2,2,28,0,0,b097747524689ff84a4ce9e8a5d4b7e02673a8645eaa047c176444160ee8b084,56fdbd6060677347ad2e685af6bcee85ce03b0411f9a20259a41f63a5c7f04f8,data/manifests/phase1e/2019-08/daily/source_2019080600.json
2019080600,day3_24h,p03,B,1,5,30,2,2,28,0,0,c34927bf011970417adbdb7f4ec0b79f88a62f8201132ed09055767e2750e449,3aa3b1ccd614552673ca72935c6d31da527aee9cc4967c6584df1dd64152cf26,data/manifests/phase1e/2019-08/daily/source_2019080600.json
2019080600,day3_24h,p04,A,4,8,0,0,0,0,0,0,18bb440077975c52c4d04147fce4f315fe157b5787ca1823e33f05bab6a6cb6d,18bb440077975c52c4d04147fce4f315fe157b5787ca1823e33f05bab6a6cb6d,data/manifests/phase1e/2019-08/daily/source_2019080600.json
2019080600,day3_24h,p04,B,1,5,0,0,0,0,0,0,6c4a6edbc7574e11263c77434cecd5aed90fcc4ba191d554c1ddedaa9d9cfb9d,6c4a6edbc7574e11263c77434cecd5aed90fcc4ba191d554c1ddedaa9d9cfb9d,data/manifests/phase1e/2019-08/daily/source_2019080600.json
2019080700,day1_24h,c00,A,4,8,0,0,0,0,0,0,279771381bd84daa9013e17c9aa84fe035c3c25a8b6c30be02cde8da670ddfdd,279771381bd84daa9013e17c9aa84fe035c3c25a8b6c30be02cde8da670ddfdd,data/manifests/phase1e/2019-08/daily/source_2019080700.json
2019080700,day1_24h,c00,B,1,5,0,0,0,0,0,0,1f76595d083fe61088cfa33c0045a42c3265adbdbd35133c1cd0d77d1d04fbbd,1f76595d083fe61088cfa33c0045a42c3265adbdbd35133c1cd0d77d1d04fbbd,data/manifests/phase1e/2019-08/daily/source_2019080700.json
2019080700,day1_24h,p01,A,4,8,1,0,0,1,0,0,55ca146263f9c2016625332ed6b04164f275f100960434663361f1a435984eb1,ad36ca81396d54655a9e2360a3e491396e51db14b6a6b35c781ad26f8c3ffa1c,data/manifests/phase1e/2019-08/daily/source_2019080700.json
2019080700,day1_24h,p01,B,1,5,1,0,0,1,0,0,2ef87ceac6e3ed5d6faae912aa758a174865bf5b7545654e2321cec923f2e2a0,2aa2af2a376d6b0bcf44f77d94083e29ca8c8e740dd75901669a5df108818051,data/manifests/phase1e/2019-08/daily/source_2019080700.json
2019080700,day1_24h,p02,A,4,8,40,0,0,40,0,0,f1b0ac5858996c264ef686100d2f19355bb133fdf225ce14753b6b808725e6b9,bc576c2b78bddafe342581e77c0062c088a9eb076e89aa37fe8e124f8f1aa017,data/manifests/phase1e/2019-08/daily/source_2019080700.json
2019080700,day1_24h,p02,B,1,5,1,0,0,1,0,0,2d8e849f2a23ef573ca36dacbcf5a21835f7198fd32dee63fde295f193750df0,c5201e2dbabc90aaf20711d06bc8c240c74acd62f0fb775fcc8087a914e21ffd,data/manifests/phase1e/2019-08/daily/source_2019080700.json
2019080700,day1_24h,p03,A,4,8,0,0,0,0,0,0,f6c5d0b92607bbfc1faae83ca39464555f2263f08e813b406bfd191c4b8f04c5,f6c5d0b92607bbfc1faae83ca39464555f2263f08e813b406bfd191c4b8f04c5,data/manifests/phase1e/2019-08/daily/source_2019080700.json
2019080700,day1_24h,p03,B,1,5,0,0,0,0,0,0,2c3352c75f59420b99417f5d750349a7607df5739ea64cf2cbc7922a5c7c817e,2c3352c75f59420b99417f5d750349a7607df5739ea64cf2cbc7922a5c7c817e,data/manifests/phase1e/2019-08/daily/source_2019080700.json
2019080700,day1_24h,p04,A,4,8,0,0,0,0,0,0,354ab4576b2dac1f044689919469ea62498d599366e586efc7b8c814b0193991,354ab4576b2dac1f044689919469ea62498d599366e586efc7b8c814b0193991,data/manifests/phase1e/2019-08/daily/source_2019080700.json
2019080700,day1_24h,p04,B,1,5,0,0,0,0,0,0,eab3d0b926579d58465a8f81770b49ae8178afc7b86d4578db482aac39b821d5,eab3d0b926579d58465a8f81770b49ae8178afc7b86d4578db482aac39b821d5,data/manifests/phase1e/2019-08/daily/source_2019080700.json
2019080700,day2_24h,c00,A,4,8,0,0,0,0,0,0,13e54ee252d1bf7e8e5ad3b65d6455bbcab66bc06452f554cde81eb1fb1d888e,13e54ee252d1bf7e8e5ad3b65d6455bbcab66bc06452f554cde81eb1fb1d888e,data/manifests/phase1e/2019-08/daily/source_2019080700.json
2019080700,day2_24h,c00,B,1,5,0,0,0,0,0,0,bf100fc22951f669e21ae4a56742277e3ce05396277186705fc644da9358b24b,bf100fc22951f669e21ae4a56742277e3ce05396277186705fc644da9358b24b,data/manifests/phase1e/2019-08/daily/source_2019080700.json
2019080700,day2_24h,p01,A,4,8,0,0,0,0,0,0,6e5e60118a25ae5450587bfb030f9ab126b91a7c55813c9eadcd0c907e1841d0,6e5e60118a25ae5450587bfb030f9ab126b91a7c55813c9eadcd0c907e1841d0,data/manifests/phase1e/2019-08/daily/source_2019080700.json
2019080700,day2_24h,p01,B,1,5,0,0,0,0,0,0,6565db5c924739ef5944f9c2648f163fed01306fe6273dd89c0d89fc1ccb1c0b,6565db5c924739ef5944f9c2648f163fed01306fe6273dd89c0d89fc1ccb1c0b,data/manifests/phase1e/2019-08/daily/source_2019080700.json
2019080700,day2_24h,p02,A,4,8,0,0,0,0,0,0,33b058d576591b5c4fad288eb37c361c25244662483692d90543920d2b9001b7,33b058d576591b5c4fad288eb37c361c25244662483692d90543920d2b9001b7,data/manifests/phase1e/2019-08/daily/source_2019080700.json
2019080700,day2_24h,p02,B,1,5,0,0,0,0,0,0,8c206735007552c6a58c2cc3aea9e0382d0444de2a551c98e81f3267f9835026,8c206735007552c6a58c2cc3aea9e0382d0444de2a551c98e81f3267f9835026,data/manifests/phase1e/2019-08/daily/source_2019080700.json
2019080700,day2_24h,p03,A,4,8,0,0,0,0,0,0,439f8de5cf1d376deb864bfa5cc2b4ab07c32dfc236ff42a9cf178a6e94e10bb,439f8de5cf1d376deb864bfa5cc2b4ab07c32dfc236ff42a9cf178a6e94e10bb,data/manifests/phase1e/2019-08/daily/source_2019080700.json
2019080700,day2_24h,p03,B,1,5,0,0,0,0,0,0,1b852ee478dfbee0c25f68651c5e6552d95c831dce6faedf0855d1358a082d10,1b852ee478dfbee0c25f68651c5e6552d95c831dce6faedf0855d1358a082d10,data/manifests/phase1e/2019-08/daily/source_2019080700.json
2019080700,day2_24h,p04,A,4,8,0,0,0,0,0,0,e3127485a9d1168c9abd991ea574538a4f9f9631bb0dac064c7dbc559bb6c456,e3127485a9d1168c9abd991ea574538a4f9f9631bb0dac064c7dbc559bb6c456,data/manifests/phase1e/2019-08/daily/source_2019080700.json
2019080700,day2_24h,p04,B,1,5,0,0,0,0,0,0,e4ff3c77740b2b5310537355d7fa10825b1508e4baf14e24dfc9808e68daa28e,e4ff3c77740b2b5310537355d7fa10825b1508e4baf14e24dfc9808e68daa28e,data/manifests/phase1e/2019-08/daily/source_2019080700.json
2019080700,day3_24h,c00,A,4,8,0,0,0,0,0,0,8f55923c61cc78aa089ac7c33f34d38459c6712a0a43fe795518030bea265823,8f55923c61cc78aa089ac7c33f34d38459c6712a0a43fe795518030bea265823,data/manifests/phase1e/2019-08/daily/source_2019080700.json
2019080700,day3_24h,c00,B,1,5,0,0,0,0,0,0,704211e118c82376279beb4c61fd43a316a0becf7de6afaecbb1ec2c951306b8,704211e118c82376279beb4c61fd43a316a0becf7de6afaecbb1ec2c951306b8,data/manifests/phase1e/2019-08/daily/source_2019080700.json
2019080700,day3_24h,p01,A,4,8,0,0,0,0,0,0,b7dcfecbda2dfabbd7d38e90c78cf172123e6044f8da5a98d240d08b611324a7,b7dcfecbda2dfabbd7d38e90c78cf172123e6044f8da5a98d240d08b611324a7,data/manifests/phase1e/2019-08/daily/source_2019080700.json
2019080700,day3_24h,p01,B,1,5,0,0,0,0,0,0,dcbf6893fd3344c8aa79b3aa6c4dcde317ecccb760ba8068bae9c5facc17f607,dcbf6893fd3344c8aa79b3aa6c4dcde317ecccb760ba8068bae9c5facc17f607,data/manifests/phase1e/2019-08/daily/source_2019080700.json
2019080700,day3_24h,p02,A,4,8,0,0,0,0,0,0,4b3fccb4a407f93d113cf5f8598289cde704e6bad4438c63e42295aeb3654b99,4b3fccb4a407f93d113cf5f8598289cde704e6bad4438c63e42295aeb3654b99,data/manifests/phase1e/2019-08/daily/source_2019080700.json
2019080700,day3_24h,p02,B,1,5,0,0,0,0,0,0,d2fbb7b0edac34f15280019b5f333fcb385647694e939016ec0568e395e82dde,d2fbb7b0edac34f15280019b5f333fcb385647694e939016ec0568e395e82dde,data/manifests/phase1e/2019-08/daily/source_2019080700.json
2019080700,day3_24h,p03,A,4,8,0,0,0,0,0,0,c1b19fa1e3b4a425e1e2010568b88fff9365faec2dbe2c964e5a19b9d29883c5,c1b19fa1e3b4a425e1e2010568b88fff9365faec2dbe2c964e5a19b9d29883c5,data/manifests/phase1e/2019-08/daily/source_2019080700.json
2019080700,day3_24h,p03,B,1,5,0,0,0,0,0,0,45ff9bee941e5cb4cb3cc9771f48b81116037296d2c1ed685969512cb362d4b3,45ff9bee941e5cb4cb3cc9771f48b81116037296d2c1ed685969512cb362d4b3,data/manifests/phase1e/2019-08/daily/source_2019080700.json
2019080700,day3_24h,p04,A,4,8,43,3,3,40,0,0,03046522b74535706127255dd8f51d7625acc206ba40206e1283a6a7a58236e9,ea7062b9281b974f30a4f5111fc0f73abbe8b0d939cae3f8f4d3f88870ceb595,data/manifests/phase1e/2019-08/daily/source_2019080700.json
2019080700,day3_24h,p04,B,1,5,0,0,0,0,0,0,9671316aca4e98c248ca42d5b0ceedd6d58b7b30e94193bd5348bf7c24038b2c,9671316aca4e98c248ca42d5b0ceedd6d58b7b30e94193bd5348bf7c24038b2c,data/manifests/phase1e/2019-08/daily/source_2019080700.json
2019080800,day1_24h,c00,A,4,8,45,1,1,44,0,0,2c130c8082b330d230a8ad3fa7d96eda5d8f518e7e4161f2363a8188ecf9794d,aced031605cb118fc98cb835f06c711939d75e7a49dd8ef42b219314f6e50d60,data/manifests/phase1e/2019-08/daily/source_2019080800.json
2019080800,day1_24h,c00,B,1,5,0,0,0,0,0,0,e0e68347174ba93ec13f11e52169639e874336d9b7aee82382aeb18e508b62a2,e0e68347174ba93ec13f11e52169639e874336d9b7aee82382aeb18e508b62a2,data/manifests/phase1e/2019-08/daily/source_2019080800.json
2019080800,day1_24h,p01,A,4,8,179,3,3,176,3,0,e3175322f10fe658894042ed6cb74cbaf9b4e9574c9bbd1a2fd02fa38a31b930,427f7f5f99f196fbe0f2480a5b47a28f4fd79cec076de832ca601a88710a6fcf,data/manifests/phase1e/2019-08/daily/source_2019080800.json
2019080800,day1_24h,p01,B,1,5,18,0,0,18,3,0,ad8bcd731d2c4debb5ac5763587fc720a7c736bfbcde8cdb5149b0f05c21c694,c3eaa4ddfe584008ba22e9557d6b06ea8c5a2bf84779605587df9d45bda257c7,data/manifests/phase1e/2019-08/daily/source_2019080800.json
2019080800,day1_24h,p02,A,4,8,15,0,0,15,10,0,10dbbdc1d56e3974c5da3f9d4210bfede85b8cacd14bbc7418329c87f90e40cf,30f24072319a241223d9d9740ce82ad06d570a639754a266b9aaf78ed27e9c30,data/manifests/phase1e/2019-08/daily/source_2019080800.json
2019080800,day1_24h,p02,B,1,5,15,0,0,15,10,0,32399dae338c34a7319ff1316c18efe7ca051180b9be99c8170b0df9e24f9335,fb627bdc455b8c683a558be3e8135cd15eed05a1686fa8f3432eb7913e75f4fb,data/manifests/phase1e/2019-08/daily/source_2019080800.json
2019080800,day1_24h,p03,A,4,8,36,0,0,36,19,0,e74d297866e966879be1b4323169e26cef69b46fd9972c80fe071f7e093eca5d,632c914e3c5047730f6780f79f6fbc1f657f5d337eb15febf70b94dbcbfb0738,data/manifests/phase1e/2019-08/daily/source_2019080800.json
2019080800,day1_24h,p03,B,1,5,36,0,0,36,19,0,049098be962d1711152b73b72fffac80de190f47409e8e176939d0e23fab9b3a,90f4fa06a263b0745e54c229ae01606c4de449d59f7a6b74d0caf26bfc405208,data/manifests/phase1e/2019-08/daily/source_2019080800.json
2019080800,day1_24h,p04,A,4,8,0,0,0,0,0,0,6fada8678bc5ba087778e1880290edaecb1d2eb982f48bdc38cf2a1fe8c54a94,6fada8678bc5ba087778e1880290edaecb1d2eb982f48bdc38cf2a1fe8c54a94,data/manifests/phase1e/2019-08/daily/source_2019080800.json
2019080800,day1_24h,p04,B,1,5,0,0,0,0,0,0,0b5e8750da2f7813a4d98e7963e5d70dd2422079e241d4171ecbadcb34817c9e,0b5e8750da2f7813a4d98e7963e5d70dd2422079e241d4171ecbadcb34817c9e,data/manifests/phase1e/2019-08/daily/source_2019080800.json
2019080800,day2_24h,c00,A,4,8,0,0,0,0,0,0,0390b898fafef09af2b9bb24c0cbeeaa47a4f631b4c9156152503e3006797193,0390b898fafef09af2b9bb24c0cbeeaa47a4f631b4c9156152503e3006797193,data/manifests/phase1e/2019-08/daily/source_2019080800.json
2019080800,day2_24h,c00,B,1,5,0,0,0,0,0,0,3ae6cae3ba252dacf334cda95164cf18c401380745e2c0700c569d8ff4b06625,3ae6cae3ba252dacf334cda95164cf18c401380745e2c0700c569d8ff4b06625,data/manifests/phase1e/2019-08/daily/source_2019080800.json
2019080800,day2_24h,p01,A,4,8,0,0,0,0,0,0,bd23cf8abf13791d15010082e6274241a5d3d4ab5aa77133a12bae96a63b86ea,bd23cf8abf13791d15010082e6274241a5d3d4ab5aa77133a12bae96a63b86ea,data/manifests/phase1e/2019-08/daily/source_2019080800.json
2019080800,day2_24h,p01,B,1,5,0,0,0,0,0,0,1863c7509975d290dc0e5eff3a2db483f8bd441e8054696190e92237706080c5,1863c7509975d290dc0e5eff3a2db483f8bd441e8054696190e92237706080c5,data/manifests/phase1e/2019-08/daily/source_2019080800.json
2019080800,day2_24h,p02,A,4,8,22,1,1,21,4,0,3b730b138601e0199f3a98f6a0719bf668fa9debc52403333b8f0003a585c40a,831b68ce46d3deeda5580f3ea316530c952dba7c8397e53095e78602c045279e,data/manifests/phase1e/2019-08/daily/source_2019080800.json
2019080800,day2_24h,p02,B,1,5,22,1,1,21,4,0,7aecf44ee30123e672d5e64229d20486ddfacbb1ccdb911861e1266d7c639042,c261eaa97397a048d87821f27d685cf3f892fe81956c6a58af71a0221913e71a,data/manifests/phase1e/2019-08/daily/source_2019080800.json
2019080800,day2_24h,p03,A,4,8,0,0,0,0,0,0,8c4d3697b6f091c35c880e9d2033176eef2f1ec548d04924313c125d2b6c13dc,8c4d3697b6f091c35c880e9d2033176eef2f1ec548d04924313c125d2b6c13dc,data/manifests/phase1e/2019-08/daily/source_2019080800.json
2019080800,day2_24h,p03,B,1,5,0,0,0,0,0,0,1ad704d012203f8ee097cbfc3d0e42b157708e6f81ec8229d365bac8dcfbde2a,1ad704d012203f8ee097cbfc3d0e42b157708e6f81ec8229d365bac8dcfbde2a,data/manifests/phase1e/2019-08/daily/source_2019080800.json
2019080800,day2_24h,p04,A,4,8,128,3,3,125,1,0,b5fff8e6d2c569f09679a21cf733ca18fa4fd341cf8c2db027f85ff6430e67d5,b0a2a1a930d8788346be40ee6c569319e1cb95ebf142bb59de752b8e5124b103,data/manifests/phase1e/2019-08/daily/source_2019080800.json
2019080800,day2_24h,p04,B,1,5,27,2,2,25,1,0,996b956cc4ddc5378d00efd603cda2e709120bb19d0d62c997a35f64b9c7dc29,24d0e57da6814c201b9746a9fd21967d377078305b5dcf63952abe167e069071,data/manifests/phase1e/2019-08/daily/source_2019080800.json
2019080800,day3_24h,c00,A,4,8,246,13,13,233,3,0,b48da7f15d5ddca410d6fb15a16bfb7952633f4dd262a308e00b5386029d144a,42b7dfbb5599555c5d23b90f65c6bd62239b9dcd1fbe3d6c0915ce5e1c6913b6,data/manifests/phase1e/2019-08/daily/source_2019080800.json
2019080800,day3_24h,c00,B,1,5,32,1,1,31,3,0,ac16cfff1474f649bbcdb47551f78d51fa03bf570cb3f547098aaa51487c7bca,5dcc20eb92a142922ea5c523e27057bb689ab4f39d1fa72997643c63e88bbfa0,data/manifests/phase1e/2019-08/daily/source_2019080800.json
2019080800,day3_24h,p01,A,4,8,0,0,0,0,0,0,10320fd3194792ea5425e5af3623fd03072c550ad74ce42775fd9fa97c528be6,10320fd3194792ea5425e5af3623fd03072c550ad74ce42775fd9fa97c528be6,data/manifests/phase1e/2019-08/daily/source_2019080800.json
2019080800,day3_24h,p01,B,1,5,0,0,0,0,0,0,ef147789d036bc0072e6ed0e11b27ffd882994be236ae60d0d446ddce9d2e2a1,ef147789d036bc0072e6ed0e11b27ffd882994be236ae60d0d446ddce9d2e2a1,data/manifests/phase1e/2019-08/daily/source_2019080800.json
2019080800,day3_24h,p02,A,4,8,0,0,0,0,0,0,b4e5fc6afea5fa681196586945f2bedecea068e1b5bc055809f9fa2db8c8cfd1,b4e5fc6afea5fa681196586945f2bedecea068e1b5bc055809f9fa2db8c8cfd1,data/manifests/phase1e/2019-08/daily/source_2019080800.json
2019080800,day3_24h,p02,B,1,5,0,0,0,0,0,0,8fc7bbe351f38d1370f6832a7b762e5988cb3c9f57d6fd3155ff520f2e712c17,8fc7bbe351f38d1370f6832a7b762e5988cb3c9f57d6fd3155ff520f2e712c17,data/manifests/phase1e/2019-08/daily/source_2019080800.json
2019080800,day3_24h,p03,A,4,8,87,3,3,84,0,0,c763d154f9dd784a84a023e1c234dd1f451c180f7b71054e6175e62ad51fd717,dfc3c9c025f31d2cd551f569ba34431014ff8293a47173bd9c4ebf7a85d78dc8,data/manifests/phase1e/2019-08/daily/source_2019080800.json
2019080800,day3_24h,p03,B,1,5,0,0,0,0,0,0,83d276900160ab964331eac87723890770a6f0ed4828aec19b96561f51c80032,83d276900160ab964331eac87723890770a6f0ed4828aec19b96561f51c80032,data/manifests/phase1e/2019-08/daily/source_2019080800.json
2019080800,day3_24h,p04,A,4,8,195,11,11,184,0,0,61006e6521f488aee90a8224a0e50f2ccc81cfa1031e7db481ed452deb5e222b,9bb4be4566b977d759fba6fa239d6ff3919a811dd8be8468286807ea0cd9e692,data/manifests/phase1e/2019-08/daily/source_2019080800.json
2019080800,day3_24h,p04,B,1,5,0,0,0,0,0,0,11bf9c95758170d6722a31b05304bc696a0e41bdb3a28110ce89ec3826a67be9,11bf9c95758170d6722a31b05304bc696a0e41bdb3a28110ce89ec3826a67be9,data/manifests/phase1e/2019-08/daily/source_2019080800.json
2019080900,day1_24h,c00,A,4,8,293,8,8,285,0,0,7703e49040adef484e36c4a40c7a88f7452c89dedfdf9fc1707700c5a7336876,97bb71dc31ee63d771c86b83d8aed19f6cde9a35350a5e164e2b0977859e33ee,data/manifests/phase1e/2019-08/daily/source_2019080900.json
2019080900,day1_24h,c00,B,1,5,0,0,0,0,0,0,c75f7f829ad21a1a9857a407989f5524a0731312cce60c3aecca2e098e0c2f65,c75f7f829ad21a1a9857a407989f5524a0731312cce60c3aecca2e098e0c2f65,data/manifests/phase1e/2019-08/daily/source_2019080900.json
2019080900,day1_24h,p01,A,4,8,44,1,1,43,0,0,61bd2a4812a955a3aebfe9638456d4227dc8910bf2079087ef8fe3df3b0bb7c4,8f9a15e71a912c936333625dd5233171c38de5e33fa39ab1e1fd4759fb9b0cef,data/manifests/phase1e/2019-08/daily/source_2019080900.json
2019080900,day1_24h,p01,B,1,5,0,0,0,0,0,0,5d2ccf3e22400724fb11411170e5cd8d022cfabfd08e6cc603c705aec367ac46,5d2ccf3e22400724fb11411170e5cd8d022cfabfd08e6cc603c705aec367ac46,data/manifests/phase1e/2019-08/daily/source_2019080900.json
2019080900,day1_24h,p02,A,4,8,245,5,5,240,30,0,a238efd2b947dd6bf761be1c4fac8bcdee2412c7676d84a4728fdbaff1df0578,14435a1f51d04603d7e6194c1fdcfa3178436b1b3084a352105c3680a3f3fb53,data/manifests/phase1e/2019-08/daily/source_2019080900.json
2019080900,day1_24h,p02,B,1,5,48,0,0,48,30,0,11c03d691901dcabba58dab02bfbde732977abc6f6219de1938d9791da03c521,2f2d5f2b3d12d51240c9de1babd175dc24174cffa2f2f19c374089dcf144e20a,data/manifests/phase1e/2019-08/daily/source_2019080900.json
2019080900,day1_24h,p03,A,4,8,0,0,0,0,0,0,30f1101ce4c926eb9b0bd7e9bcb070c661ae0bda26dcb93efe4768444f9eeb25,30f1101ce4c926eb9b0bd7e9bcb070c661ae0bda26dcb93efe4768444f9eeb25,data/manifests/phase1e/2019-08/daily/source_2019080900.json
2019080900,day1_24h,p03,B,1,5,0,0,0,0,0,0,51912f9ab82d188572302c3fe0ebc43051fbaab6f88fd79a32ba1f761e45b2f3,51912f9ab82d188572302c3fe0ebc43051fbaab6f88fd79a32ba1f761e45b2f3,data/manifests/phase1e/2019-08/daily/source_2019080900.json
2019080900,day1_24h,p04,A,4,8,40,0,0,40,21,0,a86604ba2e354282e6ec2b56145e0a5caa2c22cc5e870356c1f91160197b8d16,560e23306a998fcf4a8a44b8d44507f17cb2deb24125ab37c4bf2d670d987e37,data/manifests/phase1e/2019-08/daily/source_2019080900.json
2019080900,day1_24h,p04,B,1,5,40,0,0,40,21,0,4262689d1cec7508a9e2ea7240521a147b2ffc04f7ca02b7882e4ac3958bc93b,57b0f559da3e90c3e4e1b52c36cfa5c69d4e3fa4b1dd79ce5a492dfd2e1c1a89,data/manifests/phase1e/2019-08/daily/source_2019080900.json
2019080900,day2_24h,c00,A,4,8,464,11,11,453,0,0,897ea2297f1599e452513620b92a7a87a776d8def75b1db89405553f9664d543,399b01828d4fcec508f8b01153df96758417f69d9546393bd44b973a8128fef6,data/manifests/phase1e/2019-08/daily/source_2019080900.json
2019080900,day2_24h,c00,B,1,5,20,0,0,20,0,0,db55d4452906fc6e79548df61eb776784e8f71791b21cd96fe2eb86e7a42d9d1,60a5328956bedf616a021e27dd507daa8ff2d0a205000c7398c2618191704306,data/manifests/phase1e/2019-08/daily/source_2019080900.json
2019080900,day2_24h,p01,A,4,8,149,6,6,143,1,0,c5c517f011cc1294b8774a71b19cf67a28b8c27f29306b872d2511194731a6a9,a7a2b4a0ce4f48d3814c276dbcf14a6fcee8cd421e245ea90797abd3b2311f7c,data/manifests/phase1e/2019-08/daily/source_2019080900.json
2019080900,day2_24h,p01,B,1,5,47,3,3,44,1,0,5f3ffa72fe65629497328d7bde4f5c09abed6825635fd93ebb62824173fcd655,79ca0df1b5fb2045000d545b35f98d16069f5566a9c8c9c1cbe1a94518a7d355,data/manifests/phase1e/2019-08/daily/source_2019080900.json
2019080900,day2_24h,p02,A,4,8,277,4,4,273,0,0,b32ef3a8394b1ff391dae200d8eec7c398e3b6710d15f25802bee559c31fe409,034bb2e4d734aa045523421575f7f06619c1f08a8c309dd0cd7ce228deb19a2a,data/manifests/phase1e/2019-08/daily/source_2019080900.json
2019080900,day2_24h,p02,B,1,5,0,0,0,0,0,0,26bc533552f2e79a2515a8cc2477c5c38d6ab47ec3d211f55292740b54b789a0,26bc533552f2e79a2515a8cc2477c5c38d6ab47ec3d211f55292740b54b789a0,data/manifests/phase1e/2019-08/daily/source_2019080900.json
2019080900,day2_24h,p03,A,4,8,503,13,13,490,0,0,196766636c46d00130ea839ae32c73e617c409fd30f9a0699b45a3dd5f9feb5b,a9c09183f700dc70a8e739f5802bbfd5bc6ad9a7c29307ff289feaee9ac25c04,data/manifests/phase1e/2019-08/daily/source_2019080900.json
2019080900,day2_24h,p03,B,1,5,17,1,1,16,0,0,0504739b5b1ec51b28deb14c2836339476347884e92ae0337e2136e9ab18e0e0,16e9a9aee7caba1919c70e0255235943b4ec848bda9f8d08b562002ee7589815,data/manifests/phase1e/2019-08/daily/source_2019080900.json
2019080900,day2_24h,p04,A,4,8,89,5,5,84,0,0,85e2b35fb093bc7f87fe1857da46b88bf5d0fa82b7df6d10351b864f4da4deac,e4e8b0c7aa88c870632d670a07797bf34925d2e54830d273fbee8bc786c3705d,data/manifests/phase1e/2019-08/daily/source_2019080900.json
2019080900,day2_24h,p04,B,1,5,89,5,5,84,0,0,afcf7f54886e04e6a22317885e056783d4e52873c0cad390202d7715c5af2b4d,6e589b381b05c2836fbc3a868a2257f1f5c507d92a2c8ba041f38cb1c05c2fc1,data/manifests/phase1e/2019-08/daily/source_2019080900.json
2019080900,day3_24h,c00,A,4,8,520,11,11,509,4,0,6a8489d4668dd25860022923bce04eb86be163c72a574cacb55e689bbda09f40,154c9567f6bae3f78579774fdea5ad9b53f896a28a15663c1299c298b49e26c7,data/manifests/phase1e/2019-08/daily/source_2019080900.json
2019080900,day3_24h,c00,B,1,5,46,0,0,46,4,0,8ba2d9da589488ca593d2ceb56b9f9ca11fb1e58d7fe4fac5d023d1835bdcc99,d05ce36594e0c3e4a7483db334e9730c94c885faaa65d52833e0521e310ad542,data/manifests/phase1e/2019-08/daily/source_2019080900.json
2019080900,day3_24h,p01,A,4,8,221,3,3,218,2,0,d1414ddf6653aed719778e3be3849be7f5b04e0603114581c6af3eac22519512,69f77343f7d79290cb03571d6fcd0eeeea02ada5c1128d7fa679ecced6661e5a,data/manifests/phase1e/2019-08/daily/source_2019080900.json
2019080900,day3_24h,p01,B,1,5,59,2,2,57,2,0,a138fb9722a89c7352770490e1b230e76cfd049ad9b4eb82885037daf09cf69d,91cb877b3ff8890331cdd12d2c1d73215f054bf02c8a3188f523a757ad9a9395,data/manifests/phase1e/2019-08/daily/source_2019080900.json
2019080900,day3_24h,p02,A,4,8,465,9,9,456,0,0,3d527198ede13ac68a5bb1d6e5ce61132aa898c19beffb30ab25ce88b33d22ad,95cdbbdedff7ba7b5a538d70dff39245ba8c8431dac1ed167fe914e9803d1293,data/manifests/phase1e/2019-08/daily/source_2019080900.json
2019080900,day3_24h,p02,B,1,5,0,0,0,0,0,0,9a43f78084d5956b8e5804fca1c1d2f030bcf705ff153483d453bba9a3f5a823,9a43f78084d5956b8e5804fca1c1d2f030bcf705ff153483d453bba9a3f5a823,data/manifests/phase1e/2019-08/daily/source_2019080900.json
2019080900,day3_24h,p03,A,4,8,260,6,6,254,0,0,a8ebe507ad72f481038a352e9ca3e0de77aa55897a8d999b74b1d0d8a9f4b0d7,2d6ebee455a1b2611d25e1d09e4975b9ca9226128cefef6d4a287866f4168f0c,data/manifests/phase1e/2019-08/daily/source_2019080900.json
2019080900,day3_24h,p03,B,1,5,101,1,1,100,0,0,e07e8483a96dea0d79afd74dbf1613275fe04ea6429cdbe1552115b783023b8c,8fec08805692d5b9f2c45c44b8b542c7705df88d12a179f32b97c0ea3a1ced1c,data/manifests/phase1e/2019-08/daily/source_2019080900.json
2019080900,day3_24h,p04,A,4,8,403,24,24,379,0,0,0e48537574f73666d989bcbe2724aac8bde26f8329d41c9b4082d71ca32466fe,f2f97cb042758790836015f76e1d98331dc205da3f968ff81d99a59f3f7683b0,data/manifests/phase1e/2019-08/daily/source_2019080900.json
2019080900,day3_24h,p04,B,1,5,0,0,0,0,0,0,783d3ff0c12305c2a75aa497272dd05847935d3e465729f88b69af1df08e2538,783d3ff0c12305c2a75aa497272dd05847935d3e465729f88b69af1df08e2538,data/manifests/phase1e/2019-08/daily/source_2019080900.json
2019081000,day1_24h,c00,A,4,8,351,21,21,330,0,0,770d7472d8db09dfe284716ae2d98a99b05e1a1dd9319076ce70617edfd0c091,44aea3aab469e8f20d9b0ca7c99562b0782d0202c3e6088b266d5f55d8a13551,data/manifests/phase1e/2019-08/daily/source_2019081000.json
2019081000,day1_24h,c00,B,1,5,0,0,0,0,0,0,14c3ccfa7b2bf066e75463b338b9658c1c1781ac0657531e157f5213ada122c2,14c3ccfa7b2bf066e75463b338b9658c1c1781ac0657531e157f5213ada122c2,data/manifests/phase1e/2019-08/daily/source_2019081000.json
2019081000,day1_24h,p01,A,4,8,118,4,4,114,2,0,4ba236ad0f386b57a5b9cdf71ec8be4895ee7afcbab1a34e2ea1004eca39e858,8abf89665b60683b291ac8fc0855744dd29ecb9aceb3a301245c97b024c24649,data/manifests/phase1e/2019-08/daily/source_2019081000.json
2019081000,day1_24h,p01,B,1,5,20,0,0,20,2,0,d6bf7c9b7558a5d9787a51a28ca3e3f1eb90db48594fb4f6b5a952f1e96d3cec,dca829ab442c1564ba20632a2bf05abc0a6c48ba3e230aab103fe70828f048a5,data/manifests/phase1e/2019-08/daily/source_2019081000.json
2019081000,day1_24h,p02,A,4,8,20,0,0,20,1,0,950e1f3033b2a14a7d8c736272edbb59a2b8434d83be4d9cc3655bc1b9266837,ed6c4acff28303f43005a193cc0cf90beddb85e6fbf5b131cbaf99541fae7161,data/manifests/phase1e/2019-08/daily/source_2019081000.json
2019081000,day1_24h,p02,B,1,5,20,0,0,20,1,0,fb758833c05368ce61cc567f63160baf7efc3b0852be26bf9eef668ed6ab72cb,5af857b37293f102a1e1a7ab6bebaf4c1e9a4802f7a522d8306b2ced115c04c4,data/manifests/phase1e/2019-08/daily/source_2019081000.json
2019081000,day1_24h,p03,A,4,8,70,0,0,70,1,0,381e4acf0e30840ffd24851a9245e692f884433d180244eeca6eb2adfb84a5d7,fa624efc1d1ca515e155d48bf22c483d897f716656c2be3970a553390371da87,data/manifests/phase1e/2019-08/daily/source_2019081000.json
2019081000,day1_24h,p03,B,1,5,70,0,0,70,1,0,5219e8974cad47c9178509b102cd3a21534aa26d49ef4fd8c9f4cd3fd57934ca,7e34e5f498da08ca32b6883520adfd1cc34fb0874d6ef21d5a029a5e41af6a50,data/manifests/phase1e/2019-08/daily/source_2019081000.json
2019081000,day1_24h,p04,A,4,8,265,4,4,261,5,0,58996022e14a413589c277dbb96c6690ac2e1d6a7fa7143e77f89e73d74e3a1e,2a3a4549b5397f3f9b7e64dc55e471f15df52ab4c736f25cb46fa3ec93169d9f,data/manifests/phase1e/2019-08/daily/source_2019081000.json
2019081000,day1_24h,p04,B,1,5,31,0,0,31,5,0,a5d719a493478e3cba575495b4eff7d2a5e7de92536b412609f4babd605f6fcb,600527c9fe68d4222671f599287cb4e874564266dfd703ca6be8455512e5dfbd,data/manifests/phase1e/2019-08/daily/source_2019081000.json
2019081000,day2_24h,c00,A,4,8,542,12,12,530,4,0,23519370d0fba230b964929440b24953ff2e9208510b1907399ef9e148b9dd7b,4f7f70f57d872c44dc36b6d4b74fef2a5884ac5236aad11c184d7bf5476a85c0,data/manifests/phase1e/2019-08/daily/source_2019081000.json
2019081000,day2_24h,c00,B,1,5,56,0,0,56,4,0,5dc6591138234a9a536ba6e0a9b3f2ae660a5a882dd1b58365697652b84b0ce2,aaa74001ba7349e57d70db8da8791832207825db92d2110ec6c832662b01b8da,data/manifests/phase1e/2019-08/daily/source_2019081000.json
2019081000,day2_24h,p01,A,4,8,413,11,11,402,14,0,ace70a7a9d4b527712510e72e70e0e2cfbcf455a0578af6bb8bf59a4a39a7a21,2285eb85a984babb5f642fe77ffa546f6e1e1182b6828f4d682429b141a1f6bb,data/manifests/phase1e/2019-08/daily/source_2019081000.json
2019081000,day2_24h,p01,B,1,5,86,3,3,83,14,0,6433d1b2876e2b3fe127a2e16f2fe17570546be50448a074d73e5dd20a2004fb,37650cf6f5c8aae87939a0aa09c9644eea3d00af5ecc4ccf50918d0a788f44fd,data/manifests/phase1e/2019-08/daily/source_2019081000.json
2019081000,day2_24h,p02,A,4,8,438,22,22,416,13,0,d784e14409c01ad0e611005083672b129a6837898d513e8647154cb3c8a711df,6113090a08d0fcbb8159fa996f37483e55e480a16b5fdddda66a1172277d19d0,data/manifests/phase1e/2019-08/daily/source_2019081000.json
2019081000,day2_24h,p02,B,1,5,67,2,2,65,13,0,a0983e12a8ec219facb41acbfdee9897bcff29581895af95c67c5a38ce9b6323,6b1fe190736e9f9347569ce0397da4345138d125ecf9108748b7744f76c6ff1e,data/manifests/phase1e/2019-08/daily/source_2019081000.json
2019081000,day2_24h,p03,A,4,8,189,8,8,181,0,0,415f9c8b7e996cc222da62008ad001d784254f7c2a9c6abdb4a231f6b781eb66,9133e6eea715c528587f36591018be4e88361309d1b7f35f7feea99a07c028c9,data/manifests/phase1e/2019-08/daily/source_2019081000.json
2019081000,day2_24h,p03,B,1,5,0,0,0,0,0,0,2a89b16dd24075720734436a343df3feced64e204c8c36c0f86b8ab9ab547b44,2a89b16dd24075720734436a343df3feced64e204c8c36c0f86b8ab9ab547b44,data/manifests/phase1e/2019-08/daily/source_2019081000.json
2019081000,day2_24h,p04,A,4,8,85,1,1,84,0,0,f96d6952e1eda6cff4667c1d9d25125d9915de65a647ad08cd296e0dd9804dac,fa003cf915ea5de59447c73a79231efee02805b587f58d1b238eb991258d6c25,data/manifests/phase1e/2019-08/daily/source_2019081000.json
2019081000,day2_24h,p04,B,1,5,0,0,0,0,0,0,01406f7f9508e669b2031a2a54da641db35928d25f1e328e146af07111e10269,01406f7f9508e669b2031a2a54da641db35928d25f1e328e146af07111e10269,data/manifests/phase1e/2019-08/daily/source_2019081000.json
2019081000,day3_24h,c00,A,4,8,371,20,20,351,1,0,a47bbd63d5e1c9b4fa7359e4416d50fe86e7b866b6c46e4be7d7b87e2e2a27ed,fb94302ce058a5cd8e27ce231fcb08e58a38bcd3579a3454120d4ce560f34cb4,data/manifests/phase1e/2019-08/daily/source_2019081000.json
2019081000,day3_24h,c00,B,1,5,33,1,1,32,1,0,f0594c4f61c263d695d98ecea2eb429fc94e201e67efb18953f132ccd8fb5fa6,a1c7faff23c8c726b7ba1f73b49167b85b0feeaa5466183834f46a1cf46d7fc3,data/manifests/phase1e/2019-08/daily/source_2019081000.json
2019081000,day3_24h,p01,A,4,8,29,0,0,29,2,0,73b77c4c2a05ec69b32c013b08a3d03b81c041f0e23ac8a3b86a3e2d2a9a49bb,5297ce1da930fdef2117d03bfb4e384cb315646ad50c769b63e49d1df02a5d53,data/manifests/phase1e/2019-08/daily/source_2019081000.json
2019081000,day3_24h,p01,B,1,5,29,0,0,29,2,0,6264e26040421bd521b0efa15ebd03372a02a90e13b3259469fd030ce5c290eb,ebd4a3fa6b0525570244ee4e9c25e808e2b2a745bfda8920f943e02acc5f973e,data/manifests/phase1e/2019-08/daily/source_2019081000.json
2019081000,day3_24h,p02,A,4,8,57,0,0,57,0,0,e86c1337301e500bfa12044ddd04cd7812a64d59cc077044f86a01f2a6ee192d,f9110fa54ed0bdd0ad2fb89db6017abcae1f7fd673a5f484e1be48dbaab8c10a,data/manifests/phase1e/2019-08/daily/source_2019081000.json
2019081000,day3_24h,p02,B,1,5,0,0,0,0,0,0,e473f82ca35845fd3e29491756d9070938dd659b7734ebb444b3c6169b094b57,e473f82ca35845fd3e29491756d9070938dd659b7734ebb444b3c6169b094b57,data/manifests/phase1e/2019-08/daily/source_2019081000.json
2019081000,day3_24h,p03,A,4,8,0,0,0,0,0,0,b08e4236b7d8edeef82dbaa4889b2abbf98366c77a5981f4c6f34a33a375599c,b08e4236b7d8edeef82dbaa4889b2abbf98366c77a5981f4c6f34a33a375599c,data/manifests/phase1e/2019-08/daily/source_2019081000.json
2019081000,day3_24h,p03,B,1,5,0,0,0,0,0,0,b9e51e1212068749bae0cca3238f0da9ff232da3616ecfcd41d17ac030b2605f,b9e51e1212068749bae0cca3238f0da9ff232da3616ecfcd41d17ac030b2605f,data/manifests/phase1e/2019-08/daily/source_2019081000.json
2019081000,day3_24h,p04,A,4,8,218,3,3,215,2,0,2bf20407aebcd9ac653775beec6ed17b822873c772ef1f2875426085fe2b29e2,45c44728786569d824356d23a61eb751c5606ac8fa1b554a659f3684047bf3d8,data/manifests/phase1e/2019-08/daily/source_2019081000.json
2019081000,day3_24h,p04,B,1,5,110,2,2,108,2,0,bbc89c368b1b3c7b081c6cdb2a11b2090ec029a4830541bcf008cdf617a672a2,1919e2eee12b1076b63ffb2e84e67cd28712f5decf9ca9088b008ca42d5f876f,data/manifests/phase1e/2019-08/daily/source_2019081000.json
2019081100,day1_24h,c00,A,4,8,55,1,1,54,0,0,3c983b0d9f405b52aaf7332aebcd0e7b6a8b21afa3c95afbea59cfafcdb77fa3,dfb5143ae56d52a5e738409b704ae598fbfef8957db754073a826296d7983283,data/manifests/phase1e/2019-08/daily/source_2019081100.json
2019081100,day1_24h,c00,B,1,5,0,0,0,0,0,0,dd22d4524a13f07505dde4a1b49d0552d81ed915a7f42fc44e86555d3a2f544c,dd22d4524a13f07505dde4a1b49d0552d81ed915a7f42fc44e86555d3a2f544c,data/manifests/phase1e/2019-08/daily/source_2019081100.json
2019081100,day1_24h,p01,A,4,8,474,23,23,451,0,0,53306a57b7e8e7c8360de4371253ea3627ceb3430dcecbd9d44976b9530e4d99,fcaa2160fa07ee793a8a53cb39a6d9a5b9cd48f97e1a51984f3945203cfd1d2b,data/manifests/phase1e/2019-08/daily/source_2019081100.json
2019081100,day1_24h,p01,B,1,5,9,0,0,9,0,0,1a89dbde7f887d57baccc1276c789be758fcdce21149a1e18da7e4266d7e3647,03f68c63f7f9b04384f980ce665105b3cc2d8b83242681e1767f37630b5862cd,data/manifests/phase1e/2019-08/daily/source_2019081100.json
2019081100,day1_24h,p02,A,4,8,30,0,0,30,3,0,dc57fa334acf1893c2eaaa82339622c4ae655db4b855bde9497b909c4f7ef3d1,5a900e18603d8b4d492f35b05a57d41e3a4066a1d08eba34f6daa1001dd2c537,data/manifests/phase1e/2019-08/daily/source_2019081100.json
2019081100,day1_24h,p02,B,1,5,30,0,0,30,3,0,aa85e22604f7a4af1710e771659a57bc5b2b54494f78cf7b7cfcfe26d142884d,b9d195b684b49bbeb11b44ab7dcb27123254892140921f9b79b80d2e3e1638bd,data/manifests/phase1e/2019-08/daily/source_2019081100.json
2019081100,day1_24h,p03,A,4,8,98,1,1,97,0,0,a8e33ff1961ed6dfe0b9dce99710022518ee2379f73658fb92cc0b8817fae398,07af7a2a26ed7971f431aa8a3689d4db39cbaddb1411711946d66882c3627e32,data/manifests/phase1e/2019-08/daily/source_2019081100.json
2019081100,day1_24h,p03,B,1,5,0,0,0,0,0,0,9b41575a2bd0870a6f8dfc1934b63c905c2b95d7afa505a3c531da09e99ea97a,9b41575a2bd0870a6f8dfc1934b63c905c2b95d7afa505a3c531da09e99ea97a,data/manifests/phase1e/2019-08/daily/source_2019081100.json
2019081100,day1_24h,p04,A,4,8,353,15,15,338,0,0,bbc6a6968b0794203e5f4fa5bac97d7bf2af6ef22c4b9c310817c4514adbf7e6,444a1d6e7aaa16bd637cbbb8cb94d2825aa67e54fe4d32ac08370203cea4d41c,data/manifests/phase1e/2019-08/daily/source_2019081100.json
2019081100,day1_24h,p04,B,1,5,0,0,0,0,0,0,88f42e2f96f78ef6a73c8b250388af3cdd5b88cdf1c1ffab80d98b60d7405c4b,88f42e2f96f78ef6a73c8b250388af3cdd5b88cdf1c1ffab80d98b60d7405c4b,data/manifests/phase1e/2019-08/daily/source_2019081100.json
2019081100,day2_24h,c00,A,4,8,270,12,12,258,0,0,d53f1d3962d0c59e0da3547c6cec865f07519ec069478473d08b5571d9a92649,1215af67bbb287a25a7eb771ee0b8da20455523a151faeb76d15d777d9f1e590,data/manifests/phase1e/2019-08/daily/source_2019081100.json
2019081100,day2_24h,c00,B,1,5,45,1,1,44,0,0,e9cfee6032099c9f87b44083202358aafa24a27f34dbe1fe3a74d28518ff5b6d,865c8ce442399aad0f13e7eb93a0068f95f7ba6aa4d50d86db637f079ee0604a,data/manifests/phase1e/2019-08/daily/source_2019081100.json
2019081100,day2_24h,p01,A,4,8,220,14,14,206,0,0,46f123f390b95cf472b7c6fac8588913188a4d6860ac92b9a204fd5a4d728404,11ea99766f415c00656db6c0b585ea23637f36066cc9be16b497e933b0cb6f0e,data/manifests/phase1e/2019-08/daily/source_2019081100.json
2019081100,day2_24h,p01,B,1,5,0,0,0,0,0,0,54aa2eb881d88bb766f542989cc4d57ec2053ed15ccc03e3f41551f52667f981,54aa2eb881d88bb766f542989cc4d57ec2053ed15ccc03e3f41551f52667f981,data/manifests/phase1e/2019-08/daily/source_2019081100.json
2019081100,day2_24h,p02,A,4,8,0,0,0,0,0,0,428815a466115013f7718cf64e655fe2711bc74464e6f6958265d2672de61c0d,428815a466115013f7718cf64e655fe2711bc74464e6f6958265d2672de61c0d,data/manifests/phase1e/2019-08/daily/source_2019081100.json
2019081100,day2_24h,p02,B,1,5,0,0,0,0,0,0,f6a6372dd7fad2e8a9d5b00d47b217fc5d57d96ed5eb023dcbd5784735af9fa5,f6a6372dd7fad2e8a9d5b00d47b217fc5d57d96ed5eb023dcbd5784735af9fa5,data/manifests/phase1e/2019-08/daily/source_2019081100.json
2019081100,day2_24h,p03,A,4,8,0,0,0,0,0,0,1b14323c595e212c41bbae0ada95a47f231f5070f3f2d5a0a37e73bb2abaabf1,1b14323c595e212c41bbae0ada95a47f231f5070f3f2d5a0a37e73bb2abaabf1,data/manifests/phase1e/2019-08/daily/source_2019081100.json
2019081100,day2_24h,p03,B,1,5,0,0,0,0,0,0,63242f53e30c951aff676cbce94769db02effe8dcacfb3d3f7fc691d6961f5b0,63242f53e30c951aff676cbce94769db02effe8dcacfb3d3f7fc691d6961f5b0,data/manifests/phase1e/2019-08/daily/source_2019081100.json
2019081100,day2_24h,p04,A,4,8,286,8,8,278,0,0,4775689308921da1db2c269f21f92fe161d4b2c3d8207dec1cab46d5abdb33c9,19dc3e88b7578f459555635ea743a33870ea1d489edda86ed2b23135a27247a6,data/manifests/phase1e/2019-08/daily/source_2019081100.json
2019081100,day2_24h,p04,B,1,5,0,0,0,0,0,0,f06ae0560da5d4d9fbb30451bdc91d92a9016d73a395775c861d8ac1f880ce24,f06ae0560da5d4d9fbb30451bdc91d92a9016d73a395775c861d8ac1f880ce24,data/manifests/phase1e/2019-08/daily/source_2019081100.json
2019081100,day3_24h,c00,A,4,8,258,11,11,247,4,0,e1b7f2fec30a8ac6cfca84bc97dd661ee899f399391ca6b19a0e2f7399845d79,d07de9252da50d33bfaa56acf87b3c97b9187f0e97c63952dd7237058aa0e90b,data/manifests/phase1e/2019-08/daily/source_2019081100.json
2019081100,day3_24h,c00,B,1,5,39,1,1,38,4,0,255ffb7c9080092bf158ebab7acfe3ddb1e546f694637504adc6b033265d5685,9e7b775c8660ecf6e484fc5dcf805ca7ac35152ce72c9553b0d0f2230cfdc621,data/manifests/phase1e/2019-08/daily/source_2019081100.json
2019081100,day3_24h,p01,A,4,8,0,0,0,0,0,0,f885fdd644f6c92e4e173d44b313a449bfd46fa59064bcad731ab25cf1b34871,f885fdd644f6c92e4e173d44b313a449bfd46fa59064bcad731ab25cf1b34871,data/manifests/phase1e/2019-08/daily/source_2019081100.json
2019081100,day3_24h,p01,B,1,5,0,0,0,0,0,0,e4eb303b878ae6580f9e18bdb126bbb23d3a5f3d7e59c09709ee4b4a57a6407a,e4eb303b878ae6580f9e18bdb126bbb23d3a5f3d7e59c09709ee4b4a57a6407a,data/manifests/phase1e/2019-08/daily/source_2019081100.json
2019081100,day3_24h,p02,A,4,8,426,22,22,404,0,0,5171b98c11d8cb99ed753a76767bbe742f2bf5497f8afa3423c61fdb62765922,a142c5ea3123126c6c3c7c625bbe854f74918ff9f80be5f6dcc09bb99723d19c,data/manifests/phase1e/2019-08/daily/source_2019081100.json
2019081100,day3_24h,p02,B,1,5,0,0,0,0,0,0,9e6d8949463fd1f5460e26d3bb5c8623f3126569a9a17c6cec580e541e527ae8,9e6d8949463fd1f5460e26d3bb5c8623f3126569a9a17c6cec580e541e527ae8,data/manifests/phase1e/2019-08/daily/source_2019081100.json
2019081100,day3_24h,p03,A,4,8,195,7,7,188,0,0,7772e92bba8c0c42a2e15b6a1be817be1bf49afe0a1443d26a585ba54bac935c,acea7a303c092e4401efba16b69a3274c1afc6fa49b7a0d67b95b82f1b01b1a4,data/manifests/phase1e/2019-08/daily/source_2019081100.json
2019081100,day3_24h,p03,B,1,5,0,0,0,0,0,0,29768f921046307940cea45303a6d7a3fdf58170a120dd59d1b8d4da4f7d3c03,29768f921046307940cea45303a6d7a3fdf58170a120dd59d1b8d4da4f7d3c03,data/manifests/phase1e/2019-08/daily/source_2019081100.json
2019081100,day3_24h,p04,A,4,8,327,8,8,319,0,0,757befbdb946b8e4c9758ad4e6ed7718ee92f70645ee9abcabb8dac8e464d8ab,a68befde56c61168130ff1f4e3e8facccbb5952e8159e2d8b14338286223aae3,data/manifests/phase1e/2019-08/daily/source_2019081100.json
2019081100,day3_24h,p04,B,1,5,40,1,1,39,0,0,49bcf564540353f6117785bb659b2b6ca5526a37bb39efdfd640f4202241b2de,a0706348065cd7ff137b38efa0afcae6e940f06e2678f8dcce298871e71c3b2f,data/manifests/phase1e/2019-08/daily/source_2019081100.json
2019081200,day1_24h,c00,A,4,8,0,0,0,0,0,0,060d2a54c35488b21c34f7dc9103ba41a9ff3c07773b4d311dd82157f6bb1dc9,060d2a54c35488b21c34f7dc9103ba41a9ff3c07773b4d311dd82157f6bb1dc9,data/manifests/phase1e/2019-08/daily/source_2019081200.json
2019081200,day1_24h,c00,B,1,5,0,0,0,0,0,0,7f483dc45d60dfbb6ed9203c5602a5f05b086908984fc8d1253219faa3ba1bd7,7f483dc45d60dfbb6ed9203c5602a5f05b086908984fc8d1253219faa3ba1bd7,data/manifests/phase1e/2019-08/daily/source_2019081200.json
2019081200,day1_24h,p01,A,4,8,231,11,11,220,0,0,4d99a36e1fcc35e8cae58e75bd0473c3b02b30308e0ed325e515f582d8005a6a,a5ad65a0f1c3d951dd345a75ec3caa5f26425cb2c66f487ccd19fc47cf55d13b,data/manifests/phase1e/2019-08/daily/source_2019081200.json
2019081200,day1_24h,p01,B,1,5,0,0,0,0,0,0,123d16d6730a65205205696b7a547bdb103f25afcc49c3b3cee2f1d6e7789cb8,123d16d6730a65205205696b7a547bdb103f25afcc49c3b3cee2f1d6e7789cb8,data/manifests/phase1e/2019-08/daily/source_2019081200.json
2019081200,day1_24h,p02,A,4,8,164,3,3,161,0,0,c2fc54ac9d9d905960eca1e8745c0f8b3e221dce33f0d140cb2a61bc69f8faf6,a33c11bf28f654ed0e5af553051b019de8049845b55083b06858ea190d3abcea,data/manifests/phase1e/2019-08/daily/source_2019081200.json
2019081200,day1_24h,p02,B,1,5,6,0,0,6,0,0,13962c1c2eab7ff993f719481e6da6af5889613370f1f05df55d3278ed47bd1b,f9d3582cf5bd3c228ba18b2554c33d6483bd50e31bec47dc88b91b1d33e5e93f,data/manifests/phase1e/2019-08/daily/source_2019081200.json
2019081200,day1_24h,p03,A,4,8,259,4,4,255,0,0,a35f092ae40f45015949ef161809e5671e17152a467221d60ecc27753193aa45,8dde7d5cc74004c1261e1cdb0580b33ef4010ea00d1786e6c16d076febfb0ce4,data/manifests/phase1e/2019-08/daily/source_2019081200.json
2019081200,day1_24h,p03,B,1,5,28,0,0,28,0,0,a72015ec501d827738d988d515ad265f5ae82b1483a7538a16ab473d02142af2,690e265770dd9bc2ede93e489ea5ec1b9ed2e03e6b40687d036841090b92df2c,data/manifests/phase1e/2019-08/daily/source_2019081200.json
2019081200,day1_24h,p04,A,4,8,181,2,2,179,0,0,fad2fb72e480457ac2227194b56044a290ccd2fe7e07621b1a4d68c799ab4259,d677a34013c142a0cbcef0429a5595d18b54eb5aaf9fe2cc02c615582a9aa8f1,data/manifests/phase1e/2019-08/daily/source_2019081200.json
2019081200,day1_24h,p04,B,1,5,0,0,0,0,0,0,e9e13c0968858a8c1170ca411e38d600b5502971ed74435eafe31ec5dfb7f016,e9e13c0968858a8c1170ca411e38d600b5502971ed74435eafe31ec5dfb7f016,data/manifests/phase1e/2019-08/daily/source_2019081200.json
2019081200,day2_24h,c00,A,4,8,315,23,23,292,0,0,b6f5f35684ab2d2a84dc99c2a588d27a05b0fff38a22017d77c739d782a286a4,c5732928810f3a89c64db7c10f7062cde7a3b78de20c4689e5893cf4ad060072,data/manifests/phase1e/2019-08/daily/source_2019081200.json
2019081200,day2_24h,c00,B,1,5,33,0,0,33,0,0,ec9729f40bb57b684385fb3326e0845835311868f40d60b5b6116c5964f96cdf,93a2141c8250e9be63fbb86149a9cb851ac590ff79c728dceba6de6c5af6a6f7,data/manifests/phase1e/2019-08/daily/source_2019081200.json
2019081200,day2_24h,p01,A,4,8,52,0,0,52,0,0,193cea25be2c0beaf3ed0825819c958973c0af8ead6d60c0404c3d09db706405,64f7c8fb2ec128fa01f62be5b2fc9294ddb9f74b361dbf8a40c411b91874e9bf,data/manifests/phase1e/2019-08/daily/source_2019081200.json
2019081200,day2_24h,p01,B,1,5,0,0,0,0,0,0,7fe2410c2a46cbcbdd3646243a9f76f6edb6b0527a923e89aae304ca07792a10,7fe2410c2a46cbcbdd3646243a9f76f6edb6b0527a923e89aae304ca07792a10,data/manifests/phase1e/2019-08/daily/source_2019081200.json
2019081200,day2_24h,p02,A,4,8,173,10,10,163,0,0,2ae007a876c775a26f1ce12189e603deb601f4276c6eb58f00ea8b0c6d44b8c6,ec8e1820f6873b41425cb723b248d0d3ecd3bce57c2aa7ddb77b4b11adf65416,data/manifests/phase1e/2019-08/daily/source_2019081200.json
2019081200,day2_24h,p02,B,1,5,0,0,0,0,0,0,7d97c1f9ce6ce83c72193af6640b266e186242c42635f8ba67b3063e28dfdf24,7d97c1f9ce6ce83c72193af6640b266e186242c42635f8ba67b3063e28dfdf24,data/manifests/phase1e/2019-08/daily/source_2019081200.json
2019081200,day2_24h,p03,A,4,8,280,17,17,263,0,0,51531beca4218b8aca12972b957c051764a970a5f8e4d3a1c0134ef3bad970e9,d4c9675f71a2749f19bdb0646f8d68f18010e00e44033c0d458321915903b4c8,data/manifests/phase1e/2019-08/daily/source_2019081200.json
2019081200,day2_24h,p03,B,1,5,55,0,0,55,0,0,500c32f09bce01a45889fd270226b4501426533d402a09e208a2f1944ea79171,6904456be242b5e783e6a29613a6969efa88d85edb60c028d01c9d9b849d824e,data/manifests/phase1e/2019-08/daily/source_2019081200.json
2019081200,day2_24h,p04,A,4,8,124,2,2,122,0,0,7e57efae00a5fbe2b94cce1a30d2ec9e17f35f529b3399a572e692c1df786e17,2249429620dc5c96e547c617ad2d9e3175e2de3d83522c3fc5e6a8f11816dda6,data/manifests/phase1e/2019-08/daily/source_2019081200.json
2019081200,day2_24h,p04,B,1,5,0,0,0,0,0,0,113eebad77cf158ae6a5c03abee2f6d3cdd1e6dc5df5713906829415749854de,113eebad77cf158ae6a5c03abee2f6d3cdd1e6dc5df5713906829415749854de,data/manifests/phase1e/2019-08/daily/source_2019081200.json
2019081200,day3_24h,c00,A,4,8,644,27,27,617,0,0,00f73a0c7f9eff953cc33c4dc5e578a9c4fd799cf4eb7d7d071a5430b0039ed8,7bfff7380e6dd14839032b6b8424e995d9029d693389ebcc553ce3ba17d67104,data/manifests/phase1e/2019-08/daily/source_2019081200.json
2019081200,day3_24h,c00,B,1,5,76,3,3,73,0,0,3ff93de8a01d83720d540dd83ae4d482029be8267ab6467af04a7ec748025577,a07eade9e24200379c0033ae99a23dceac48cd592b6afe35016ad61835a4060d,data/manifests/phase1e/2019-08/daily/source_2019081200.json
2019081200,day3_24h,p01,A,4,8,141,2,2,139,0,0,a62c19d12cb9dbc5d69ff73502c53dac61a1d8da14cca7d19ae3be2e177198f9,205f21ec6bbcb144efd7bfe224fce7787eb5400c69b2e39058704e94a2b5b027,data/manifests/phase1e/2019-08/daily/source_2019081200.json
2019081200,day3_24h,p01,B,1,5,0,0,0,0,0,0,89610e3e8f563ac85ba3f4731777541eaec6f4661957da6b94662733562d7366,89610e3e8f563ac85ba3f4731777541eaec6f4661957da6b94662733562d7366,data/manifests/phase1e/2019-08/daily/source_2019081200.json
2019081200,day3_24h,p02,A,4,8,0,0,0,0,0,0,cdcb826ac99ebabf4feb38f9b98590aa38c5388f1d795003c9d8517ef85f01d5,cdcb826ac99ebabf4feb38f9b98590aa38c5388f1d795003c9d8517ef85f01d5,data/manifests/phase1e/2019-08/daily/source_2019081200.json
2019081200,day3_24h,p02,B,1,5,0,0,0,0,0,0,a3c9f5c892867a933b73266534172cdc0a8faf1a36573b8055bf7ef2f1afc231,a3c9f5c892867a933b73266534172cdc0a8faf1a36573b8055bf7ef2f1afc231,data/manifests/phase1e/2019-08/daily/source_2019081200.json
2019081200,day3_24h,p03,A,4,8,81,2,2,79,13,1,a05ba9514e5e010bed942a3087850bf2d47d4633974c3f0e2492efd42d50a354,c7f0098e64914c08b6191e4390452481ec05c762f8615651d1e6c065023d61c1,data/manifests/phase1e/2019-08/daily/source_2019081200.json
2019081200,day3_24h,p03,B,1,5,81,2,2,79,13,1,9c751540088dfb7099952f7e11c41528716aeca0ac6aca4ab1f579d43b823e5d,540e8ed98c6cfa362ddc59b22595df3dfe5c40973d3bfb461607157c0fb83597,data/manifests/phase1e/2019-08/daily/source_2019081200.json
2019081200,day3_24h,p04,A,4,8,172,9,9,163,0,0,439fbe9c3aa232a904d2132ac7d082ec3ddc0334abac235a419cf6051befd8e0,af994d2dee63e02d190e4490eca47905ea4e18324ae709fb7d04d44bf1d6d4db,data/manifests/phase1e/2019-08/daily/source_2019081200.json
2019081200,day3_24h,p04,B,1,5,0,0,0,0,0,0,f7f075cbbc9f9c611187caf33f1ffe2bffcf0a9464fa3e5881fc64bb1a7b7d9b,f7f075cbbc9f9c611187caf33f1ffe2bffcf0a9464fa3e5881fc64bb1a7b7d9b,data/manifests/phase1e/2019-08/daily/source_2019081200.json
2019081300,day1_24h,c00,A,4,8,215,9,9,206,0,0,09c7a84bf42545f9a8ea144c6c2d63f413a6b830cfedca21d926930ad60f24d9,f6ff45cead9d8480530190e67dce217b7eabc0112fe7425775e354db6be63010,data/manifests/phase1e/2019-08/daily/source_2019081300.json
2019081300,day1_24h,c00,B,1,5,0,0,0,0,0,0,2f33e95397a0f50bd5b054ffff66a122f3d881ed2bcfddbe6497a3b1821b7581,2f33e95397a0f50bd5b054ffff66a122f3d881ed2bcfddbe6497a3b1821b7581,data/manifests/phase1e/2019-08/daily/source_2019081300.json
2019081300,day1_24h,p01,A,4,8,81,0,0,81,0,0,c19edba0eb3ba23bc56443297a55aeab441b9eb6cd75caf337ccf46e0dc2d295,2f0b8c6866d7ced830af4f58f3c44caef94d16ae88d2ff6480ee140ca4f397ad,data/manifests/phase1e/2019-08/daily/source_2019081300.json
2019081300,day1_24h,p01,B,1,5,81,0,0,81,0,0,b38d9c961de181ba282b8b6afe1b9da5e2044cfd97df0d19e3d84ffbb41fd5ad,e66332d5179b8c4ba9ca49fa62d7303e508459d63fbca6ab67a3ba8371febdba,data/manifests/phase1e/2019-08/daily/source_2019081300.json
2019081300,day1_24h,p02,A,4,8,210,9,9,201,0,0,37db6c6e812eadf0d6da0581826cbfc0d058fdacbd71a8cd3c10e07dcb92e0c4,e3f2e4c770a672c923c2947b663aa47e5d12459f0a61b93cc654c452c5b15571,data/manifests/phase1e/2019-08/daily/source_2019081300.json
2019081300,day1_24h,p02,B,1,5,0,0,0,0,0,0,08e924e89dd45a4f57578ad67a58becac1d4ee118d452a43b6ac826ce66562f1,08e924e89dd45a4f57578ad67a58becac1d4ee118d452a43b6ac826ce66562f1,data/manifests/phase1e/2019-08/daily/source_2019081300.json
2019081300,day1_24h,p03,A,4,8,302,12,12,290,0,0,fc30d2364e3a1458eddc11e6cbb57b690416b55478564c2cc27ab243511669f4,82df7bccf16c53121526a0d1dc649e88bf0222761c2f88416661cc6c1f2e3263,data/manifests/phase1e/2019-08/daily/source_2019081300.json
2019081300,day1_24h,p03,B,1,5,0,0,0,0,0,0,91978dd15f55db19a3d243250d21be146565a6a3dfffe96577905262f1c9a110,91978dd15f55db19a3d243250d21be146565a6a3dfffe96577905262f1c9a110,data/manifests/phase1e/2019-08/daily/source_2019081300.json
2019081300,day1_24h,p04,A,4,8,46,2,2,44,0,0,50d4fa7c6c16b0ba70a8c492c70d1225d9e2acfb0fb8d605be5812e0c736c3b9,a173e1507400e98aa9f57637eacc064fea133086be404a2ba00cdb08a2c7d792,data/manifests/phase1e/2019-08/daily/source_2019081300.json
2019081300,day1_24h,p04,B,1,5,0,0,0,0,0,0,3c94f8dca274931f512258e665f09b7b76f34b78b76e9f0b8a45e1f6c6af7ec4,3c94f8dca274931f512258e665f09b7b76f34b78b76e9f0b8a45e1f6c6af7ec4,data/manifests/phase1e/2019-08/daily/source_2019081300.json
2019081300,day2_24h,c00,A,4,8,300,12,12,288,0,0,e917053e39220b65b63e1d70d718afaf699a8f404212ccb07dc1903821225b70,ed8c68ece73f88daf6646c4c303333dde85117b72e97d6c669a95e7db6b91e5b,data/manifests/phase1e/2019-08/daily/source_2019081300.json
2019081300,day2_24h,c00,B,1,5,0,0,0,0,0,0,e9e0c96065536619a97de08b30a0635951a58ac79753fade14ebb4e42630bed1,e9e0c96065536619a97de08b30a0635951a58ac79753fade14ebb4e42630bed1,data/manifests/phase1e/2019-08/daily/source_2019081300.json
2019081300,day2_24h,p01,A,4,8,0,0,0,0,0,0,6bb58ec637739b1ebcc3eb19239992b82dfa28c084aa7d44d3168cae92bf2d18,6bb58ec637739b1ebcc3eb19239992b82dfa28c084aa7d44d3168cae92bf2d18,data/manifests/phase1e/2019-08/daily/source_2019081300.json
2019081300,day2_24h,p01,B,1,5,0,0,0,0,0,0,d5ce282a4139ee60f9c7f0122eee3553eb150ec9558a3fc038fe9173d049e2e8,d5ce282a4139ee60f9c7f0122eee3553eb150ec9558a3fc038fe9173d049e2e8,data/manifests/phase1e/2019-08/daily/source_2019081300.json
2019081300,day2_24h,p02,A,4,8,428,22,22,406,0,0,15ab449a7275f23b8b2495d233eb7b23d6a52504bf577501f0455be11a47ebda,4fcd63eaff5d56c5cf24e433995ab9437ebe889927b8693a655da0912b462522,data/manifests/phase1e/2019-08/daily/source_2019081300.json
2019081300,day2_24h,p02,B,1,5,0,0,0,0,0,0,e79d67293d9fa730f3c4c441bbf4f046de573c50345b5c51c077bdb438c697ff,e79d67293d9fa730f3c4c441bbf4f046de573c50345b5c51c077bdb438c697ff,data/manifests/phase1e/2019-08/daily/source_2019081300.json
2019081300,day2_24h,p03,A,4,8,81,4,4,77,5,0,ebda1e3dadf50b27e6d8e80bac684e08c384a36593ae2c234ff85fc28577461c,ead199a3b3a767d3067f8b2fdb2a8456033048cc4f61b5dc2b647da852f21d02,data/manifests/phase1e/2019-08/daily/source_2019081300.json
2019081300,day2_24h,p03,B,1,5,42,1,1,41,5,0,04c4f962410d6cd8dfb2bf8f762f8e35e871695226419c162fde6ffc6a8cff76,64d50e274dd7bcd0e9f9bfa13f84be9a0b4cde0898356dd94f8e66985877b1c9,data/manifests/phase1e/2019-08/daily/source_2019081300.json
2019081300,day2_24h,p04,A,4,8,0,0,0,0,0,0,fe3ef53f277a02d9b07ac2bb9def356f75bdf52ab0175c1d8b6bdd9ad60a3a3d,fe3ef53f277a02d9b07ac2bb9def356f75bdf52ab0175c1d8b6bdd9ad60a3a3d,data/manifests/phase1e/2019-08/daily/source_2019081300.json
2019081300,day2_24h,p04,B,1,5,0,0,0,0,0,0,b1452299a79d4f4f039bff973c6ab0ac665332e9799b1928d24c877b93d76a56,b1452299a79d4f4f039bff973c6ab0ac665332e9799b1928d24c877b93d76a56,data/manifests/phase1e/2019-08/daily/source_2019081300.json
2019081300,day3_24h,c00,A,4,8,219,12,12,207,0,0,e4678e2a666fa87bd55a97c197254c4585ce583bf396d7b21218826dea72cd66,0e0348f379d7bb53e1a12a891c36aac7ffdc8f98df1aa7fed85910be0b3ec633,data/manifests/phase1e/2019-08/daily/source_2019081300.json
2019081300,day3_24h,c00,B,1,5,0,0,0,0,0,0,4907bed45aa68b7ee593a2bc438eec8286c2de499277fab27e6dd418c96cd3f8,4907bed45aa68b7ee593a2bc438eec8286c2de499277fab27e6dd418c96cd3f8,data/manifests/phase1e/2019-08/daily/source_2019081300.json
2019081300,day3_24h,p01,A,4,8,156,11,11,145,2,0,5ed643c281b450f07ba54016fb67638c7acc2bb428e13939fcdec025244c03e9,d75e06846af68fb336b191ab99a97d5654bdb76327f03ea844209cf6720cb508,data/manifests/phase1e/2019-08/daily/source_2019081300.json
2019081300,day3_24h,p01,B,1,5,72,5,5,67,2,0,193b486a22071f1383c1a030a041d4c4ef79011c689f837cea3be0b526e13caf,cacbce140c2364dc445a75060862242aaa4b2b803ce64ff8527f904b497b8831,data/manifests/phase1e/2019-08/daily/source_2019081300.json
2019081300,day3_24h,p02,A,4,8,118,1,1,117,0,0,1f64736dc5319cddc3af0a82d69a32c2160e7d3d2c8d18dd86380b7fe0c4a6dc,d4d65895ced4e3ac8c18a0da9763ca88a6ce35578d683325db4fd9494897ff48,data/manifests/phase1e/2019-08/daily/source_2019081300.json
2019081300,day3_24h,p02,B,1,5,118,1,1,117,0,0,ecce9d5a4225565230788c489ee0bdaf6a797200bdedff276fb478543b75a408,fa3a9a1113829ed2e109be18bd2ca922354c7b1f0bbc5ed1919874d2461d1a2c,data/manifests/phase1e/2019-08/daily/source_2019081300.json
2019081300,day3_24h,p03,A,4,8,0,0,0,0,0,0,8f822ccbfecab810f56afaf45fa0b74cec5a797571445448351519eeccaa69dc,8f822ccbfecab810f56afaf45fa0b74cec5a797571445448351519eeccaa69dc,data/manifests/phase1e/2019-08/daily/source_2019081300.json
2019081300,day3_24h,p03,B,1,5,0,0,0,0,0,0,3ad2d49063cd516a3fce755c3f191a963bdbea096c809b8c8da4ea40e5fecc57,3ad2d49063cd516a3fce755c3f191a963bdbea096c809b8c8da4ea40e5fecc57,data/manifests/phase1e/2019-08/daily/source_2019081300.json
2019081300,day3_24h,p04,A,4,8,58,0,0,58,3,0,0e9c0b6df79dade3b36dcec43c1926047e11b86ddcc9a8fa92c9e3649e217efb,b06b9ceca652f54730321eebfd45bf335110fe06d88f1f20657b9c12ea9ebe5e,data/manifests/phase1e/2019-08/daily/source_2019081300.json
2019081300,day3_24h,p04,B,1,5,58,0,0,58,3,0,17ab7b1a26c7b21b501c2b191c6ce06e260cad70eda1dded55d054e9d4ae6946,6b41c0e7a74550266d4262c6b43e542436936f8bfce7a8a16f9d94b7074d1ade,data/manifests/phase1e/2019-08/daily/source_2019081300.json
2019081400,day1_24h,c00,A,4,8,299,9,9,290,0,0,4318342685788a023735238c1b46ac2e6da36b66b3bb4fc1fa74c4d593d831b9,4fa1d4441bbb8fbbd7408dabcc40a527841c348ba98320517029106970106c47,data/manifests/phase1e/2019-08/daily/source_2019081400.json
2019081400,day1_24h,c00,B,1,5,0,0,0,0,0,0,e4b9441ce4cdde4104f7374d129641bda8497b1c948deb5d689b7c6558074534,e4b9441ce4cdde4104f7374d129641bda8497b1c948deb5d689b7c6558074534,data/manifests/phase1e/2019-08/daily/source_2019081400.json
2019081400,day1_24h,p01,A,4,8,288,9,9,279,1,0,71c832f063657903763e31158dc9a420abe78d58e7f024640c8d028618ceed66,0f8b7a7a24aff54a577525d044fe44d51af70497a717462aba77f3ee86cef2e9,data/manifests/phase1e/2019-08/daily/source_2019081400.json
2019081400,day1_24h,p01,B,1,5,111,0,0,111,1,0,8be37287bdfeac8c5ea94e37be82a2a89b9d4749509f6524b42314fa154440aa,fe7425ae5e0a12068cb21f7ed2db77d2d3c856cf96e76085767849511bb8d59b,data/manifests/phase1e/2019-08/daily/source_2019081400.json
2019081400,day1_24h,p02,A,4,8,59,0,0,59,0,0,97ca2c96a9bd88bc78df002d6bd001f2fe5a96a838174ce7504b05197a1a2d63,dbcfb37ab174e0ae5dd0d7ea53703db8158ee11c60d085cd8b66db52d3526ea0,data/manifests/phase1e/2019-08/daily/source_2019081400.json
2019081400,day1_24h,p02,B,1,5,59,0,0,59,0,0,81018ec78f2f72f15571e95200438336a43dda806708308e70ec635468795a4c,db5925e3b4422ac282403997b3439f39ba81cc37067898104a47a019bd3fe45c,data/manifests/phase1e/2019-08/daily/source_2019081400.json
2019081400,day1_24h,p03,A,4,8,0,0,0,0,0,0,5bb6104f4a12da47d33c80bdd3eb006d8b1db1ce252b95b44d452202b71937cb,5bb6104f4a12da47d33c80bdd3eb006d8b1db1ce252b95b44d452202b71937cb,data/manifests/phase1e/2019-08/daily/source_2019081400.json
2019081400,day1_24h,p03,B,1,5,0,0,0,0,0,0,b02c1d2fb3458089b13759f9075e150074b2c348e97b4a18085ed74e5cdc99ff,b02c1d2fb3458089b13759f9075e150074b2c348e97b4a18085ed74e5cdc99ff,data/manifests/phase1e/2019-08/daily/source_2019081400.json
2019081400,day1_24h,p04,A,4,8,254,11,11,243,0,0,ec191e1aeb412ce4250c3185ced65f61870c69203529d7bf82e864c19b62d6e7,e99372e69e03f7966fc8a5908237458534b5f0eddae29c36912cb5e8aa0b3f1a,data/manifests/phase1e/2019-08/daily/source_2019081400.json
2019081400,day1_24h,p04,B,1,5,0,0,0,0,0,0,1fba056820ba1047fea90452b9e6e322a12f5687234d3200e13b5160cd721f83,1fba056820ba1047fea90452b9e6e322a12f5687234d3200e13b5160cd721f83,data/manifests/phase1e/2019-08/daily/source_2019081400.json
2019081400,day2_24h,c00,A,4,8,493,20,20,473,0,0,f42a2f6e4c81b37f03d6c613cd4d853675cb31c2847f568a42d5886953b7747a,9148e069147a56e1af5a9bdf5f9a7ec6660eb9e1eecd203d1a1c724eb6e30bd9,data/manifests/phase1e/2019-08/daily/source_2019081400.json
2019081400,day2_24h,c00,B,1,5,0,0,0,0,0,0,d384f4c05d64bd738c2a0a0496bc2cbdb389e473ab7c653a15abc073459ce0e0,d384f4c05d64bd738c2a0a0496bc2cbdb389e473ab7c653a15abc073459ce0e0,data/manifests/phase1e/2019-08/daily/source_2019081400.json
2019081400,day2_24h,p01,A,4,8,431,22,22,409,24,1,43556e1ca6f8c5e11ced5bc70b2e84842fc6ec9e28e670c695c63c4cf17bbea9,fee1183b6e6259770db412e152628b45afbfcc761ddc7d94b0218ac4f02b6a1e,data/manifests/phase1e/2019-08/daily/source_2019081400.json
2019081400,day2_24h,p01,B,1,5,142,7,7,135,24,1,9b3d7fa5dfd34346c178dfcfb6431b9af152486f29a86170a376e17044800b2f,62b4ad00dbe86b1d514d02807ffeae30300df9e8d53bf280752174cb6acafaab,data/manifests/phase1e/2019-08/daily/source_2019081400.json
2019081400,day2_24h,p02,A,4,8,136,3,3,133,1,0,c890f8ef32a38af4ccd0f64e75229dcfa2a16c084a02a5858bf63a8eb01a162f,e290bba0a4adfe426446785184c7b6b32a60869f939d6397fd16d4ea37005784,data/manifests/phase1e/2019-08/daily/source_2019081400.json
2019081400,day2_24h,p02,B,1,5,73,3,3,70,1,0,274d10a0dd70313b3660ed9375c9e26b15d7c6102dad2136273dd3b48c88eddc,a8d76f775dfdc13cf456f67266e2386ef2df15891f0dc34c900fb9df86af9dd4,data/manifests/phase1e/2019-08/daily/source_2019081400.json
2019081400,day2_24h,p03,A,4,8,354,14,14,340,0,0,b1c4ddb801be6833142ebd26a6079b6a351387e6e9a347bfb8b0a4bb50feefe2,8ee6342c8de56f75fbb7af5b940725237c2fde3521709086f0ecf0aaed7a564d,data/manifests/phase1e/2019-08/daily/source_2019081400.json
2019081400,day2_24h,p03,B,1,5,0,0,0,0,0,0,0647d7f6e7ba2fdcfc1794955e6b07be90105dc3e68439df5acdc79ff14ad96c,0647d7f6e7ba2fdcfc1794955e6b07be90105dc3e68439df5acdc79ff14ad96c,data/manifests/phase1e/2019-08/daily/source_2019081400.json
2019081400,day2_24h,p04,A,4,8,209,5,5,204,0,0,8dd5efd652c96cc811cb57edb732c48d49ca519060ef74ab33b9f102d0a5fcfc,5cc67c8b39ec1308417392ccbb8673f835edc2edbe0286b640d9d6f56c44187e,data/manifests/phase1e/2019-08/daily/source_2019081400.json
2019081400,day2_24h,p04,B,1,5,0,0,0,0,0,0,04e2b18221d7648610434e7976ffe63af152571cdb1630822fc1d42eefc1a9a6,04e2b18221d7648610434e7976ffe63af152571cdb1630822fc1d42eefc1a9a6,data/manifests/phase1e/2019-08/daily/source_2019081400.json
2019081400,day3_24h,c00,A,4,8,273,10,10,263,1,0,fd41f00a67cfeceb74260359bbd706de764553b4d1ea56d4c25fb262ab028a52,6f8e794ddcf2a0f5b60cd1da1325a0339fc138b80ad96755c8b869ad60bb945a,data/manifests/phase1e/2019-08/daily/source_2019081400.json
2019081400,day3_24h,c00,B,1,5,69,1,1,68,1,0,1b7709ac961174bd448c754681ec8f1694b7ba005f2e706bacf4cd985f9b6458,5039b4c3a2e1341f063417cc3fbb7e359fff528ca2a6b8c3a5a7bc6a015db720,data/manifests/phase1e/2019-08/daily/source_2019081400.json
2019081400,day3_24h,p01,A,4,8,138,7,7,131,0,0,ec0c78e45562cc10d296225d7928219ed6672635dd09507bd1e65a00c6129a70,485add5104a2238189e27cf5a2a86224f1aa9909f970f9fd81150efab3fc48e9,data/manifests/phase1e/2019-08/daily/source_2019081400.json
2019081400,day3_24h,p01,B,1,5,0,0,0,0,0,0,dc2d0fa850506814282b844c80f3d7422d84d28e363840504250af5e3cf8c857,dc2d0fa850506814282b844c80f3d7422d84d28e363840504250af5e3cf8c857,data/manifests/phase1e/2019-08/daily/source_2019081400.json
2019081400,day3_24h,p02,A,4,8,360,23,23,337,0,0,b14b67948a51c38f9bfaee38a2b5f537d3b8d372090e4a207f31d9bf500528b5,753cded4e932543ad4836d5b3ad9675648f16663a13b3c7ff04d39e99499effd,data/manifests/phase1e/2019-08/daily/source_2019081400.json
2019081400,day3_24h,p02,B,1,5,0,0,0,0,0,0,36daeba654c6227f549b82f873bb6142f84550efb1f273c4f78ab2ff77e4333a,36daeba654c6227f549b82f873bb6142f84550efb1f273c4f78ab2ff77e4333a,data/manifests/phase1e/2019-08/daily/source_2019081400.json
2019081400,day3_24h,p03,A,4,8,325,5,5,320,0,0,3535045541c501285e891885ef920cb585dd23aa12876ce4d1d70e56ede23045,976e24b2b5a5d90bbac4faf81f129d648fd6b45f66138736b8cfb88b21429107,data/manifests/phase1e/2019-08/daily/source_2019081400.json
2019081400,day3_24h,p03,B,1,5,0,0,0,0,0,0,20d3a919996f52c72ac21ccfa74f2ad7e1f56755ce5d5b0abbefcd496a9ac7f3,20d3a919996f52c72ac21ccfa74f2ad7e1f56755ce5d5b0abbefcd496a9ac7f3,data/manifests/phase1e/2019-08/daily/source_2019081400.json
2019081400,day3_24h,p04,A,4,8,469,28,28,441,0,0,c6dd193ebdeef1bbbedc5f231b11b068c24b20088b2a0c9c3b0136c74bd04366,3a17749777bcf3d7aa58cb026cc508d6b61fcd9c40944d809649b3f033e365a0,data/manifests/phase1e/2019-08/daily/source_2019081400.json
2019081400,day3_24h,p04,B,1,5,0,0,0,0,0,0,44e1694b9e24d91ddb73117772845f0da3c9c72a30b5ed6d8477ff946d3800ec,44e1694b9e24d91ddb73117772845f0da3c9c72a30b5ed6d8477ff946d3800ec,data/manifests/phase1e/2019-08/daily/source_2019081400.json
2019081500,day1_24h,c00,A,4,8,272,14,14,258,0,0,787823aafa4eb3b46b3633d144aa4743bb7863a2478dc354f7b81aad6a7692fb,a3cbdcc9577e6a9140e6dfb7b1317cf8fb70fa5101ac3a03c00ae52bf997619f,data/manifests/phase1e/2019-08/daily/source_2019081500.json
2019081500,day1_24h,c00,B,1,5,0,0,0,0,0,0,48646dcca5ef2cbf9d6d11d9a24403822bfe6a679eab66b13140f14d7104f53e,48646dcca5ef2cbf9d6d11d9a24403822bfe6a679eab66b13140f14d7104f53e,data/manifests/phase1e/2019-08/daily/source_2019081500.json
2019081500,day1_24h,p01,A,4,8,546,34,34,512,0,0,03a94e0c6daed122399745b6f476f4ef58121c9962b011fcef3b1d036a33a890,e2e363e62f0d8d823b285c47066c3e536fc0b83c24f5c20658c538c390b7030e,data/manifests/phase1e/2019-08/daily/source_2019081500.json
2019081500,day1_24h,p01,B,1,5,0,0,0,0,0,0,3a84e4808384458e32a305d8f31d42906081e81feea7d0143358b5298cfeec91,3a84e4808384458e32a305d8f31d42906081e81feea7d0143358b5298cfeec91,data/manifests/phase1e/2019-08/daily/source_2019081500.json
2019081500,day1_24h,p02,A,4,8,341,15,15,326,0,0,3a1475f95989ad7c9d8bf11743ba7dff77ea2ea804f632ba7e8c2ea2309bf0c4,0f85381f7138b4299c18e87b6f8ee3a7e373508ff14fbdd8be778335bf9283f6,data/manifests/phase1e/2019-08/daily/source_2019081500.json
2019081500,day1_24h,p02,B,1,5,0,0,0,0,0,0,8e93be221ea964ccb8971b6dff33d99bc02cb3fb805cb8bcfef9f08c69f74281,8e93be221ea964ccb8971b6dff33d99bc02cb3fb805cb8bcfef9f08c69f74281,data/manifests/phase1e/2019-08/daily/source_2019081500.json
2019081500,day1_24h,p03,A,4,8,0,0,0,0,0,0,da7f7b2f96f9be246df0f5ecaecb5c46bfb9f2dd00663eeb6cbe1a5045479911,da7f7b2f96f9be246df0f5ecaecb5c46bfb9f2dd00663eeb6cbe1a5045479911,data/manifests/phase1e/2019-08/daily/source_2019081500.json
2019081500,day1_24h,p03,B,1,5,0,0,0,0,0,0,aa9c5736a6e320fc97c321221f21baf6c823fd5b91a6b5150597fa64ecf5d8dc,aa9c5736a6e320fc97c321221f21baf6c823fd5b91a6b5150597fa64ecf5d8dc,data/manifests/phase1e/2019-08/daily/source_2019081500.json
2019081500,day1_24h,p04,A,4,8,0,0,0,0,0,0,8c7cfe07ac96314c9e76f49d1f2f2233d6de1aae2360ef1a459f48b21e0126d2,8c7cfe07ac96314c9e76f49d1f2f2233d6de1aae2360ef1a459f48b21e0126d2,data/manifests/phase1e/2019-08/daily/source_2019081500.json
2019081500,day1_24h,p04,B,1,5,0,0,0,0,0,0,55e3974769f015e3b7b678ef618cbd6eb44e3bc194cd514cbcb17737b3679428,55e3974769f015e3b7b678ef618cbd6eb44e3bc194cd514cbcb17737b3679428,data/manifests/phase1e/2019-08/daily/source_2019081500.json
2019081500,day2_24h,c00,A,4,8,329,11,11,318,3,0,dfbb9006a4fa87eb63441b64431384029240f78bbc0e76370e076b3310aa6bf7,695eb9052211373b6a40ad78483810514a22992559648227f4e3d91409bc0c0e,data/manifests/phase1e/2019-08/daily/source_2019081500.json
2019081500,day2_24h,c00,B,1,5,111,5,5,106,3,0,6255b46780e1d9119c868a68f05884bf62afddca1be2bf2b644041caf003390a,9d4837a2dfdaa47f460126bcc37562f219f96f1ef8309d674809933da671743a,data/manifests/phase1e/2019-08/daily/source_2019081500.json
2019081500,day2_24h,p01,A,4,8,522,26,26,496,0,0,872d8beaba3d41953e8f4e72e5b2d9c5e500cc857dcc531ecc4f4edd7e833488,92a15027351fde5e061ab0d8ac703116ec8263ecfb5a87f78cfed16b44e26236,data/manifests/phase1e/2019-08/daily/source_2019081500.json
2019081500,day2_24h,p01,B,1,5,0,0,0,0,0,0,26e46493ed6ec2382352661658f1a793b1d25259d96ecbad7240f50f9f10668f,26e46493ed6ec2382352661658f1a793b1d25259d96ecbad7240f50f9f10668f,data/manifests/phase1e/2019-08/daily/source_2019081500.json
2019081500,day2_24h,p02,A,4,8,186,4,4,182,0,0,d9c9e147585bf591aae8e88b1901d1ef52f80d3c139af2d4c7af277edf436f44,4de31043d6a650aea13ed07aa5ef65b47215b30b09f6989ec0293fb5850ea337,data/manifests/phase1e/2019-08/daily/source_2019081500.json
2019081500,day2_24h,p02,B,1,5,0,0,0,0,0,0,f34876aa7d303e0af6450fef1abe56f947a6dc8d9b15794e7127a20ec2e93b6f,f34876aa7d303e0af6450fef1abe56f947a6dc8d9b15794e7127a20ec2e93b6f,data/manifests/phase1e/2019-08/daily/source_2019081500.json
2019081500,day2_24h,p03,A,4,8,410,16,16,394,1,0,d4997b949faedb17505eabe62fed7d693ccecac6fa5c60d83dd89a69dc6085ea,15e6e3e3b9995a8f8f8ac2f7eb69faaa5675534c3f7f8f972680de6551ceeec4,data/manifests/phase1e/2019-08/daily/source_2019081500.json
2019081500,day2_24h,p03,B,1,5,105,1,1,104,1,0,b5232b61b6314a788c52899ca1f2e1135a266d0106da6dc80fe7f3d82b4c53dc,e1ccfc93d1d4a5aeb76e43fb98f15a91369feae2544c01c64cbce322b0d4575e,data/manifests/phase1e/2019-08/daily/source_2019081500.json
2019081500,day2_24h,p04,A,4,8,335,14,14,321,0,0,91860b98517579175a5e2bb37154e857dd0cc10742dd7a9b29a884d5c183301a,93ca00705364bcad456aa44fe3b6cb72c78ff7a6184dc63d2f87567634a007d9,data/manifests/phase1e/2019-08/daily/source_2019081500.json
2019081500,day2_24h,p04,B,1,5,64,1,1,63,0,0,435db3fa9c14ce5e0f123d440c8206215c54dde1f918e691c602e37b727528af,fa671b8bc72f2b320449ff45e74f7d4b39d4470a6de2350306364b0ce1248704,data/manifests/phase1e/2019-08/daily/source_2019081500.json
2019081500,day3_24h,c00,A,4,8,281,11,11,270,0,0,0d9917d5ed461304ef18ce776dee0c303d92ec816dd6372ac6199f5ad39a52cd,1cf9b8058afb84d24dd716f255a590cd39a0cf698d8bd9034538136f0f292217,data/manifests/phase1e/2019-08/daily/source_2019081500.json
2019081500,day3_24h,c00,B,1,5,157,7,7,150,0,0,254709e51ca61a45835f3b3f5860a07e92876c409d3a7c4687833bb8ca8819f6,8a63ed13f0fd1e8933d07c9593c403ab35c65857206f91aa27d8e90c4afe3852,data/manifests/phase1e/2019-08/daily/source_2019081500.json
2019081500,day3_24h,p01,A,4,8,320,10,10,310,0,0,6c2ff88a1b9192e9ad9b8d68c9934a0bce367d17c03c631fe8ef07e98223c441,6e565b0a6d1765fcddd339a73e0e34da37f7b5eef6839875854b4b6f952d395e,data/manifests/phase1e/2019-08/daily/source_2019081500.json
2019081500,day3_24h,p01,B,1,5,0,0,0,0,0,0,06458bb7e6344eb63f8a451854412c5fc4272e0c2c2d70df66e00b8f52032d0c,06458bb7e6344eb63f8a451854412c5fc4272e0c2c2d70df66e00b8f52032d0c,data/manifests/phase1e/2019-08/daily/source_2019081500.json
2019081500,day3_24h,p02,A,4,8,534,25,25,509,0,0,bd00d0dab26eea275539d5f970fdf73c28dc542ed0d3e5a849dff0f7e10d5d0f,77f9a7267b8ec68679da38a992c5d8f2276aca3073148e086e9689637410421e,data/manifests/phase1e/2019-08/daily/source_2019081500.json
2019081500,day3_24h,p02,B,1,5,0,0,0,0,0,0,211e665aefad1aca960b186dc303ff184c0f627dadae98e6c54b21c5d76352fc,211e665aefad1aca960b186dc303ff184c0f627dadae98e6c54b21c5d76352fc,data/manifests/phase1e/2019-08/daily/source_2019081500.json
2019081500,day3_24h,p03,A,4,8,601,25,25,576,1,0,5a431cdb16338188487550dfe694caf20647379dff7be9b63e7b8b6598c325cb,dcdd7e654d6849b06091a21af9e5ab322883b08803f3e7db187670d78c7205f5,data/manifests/phase1e/2019-08/daily/source_2019081500.json
2019081500,day3_24h,p03,B,1,5,102,1,1,101,1,0,7a10289285c77f1964adead6b037835fb79d0db73b13f5c1c49ef1ea73b513fb,4581bf5d9452ce6815b62152b0cb33eda59715672153f10591fcad40a52a4df8,data/manifests/phase1e/2019-08/daily/source_2019081500.json
2019081500,day3_24h,p04,A,4,8,368,11,11,357,0,0,0f8042eba6572eca622d0c7eaff068381c9b30109310f1a2ed129d2b37cae96b,41223cf2ae3f931887c6cda2cfcd1da22d58aa58fe3935c05753957c101fad3e,data/manifests/phase1e/2019-08/daily/source_2019081500.json
2019081500,day3_24h,p04,B,1,5,0,0,0,0,0,0,c5de0367073a7d49ce13adaf8b650a843cb07c8eea57f7e6960c89d940c5fdcf,c5de0367073a7d49ce13adaf8b650a843cb07c8eea57f7e6960c89d940c5fdcf,data/manifests/phase1e/2019-08/daily/source_2019081500.json
2019081600,day1_24h,c00,A,4,8,411,17,17,394,0,0,34d4eb0a86f34db194cb69012d45d53acce9177a4422ad60f02b9ac781838d59,093670f3939e17cffdd48d4f9aea5ee88edb88acde043b28ca88802b128fbd39,data/manifests/phase1e/2019-08/daily/source_2019081600.json
2019081600,day1_24h,c00,B,1,5,0,0,0,0,0,0,00f34bd8d1bae4157fc18c8580d19145475638f0f44d1d050593ddacfa8ebdbb,00f34bd8d1bae4157fc18c8580d19145475638f0f44d1d050593ddacfa8ebdbb,data/manifests/phase1e/2019-08/daily/source_2019081600.json
2019081600,day1_24h,p01,A,4,8,138,7,7,131,0,0,87dfc992c023c5ccc41ea789320aff56403b11ae460ff3b462e577f0f490c75c,6d17f286a1f781816a7bb1a2741ee49b30014d34f8cc67059ac1dfb4d4f98c33,data/manifests/phase1e/2019-08/daily/source_2019081600.json
2019081600,day1_24h,p01,B,1,5,29,0,0,29,0,0,11ce3b434e09d861fdb6e2c6f3d49b7cc9f5bdbb7c4ea3fe140a2cef7aaf97f1,6829669749b6ac6e10e8ccca8dfde4749a7587d97fc1dd0893335b963f1c350f,data/manifests/phase1e/2019-08/daily/source_2019081600.json
2019081600,day1_24h,p02,A,4,8,348,20,20,328,1,0,2e59d947ccac2829f9a29a758733da52bbca320a67cae314044691b2c9acd24d,3dca3a5a1f3f54551b2cd6f053a548732d4013c47c5dda123e153c36919bfb18,data/manifests/phase1e/2019-08/daily/source_2019081600.json
2019081600,day1_24h,p02,B,1,5,73,0,0,73,1,0,248a911580a4020f20142e646c2af3748c81a73fea2109c59100074440802e77,8a6e86f51e3cf6119e87060c4ab38687696ab04e00fa41f74bbf9457c37e3089,data/manifests/phase1e/2019-08/daily/source_2019081600.json
2019081600,day1_24h,p03,A,4,8,517,16,16,501,0,0,89835eb132879fa7e67cfaa042575f6545d58b2897025ef9bafcbbaaca64eb57,d1caf7deddd04e7f212f6167cbd1365c61c745e5a581c76bd9d588df3cbbd772,data/manifests/phase1e/2019-08/daily/source_2019081600.json
2019081600,day1_24h,p03,B,1,5,0,0,0,0,0,0,8d115e66913220a566a7a6e283b88f92ea0a663baeee2beaf9065b84cf885751,8d115e66913220a566a7a6e283b88f92ea0a663baeee2beaf9065b84cf885751,data/manifests/phase1e/2019-08/daily/source_2019081600.json
2019081600,day1_24h,p04,A,4,8,175,10,10,165,0,0,9dabc9bf9e8495526f782d29eef46fedec4c183029eed501e09eb78d741303e7,5fc48ac19653cd09eb5e582167474ebbc718ae00d14df913cc93d1c884684d34,data/manifests/phase1e/2019-08/daily/source_2019081600.json
2019081600,day1_24h,p04,B,1,5,0,0,0,0,0,0,b841096425db61cabb9f4f1dd688c3a0d026e4e365b4026c331bc95e1d020a81,b841096425db61cabb9f4f1dd688c3a0d026e4e365b4026c331bc95e1d020a81,data/manifests/phase1e/2019-08/daily/source_2019081600.json
2019081600,day2_24h,c00,A,4,8,274,11,11,263,0,0,3cec93fe124226d3f2aeba68a6ec6b62dbd6a3559ea91457d521ad1909de55f1,063cec5a525d74b429e12b257a2fb51cbb6c9db5826d155309ea6c9a87fb401b,data/manifests/phase1e/2019-08/daily/source_2019081600.json
2019081600,day2_24h,c00,B,1,5,157,2,2,155,0,0,b5f41fd3ac3518205a2867451b133f2b1c529cc8236d4d5e301f501fa754dea2,da162c9b6c61c2f8310a50441d7ebb1601bdd0a9b3b7b3d19541bae577245d69,data/manifests/phase1e/2019-08/daily/source_2019081600.json
2019081600,day2_24h,p01,A,4,8,161,3,3,158,0,0,48ff8205b14dd7cf8c3c038c44d94ff4d573897164c22c7d3f8dbe780f035c54,4674a5b6831f1d753abee7b3f728c3115b91c2d5d4be6c1597366cc1783ab0a3,data/manifests/phase1e/2019-08/daily/source_2019081600.json
2019081600,day2_24h,p01,B,1,5,0,0,0,0,0,0,7fb66ed619c784b33cd8ae8d80419d591e5faffdf2fa0ce8688a99b0b695bf14,7fb66ed619c784b33cd8ae8d80419d591e5faffdf2fa0ce8688a99b0b695bf14,data/manifests/phase1e/2019-08/daily/source_2019081600.json
2019081600,day2_24h,p02,A,4,8,696,26,26,670,0,0,14056498041a08b9e411a8461fd5f4d5cb3aec1b3bbcbf1314b5f3d1a7fc6f1d,9ccea98dcd20378861d9e2817843c525f795ba778212f3ccea61eff942b6cc03,data/manifests/phase1e/2019-08/daily/source_2019081600.json
2019081600,day2_24h,p02,B,1,5,0,0,0,0,0,0,58371a770f76a8f2b6526597a2017b557edd44da5fb9f8109ca1c63c4f7f5974,58371a770f76a8f2b6526597a2017b557edd44da5fb9f8109ca1c63c4f7f5974,data/manifests/phase1e/2019-08/daily/source_2019081600.json
2019081600,day2_24h,p03,A,4,8,325,15,15,310,0,0,b7a3be584b32494f200429ea2d88ab84df0aaaac1d62693568abc122ecebb317,3189ede4c6e2013ce9356a8a549f103e21c46840ff32c39793ee5e84afb165c5,data/manifests/phase1e/2019-08/daily/source_2019081600.json
2019081600,day2_24h,p03,B,1,5,0,0,0,0,0,0,786e3674da3519d3ec69fcf175e4f1b3ec0eda5089f9a30d7aac22fe4b24e4bf,786e3674da3519d3ec69fcf175e4f1b3ec0eda5089f9a30d7aac22fe4b24e4bf,data/manifests/phase1e/2019-08/daily/source_2019081600.json
2019081600,day2_24h,p04,A,4,8,433,8,8,425,0,0,dea3b2ec7ac79734bf3256812499a50fa5373ede3ca12789904559948e534c64,3ffb42420908276389deb7f90ed02b63991fcc34e6425ebd6d5c76b2f37adb66,data/manifests/phase1e/2019-08/daily/source_2019081600.json
2019081600,day2_24h,p04,B,1,5,0,0,0,0,0,0,2b80abb1126fd669cf2b1d63af896dd9eebadeb7f6c528cdda3f51fdec466369,2b80abb1126fd669cf2b1d63af896dd9eebadeb7f6c528cdda3f51fdec466369,data/manifests/phase1e/2019-08/daily/source_2019081600.json
2019081600,day3_24h,c00,A,4,8,542,23,23,519,19,1,82b4c81dc031211f8b901876480e5a8de8ccfc8d83e2d2b5255e6d735d7654ce,24afeac784bc5649ae184147395b3af2db7631bd32b8a3f353d0107a960f219b,data/manifests/phase1e/2019-08/daily/source_2019081600.json
2019081600,day3_24h,c00,B,1,5,130,6,6,124,19,1,6adc940e808f873d33e1ffdf5c1f776ce5f18187d1ad23399fadf9f09b960f90,e783e95160969c1715383993265c5e38b2d8e78b3cc37e5f58a93df0dd8d83f8,data/manifests/phase1e/2019-08/daily/source_2019081600.json
2019081600,day3_24h,p01,A,4,8,449,18,18,431,0,0,275da5eaf024c5f1e38be4a923cae6b85f5320e5d6a26decf92d4205d38623de,1f163122406212b920ba992017ceee91b4579094a4b0366f0558f48defa0e80e,data/manifests/phase1e/2019-08/daily/source_2019081600.json
2019081600,day3_24h,p01,B,1,5,0,0,0,0,0,0,9b51d8691db60fa79e906c1da283da055c06bdc53e3fffac6a4c49ef1424c587,9b51d8691db60fa79e906c1da283da055c06bdc53e3fffac6a4c49ef1424c587,data/manifests/phase1e/2019-08/daily/source_2019081600.json
2019081600,day3_24h,p02,A,4,8,251,10,10,241,0,0,c45ed814cb6b8957ac694f17bab74dd6f930a082f2f2a2befe16420895098163,52a20961b6ab44631e208ad06b0b0f853f02c70a66223a95106d4bbac0dfe1ab,data/manifests/phase1e/2019-08/daily/source_2019081600.json
2019081600,day3_24h,p02,B,1,5,0,0,0,0,0,0,adb20f4b3311ac264925ccfa964eba7cbe65c0d927c021711ebea538bf197292,adb20f4b3311ac264925ccfa964eba7cbe65c0d927c021711ebea538bf197292,data/manifests/phase1e/2019-08/daily/source_2019081600.json
2019081600,day3_24h,p03,A,4,8,220,10,10,210,0,0,716573c1d9d3b032dffccd4ae340b0cce34c95de1f9967673054d4262644e801,f24cb760ecd59914d8f71129dd13e6b700166b44d7c248e52f912c2cd3c681e9,data/manifests/phase1e/2019-08/daily/source_2019081600.json
2019081600,day3_24h,p03,B,1,5,0,0,0,0,0,0,acca4fe55ec826669f0fbf550be0cbcce547b7513345404e0b0dbd7766d41f61,acca4fe55ec826669f0fbf550be0cbcce547b7513345404e0b0dbd7766d41f61,data/manifests/phase1e/2019-08/daily/source_2019081600.json
2019081600,day3_24h,p04,A,4,8,457,24,24,433,11,3,9f60de2181e190ca142bac75e92d1e5e854ae6a0448bc7e8a8b66c848fccba46,52bbff21de90d43b2985cd5c39c4ce362fa3bf55f7d60042410b0d76e331d1a7,data/manifests/phase1e/2019-08/daily/source_2019081600.json
2019081600,day3_24h,p04,B,1,5,93,10,10,83,11,3,fd27622c02fcaf381f925859473a766cf7d7f40869b01d5b04077934d679fa16,0f364fc36128d708cf0f9edd666e237b34f68da0f6a4c1a98f24e3177ae7ea39,data/manifests/phase1e/2019-08/daily/source_2019081600.json
2019081700,day1_24h,c00,A,4,8,384,13,13,371,0,0,2ad191e4b67b835955c57785b07ce170b2e22948dc2465efcb01b39f4af0a3d5,8dfa2c4084ba9189f8ece7f0c400105bbbc9a5e5d37b36d32066c90d1355a90b,data/manifests/phase1e/2019-08/daily/source_2019081700.json
2019081700,day1_24h,c00,B,1,5,0,0,0,0,0,0,e3c506828cf9750780c4f8e6ade48936a55f83068477b26cc7a1738c0c98eb86,e3c506828cf9750780c4f8e6ade48936a55f83068477b26cc7a1738c0c98eb86,data/manifests/phase1e/2019-08/daily/source_2019081700.json
2019081700,day1_24h,p01,A,4,8,433,12,12,421,0,0,e6444b29dac16b292a1361985573b2287be05ba1dd271527c553e500b8bc1bf7,0703ebdb193e2a9873810d506a24e28accb602c1decd7eb1d05bd3b5d98d71a6,data/manifests/phase1e/2019-08/daily/source_2019081700.json
2019081700,day1_24h,p01,B,1,5,0,0,0,0,0,0,306b9a921effeafa7169d2fc3f36edba52ec800f9e503447060dbc0044f8125b,306b9a921effeafa7169d2fc3f36edba52ec800f9e503447060dbc0044f8125b,data/manifests/phase1e/2019-08/daily/source_2019081700.json
2019081700,day1_24h,p02,A,4,8,162,7,7,155,0,0,4efd86759f8d5bfd40e75ceae9196f001e7d7a08f13d28b7cb599464d0b6700a,33c038fbb8ab09ba139b3b47d8d54d74d436a1bce106f00be307e6ca77ee351f,data/manifests/phase1e/2019-08/daily/source_2019081700.json
2019081700,day1_24h,p02,B,1,5,0,0,0,0,0,0,08cc4a5f8d620b532c9969988f53f0824dbc1f4c3274d0237f46d06a5a68e078,08cc4a5f8d620b532c9969988f53f0824dbc1f4c3274d0237f46d06a5a68e078,data/manifests/phase1e/2019-08/daily/source_2019081700.json
2019081700,day1_24h,p03,A,4,8,436,21,21,415,0,0,303b532b4609db881007bcce7ebe50262c9d011bfbb3080ddd91c01118a818dc,9b910f1b76ccd8c82f4e74aa21f1b235041a56780b64c46cf139a7efc6509ea0,data/manifests/phase1e/2019-08/daily/source_2019081700.json
2019081700,day1_24h,p03,B,1,5,0,0,0,0,0,0,8ca1dc4ef19ba15d91006eada047e98837b7c6ede0995c8f4028118fc4fe32e8,8ca1dc4ef19ba15d91006eada047e98837b7c6ede0995c8f4028118fc4fe32e8,data/manifests/phase1e/2019-08/daily/source_2019081700.json
2019081700,day1_24h,p04,A,4,8,340,12,12,328,0,0,d64e60251281c476b1b6ff96dda91c60397ce63eac1d998da0bf013c4bf6781b,d3bc45208deede9e083d53b359b691b1b5c2ecf6dd679b369aa171639074dc37,data/manifests/phase1e/2019-08/daily/source_2019081700.json
2019081700,day1_24h,p04,B,1,5,0,0,0,0,0,0,9c6bd1b0a8f6ccd7bd3ee5ca6beb750a15e7baf020f42404be8ec6fee01b0294,9c6bd1b0a8f6ccd7bd3ee5ca6beb750a15e7baf020f42404be8ec6fee01b0294,data/manifests/phase1e/2019-08/daily/source_2019081700.json
2019081700,day2_24h,c00,A,4,8,279,10,10,269,2,0,91f5dd2b9573b3bfc0d5bf2dcfff5ddf4a6bab5dfa9e68bbab36ced36cd23101,2b0f73a4959dd6ad3d85f24a75b16008ae6319701b613f18ae90c220d8531962,data/manifests/phase1e/2019-08/daily/source_2019081700.json
2019081700,day2_24h,c00,B,1,5,116,2,2,114,2,0,5790aa4e12080d4099cc51c347f7ac8c4576263b3741773de2df2a27a77a7953,84183b73b4a276ef9b608abec33f3589327959ed2d037a47735387c1df2db77e,data/manifests/phase1e/2019-08/daily/source_2019081700.json
2019081700,day2_24h,p01,A,4,8,464,15,15,449,0,0,5a594016e8d40b025ce6e8c6ff43920fea9e85032fa03fea79161273775ed69e,98a71d80f0ac3ccac08f6b0559c91799538232ff3a471ef345e8c4daf3195e61,data/manifests/phase1e/2019-08/daily/source_2019081700.json
2019081700,day2_24h,p01,B,1,5,0,0,0,0,0,0,363d77eaf9574ec16f31236ea32b95ab4e4fe5cdbcb8411095d0a22c8a9d712b,363d77eaf9574ec16f31236ea32b95ab4e4fe5cdbcb8411095d0a22c8a9d712b,data/manifests/phase1e/2019-08/daily/source_2019081700.json
2019081700,day2_24h,p02,A,4,8,230,15,15,215,0,0,41a9567f066762d6804d3121baab5b50bce1dc15e29d48c5cd4ce394bfc715b7,2ffdfbc71930d65ddcbddbe3a983aacc21d38f16180b84d751834984709e3931,data/manifests/phase1e/2019-08/daily/source_2019081700.json
2019081700,day2_24h,p02,B,1,5,0,0,0,0,0,0,c7b412fd5a7b6cc2ab823830bb2802b2fceb3484042cfef1f6bbbe8fa75b729a,c7b412fd5a7b6cc2ab823830bb2802b2fceb3484042cfef1f6bbbe8fa75b729a,data/manifests/phase1e/2019-08/daily/source_2019081700.json
2019081700,day2_24h,p03,A,4,8,538,19,19,519,0,0,d56a81db2abfadf09228e153c6e16bce133b5476c9c10a87516c88c658e59052,6727203ea8825c79c920967133351fe0876e6228c4aa61f921b9e5cb9452b9b3,data/manifests/phase1e/2019-08/daily/source_2019081700.json
2019081700,day2_24h,p03,B,1,5,0,0,0,0,0,0,87c9498d7c06b36b0dce6ae8ce5a2058468f094650a26dac29807f3d83458592,87c9498d7c06b36b0dce6ae8ce5a2058468f094650a26dac29807f3d83458592,data/manifests/phase1e/2019-08/daily/source_2019081700.json
2019081700,day2_24h,p04,A,4,8,211,5,5,206,0,0,bf6ce8c94df203ca00b4c08978f3d9ed37f2deb5caac1378c05c076efc22d95d,bc650894c7b34b7f46fd414d6a440b14e23367aa18c39bfb2ebec6b2fcf42baf,data/manifests/phase1e/2019-08/daily/source_2019081700.json
2019081700,day2_24h,p04,B,1,5,0,0,0,0,0,0,546f7b17809abc891c6c23a74064ad66da4c54a6ae7a7d0a468a71aa90339e1b,546f7b17809abc891c6c23a74064ad66da4c54a6ae7a7d0a468a71aa90339e1b,data/manifests/phase1e/2019-08/daily/source_2019081700.json
2019081700,day3_24h,c00,A,4,8,465,22,22,443,13,1,517fe070a8ee0411f3feb647063def9474dfd3a4f406047d3528ae9e2b1a4928,22998285fa6e2cd7f2ba7775c520fa6a9c223bdf86c15a6bb509932272725f1d,data/manifests/phase1e/2019-08/daily/source_2019081700.json
2019081700,day3_24h,c00,B,1,5,201,10,10,191,13,1,d2f4beb35a90c47b0885e91b2e1bbfb55576549c43e9935af5022b88cb88efa3,1467bee315bccce5d5289561b9a115fe9606db1642faca637e80323b0ee1fdcd,data/manifests/phase1e/2019-08/daily/source_2019081700.json
2019081700,day3_24h,p01,A,4,8,261,7,7,254,0,0,20402e467ddf4cb725707eb4e260fd24855ba29570c43a91e645ff27fcb3375d,8b05cbfc3fd8e2c8e2ac825793cfffe01696fe0799bb36d0f238295f0b9848ca,data/manifests/phase1e/2019-08/daily/source_2019081700.json
2019081700,day3_24h,p01,B,1,5,0,0,0,0,0,0,2a2d9d8bb29bcea1117d6043ca2b2cefe09a6d83f13543f0079cf99e49eb5a3f,2a2d9d8bb29bcea1117d6043ca2b2cefe09a6d83f13543f0079cf99e49eb5a3f,data/manifests/phase1e/2019-08/daily/source_2019081700.json
2019081700,day3_24h,p02,A,4,8,229,10,10,219,0,0,d28625e5a4bb6315ca0a91c9242aeae22369b43098927e7f2a5b41656bb93100,d70b18414d3fccc55f3587597b13dae56ac3bb5f80875d2e949bd007aea30673,data/manifests/phase1e/2019-08/daily/source_2019081700.json
2019081700,day3_24h,p02,B,1,5,51,6,6,45,0,0,c10e491812bcbe402ab4c44f872cc4dee08a009e09b1cdf9fcc6bbb0da72d875,81a5d1bc618e017a3695f8e5ec72a3af4402a8063787c9d97a155b6baad99420,data/manifests/phase1e/2019-08/daily/source_2019081700.json
2019081700,day3_24h,p03,A,4,8,485,14,14,471,26,0,ff89cd2d9eaf4cb89263615cf7dbff1b88a87cd71b1634e8ac4feedc672d4909,2b3e6e537e96038f26775341e6a0747c4e647af52c46b07cd18c214a3a9812d7,data/manifests/phase1e/2019-08/daily/source_2019081700.json
2019081700,day3_24h,p03,B,1,5,215,6,6,209,26,0,d71892f65cd887bcd5cb80a2a510fafd5477567b18da8a3a45d36137af915d18,90b3f724bef5b702e84898b1ea0f07a53a0a474f7814bf3a4201164378f7a3a2,data/manifests/phase1e/2019-08/daily/source_2019081700.json
2019081700,day3_24h,p04,A,4,8,506,32,32,474,0,0,e94df2d2df2bbb31c7954008c82f8db6b4c82745880a173724a67c14b393e703,8f7c5c9754d9e324aaab87d6160d59e1ca64e92564588d66320a68eace5590d4,data/manifests/phase1e/2019-08/daily/source_2019081700.json
2019081700,day3_24h,p04,B,1,5,0,0,0,0,0,0,8afdf896fcde0b28e5fbc1561cde05a81f99785e0ec153b5bdb8ce0d255470a7,8afdf896fcde0b28e5fbc1561cde05a81f99785e0ec153b5bdb8ce0d255470a7,data/manifests/phase1e/2019-08/daily/source_2019081700.json
2019081800,day1_24h,c00,A,4,8,0,0,0,0,0,0,94fd8da6d64f319ca0c7b66db18c1b449ebf13f14f27a87616d13615962a4ecc,94fd8da6d64f319ca0c7b66db18c1b449ebf13f14f27a87616d13615962a4ecc,data/manifests/phase1e/2019-08/daily/source_2019081800.json
2019081800,day1_24h,c00,B,1,5,0,0,0,0,0,0,ee0cb154508d4599fe8ce26e30209e68397470e8863693f786dbbaeed288a8bd,ee0cb154508d4599fe8ce26e30209e68397470e8863693f786dbbaeed288a8bd,data/manifests/phase1e/2019-08/daily/source_2019081800.json
2019081800,day1_24h,p01,A,4,8,426,25,25,401,0,0,36891c7665795cd095214bb4de345a28eaa178e7c937547f965b7077ca5aae70,89e3a8ca56bbb4aacbf75b56dfc834e087c95d9875428a317123fc47486da353,data/manifests/phase1e/2019-08/daily/source_2019081800.json
2019081800,day1_24h,p01,B,1,5,0,0,0,0,0,0,827c7742876c99dd5cadc34d25bb01c7bed584941c3303959a4b1d2e025caa06,827c7742876c99dd5cadc34d25bb01c7bed584941c3303959a4b1d2e025caa06,data/manifests/phase1e/2019-08/daily/source_2019081800.json
2019081800,day1_24h,p02,A,4,8,336,13,13,323,0,0,51b8edc1986a1e7bb14c99ffa63f65659e74c73604f89cd7387f418b70cea233,df6d8ff5418cfb49ffa2f8adb5654b647d4f952185ff47c4d0ec084867ca62bc,data/manifests/phase1e/2019-08/daily/source_2019081800.json
2019081800,day1_24h,p02,B,1,5,0,0,0,0,0,0,96f967052668e726aff70b8171270e21d55441279c14eb6e4a3e976a1698679a,96f967052668e726aff70b8171270e21d55441279c14eb6e4a3e976a1698679a,data/manifests/phase1e/2019-08/daily/source_2019081800.json
2019081800,day1_24h,p03,A,4,8,952,51,51,901,0,0,a63ba1dd0afbb3fd4c586405e4ef561417a6dfc63e96e627d380b1bf8c370c8a,db39d16a015ab1825aba65c123107d44f6a2c8af82c3353573485a95075d2db5,data/manifests/phase1e/2019-08/daily/source_2019081800.json
2019081800,day1_24h,p03,B,1,5,0,0,0,0,0,0,af51123ce5d1ba2ed8ba9079c2a822f027baff08e9b914643b543527722f9189,af51123ce5d1ba2ed8ba9079c2a822f027baff08e9b914643b543527722f9189,data/manifests/phase1e/2019-08/daily/source_2019081800.json
2019081800,day1_24h,p04,A,4,8,190,13,13,177,0,0,034c18b7fcef231a92485f2511dbef7903a139f45d4abce541e95907a981d52d,2fa152b2b7b8657e9256e0b20f69ee598914c42ae18c0e5e69243d08d8743d9d,data/manifests/phase1e/2019-08/daily/source_2019081800.json
2019081800,day1_24h,p04,B,1,5,0,0,0,0,0,0,83e60d93ef918c591a90011f919194da44f065fb6e5a5f21fc5f4b8644b7069c,83e60d93ef918c591a90011f919194da44f065fb6e5a5f21fc5f4b8644b7069c,data/manifests/phase1e/2019-08/daily/source_2019081800.json
2019081800,day2_24h,c00,A,4,8,845,33,33,812,3,0,5f76747c39f67e9ff22e5f1f8dd8f45619387c608244d128ca36dba57f72aef8,744de848a76e83188917730d0ab8f83df66179c2cf0b7bb64b3213ea419205d5,data/manifests/phase1e/2019-08/daily/source_2019081800.json
2019081800,day2_24h,c00,B,1,5,259,7,7,252,3,0,fea312e7cfc20f68434b387d1f6bc13d9e3e3954d4b344e48020baeb78d7ba0e,f687954150c42c9fb4ee6529a70825da432b91e1462dc4d530c7542bc03aa24d,data/manifests/phase1e/2019-08/daily/source_2019081800.json
2019081800,day2_24h,p01,A,4,8,535,21,21,514,0,0,61c4d18a87129270737a4923ae3031f1dcd37bf932a714b106036e31079bb784,79a5c9dab59d879bc883f090702b1e4c1fc108b8f97a3138d1f11f0a1a344f83,data/manifests/phase1e/2019-08/daily/source_2019081800.json
2019081800,day2_24h,p01,B,1,5,0,0,0,0,0,0,2b09fea9135b254f4811e61231c5d47453444ab15f5af9d33abb554e3c1f4591,2b09fea9135b254f4811e61231c5d47453444ab15f5af9d33abb554e3c1f4591,data/manifests/phase1e/2019-08/daily/source_2019081800.json
2019081800,day2_24h,p02,A,4,8,957,38,38,919,3,0,a2bd709311385749027100e801d0fd7ef94140357a26dd01b128312e5e2013c8,d47a605223c0860dca53df47b64240d308a1dba78083d13dd1f53dcf4b1658ee,data/manifests/phase1e/2019-08/daily/source_2019081800.json
2019081800,day2_24h,p02,B,1,5,275,7,7,268,3,0,4049aba36dc410ce31e73f7ba8955b7128189fc2163e8a1590e36ccbbc4958c4,cede475cedfc1145cdf10d1c5575b7b8ae160e5744f0efad112e7486fa817c6e,data/manifests/phase1e/2019-08/daily/source_2019081800.json
2019081800,day2_24h,p03,A,4,8,332,20,20,312,2,1,705de153f0d56801bcbc6bf906e01c62ab64de0c0c0a01df5d5d282ea6d2f0dd,59683bffd63a0b4df288f7e6443e1d9362a58f7a2bc0fb897c7e85025524bfda,data/manifests/phase1e/2019-08/daily/source_2019081800.json
2019081800,day2_24h,p03,B,1,5,332,20,20,312,2,1,5dee79b5d6236e12ffe449b2af8ab35ffd1d0912cee94aaf3ca80ee36a1ba11a,09c25d133cabfa3f9308064d59aeabbc96eacd23675024b2c16425b7df0a2bbd,data/manifests/phase1e/2019-08/daily/source_2019081800.json
2019081800,day2_24h,p04,A,4,8,159,7,7,152,0,0,62aa41a6e63371de5949d3f87644462b488fc840f5e7039a1700f32bffe8196e,1b1ce15b0bee585f9ea2e58389447cd56f932fc90c9e09ee9fa7b7d95173896c,data/manifests/phase1e/2019-08/daily/source_2019081800.json
2019081800,day2_24h,p04,B,1,5,0,0,0,0,0,0,6e3cb62bd68430b15f29952711dc34196ff13a06b597984a05bfaa87963581ef,6e3cb62bd68430b15f29952711dc34196ff13a06b597984a05bfaa87963581ef,data/manifests/phase1e/2019-08/daily/source_2019081800.json
2019081800,day3_24h,c00,A,4,8,244,9,9,235,6,0,907757cf84fc0538e44da31c4f1642b5495130c23fceb438358cb3071b2d8efa,55738f32e25c20c0e1ece65e490851e9f885a1f539f64701dbf6125a6db2905a,data/manifests/phase1e/2019-08/daily/source_2019081800.json
2019081800,day3_24h,c00,B,1,5,169,6,6,163,6,0,0caa46b3e724cf2e8cb301d200386b8cb952f8c70f5f9cbd2a20e37f509f67b5,1884c5c1c5258043f669ba765ba87cae193cd6721bbe7964bf2df9b1684d8bdb,data/manifests/phase1e/2019-08/daily/source_2019081800.json
2019081800,day3_24h,p01,A,4,8,738,18,18,720,0,0,7a62f56fd9c04beeae8a888d07d32695370bf5e67bd7dc869414658bdd83000c,821194062a67ce05ba05b967877f0d9596de1e3e9b2d3d7c7c4878085caa8c3f,data/manifests/phase1e/2019-08/daily/source_2019081800.json
2019081800,day3_24h,p01,B,1,5,0,0,0,0,0,0,2b5479063922db4983521630e585122d94621f34cca17911a65084fb57309a70,2b5479063922db4983521630e585122d94621f34cca17911a65084fb57309a70,data/manifests/phase1e/2019-08/daily/source_2019081800.json
2019081800,day3_24h,p02,A,4,8,406,12,12,394,3,0,5e4867425dfd462c42ed25896e61cdf42b23aa8c8e2cccae59ff38cef8d6f76d,11a88a3fe5b6e1d509edf23dfc6e9e8c2e81181af9ac29881106e1d215fcca4d,data/manifests/phase1e/2019-08/daily/source_2019081800.json
2019081800,day3_24h,p02,B,1,5,206,5,5,201,3,0,95f30f121ea2d02fa53a3e7348fe6531c4c02348e92136da4c08cede6bceb7ed,dc9115df4924f75ec26e5130369ba8522d2576ee08f5b03e7012e5318a3b6097,data/manifests/phase1e/2019-08/daily/source_2019081800.json
2019081800,day3_24h,p03,A,4,8,366,9,9,357,9,0,e79cd9b51741d0d83ecb132aa0b80db10b6a3ccd1d08d7a7f16ffb9da7b21371,334abbbc23b746ccfe36e07706432d7e31d9cc1020446a37aa2e0e1a4035ac66,data/manifests/phase1e/2019-08/daily/source_2019081800.json
2019081800,day3_24h,p03,B,1,5,210,7,7,203,9,0,6ac5f2340c155dbff49df87f897f63bee18af1d868f974f6e6889d14c01496b1,b6ce0251734c34207ec68a3179ff33ebd09da2f9bf336681521f764a5dec69d2,data/manifests/phase1e/2019-08/daily/source_2019081800.json
2019081800,day3_24h,p04,A,4,8,139,5,5,134,0,0,b28a87d5380d906f7e08e5d5ce14d6bb33e12b84bfebddf2d69215bd4d4d83cf,b1f6223bb1d87b7c7cc81ed143d45d830871f3f58cbf79ef11c227a18d0af0b1,data/manifests/phase1e/2019-08/daily/source_2019081800.json
2019081800,day3_24h,p04,B,1,5,0,0,0,0,0,0,5608c045a22f306e6de2514186834b678bb53f51c64e0c0ea2b53f431e895868,5608c045a22f306e6de2514186834b678bb53f51c64e0c0ea2b53f431e895868,data/manifests/phase1e/2019-08/daily/source_2019081800.json
2019081900,day1_24h,c00,A,4,8,543,35,35,508,0,0,1a2b4bf5e59f3e3e9236a5b0f5c2c5ec052a82c64b13bcc1dac58f31c9f72041,b2e843e9f4eb62f5c939bef3746fbb22b3bdf74b790a976e13e964955cce6b78,data/manifests/phase1e/2019-08/daily/source_2019081900.json
2019081900,day1_24h,c00,B,1,5,0,0,0,0,0,0,426208dd8022a4899043e81d7cb6267d673a5e20af12e12c79e78f6a08763850,426208dd8022a4899043e81d7cb6267d673a5e20af12e12c79e78f6a08763850,data/manifests/phase1e/2019-08/daily/source_2019081900.json
2019081900,day1_24h,p01,A,4,8,292,7,7,285,2,0,b8c29b4f07c89d9fdd8b466baca809650ff942f371517dcd26e8aa6ac774f26b,71bc8eba78db9f012ff1af895c5c6498cca7fc40667f4049b4b89b91b9a88d71,data/manifests/phase1e/2019-08/daily/source_2019081900.json
2019081900,day1_24h,p01,B,1,5,94,0,0,94,2,0,0086a24ec0df3959469e5d665ad1d8281ad34ce0480f51c9357c83ec13572f20,d738f3d9f253ede09d454298b76fe20e6f251082516ab84984f0f356338b08f8,data/manifests/phase1e/2019-08/daily/source_2019081900.json
2019081900,day1_24h,p02,A,4,8,375,19,19,356,2,0,03c0a3a6c78d2187410b708e7ea66f433362a5790c2e67f22d6052f2f786ce9e,0be8bccb25fe89b9bb6b38a4183d78d0a7af48737f2799350ddbef25196a2dbc,data/manifests/phase1e/2019-08/daily/source_2019081900.json
2019081900,day1_24h,p02,B,1,5,81,0,0,81,2,0,b27eda3c1a13a53ca145a19544088c0214b3c8254b024e6487d042a57c936d58,5a5a178b03187a07433e13b81aacb15eee784543966962cc006ebb6149cae9fc,data/manifests/phase1e/2019-08/daily/source_2019081900.json
2019081900,day1_24h,p03,A,4,8,850,26,26,824,0,0,73b366ada6047818234917c4dccc0a671402cf93fd31400dc072e58498b866fc,b48cd5da9e8bbaa88c85c3bbc61b311a70a23683260faec026aed78b703787fe,data/manifests/phase1e/2019-08/daily/source_2019081900.json
2019081900,day1_24h,p03,B,1,5,0,0,0,0,0,0,54904f885f3724fe2b8a21a34782e09111499f1dd817ab264ca58d8e7b15e2c0,54904f885f3724fe2b8a21a34782e09111499f1dd817ab264ca58d8e7b15e2c0,data/manifests/phase1e/2019-08/daily/source_2019081900.json
2019081900,day1_24h,p04,A,4,8,180,9,9,171,0,0,55021059c434db257a49b0d5ebd4aaaa765ec06f837cafdb0f8087a98c7d6310,8005189ecb664901de1d62fe59ffd39c12f03bfb557040deffef8ba44d508cd1,data/manifests/phase1e/2019-08/daily/source_2019081900.json
2019081900,day1_24h,p04,B,1,5,0,0,0,0,0,0,fa197898cf863a299ac51b8fb952f08e1f33ebce34270e907696d61cb2ca28d5,fa197898cf863a299ac51b8fb952f08e1f33ebce34270e907696d61cb2ca28d5,data/manifests/phase1e/2019-08/daily/source_2019081900.json
2019081900,day2_24h,c00,A,4,8,602,28,28,574,1,0,8e66066646037306113bc6115631b25cdb039508674f08dd849ad323e8c20c02,5a723e9cf2985d97aa9f7c47fa6e634bc09262eda34e3a02dc8935c7a1411bb0,data/manifests/phase1e/2019-08/daily/source_2019081900.json
2019081900,day2_24h,c00,B,1,5,164,1,1,163,1,0,47873f7d77e4d496727bdc9c9b40b4f018f2da429e8879aec4ecc32d1547399d,ec0d8eb209625e55f40f9a87ff4b8908fa4fca7db296872aa789a524205b11e8,data/manifests/phase1e/2019-08/daily/source_2019081900.json
2019081900,day2_24h,p01,A,4,8,0,0,0,0,0,0,d11f57354f553568c829dbb2bc04b518540ced6ebbfae08abc9dbdd41112315f,d11f57354f553568c829dbb2bc04b518540ced6ebbfae08abc9dbdd41112315f,data/manifests/phase1e/2019-08/daily/source_2019081900.json
2019081900,day2_24h,p01,B,1,5,0,0,0,0,0,0,b40d90c14c970ad5c57dc762789e53132a9adb1a4a7f64e81c933c2b9cef74f8,b40d90c14c970ad5c57dc762789e53132a9adb1a4a7f64e81c933c2b9cef74f8,data/manifests/phase1e/2019-08/daily/source_2019081900.json
2019081900,day2_24h,p02,A,4,8,478,15,15,463,1,0,d81c838da450efd937878f33fa4762b578f41f054149952322c9123220316856,f7c6602df6729a413a290cba5165d6bf728ee4319a5a0b3706e6eba44b932eaa,data/manifests/phase1e/2019-08/daily/source_2019081900.json
2019081900,day2_24h,p02,B,1,5,286,8,8,278,1,0,9f2ea975644674c61ced58bd96ec2cd8597a342bd332553b8edfba887e5dcc05,9425b56505584eb878f27792274fd496d4c424d8114fc40d8580b0666ce38574,data/manifests/phase1e/2019-08/daily/source_2019081900.json
2019081900,day2_24h,p03,A,4,8,155,5,5,150,8,0,a6d54ea29a9eda2170798395bb99712c34603c17fda009902af944e798c95051,7549b7358eaea44d8f991bde54500b30164c3dd0480b01bbfe472f321a1dc0a6,data/manifests/phase1e/2019-08/daily/source_2019081900.json
2019081900,day2_24h,p03,B,1,5,155,5,5,150,8,0,8167a093aa179b0c34a8e9b1e797d243c2f2cf9fbafc5f33aa3c6e69d299fc6a,4a4eb4608bb017802157a204ca8b787a7d72af5ba4bd1537c3855f309c62f678,data/manifests/phase1e/2019-08/daily/source_2019081900.json
2019081900,day2_24h,p04,A,4,8,233,11,11,222,0,0,a2252cbed9290d6c94b2b3f10a1edb40884800a51400d8426e96d97db4c3c245,6dcdb02a9e020da851ffc7bd28d7e6493c2112b62abf4375c8acc5f2568813d7,data/manifests/phase1e/2019-08/daily/source_2019081900.json
2019081900,day2_24h,p04,B,1,5,0,0,0,0,0,0,7b86a365cb39faa4ee6fdb0fbfd5ca90532dc4bc5d3b1261584372b359a064b8,7b86a365cb39faa4ee6fdb0fbfd5ca90532dc4bc5d3b1261584372b359a064b8,data/manifests/phase1e/2019-08/daily/source_2019081900.json
2019081900,day3_24h,c00,A,4,8,573,29,29,544,19,1,1939e8e6b8a41a869ae9a323ffd2a5c7f06c9904e4444d7ce57be33fc80f3021,dd25642d353fde878c02d3319b204c54737ff79ff954f86758c011dbe4622756,data/manifests/phase1e/2019-08/daily/source_2019081900.json
2019081900,day3_24h,c00,B,1,5,191,9,9,182,19,1,58791a87327aee4d67a7ff0ebb0b4d27a005fce434d2b2a96041e812943332a7,68a78ed2941eef01e68592a3558c6d034bec866952e1a81e679c7c84875c5d63,data/manifests/phase1e/2019-08/daily/source_2019081900.json
2019081900,day3_24h,p01,A,4,8,0,0,0,0,0,0,0b4d8aefb9a13b3ad3d0f1bd55ac621da64149b80e7c2018f5d1a76ea878a83e,0b4d8aefb9a13b3ad3d0f1bd55ac621da64149b80e7c2018f5d1a76ea878a83e,data/manifests/phase1e/2019-08/daily/source_2019081900.json
2019081900,day3_24h,p01,B,1,5,0,0,0,0,0,0,c51fdce4c7c3a459d0f65c75b2e2424706b19f7c75fcd300b7890fe478d5af21,c51fdce4c7c3a459d0f65c75b2e2424706b19f7c75fcd300b7890fe478d5af21,data/manifests/phase1e/2019-08/daily/source_2019081900.json
2019081900,day3_24h,p02,A,4,8,296,22,22,274,0,0,751e41298c79b3efacbfe17cad8f90140ed9bda9dd0c5ac19d15480b195a59a7,29602436960586f695ec9f15228e2895b9b092af289f3e313a20e6d5b7ce58a4,data/manifests/phase1e/2019-08/daily/source_2019081900.json
2019081900,day3_24h,p02,B,1,5,0,0,0,0,0,0,404733ce43c595d22acfa058ffca77434ead1f61b074aaadc4df45fdfe8a757c,404733ce43c595d22acfa058ffca77434ead1f61b074aaadc4df45fdfe8a757c,data/manifests/phase1e/2019-08/daily/source_2019081900.json
2019081900,day3_24h,p03,A,4,8,197,4,4,193,17,0,4a20d50af4518735ffaa137c8c5699c5280d81cdb7e746156b857850cecfea11,b2b0e4749223c970d47fd80ff64696447e1af4f44db8fdb62a5f1435a21c3360,data/manifests/phase1e/2019-08/daily/source_2019081900.json
2019081900,day3_24h,p03,B,1,5,197,4,4,193,17,0,a7eb78e422841f8a428fbc2d317ec35bfcd1a622af5db60d2d6ec50a8db43a66,7c52ed13f93a40e02392220c282d26ad4eb4dee934b0b31d73d3aad086b58657,data/manifests/phase1e/2019-08/daily/source_2019081900.json
2019081900,day3_24h,p04,A,4,8,448,15,15,433,42,1,1fb4d91aa3d88228793fc1e2d0bc6dab6f40410fed73dae6b3c46da589a92511,8616b1fbed3924d4cde5fd6f6e98ed077efe018b75c5b06792935256df320dab,data/manifests/phase1e/2019-08/daily/source_2019081900.json
2019081900,day3_24h,p04,B,1,5,281,11,11,270,42,1,ade1fc7d236b33952cbb9bb863a381ef91bccd0129f735632c5a52ab4a23fbe5,c0a5d9b2922320badf9bd38c4bad33682e11e5c6db5d5c3c9909af356ce47c11,data/manifests/phase1e/2019-08/daily/source_2019081900.json
2019082000,day1_24h,c00,A,4,8,709,24,24,685,0,0,bf339b73792d2adf773cf52bfc67975500a5bc6474d3219be715308ed330905b,bdb500b6dd3cdef268fd8e34ec703c617e9bd405311218d40ee86675be4d5c3f,data/manifests/phase1e/2019-08/daily/source_2019082000.json
2019082000,day1_24h,c00,B,1,5,0,0,0,0,0,0,a2f138fb9e464ad32ca4f6a1a2e2deaccc0b2cf745e478e38ed23b5f168af0a0,a2f138fb9e464ad32ca4f6a1a2e2deaccc0b2cf745e478e38ed23b5f168af0a0,data/manifests/phase1e/2019-08/daily/source_2019082000.json
2019082000,day1_24h,p01,A,4,8,361,8,8,353,8,0,8058e1001073134c4526096afbcd57edef5a182d0b5c4dee0ebafc4d1ba4ffb5,d1bd286b3132e45ec480fe94b85d3e6b6768c6827f5f448072741d158e411385,data/manifests/phase1e/2019-08/daily/source_2019082000.json
2019082000,day1_24h,p01,B,1,5,180,0,0,180,8,0,67125dac6374c90fbb8c43d249476d85265ed971756817a189ebfb95230e02b2,580221ff44fd71614efad1c6c1b1329244769fbad17ee05d7670a8accd0e9383,data/manifests/phase1e/2019-08/daily/source_2019082000.json
2019082000,day1_24h,p02,A,4,8,193,0,0,193,13,0,b24b07c8d7f41f9688a578acc96ec8a68e7e058d0fc32dc197a0ff874bdcbeb4,ed9278d194d743743958df403029de25985a396af35e73a1106186c9de15a86b,data/manifests/phase1e/2019-08/daily/source_2019082000.json
2019082000,day1_24h,p02,B,1,5,193,0,0,193,13,0,f110a2c9b949b7d6086c63ddd091247f5d807f0b906d7f6a90e4038f47633ec8,8541a680342a1f84d4585623367d51d331d6c78cbee051268e10d87867c78694,data/manifests/phase1e/2019-08/daily/source_2019082000.json
2019082000,day1_24h,p03,A,4,8,403,14,14,389,7,0,5ac0bac2ad23e3b15a51e57cd2b30b361c0b54946f2dc2c9fc35056b4ff15691,8f6560a157c6e8fdc17a7f68f3fe6c287aa2ac9d9ea424f18bc4528c1f09b89c,data/manifests/phase1e/2019-08/daily/source_2019082000.json
2019082000,day1_24h,p03,B,1,5,95,0,0,95,7,0,dc90295db6cee706311ee54e2a7c2fe14442812156a5483f8f2990b4a7fc9302,ddea04aac6d267ad897338d1095f3ec125d7403ab38fd9e8f9f3010bcd918658,data/manifests/phase1e/2019-08/daily/source_2019082000.json
2019082000,day1_24h,p04,A,4,8,502,17,17,485,2,0,5cff7bd2be27cf1fc5d24a25de6e30da45d916b45b1a8d69e672f49602604787,1be2e6e552da1975f65d0405311b831133ce75bf566e1b61c4fa87c42778688e,data/manifests/phase1e/2019-08/daily/source_2019082000.json
2019082000,day1_24h,p04,B,1,5,193,0,0,193,2,0,67596ba4883d875faf17c3d187bde85217fb842691395ea56329c91fcc71bf88,1c87895816ba4ea1c05bb0db4da5ee3b5fd7388c52be94a9a512679a277405cd,data/manifests/phase1e/2019-08/daily/source_2019082000.json
2019082000,day2_24h,c00,A,4,8,446,16,16,430,1,0,95c629d2bd767251f1fe3c0e19966515836022c82113bc054d721547b8386236,fa393d555d86f293c0e4f0266f963420b9e2b3c02c30664d417a83b1fb22d9b7,data/manifests/phase1e/2019-08/daily/source_2019082000.json
2019082000,day2_24h,c00,B,1,5,151,2,2,149,1,0,33b9afa8438f4af22962fd57d87f30f585ded3e0928ab5aa00b6659944a190e9,1139d39d907fe397ef682d7e0bac33478786ad15395b76f773d25dec35da9126,data/manifests/phase1e/2019-08/daily/source_2019082000.json
2019082000,day2_24h,p01,A,4,8,239,6,6,233,2,0,b67eb8eb59f7ada98bbbefa7e916a41635155f56dd44424c6d98391bc0a52169,393543eb70edaaf5bc0b41f0d702018d9f7bc3d33e6bb4112f5ecb60ae3f54ee,data/manifests/phase1e/2019-08/daily/source_2019082000.json
2019082000,day2_24h,p01,B,1,5,239,6,6,233,2,0,f557be8856b15206b54f21b4b38077c0fd8c0bff4bf6d8f6ab84e0a1540fa52f,17ce21196a616b261f12ce6b51796ebfcb635bf1acb970bb3a99fa9dd52da096,data/manifests/phase1e/2019-08/daily/source_2019082000.json
2019082000,day2_24h,p02,A,4,8,130,3,3,127,0,0,9195055e05e35529d240d596679539b4fc27ebe1f88c740905a4a41f0d65b523,beeadf4e09ab75dab53ee974ead2b63955617bf6931acb39b11d572b4f4556ae,data/manifests/phase1e/2019-08/daily/source_2019082000.json
2019082000,day2_24h,p02,B,1,5,0,0,0,0,0,0,27d93453adad2273ed331f66657ac3ec5921af7737c14aad2882cff4f0142edf,27d93453adad2273ed331f66657ac3ec5921af7737c14aad2882cff4f0142edf,data/manifests/phase1e/2019-08/daily/source_2019082000.json
2019082000,day2_24h,p03,A,4,8,208,17,17,191,0,0,01c91093f46ee23b110e4e670289d316025e7d4763aae2c4c4c306aa6736d18b,77e6d544483372fe87b16b8c4d5a3a0a0399cfb0c42c08d2c0836247d871b99d,data/manifests/phase1e/2019-08/daily/source_2019082000.json
2019082000,day2_24h,p03,B,1,5,0,0,0,0,0,0,0f15fb67027fbff030489d22e75befd5cea0ce30f7b3af30015cc0457bfc0219,0f15fb67027fbff030489d22e75befd5cea0ce30f7b3af30015cc0457bfc0219,data/manifests/phase1e/2019-08/daily/source_2019082000.json
2019082000,day2_24h,p04,A,4,8,0,0,0,0,0,0,fe479416da5b0d9925184f1c1e8e9cc0c68d98630242e937b7dba742a11278f9,fe479416da5b0d9925184f1c1e8e9cc0c68d98630242e937b7dba742a11278f9,data/manifests/phase1e/2019-08/daily/source_2019082000.json
2019082000,day2_24h,p04,B,1,5,0,0,0,0,0,0,9394f26d5c0714f2f8924445b12e41ab80f6d1367f211497d5e9b81d0ff0a4e6,9394f26d5c0714f2f8924445b12e41ab80f6d1367f211497d5e9b81d0ff0a4e6,data/manifests/phase1e/2019-08/daily/source_2019082000.json
2019082000,day3_24h,c00,A,4,8,321,17,17,304,0,0,b24a0b5312e7e0cc7a8153d8e0bf4c23e7c82edccde90bbd754e81eb75f61df5,7c7065adac65fbda444b525755517b7c4756856b130ec439cb69f4e447749687,data/manifests/phase1e/2019-08/daily/source_2019082000.json
2019082000,day3_24h,c00,B,1,5,0,0,0,0,0,0,bb481caca39de2d168d79bcf679bee0b04a62ccbdaae7f2383213b69981d2cf6,bb481caca39de2d168d79bcf679bee0b04a62ccbdaae7f2383213b69981d2cf6,data/manifests/phase1e/2019-08/daily/source_2019082000.json
2019082000,day3_24h,p01,A,4,8,516,26,26,490,0,0,a8767810acf51846003ba104e2116295ed075363f279c2afb25699c6004b71e6,2f34d88c8e743c48ddf8948aad79eb2a4440b03a1600d696b5841ec23786ea8c,data/manifests/phase1e/2019-08/daily/source_2019082000.json
2019082000,day3_24h,p01,B,1,5,0,0,0,0,0,0,8e68c27b9adebd5312b866f0f02f31b107f803392a0b908844616c72d8d8d6c7,8e68c27b9adebd5312b866f0f02f31b107f803392a0b908844616c72d8d8d6c7,data/manifests/phase1e/2019-08/daily/source_2019082000.json
2019082000,day3_24h,p02,A,4,8,311,22,22,289,1,0,615f1b8431bb58cb4916c1dc0ca9cae4cb8bf58a52fd1860ee9befb64879e3f0,284eb349b239b18b107cf2993653590fc6d07b005d72318677ed502a8f05dc24,data/manifests/phase1e/2019-08/daily/source_2019082000.json
2019082000,day3_24h,p02,B,1,5,101,3,3,98,1,0,5989163f5338d0c91835f60c10d345a2fbe4bae8dc562a237dea90771cc92bdf,74bfcdc3017e7d4ad42f50c262e88faa49990927c853f1f6d29b9135bc98a786,data/manifests/phase1e/2019-08/daily/source_2019082000.json
2019082000,day3_24h,p03,A,4,8,231,14,14,217,0,0,54804b84122743a828c169c50a74124a4c4a14d78a59892b6d64c29bda6bda41,05db996ef0f410a6970df4f496a872c270eac16d1ebf5139ce01cf8d4ea020c0,data/manifests/phase1e/2019-08/daily/source_2019082000.json
2019082000,day3_24h,p03,B,1,5,0,0,0,0,0,0,1145f02ba3e1572a0e445a72ed79981b1a471adf8d69d5e541e9be661efab429,1145f02ba3e1572a0e445a72ed79981b1a471adf8d69d5e541e9be661efab429,data/manifests/phase1e/2019-08/daily/source_2019082000.json
2019082000,day3_24h,p04,A,4,8,467,14,14,453,6,0,f90f855c993e2713703de50f5c1e95fadd82f55257ece9a3a1add8f423177bf2,fa6cdd0b48b0ea2ad3a90f5f435562a4d25e9f58752d4d04998c22a82809f9dc,data/manifests/phase1e/2019-08/daily/source_2019082000.json
2019082000,day3_24h,p04,B,1,5,87,2,2,85,6,0,25b3d28938ca4d6bac649d9561c97506f663b80155393ccc521bad8c06255b71,1c5da5949c491eccb8737192a938ccc11175922fc731e68c993afc7e907a7c24,data/manifests/phase1e/2019-08/daily/source_2019082000.json
2019082100,day1_24h,c00,A,4,8,326,17,17,309,0,0,84ec87b5e3c8ac971a91a9e14346f2d85dae1cda735a9e6b9ddcbbf1fbdcec15,6616c13d5f0e8c0ea1d59082b325b1e0b5ceba33e4cb7137b269bfb920e4e1bf,data/manifests/phase1e/2019-08/daily/source_2019082100.json
2019082100,day1_24h,c00,B,1,5,0,0,0,0,0,0,8c7d2bf90fefe0d41c81ac93e06f3941b3e14709d237c6eec58fbd375bfd3ebe,8c7d2bf90fefe0d41c81ac93e06f3941b3e14709d237c6eec58fbd375bfd3ebe,data/manifests/phase1e/2019-08/daily/source_2019082100.json
2019082100,day1_24h,p01,A,4,8,205,3,3,202,1,0,ad4537ece5687c7dd7653e414ad86c406d028f321a1f186193bc4b6a440c1747,7e7daa1050c06588212b6ff9f71f90a3aae7b53d40646d1ac07295bf7fea0803,data/manifests/phase1e/2019-08/daily/source_2019082100.json
2019082100,day1_24h,p01,B,1,5,72,0,0,72,1,0,2cea42e2c9b3e636dc82864cc2194c840119609a4db3d5dc10e20b00846726c6,c1de3b82404381aff11612b5d2fc250e5b9afec8b7b6e167bdcb63ae83121ad0,data/manifests/phase1e/2019-08/daily/source_2019082100.json
2019082100,day1_24h,p02,A,4,8,168,0,0,168,11,0,598187e6d5dbf30a83c83825857a94c2c434e4126158bb38d2c9c725a69ffcc9,63a402ad33e57256cd83a6c0cf76a252a12ac8d83029d8a3e4b702c7f4496008,data/manifests/phase1e/2019-08/daily/source_2019082100.json
2019082100,day1_24h,p02,B,1,5,168,0,0,168,11,0,7414d3dbf57b003a41523b03b4efebf79ef4feb1f5891a1262fbdc35dace9dea,b1118a5b65e296fedf781007439009d8d5282acff93a56e09e9763362fed640c,data/manifests/phase1e/2019-08/daily/source_2019082100.json
2019082100,day1_24h,p03,A,4,8,99,0,0,99,1,0,095801df24aa5ff8436fef550c8e0bb9a50219186eb8d25547d463df2a3057f5,a4c4c4c75d073fcffd3e5960fe42286a181212037273813563427650bacf799c,data/manifests/phase1e/2019-08/daily/source_2019082100.json
2019082100,day1_24h,p03,B,1,5,99,0,0,99,1,0,21ce9791ba42a33cdd72c1586d741bfc20d302654812f371412939a509592f44,690a6c474a7ad2ea6981c63f8335927f40c387586d94e09aa8c8444b47efddfb,data/manifests/phase1e/2019-08/daily/source_2019082100.json
2019082100,day1_24h,p04,A,4,8,135,0,0,135,2,0,6ccf04b00cd98577c494d1065d654123975bde6459bc396020e140063d3913eb,7087045ea5e383f1e4a14c94753ed37806a65ed9fa6a24a8e47f76ad37aae730,data/manifests/phase1e/2019-08/daily/source_2019082100.json
2019082100,day1_24h,p04,B,1,5,135,0,0,135,2,0,0344e525c5392cae5b02851712e5902726181b725611a9357510304703095313,99fe4b0156ce8b30921ca26f647901edc73f1ecf191126d36b9d9dd9bdfe0df8,data/manifests/phase1e/2019-08/daily/source_2019082100.json
2019082100,day2_24h,c00,A,4,8,300,10,10,290,6,0,8dbbcf65de443e17197ea7e50d8355f2207c97c4c72a64e6b11f8271288f06c0,c4afde5f63ddd45d165eeccd10a1a4f12001217be178a83081a313b74fe57e87,data/manifests/phase1e/2019-08/daily/source_2019082100.json
2019082100,day2_24h,c00,B,1,5,163,6,6,157,6,0,11fd693106ace10272e8e64df649b2e33e13207b6ba8abc9c784bd50c447f403,358fbfdc0c4dcb62e4f4c4901e6cc4974a0824fb8e8af7ed1272f83175a86d94,data/manifests/phase1e/2019-08/daily/source_2019082100.json
2019082100,day2_24h,p01,A,4,8,189,7,7,182,0,0,316b416ec61adb979f978cb95ec89e2ceba1bdc85edc13d823642baba64f1bce,8588d6d138df342193d73beae6dfc8a2282e78eb1de1b86a5052a88f5ec6f137,data/manifests/phase1e/2019-08/daily/source_2019082100.json
2019082100,day2_24h,p01,B,1,5,0,0,0,0,0,0,4ecaa7fe3f853a5f3855ddfd372bdc054b0d9a2d44f0d0c0e4a4eb4e1436d00f,4ecaa7fe3f853a5f3855ddfd372bdc054b0d9a2d44f0d0c0e4a4eb4e1436d00f,data/manifests/phase1e/2019-08/daily/source_2019082100.json
2019082100,day2_24h,p02,A,4,8,0,0,0,0,0,0,ac8396b0901a1e66fe65ff600fb8f4edcb494e6f9b8c4d7b07a0a209ab2304ce,ac8396b0901a1e66fe65ff600fb8f4edcb494e6f9b8c4d7b07a0a209ab2304ce,data/manifests/phase1e/2019-08/daily/source_2019082100.json
2019082100,day2_24h,p02,B,1,5,0,0,0,0,0,0,c1ae274320c9494583750a1129cfc195d1efc18f359e20cfb6ea46d71c3e132e,c1ae274320c9494583750a1129cfc195d1efc18f359e20cfb6ea46d71c3e132e,data/manifests/phase1e/2019-08/daily/source_2019082100.json
2019082100,day2_24h,p03,A,4,8,256,10,10,246,1,0,39c2b9ef5e0256029ad0b67bf39f2258f95aa14f490024abd34acd0331195e52,db105207bf3f888c351b9f69a20683551e677c2d25019f68946d8d81a660170d,data/manifests/phase1e/2019-08/daily/source_2019082100.json
2019082100,day2_24h,p03,B,1,5,158,3,3,155,1,0,16a902395be93c14a6ca2499100f09d49be4e03872ab2ad4c9b4f715ae689a00,e4b3825afd65d27637a2e5706b036a9408f0241c3041dde1cec4f3984d325d94,data/manifests/phase1e/2019-08/daily/source_2019082100.json
2019082100,day2_24h,p04,A,4,8,0,0,0,0,0,0,562ac2aaa46dc7920758a64b7310c137f274b8db65140267fa7c0c18010ec186,562ac2aaa46dc7920758a64b7310c137f274b8db65140267fa7c0c18010ec186,data/manifests/phase1e/2019-08/daily/source_2019082100.json
2019082100,day2_24h,p04,B,1,5,0,0,0,0,0,0,57f81a81fb9e2a247e770cb8caa214ede088710168746810fdc610c2dd4222b7,57f81a81fb9e2a247e770cb8caa214ede088710168746810fdc610c2dd4222b7,data/manifests/phase1e/2019-08/daily/source_2019082100.json
2019082100,day3_24h,c00,A,4,8,299,14,14,285,0,0,99aa51b49645e928a70962e9a9e45dca9abb21554f4e31e5784beeb8cabe2f6d,8fa4b2291dac5cbe9ad3103a320a005b2e80fe5ec13321185097021dbc4a4563,data/manifests/phase1e/2019-08/daily/source_2019082100.json
2019082100,day3_24h,c00,B,1,5,0,0,0,0,0,0,20d82084695965cb486f4dbc314d43cef8f9a2c111925eb8b1abfdf850117318,20d82084695965cb486f4dbc314d43cef8f9a2c111925eb8b1abfdf850117318,data/manifests/phase1e/2019-08/daily/source_2019082100.json
2019082100,day3_24h,p01,A,4,8,0,0,0,0,0,0,35273314f2cb1b98dc3a5e3172e7739f7b91134c51ddf1aa788bc38ef3f3bd8c,35273314f2cb1b98dc3a5e3172e7739f7b91134c51ddf1aa788bc38ef3f3bd8c,data/manifests/phase1e/2019-08/daily/source_2019082100.json
2019082100,day3_24h,p01,B,1,5,0,0,0,0,0,0,386fe7e5c9bcdc7594cf8152661d5f124b9957b7b27c03185fd7a8dcaf056ae8,386fe7e5c9bcdc7594cf8152661d5f124b9957b7b27c03185fd7a8dcaf056ae8,data/manifests/phase1e/2019-08/daily/source_2019082100.json
2019082100,day3_24h,p02,A,4,8,0,0,0,0,0,0,b1e840973917cfb7ecf297ef0be195fbe0d42b387049eef610fec56e3e6e8d98,b1e840973917cfb7ecf297ef0be195fbe0d42b387049eef610fec56e3e6e8d98,data/manifests/phase1e/2019-08/daily/source_2019082100.json
2019082100,day3_24h,p02,B,1,5,0,0,0,0,0,0,8c1c3399f140cd905dfea4693794ffb40943f82f93781b0c6f2917426f7d411f,8c1c3399f140cd905dfea4693794ffb40943f82f93781b0c6f2917426f7d411f,data/manifests/phase1e/2019-08/daily/source_2019082100.json
2019082100,day3_24h,p03,A,4,8,0,0,0,0,0,0,d9f45c1c8ba9f50e8bf63b2e7d1f240b43a1e061139553002c2ff092e0ceafc4,d9f45c1c8ba9f50e8bf63b2e7d1f240b43a1e061139553002c2ff092e0ceafc4,data/manifests/phase1e/2019-08/daily/source_2019082100.json
2019082100,day3_24h,p03,B,1,5,0,0,0,0,0,0,44985ec00902b121f8eaa445b828b7eda7dc331d3acc1119ea439ef702aaf16d,44985ec00902b121f8eaa445b828b7eda7dc331d3acc1119ea439ef702aaf16d,data/manifests/phase1e/2019-08/daily/source_2019082100.json
2019082100,day3_24h,p04,A,4,8,0,0,0,0,0,0,2e584bc3dc2ef3dbcee2d276d5af27f1eab1a4469cd49b3afe5d5b330b1800f8,2e584bc3dc2ef3dbcee2d276d5af27f1eab1a4469cd49b3afe5d5b330b1800f8,data/manifests/phase1e/2019-08/daily/source_2019082100.json
2019082100,day3_24h,p04,B,1,5,0,0,0,0,0,0,6ba1d8f95ded2f997470a1366454b1ee2e0ff45ff62c8dc9e7fc10bb7224efed,6ba1d8f95ded2f997470a1366454b1ee2e0ff45ff62c8dc9e7fc10bb7224efed,data/manifests/phase1e/2019-08/daily/source_2019082100.json
2019082200,day1_24h,c00,A,4,8,146,2,2,144,0,0,9bdd791184845214d784ce7f22c62c8a144f8832ee855d19712161c5e86cab96,9b66a9cdbec03ce46d89fb91044da0b1943c52fade686f46b68c927057d25450,data/manifests/phase1e/2019-08/daily/source_2019082200.json
2019082200,day1_24h,c00,B,1,5,0,0,0,0,0,0,cdc86d804013cf8a56e512226364ae16b6342d28b7e802d0ea5ccd0ef821b648,cdc86d804013cf8a56e512226364ae16b6342d28b7e802d0ea5ccd0ef821b648,data/manifests/phase1e/2019-08/daily/source_2019082200.json
2019082200,day1_24h,p01,A,4,8,0,0,0,0,0,0,7e2b14f00c6a980cbfa0bb65c7aab23495af9abd4f6f816c5c873d5b674264b4,7e2b14f00c6a980cbfa0bb65c7aab23495af9abd4f6f816c5c873d5b674264b4,data/manifests/phase1e/2019-08/daily/source_2019082200.json
2019082200,day1_24h,p01,B,1,5,0,0,0,0,0,0,3f8c05ba8e0c3b37c3ee583b49824a9e7797745a4c465ddfcc025764f1dc36f6,3f8c05ba8e0c3b37c3ee583b49824a9e7797745a4c465ddfcc025764f1dc36f6,data/manifests/phase1e/2019-08/daily/source_2019082200.json
2019082200,day1_24h,p02,A,4,8,400,26,26,374,0,0,acd5efaf3e52aba341c94aafb9ec63241966d0a866af6278310e673e3ae6e921,3ea4bc79578b5acb8841777e8f29c03aa428485f3881e24747adcd4cbb6e3a93,data/manifests/phase1e/2019-08/daily/source_2019082200.json
2019082200,day1_24h,p02,B,1,5,0,0,0,0,0,0,555c0cbe1c39a70de30541a5f291ac30d73b0a9754927a01694e696338de10f7,555c0cbe1c39a70de30541a5f291ac30d73b0a9754927a01694e696338de10f7,data/manifests/phase1e/2019-08/daily/source_2019082200.json
2019082200,day1_24h,p03,A,4,8,225,12,12,213,8,0,9dc964b57b33f0c6b8795168e9b412105d8ba7533cd106aff771d5f90b78b5ee,b8d33632fe9d8a32fa8efecca6df0873954e93635591fd4b529640739319da78,data/manifests/phase1e/2019-08/daily/source_2019082200.json
2019082200,day1_24h,p03,B,1,5,57,0,0,57,8,0,cd51aef5de051bbbddc1e34e6a7417ae2073806261702d4725532528c7cb1479,464f84213c9531960af4c3ba5e7a4ca6b7411db9177cff9df2c7ae888d955ada,data/manifests/phase1e/2019-08/daily/source_2019082200.json
2019082200,day1_24h,p04,A,4,8,0,0,0,0,0,0,9d3cfe5d31b22a6f9445f36882d7cce17366815194aab06db0539ff9207a2f7d,9d3cfe5d31b22a6f9445f36882d7cce17366815194aab06db0539ff9207a2f7d,data/manifests/phase1e/2019-08/daily/source_2019082200.json
2019082200,day1_24h,p04,B,1,5,0,0,0,0,0,0,30000043b9deec1eed086246119133329e85eff5856d2c4da9e1bfaf5e066149,30000043b9deec1eed086246119133329e85eff5856d2c4da9e1bfaf5e066149,data/manifests/phase1e/2019-08/daily/source_2019082200.json
2019082200,day2_24h,c00,A,4,8,210,3,3,207,0,0,527996ec9f5307df1f46e58530a04cf2b8025d223cbcc7865e2e04bdb6eedaba,a8a3cbed204fb96fb79175956e776efb32e7261a216f3a46a4e6d30bb8b1ec61,data/manifests/phase1e/2019-08/daily/source_2019082200.json
2019082200,day2_24h,c00,B,1,5,0,0,0,0,0,0,9d79ccce3d23664cfdac885684954f5b9b4fef9d49cb2f546600762464a75146,9d79ccce3d23664cfdac885684954f5b9b4fef9d49cb2f546600762464a75146,data/manifests/phase1e/2019-08/daily/source_2019082200.json
2019082200,day2_24h,p01,A,4,8,240,6,6,234,16,0,42c250554efd8124bfc4df6dd439b2d0ce1cdbd118f5c964d407aca18d1cdf54,497d2f75ad04e51aeeb670aa0dc62389fdb64c3e6a0b998356266a711c804edc,data/manifests/phase1e/2019-08/daily/source_2019082200.json
2019082200,day2_24h,p01,B,1,5,240,6,6,234,16,0,7771e79464cc4b963ea159c2c448eec4c8ddc68a8e843a7cb153dfa8aa0a22e9,54a5ea63de2c153ca93024db2938e334be610e3b2efab0704305d4bafe9a17fd,data/manifests/phase1e/2019-08/daily/source_2019082200.json
2019082200,day2_24h,p02,A,4,8,506,27,27,479,0,0,3723fe3bb16cfc2a2a131753dfd3f2a2649e08a5f4b258394990018ed42b5509,19b1231e01ae7a2286e0ba15b6fdac44ea3f979c9891e66928e0cbc9d2cd7e4b,data/manifests/phase1e/2019-08/daily/source_2019082200.json
2019082200,day2_24h,p02,B,1,5,0,0,0,0,0,0,6c2ff2481e3db4a56bf2ebf1d075f66e663742cbd9cfb5c52eab8a371580bfcc,6c2ff2481e3db4a56bf2ebf1d075f66e663742cbd9cfb5c52eab8a371580bfcc,data/manifests/phase1e/2019-08/daily/source_2019082200.json
2019082200,day2_24h,p03,A,4,8,0,0,0,0,0,0,6334d180c81b7c90614418330c96a061331259ba2f8a5f9b38b926964a0c41b1,6334d180c81b7c90614418330c96a061331259ba2f8a5f9b38b926964a0c41b1,data/manifests/phase1e/2019-08/daily/source_2019082200.json
2019082200,day2_24h,p03,B,1,5,0,0,0,0,0,0,1907fcc929c54e83c9600d8bfe934a304cac04f0bd6a409973f69a468d3a55e7,1907fcc929c54e83c9600d8bfe934a304cac04f0bd6a409973f69a468d3a55e7,data/manifests/phase1e/2019-08/daily/source_2019082200.json
2019082200,day2_24h,p04,A,4,8,0,0,0,0,0,0,9c4f8a26af706dca2c29846e442eb07c3b98ab0fa5fca17c0055d996662e6038,9c4f8a26af706dca2c29846e442eb07c3b98ab0fa5fca17c0055d996662e6038,data/manifests/phase1e/2019-08/daily/source_2019082200.json
2019082200,day2_24h,p04,B,1,5,0,0,0,0,0,0,71d36c9d47827d89bce2bfdeebe60405f0c047b1a849f88e33e801d99151a3cd,71d36c9d47827d89bce2bfdeebe60405f0c047b1a849f88e33e801d99151a3cd,data/manifests/phase1e/2019-08/daily/source_2019082200.json
2019082200,day3_24h,c00,A,4,8,291,14,14,277,0,0,be0d1fe1f090aade5a6e9cd0d9115169aa01068208abc6f6ca164be80d366a54,9930db3268d0b870d8afe34e7485572be3a703e80cede3bde6a57a248e57a491,data/manifests/phase1e/2019-08/daily/source_2019082200.json
2019082200,day3_24h,c00,B,1,5,0,0,0,0,0,0,52b47c66acb12a446e6f2626130adf008a6781d535dc82f3acf6193e7d4a27a3,52b47c66acb12a446e6f2626130adf008a6781d535dc82f3acf6193e7d4a27a3,data/manifests/phase1e/2019-08/daily/source_2019082200.json
2019082200,day3_24h,p01,A,4,8,0,0,0,0,0,0,8009ae13bd03b15511f5229ba3c8435af8e2679d4640695cb557503892ab8b8e,8009ae13bd03b15511f5229ba3c8435af8e2679d4640695cb557503892ab8b8e,data/manifests/phase1e/2019-08/daily/source_2019082200.json
2019082200,day3_24h,p01,B,1,5,0,0,0,0,0,0,436a092c66ef23f5cd9f8eeff0c755252d9bffd041dd9f581bc8be017f7a25d4,436a092c66ef23f5cd9f8eeff0c755252d9bffd041dd9f581bc8be017f7a25d4,data/manifests/phase1e/2019-08/daily/source_2019082200.json
2019082200,day3_24h,p02,A,4,8,139,4,4,135,0,0,616e67b175ad816632970483504cccd1e2ec98cbe21cdec75c5ee5c6658594a8,b7ebc656742ef84258840dd14328f6921e6eb439fcd480dfb21afc02162ec998,data/manifests/phase1e/2019-08/daily/source_2019082200.json
2019082200,day3_24h,p02,B,1,5,0,0,0,0,0,0,238c9ae1aa342f28714d019239d142620e15ca5cb5d261716a62ef6a374df0de,238c9ae1aa342f28714d019239d142620e15ca5cb5d261716a62ef6a374df0de,data/manifests/phase1e/2019-08/daily/source_2019082200.json
2019082200,day3_24h,p03,A,4,8,0,0,0,0,0,0,ee639f4ec4bd5d7fc3bef9d370184864f6230c6512c508fc2083a6ee8227e55d,ee639f4ec4bd5d7fc3bef9d370184864f6230c6512c508fc2083a6ee8227e55d,data/manifests/phase1e/2019-08/daily/source_2019082200.json
2019082200,day3_24h,p03,B,1,5,0,0,0,0,0,0,f17d8e03b0ac255dd431d2c4a695cc5e5dca1a50920b8353199a9490eba99774,f17d8e03b0ac255dd431d2c4a695cc5e5dca1a50920b8353199a9490eba99774,data/manifests/phase1e/2019-08/daily/source_2019082200.json
2019082200,day3_24h,p04,A,4,8,0,0,0,0,0,0,e7f9b40a884f2374ecc2e6603b2a31b0212a480fb069cf92c6a3581504204ef5,e7f9b40a884f2374ecc2e6603b2a31b0212a480fb069cf92c6a3581504204ef5,data/manifests/phase1e/2019-08/daily/source_2019082200.json
2019082200,day3_24h,p04,B,1,5,0,0,0,0,0,0,2ced12a220f5c20832d0399f55eb37de3e5806a7b34ebb9ba5adffa9a3d698d2,2ced12a220f5c20832d0399f55eb37de3e5806a7b34ebb9ba5adffa9a3d698d2,data/manifests/phase1e/2019-08/daily/source_2019082200.json
2019082300,day1_24h,c00,A,4,8,469,13,13,456,0,0,65437ec3ff605aafc724c57227e13fd9ab6574c6d508567b596a87b5bf0c9d92,d6fae0b0a5cdd5444f177ed0b6c03054010cad196ea0dbc0b008c0972fe0e4de,data/manifests/phase1e/2019-08/daily/source_2019082300.json
2019082300,day1_24h,c00,B,1,5,0,0,0,0,0,0,631f0297c7445dc32a0eba3190698cdb670c9b67e17caeffbc8b9f7910638771,631f0297c7445dc32a0eba3190698cdb670c9b67e17caeffbc8b9f7910638771,data/manifests/phase1e/2019-08/daily/source_2019082300.json
2019082300,day1_24h,p01,A,4,8,461,16,16,445,0,0,629428e9061c8aba16bf6237026963692d67564b86bbb64e623fb088317c78bd,04ef230deeaf427d38a84809c72d1ef4023a0209c69bb9efedc79d92e9482e58,data/manifests/phase1e/2019-08/daily/source_2019082300.json
2019082300,day1_24h,p01,B,1,5,0,0,0,0,0,0,90dc77069446e5573aa8190400ce413c73ff369785256bddbad30a30c36c512e,90dc77069446e5573aa8190400ce413c73ff369785256bddbad30a30c36c512e,data/manifests/phase1e/2019-08/daily/source_2019082300.json
2019082300,day1_24h,p02,A,4,8,0,0,0,0,0,0,2ed5f074c026f5aca53d8736c65d49eb1e5a872a0e4712d9d02fade02f69d35d,2ed5f074c026f5aca53d8736c65d49eb1e5a872a0e4712d9d02fade02f69d35d,data/manifests/phase1e/2019-08/daily/source_2019082300.json
2019082300,day1_24h,p02,B,1,5,0,0,0,0,0,0,3260be9102bdbf92988e1d770361f77bfa7325eb55ac474ecd107525fe976f06,3260be9102bdbf92988e1d770361f77bfa7325eb55ac474ecd107525fe976f06,data/manifests/phase1e/2019-08/daily/source_2019082300.json
2019082300,day1_24h,p03,A,4,8,272,15,15,257,0,0,828459580b0050cec03e4b83630411708c1943aa3e88b095cb8954556bcc4e1e,81861f8c0c030dbf323129af0346dc2412d125201554b7a606d7c3eb6d68bec5,data/manifests/phase1e/2019-08/daily/source_2019082300.json
2019082300,day1_24h,p03,B,1,5,0,0,0,0,0,0,f087d11fe0a3d63ac39df954c2ddec694b6a751cfaf80f358dbfeb1c57175e23,f087d11fe0a3d63ac39df954c2ddec694b6a751cfaf80f358dbfeb1c57175e23,data/manifests/phase1e/2019-08/daily/source_2019082300.json
2019082300,day1_24h,p04,A,4,8,0,0,0,0,0,0,2ca8a57036ed4ec00e47d4d7967450ba2f5a900f91ec34efb4289a0c258ef200,2ca8a57036ed4ec00e47d4d7967450ba2f5a900f91ec34efb4289a0c258ef200,data/manifests/phase1e/2019-08/daily/source_2019082300.json
2019082300,day1_24h,p04,B,1,5,0,0,0,0,0,0,a2cb420abbaf8cf0fd61a967589d5475183cd0da533b2eba147198b11033be90,a2cb420abbaf8cf0fd61a967589d5475183cd0da533b2eba147198b11033be90,data/manifests/phase1e/2019-08/daily/source_2019082300.json
2019082300,day2_24h,c00,A,4,8,513,25,25,488,0,0,750245966ac14de3eb4ea5c6ef1b048a0f7d59f02b4ea62c3035ccc43f2689cc,03c2ca9a1be12f875ee76777c888e0510320d71edf5a53f0380421d3564f3282,data/manifests/phase1e/2019-08/daily/source_2019082300.json
2019082300,day2_24h,c00,B,1,5,0,0,0,0,0,0,9f521be0a46ee96fc407c98b7021d697409146c75c713ae3eed5d7a26aa45430,9f521be0a46ee96fc407c98b7021d697409146c75c713ae3eed5d7a26aa45430,data/manifests/phase1e/2019-08/daily/source_2019082300.json
2019082300,day2_24h,p01,A,4,8,180,7,7,173,0,0,e465427363bc7a8f742568f2f70009e098352d3c72cb44ad1807ec7f50cabb33,b13f91ffb65cf850a7ed6cdbb39fb4dae3ebea59678c050da6560195091ca2fe,data/manifests/phase1e/2019-08/daily/source_2019082300.json
2019082300,day2_24h,p01,B,1,5,0,0,0,0,0,0,074464f2e727369918dd616f333d3f92ca91e6c0514fd82668f5f90ae23388f9,074464f2e727369918dd616f333d3f92ca91e6c0514fd82668f5f90ae23388f9,data/manifests/phase1e/2019-08/daily/source_2019082300.json
2019082300,day2_24h,p02,A,4,8,569,24,24,545,13,0,04bf4c13ce8a5f9ea62274ab3c989ef8bdce58493b26729787f5d867ad7b0837,78b2f18df09749818a37096318fbb75d5c953d59d5416aa5de3e498bd61f6735,data/manifests/phase1e/2019-08/daily/source_2019082300.json
2019082300,day2_24h,p02,B,1,5,137,4,4,133,13,0,99e1079cb88da1d81fedd504cfc9e3424b6b810207a03335409f70d41c7d14d2,abc20acb2a6459d4691e7dcc15a0b70c1913f9d56d6abaf33f48d1923f667bdd,data/manifests/phase1e/2019-08/daily/source_2019082300.json
2019082300,day2_24h,p03,A,4,8,267,5,5,262,0,0,c8236564027e69a10dca86c34334d04814124c2a3615712da1308d89e67f16d5,cf772ff6b559830191666ccf365b34994f594100f356089428a6098eb90938f5,data/manifests/phase1e/2019-08/daily/source_2019082300.json
2019082300,day2_24h,p03,B,1,5,0,0,0,0,0,0,6e9e0e81d1d08f03b8fe4624256e5dced0caccef9824e688e8521588339fe86b,6e9e0e81d1d08f03b8fe4624256e5dced0caccef9824e688e8521588339fe86b,data/manifests/phase1e/2019-08/daily/source_2019082300.json
2019082300,day2_24h,p04,A,4,8,0,0,0,0,0,0,13680535848f90d7e68d1012388856e15b338eb8dc03e3fe2ea8a0da5005e3c9,13680535848f90d7e68d1012388856e15b338eb8dc03e3fe2ea8a0da5005e3c9,data/manifests/phase1e/2019-08/daily/source_2019082300.json
2019082300,day2_24h,p04,B,1,5,0,0,0,0,0,0,d07388f0ada26041ebbb2f229240d207ba06fc3e59a23293b258e726d3cb464d,d07388f0ada26041ebbb2f229240d207ba06fc3e59a23293b258e726d3cb464d,data/manifests/phase1e/2019-08/daily/source_2019082300.json
2019082300,day3_24h,c00,A,4,8,482,25,25,457,6,0,a805a9b0ffcd537a77151da2112b44488137511556ef1f02a77f3e3c93acb108,87a6363be5e17d7e07894c6878dbae4c9e750a1cb52f4c72c4f432a3b3801805,data/manifests/phase1e/2019-08/daily/source_2019082300.json
2019082300,day3_24h,c00,B,1,5,74,1,1,73,6,0,5b5e51a4bbe2d0c1b5af0fa01885ca54cf5decba3305a25aeafb2e053733d9e0,a2c1a4713aadf87d7b33f52ded448a9408a4e4c64d0b77a97ddb8c1b1b763e8b,data/manifests/phase1e/2019-08/daily/source_2019082300.json
2019082300,day3_24h,p01,A,4,8,572,24,24,548,0,0,d02dce9f65eebacfcb73cb84518f07a0c351774624ec6ebbed11c9d35254697b,9750182fc883e3e03b1ff11bf88eb7406e04ecb5839e0c45be6c088a2d7aec1b,data/manifests/phase1e/2019-08/daily/source_2019082300.json
2019082300,day3_24h,p01,B,1,5,0,0,0,0,0,0,1199d6a1b5a2084e9c3a925b87597a47f723da5b736b71e9ea4d4e967d6d278d,1199d6a1b5a2084e9c3a925b87597a47f723da5b736b71e9ea4d4e967d6d278d,data/manifests/phase1e/2019-08/daily/source_2019082300.json
2019082300,day3_24h,p02,A,4,8,246,7,7,239,1,1,83c81279c7890862040a1fc968c1ea460c9d9bd3ce916d131da31e13fc5bc2e1,f40e52a99eb0f946458c80fe6db44c329e43debacdff40a7e28b5d9050d73c72,data/manifests/phase1e/2019-08/daily/source_2019082300.json
2019082300,day3_24h,p02,B,1,5,78,1,1,77,1,1,33ea5fab08d1776ef327b7f5c536f12130f03f0982bd8bec9389ceecdc9bdfcb,4764677eb6056520d59bcdbe9cd5e7b3fba2d87b1f51adddc4536ab2ebed3aab,data/manifests/phase1e/2019-08/daily/source_2019082300.json
2019082300,day3_24h,p03,A,4,8,0,0,0,0,0,0,a70e13804a60b5960fafa3be26d987b449e66105998ceeaf90d0df9ea3221b80,a70e13804a60b5960fafa3be26d987b449e66105998ceeaf90d0df9ea3221b80,data/manifests/phase1e/2019-08/daily/source_2019082300.json
2019082300,day3_24h,p03,B,1,5,0,0,0,0,0,0,40b3625fcf60d321f0f7cf8898477e8ea3ab12286015c6a02d28d5e788a7ac00,40b3625fcf60d321f0f7cf8898477e8ea3ab12286015c6a02d28d5e788a7ac00,data/manifests/phase1e/2019-08/daily/source_2019082300.json
2019082300,day3_24h,p04,A,4,8,491,19,19,472,3,0,45c38c1c5bffa0020399ee3f8ca1e28eefc62d565e667e65e1dd201117fbd0cf,cc2937bc9b22a199bcf5909a900e9aabcfb6964f1255f280ac4b48ef03ac6a74,data/manifests/phase1e/2019-08/daily/source_2019082300.json
2019082300,day3_24h,p04,B,1,5,95,1,1,94,3,0,3f106df1cd5c935ceba37701bfdc9fb2b3dbbea2bd8fb312af79812dd9e2f33b,563663bda6cb0f1571bf3eb5e0b7810c4aa3d61a5ea553220dde86da4860a54d,data/manifests/phase1e/2019-08/daily/source_2019082300.json
2019082400,day1_24h,c00,A,4,8,280,17,17,263,0,0,bcff8d49a7df420f72e5177188708155b948a47ba0968ad9f6934ff576ee7821,87161783cb051bdb6ef4dff00ec45c247a1b63824d535237f2a0b44afae3f3a2,data/manifests/phase1e/2019-08/daily/source_2019082400.json
2019082400,day1_24h,c00,B,1,5,0,0,0,0,0,0,629aa769bc10db41382bbe0058981583b26f2c6e6ca2f08de355c5deb4484f54,629aa769bc10db41382bbe0058981583b26f2c6e6ca2f08de355c5deb4484f54,data/manifests/phase1e/2019-08/daily/source_2019082400.json
2019082400,day1_24h,p01,A,4,8,286,22,22,264,0,0,22a9c6b60a4411dc414ede41564dbf02ec39e06e611e3c89c709b7bdfa901724,af25d5f06a38811f36a55f8f864dc576b7a80f5d1b9e799687c0992c3ade0c10,data/manifests/phase1e/2019-08/daily/source_2019082400.json
2019082400,day1_24h,p01,B,1,5,0,0,0,0,0,0,43b78c7d1ef16afbdd1f4ab8a2d0ab6aa6952a40a09b7f1445db22bd0a109a98,43b78c7d1ef16afbdd1f4ab8a2d0ab6aa6952a40a09b7f1445db22bd0a109a98,data/manifests/phase1e/2019-08/daily/source_2019082400.json
2019082400,day1_24h,p02,A,4,8,224,8,8,216,0,0,ea15191aaecba1038cc5cdbbe40dc9a31d48ec8c27de5ddd5f9fdd66a2cc96a9,ef671fd3c205e77041320aa52db415d98169bdcffbc161b7eefa02ffc15881ae,data/manifests/phase1e/2019-08/daily/source_2019082400.json
2019082400,day1_24h,p02,B,1,5,0,0,0,0,0,0,9cb600192addfbcc0d492390c69b00d66a00cd268acf879a277cf1873d7b90b2,9cb600192addfbcc0d492390c69b00d66a00cd268acf879a277cf1873d7b90b2,data/manifests/phase1e/2019-08/daily/source_2019082400.json
2019082400,day1_24h,p03,A,4,8,469,23,23,446,0,0,8321611f33c2b50d4dffc5ee38abf10301156dd02b8f4b4f5a3a0e5c654a1491,efc10119649470bd064308484efa485752eb96f23060a4f13ac6e6579cebbc5a,data/manifests/phase1e/2019-08/daily/source_2019082400.json
2019082400,day1_24h,p03,B,1,5,0,0,0,0,0,0,c46ef67ccf851a4a9df0d664ddf0c3cb61f0437d3e18b6ebff2dfa6525736023,c46ef67ccf851a4a9df0d664ddf0c3cb61f0437d3e18b6ebff2dfa6525736023,data/manifests/phase1e/2019-08/daily/source_2019082400.json
2019082400,day1_24h,p04,A,4,8,0,0,0,0,0,0,8754fde35835737886469da36bec85950b62a0e082e98d7032926850dcdcaa8d,8754fde35835737886469da36bec85950b62a0e082e98d7032926850dcdcaa8d,data/manifests/phase1e/2019-08/daily/source_2019082400.json
2019082400,day1_24h,p04,B,1,5,0,0,0,0,0,0,e4c4f771f7fd88e9c3321c63717efd12fce43be677bfae1116fb78626c63d7d6,e4c4f771f7fd88e9c3321c63717efd12fce43be677bfae1116fb78626c63d7d6,data/manifests/phase1e/2019-08/daily/source_2019082400.json
2019082400,day2_24h,c00,A,4,8,560,31,31,529,1,0,34fb68cb2a27333c95cd394839ecc14f37550f3da5e3dca49fe4b1102b505e38,615b315641027cb410ad5c7e811228a3f53377c8f77dcd685ce2f3cf07a29225,data/manifests/phase1e/2019-08/daily/source_2019082400.json
2019082400,day2_24h,c00,B,1,5,130,4,4,126,1,0,0e0fb9df91824357c5caedf0d8726a9b81cbec2a742870917c0ccfee678d891d,7b2df8eee9d05ef86702f77677e8114fcc8f9c43487abf43b56f9de5ace2de27,data/manifests/phase1e/2019-08/daily/source_2019082400.json
2019082400,day2_24h,p01,A,4,8,132,9,9,123,0,0,bd1a9022f16605c4d3b14d5991e17ec6fb192b9a22f32c8a53f09e4c388cd276,a6f65dfe77bad9a82ec420201f8f98604c1610275dacc28b30224ba073876bb1,data/manifests/phase1e/2019-08/daily/source_2019082400.json
2019082400,day2_24h,p01,B,1,5,0,0,0,0,0,0,aa114c52c058934f285649131ce3309ccef377ca2bb7e23fbeb53b9c4658e31f,aa114c52c058934f285649131ce3309ccef377ca2bb7e23fbeb53b9c4658e31f,data/manifests/phase1e/2019-08/daily/source_2019082400.json
2019082400,day2_24h,p02,A,4,8,170,1,1,169,0,0,be6aa3e158f20a74b0367d7ced3aa501683c330ea549f3b8143b8d3dd70b8c0c,9746e93343942a1be2988e4be4a6fea588b6a1a270274a825075569be861e1a8,data/manifests/phase1e/2019-08/daily/source_2019082400.json
2019082400,day2_24h,p02,B,1,5,0,0,0,0,0,0,6293712fe27b4ba933aca6699641e3c500c73c79e44cf3d54fb2096530f3ccbe,6293712fe27b4ba933aca6699641e3c500c73c79e44cf3d54fb2096530f3ccbe,data/manifests/phase1e/2019-08/daily/source_2019082400.json
2019082400,day2_24h,p03,A,4,8,217,4,4,213,9,0,eee49f62fb8d5378df49d1f5ffa4dc599697552579da77967550ba99135bbf3a,c3e526b2ea12f8faeb81787978e9881db7d331f8ff43a9c837399469acea0673,data/manifests/phase1e/2019-08/daily/source_2019082400.json
2019082400,day2_24h,p03,B,1,5,122,1,1,121,9,0,f7d11008045d02e613089c7ad630bc8844354912e8b957e62c78e6b0cebe24bb,1d0aeb66ef0a29e0bcd655670a9b503b327b2de929c2a3a939c2a4c6b917cf2d,data/manifests/phase1e/2019-08/daily/source_2019082400.json
2019082400,day2_24h,p04,A,4,8,694,31,31,663,5,0,16c73e0bc57f08031ced9b82da4ba5ef0747c040929dc9972c8e50d3c8aa375c,a4e1b0e1fabb365edfe09e49544a3b10cbabf7c8613bb0bb40eae943b09e27d2,data/manifests/phase1e/2019-08/daily/source_2019082400.json
2019082400,day2_24h,p04,B,1,5,133,5,5,128,5,0,61b282f4be5273ee6fdaed478d2019c17288d031d50093786de4a5bd10cf769c,c3106fc51274a78acee9a6143edb80c51c25e25cbb9a72f4d3aa13f3f474e308,data/manifests/phase1e/2019-08/daily/source_2019082400.json
2019082400,day3_24h,c00,A,4,8,254,8,8,246,10,0,d40de28d87e94f7c14dd49c4d4910c33496099697728e9b9ff901921ba8e012e,cb04eb3d0df50232b3d70819fe9a2e528fe5d0442cbdec2edc7820d49bd6780f,data/manifests/phase1e/2019-08/daily/source_2019082400.json
2019082400,day3_24h,c00,B,1,5,108,0,0,108,10,0,74404828c23b5f3f69c2d5af3f9a759659f53014de554e8811e5ac9b1e95b70b,9fcc5301b1b6d9cb8003e657a46a542e57ee124e16453d2b011466d43ce89237,data/manifests/phase1e/2019-08/daily/source_2019082400.json
2019082400,day3_24h,p01,A,4,8,283,9,9,274,0,0,6b345945685b31812d32ae7e89b5122aababc8342144435b387ad26ab41e655f,84ffaa0cbca5a2933a1153021f429e8a750eec05a82b2e9934b6d3b5d80962df,data/manifests/phase1e/2019-08/daily/source_2019082400.json
2019082400,day3_24h,p01,B,1,5,0,0,0,0,0,0,f3f32e8fb93ff89acd7019322a02f21597dc1c7dc998a67cba3d9f3e139e1bd8,f3f32e8fb93ff89acd7019322a02f21597dc1c7dc998a67cba3d9f3e139e1bd8,data/manifests/phase1e/2019-08/daily/source_2019082400.json
2019082400,day3_24h,p02,A,4,8,233,6,6,227,8,0,859276c63cb9b9d8378d72edc0856de72b67854d6cf6bce6980a9bb287a2b792,139685e0e6bf8811a38f9c2c469a32d7c6f6fd5ea3850d93a228fa56ec71a35e,data/manifests/phase1e/2019-08/daily/source_2019082400.json
2019082400,day3_24h,p02,B,1,5,79,1,1,78,8,0,dda9ee86b2bbe1dfb6282717b66757b827173e787f671fdc97c99af89a7a6b45,7182b519bc046c97e64078c100f4256aa7376bbf73bcc57211301799d4325190,data/manifests/phase1e/2019-08/daily/source_2019082400.json
2019082400,day3_24h,p03,A,4,8,456,12,12,444,2,0,015f05755c5f11542bf209dcce84348a568e34f0458d37487cd3396a80ea12d1,7df563402305a824e6ce8ae5496b798bf068e9e60a67c3e51489ad3c2d3fe519,data/manifests/phase1e/2019-08/daily/source_2019082400.json
2019082400,day3_24h,p03,B,1,5,41,0,0,41,2,0,d2f7996020494d79a4e38ef231a1d5ddabf60cb92cf63cbd00d962828333dd5b,96226d8b3c02adf09a12cb05367ef280e2ba358b30b748f341f0ceeaa01b2b53,data/manifests/phase1e/2019-08/daily/source_2019082400.json
2019082400,day3_24h,p04,A,4,8,195,14,14,181,0,0,c478d1125237530c42441bc3faebb6342dc98c0bbbf37b967f5a95d14619ca8c,ccef4b13f867d8d6a9178356f7cf4fe98c22ea652a1fc15cd8c56ba3ad00886a,data/manifests/phase1e/2019-08/daily/source_2019082400.json
2019082400,day3_24h,p04,B,1,5,0,0,0,0,0,0,729627e9608ecb10233e7d847918cc69022cc64eec6f1add42bcf89f9f5bf113,729627e9608ecb10233e7d847918cc69022cc64eec6f1add42bcf89f9f5bf113,data/manifests/phase1e/2019-08/daily/source_2019082400.json
2019082500,day1_24h,c00,A,4,8,294,9,9,285,0,0,408830ccc992b80f05f59c1bd45b87096ba384b65398f9d70d0ff280201732e9,08718902744c38592a1301de89fb477e2d49318ef3197267b22d15f25587bcc7,data/manifests/phase1e/2019-08/daily/source_2019082500.json
2019082500,day1_24h,c00,B,1,5,0,0,0,0,0,0,6eae9590b4b95ed6a08c8f9ad61b50eed4d619e1d29ab3881deeeb1fea369525,6eae9590b4b95ed6a08c8f9ad61b50eed4d619e1d29ab3881deeeb1fea369525,data/manifests/phase1e/2019-08/daily/source_2019082500.json
2019082500,day1_24h,p01,A,4,8,186,12,12,174,0,0,253d8e608e9e4f32cfe7735a9f86342da1f5ecce34032879d97a9b8974048e92,176ed2c195f6cfe7881abb00293b523c75d239e2927143f8577474fcdd7f46ba,data/manifests/phase1e/2019-08/daily/source_2019082500.json
2019082500,day1_24h,p01,B,1,5,0,0,0,0,0,0,303143867477b2942679442c501ad1219bde0a146ea471fc46bc8a44cf433dbe,303143867477b2942679442c501ad1219bde0a146ea471fc46bc8a44cf433dbe,data/manifests/phase1e/2019-08/daily/source_2019082500.json
2019082500,day1_24h,p02,A,4,8,370,13,13,357,19,0,6c9900eced2f90565b07adccd114f9adeb00db67ec5f484059a259089a13ac81,ef489916e301b72a836750747f80d4c97fef05779efe10955a3a167f32c40523,data/manifests/phase1e/2019-08/daily/source_2019082500.json
2019082500,day1_24h,p02,B,1,5,64,0,0,64,19,0,087d6e570e66cc1d4129eeec3125c72efef0ec8ea1fdee87ff70440de33645a1,6d2c2ccff3c6e604eaf0c1e5ba4b2ce1fbb2eca5dcbe1091ab92f86a3aaa4fe2,data/manifests/phase1e/2019-08/daily/source_2019082500.json
2019082500,day1_24h,p03,A,4,8,269,4,4,265,21,0,801dabe11d34046b60f5800db9c3bfde8e8854ac87f2d3aa9b8d6afabe41b04f,a7e428f8c1f2476a3bfd38f662593437e593f46aa1a8cb8262d3722c5de829ea,data/manifests/phase1e/2019-08/daily/source_2019082500.json
2019082500,day1_24h,p03,B,1,5,85,0,0,85,21,0,7087b5fbb7f818b864d56d443cb6f7cb88ec6fdf9eaab1b323ad8657d880e722,29d664ba92768dae769783c877c58e8b403806bc28e710920b882a51c64bfbd2,data/manifests/phase1e/2019-08/daily/source_2019082500.json
2019082500,day1_24h,p04,A,4,8,98,0,0,98,8,0,ced709c03e9b39c7b8455bb618f055430bb44a06478587fe733fdb13977c38c5,005401dc7a46cc4364b01fd5aff9b0050d0602b47ca00897c5a40598bd7b8025,data/manifests/phase1e/2019-08/daily/source_2019082500.json
2019082500,day1_24h,p04,B,1,5,98,0,0,98,8,0,3d99623df750fc0354c8ad4f4f41bd8d94cabd6cbbc0a7857ee87627e6ba3485,cf7c3b0928df1f1d58ac13c844d3c2d08eddef381b3dd5c7d7f7d7bb6494d34a,data/manifests/phase1e/2019-08/daily/source_2019082500.json
2019082500,day2_24h,c00,A,4,8,447,14,14,433,3,0,f2c4ef3a05a26b1c0a061588540fe93f317cc23aea21f05810e417f0cc8edfb1,9c9fa86ea4eef1780b42586de3428b1e830822c98ea84c042e51428584e49276,data/manifests/phase1e/2019-08/daily/source_2019082500.json
2019082500,day2_24h,c00,B,1,5,103,4,4,99,3,0,6e91981ede9f78102bb9ad661b6741d7a74825596ab01008c1de8051f528eeb0,96c4955c7314741996f1b3c897fefd4670675f998092ef6eb3281cde1f659f3a,data/manifests/phase1e/2019-08/daily/source_2019082500.json
2019082500,day2_24h,p01,A,4,8,263,20,20,243,0,0,120a9c6d8278bea5ea55b65c844cb3e991178c6d5b46e3a1307826026ec2d86b,d535d6eb59423f8985e8aa7edd86085a22777361bcd4dd562edf2a81755ff7b7,data/manifests/phase1e/2019-08/daily/source_2019082500.json
2019082500,day2_24h,p01,B,1,5,0,0,0,0,0,0,5e77127d412f237694ed181fd6d3ce82d68b6358cff1beb2f27005beb5b2d550,5e77127d412f237694ed181fd6d3ce82d68b6358cff1beb2f27005beb5b2d550,data/manifests/phase1e/2019-08/daily/source_2019082500.json
2019082500,day2_24h,p02,A,4,8,170,1,1,169,0,0,c329e3036670a98440d9dfd8b36532d26d72d129168293ba3e184097cace968b,38e084c834b7f5b73d065357019c9a97618bdfdab72ab843e583245318fc7cd9,data/manifests/phase1e/2019-08/daily/source_2019082500.json
2019082500,day2_24h,p02,B,1,5,0,0,0,0,0,0,935392b633f56d8620662702af310952a9457f1bca5d9baf93a2bfd5aabce512,935392b633f56d8620662702af310952a9457f1bca5d9baf93a2bfd5aabce512,data/manifests/phase1e/2019-08/daily/source_2019082500.json
2019082500,day2_24h,p03,A,4,8,301,19,19,282,0,0,4314b109ec77f7052ef968d5f168e2367a9bf36c8bb1e5ee001bffaf99b599e0,c4bc6bbd32060b3c2b8ce789cb100e4b66671a848d829f951ed85c3aca6b9c03,data/manifests/phase1e/2019-08/daily/source_2019082500.json
2019082500,day2_24h,p03,B,1,5,0,0,0,0,0,0,1da3bb8f379230c9685deba2098d9575691a75b5f66250b549859762640ecfa5,1da3bb8f379230c9685deba2098d9575691a75b5f66250b549859762640ecfa5,data/manifests/phase1e/2019-08/daily/source_2019082500.json
2019082500,day2_24h,p04,A,4,8,0,0,0,0,0,0,cadf461b76dea28250c79b931fb4d764f4dd0dccc83a18cb726e793bf81990ec,cadf461b76dea28250c79b931fb4d764f4dd0dccc83a18cb726e793bf81990ec,data/manifests/phase1e/2019-08/daily/source_2019082500.json
2019082500,day2_24h,p04,B,1,5,0,0,0,0,0,0,564440b44c922cc50e3a61f52dde2626e37f347002ca87d53bfcb366c06b6d7d,564440b44c922cc50e3a61f52dde2626e37f347002ca87d53bfcb366c06b6d7d,data/manifests/phase1e/2019-08/daily/source_2019082500.json
2019082500,day3_24h,c00,A,4,8,387,9,9,378,14,0,bb5585c4ac3407866c44f12201fc30599e9b6931754fd65146846ebd975ba611,1973f2d93e8af3834da2f40cd9b61b809f3864180c371f159a84c9dbea84a469,data/manifests/phase1e/2019-08/daily/source_2019082500.json
2019082500,day3_24h,c00,B,1,5,75,1,1,74,14,0,46d7d5935988e8b6129cc5c04e1755f70f449bb40a4075b19cf8d4bda2e93ac9,beb01c03f4b4ac76997864708508a974f8992f119efa4cf8ebea7c673ebefd85,data/manifests/phase1e/2019-08/daily/source_2019082500.json
2019082500,day3_24h,p01,A,4,8,542,19,19,523,0,0,333629251031caf40c129e6d25193ca6da6262a57d3c7781430c334019db396c,eac1fc0078c32e09445bd898ebb49d25a103eb7f62d17683f905183168b3c32b,data/manifests/phase1e/2019-08/daily/source_2019082500.json
2019082500,day3_24h,p01,B,1,5,0,0,0,0,0,0,bfab610f873f0e413a70daf5fdb78376d9acca591676d0a45fbf125fac148a39,bfab610f873f0e413a70daf5fdb78376d9acca591676d0a45fbf125fac148a39,data/manifests/phase1e/2019-08/daily/source_2019082500.json
2019082500,day3_24h,p02,A,4,8,382,15,15,367,0,0,f9e20d5160e94f6da37253553768267294f47cc34adc81531f8afc7479ffafc5,908b532b5516f698591b79322472b6e1cf11218ae852c15a0277790ae0e044a9,data/manifests/phase1e/2019-08/daily/source_2019082500.json
2019082500,day3_24h,p02,B,1,5,0,0,0,0,0,0,b5709759350ec8552fb4a2914d080cb71956820f3246ac348263c204035796cd,b5709759350ec8552fb4a2914d080cb71956820f3246ac348263c204035796cd,data/manifests/phase1e/2019-08/daily/source_2019082500.json
2019082500,day3_24h,p03,A,4,8,321,6,6,315,0,0,077d5b3b191a4bee5c6fd381e677bfdef39e41cd0f0a676e13c07c446b6e1b1f,67ae9affe7c9b67c6a9778e2dd2289eac4215e9e66f39876c7b485ed24b1e16b,data/manifests/phase1e/2019-08/daily/source_2019082500.json
2019082500,day3_24h,p03,B,1,5,0,0,0,0,0,0,434c9a039fc451d96aa73d448c3451b16c2d248fa21c155beeae206541149409,434c9a039fc451d96aa73d448c3451b16c2d248fa21c155beeae206541149409,data/manifests/phase1e/2019-08/daily/source_2019082500.json
2019082500,day3_24h,p04,A,4,8,0,0,0,0,0,0,c7a98e9bbba1fd0c7d381193009b7c06c6c2034e94b579865a258e667f4f9bc4,c7a98e9bbba1fd0c7d381193009b7c06c6c2034e94b579865a258e667f4f9bc4,data/manifests/phase1e/2019-08/daily/source_2019082500.json
2019082500,day3_24h,p04,B,1,5,0,0,0,0,0,0,44217019a96f0f0fb1f563c9501f09bd6d51a7654128d6fd36008af2f8981b80,44217019a96f0f0fb1f563c9501f09bd6d51a7654128d6fd36008af2f8981b80,data/manifests/phase1e/2019-08/daily/source_2019082500.json
2019082600,day1_24h,c00,A,4,8,196,13,13,183,0,0,17f022a9174cb218d30305b995576f14555d24ccf90a3e381b84ebf5756fdcad,60872a3137023fe8d2f91e4cc37530c615741bac4f5d5f90463876f63213505c,data/manifests/phase1e/2019-08/daily/source_2019082600.json
2019082600,day1_24h,c00,B,1,5,0,0,0,0,0,0,3b5637bab935639f0340acff1733f0ec9659b5f0fd1d8572bac8dc221e28a39e,3b5637bab935639f0340acff1733f0ec9659b5f0fd1d8572bac8dc221e28a39e,data/manifests/phase1e/2019-08/daily/source_2019082600.json
2019082600,day1_24h,p01,A,4,8,258,4,4,254,0,0,6da7e8382989d7abf97fa02320a268ffa865b5a579fb99757e1e4cec95bad07f,4f07cd365c455f538a701c2b2cbe53328fbe2275605961ce3e473483f6a6d0cb,data/manifests/phase1e/2019-08/daily/source_2019082600.json
2019082600,day1_24h,p01,B,1,5,0,0,0,0,0,0,186008888d53f17adadc3969466e72ae882475f69d86555f96b7e4985256669c,186008888d53f17adadc3969466e72ae882475f69d86555f96b7e4985256669c,data/manifests/phase1e/2019-08/daily/source_2019082600.json
2019082600,day1_24h,p02,A,4,8,347,6,6,341,0,0,8e306d70fd3351989dbe8344b6bdb6aea057761b4529d9d577e30aa51ce40a25,6c6a1ec509158d00e3a7ac5c64eec49f194496cd1826cb98180b7f3fb6144b79,data/manifests/phase1e/2019-08/daily/source_2019082600.json
2019082600,day1_24h,p02,B,1,5,0,0,0,0,0,0,6b6bf186fcb9ae0099ed989775da1d22317cd2c148f45b861c25b406a3ec75da,6b6bf186fcb9ae0099ed989775da1d22317cd2c148f45b861c25b406a3ec75da,data/manifests/phase1e/2019-08/daily/source_2019082600.json
2019082600,day1_24h,p03,A,4,8,0,0,0,0,0,0,8c88943815bdf359cfeb9e5c041775f0d3444a021c622fc365260e2024f9ce86,8c88943815bdf359cfeb9e5c041775f0d3444a021c622fc365260e2024f9ce86,data/manifests/phase1e/2019-08/daily/source_2019082600.json
2019082600,day1_24h,p03,B,1,5,0,0,0,0,0,0,38113dfc9295a2af99d8b89059e20719755c6ac9445c6d308a7db285cc18c77b,38113dfc9295a2af99d8b89059e20719755c6ac9445c6d308a7db285cc18c77b,data/manifests/phase1e/2019-08/daily/source_2019082600.json
2019082600,day1_24h,p04,A,4,8,0,0,0,0,0,0,6e1e353eafdcdba4a551d84d8529656b70c877bb6c4c13a5a78505924a9f6ecd,6e1e353eafdcdba4a551d84d8529656b70c877bb6c4c13a5a78505924a9f6ecd,data/manifests/phase1e/2019-08/daily/source_2019082600.json
2019082600,day1_24h,p04,B,1,5,0,0,0,0,0,0,95adac4b858f5f10a0f1c66823e52b9ed8379f2630aaf3095542b18623823d2c,95adac4b858f5f10a0f1c66823e52b9ed8379f2630aaf3095542b18623823d2c,data/manifests/phase1e/2019-08/daily/source_2019082600.json
2019082600,day2_24h,c00,A,4,8,701,20,20,681,24,0,703441ca07833d0621dbf8721b6577d0c234e08c32de9a311d2d8ff710a05ce0,1b76984a7ac94e1564ab9cf19f04e1d018a8ab05a7ae8d7cb002c447103be9b8,data/manifests/phase1e/2019-08/daily/source_2019082600.json
2019082600,day2_24h,c00,B,1,5,127,2,2,125,24,0,96dfed144dfc1b82ccb26cdd88cff29d8323c522284c9280e4d163290a5d5ee3,84f2c957b6c86c00fe0d0bff1fbc4b45b1a0c6f643e4666e0269baeb6f6461fe,data/manifests/phase1e/2019-08/daily/source_2019082600.json
2019082600,day2_24h,p01,A,4,8,656,18,18,638,22,0,e19cd9ff463d1e709e50a86c535bae4c3203032504755f15ec046800e95adfe4,a514ac371dc030d40dab6704e16e63dd5cf7054b6a3940e422ef720d36ca4e00,data/manifests/phase1e/2019-08/daily/source_2019082600.json
2019082600,day2_24h,p01,B,1,5,105,2,2,103,21,0,ce5c61c7a2e1c6d35a4325f06b966d3e9ddba84bb9b8a531db98bccb4c3d7e9f,630fc15e02cfefb0967fe3e454e96d02735d88cdaf5951fb3762268b08b0a70e,data/manifests/phase1e/2019-08/daily/source_2019082600.json
2019082600,day2_24h,p02,A,4,8,143,4,4,139,0,0,6b26c9315060f1be80cc5b748d399eb85714a971542b584b0a2d5e69e1a23994,80e5e2093e2a690a2210d904f4f564c872d768ae0d23a88ca3eec26a15abc25e,data/manifests/phase1e/2019-08/daily/source_2019082600.json
2019082600,day2_24h,p02,B,1,5,0,0,0,0,0,0,32e590997bb43dcfb2975bedc7f30cea0dd9ecb3f5b85f59b9588b0d4faf254e,32e590997bb43dcfb2975bedc7f30cea0dd9ecb3f5b85f59b9588b0d4faf254e,data/manifests/phase1e/2019-08/daily/source_2019082600.json
2019082600,day2_24h,p03,A,4,8,601,21,21,580,34,1,4f2a50d33b01300ebd4228c8cabcfbd35200a8c2df5b37368b292976014b4e94,d0d4765c9d8dc0ada1d3e03b2be7839d6a2e339cc2f6751f472882ff4c59716f,data/manifests/phase1e/2019-08/daily/source_2019082600.json
2019082600,day2_24h,p03,B,1,5,244,7,7,237,34,1,85f5f28597672efc92db9b47ad8a4d227e1a19ca80df2286cbd4026eef6bf957,58e813d82e679565a41663de39176338e26657e1d44e879dd5068a8335bc6a7f,data/manifests/phase1e/2019-08/daily/source_2019082600.json
2019082600,day2_24h,p04,A,4,8,559,9,9,550,33,0,07183daf76a8fd8dc5375e8e48d8423d18923ae823829977e79adffd1acbab8c,a8f1e6265860b625ab88d33962768322d62d5edfa937f2e6212c698f79ca2755,data/manifests/phase1e/2019-08/daily/source_2019082600.json
2019082600,day2_24h,p04,B,1,5,203,4,4,199,33,0,d1ada03bb778d3756e3aece339abfba53a1230b9e5ac6d1ae53124e67f23d1e6,61348d09f58e4ccd5484d5402336c4b932b260e0a9002265e69778a90405d56a,data/manifests/phase1e/2019-08/daily/source_2019082600.json
2019082600,day3_24h,c00,A,4,8,286,15,15,271,0,0,fd118abf0a545e7165df100d15687dec6f1b04a74eb532900a2ab2342d3b0c80,7c806cf3cc6faf3b22f20682b751cf1b2cdf5e170da294c5b077448f163c32fa,data/manifests/phase1e/2019-08/daily/source_2019082600.json
2019082600,day3_24h,c00,B,1,5,0,0,0,0,0,0,3682365c763b8cf76b82e53305a9c9bf6b33e5f48c5742d6c83df648de7b08c0,3682365c763b8cf76b82e53305a9c9bf6b33e5f48c5742d6c83df648de7b08c0,data/manifests/phase1e/2019-08/daily/source_2019082600.json
2019082600,day3_24h,p01,A,4,8,536,17,17,519,2,0,664acedfbe636786475d8eeef5e8d3e62289ec6ae4d29c64694ad8d55b0e8f35,8f6dff73b6a9de9c647f96540f481759c199aa42bf64eceaf2ef52936810516e,data/manifests/phase1e/2019-08/daily/source_2019082600.json
2019082600,day3_24h,p01,B,1,5,42,0,0,42,2,0,30ef96a75d5686ea7cce4a63e2dad2047f7b706e9feb1d7babb3047f52af9f2d,0c35ac9962c4c321b735576ae17d788060af06f2f2eea0d0fda917ff23628bd1,data/manifests/phase1e/2019-08/daily/source_2019082600.json
2019082600,day3_24h,p02,A,4,8,487,19,19,468,4,0,f1de43934a1ec6c6638d22952b6b39f6e06f7ac893519a9601032f5d67e96837,eab887bcfbf68622840f6d1619fc135b43b280b639ab677fec87b60d5bd377fe,data/manifests/phase1e/2019-08/daily/source_2019082600.json
2019082600,day3_24h,p02,B,1,5,45,0,0,45,4,0,5b3162bd0d5b525492b9b50a016303d290a7dd75adbb1c323424f7d5d33db3e4,26310d28c092c9770a4cad3a8cb470a131ad64fb0c392a25f98f5423011a8d3b,data/manifests/phase1e/2019-08/daily/source_2019082600.json
2019082600,day3_24h,p03,A,4,8,0,0,0,0,0,0,e7a34048edcd966ce227e69fc6310be67ead1ddafcf567204f1d4545e6ddf4f9,e7a34048edcd966ce227e69fc6310be67ead1ddafcf567204f1d4545e6ddf4f9,data/manifests/phase1e/2019-08/daily/source_2019082600.json
2019082600,day3_24h,p03,B,1,5,0,0,0,0,0,0,b51289e5a759fd8f35d701c6cd16b62e3ea42d43850fd07673b7573627b210ff,b51289e5a759fd8f35d701c6cd16b62e3ea42d43850fd07673b7573627b210ff,data/manifests/phase1e/2019-08/daily/source_2019082600.json
2019082600,day3_24h,p04,A,4,8,0,0,0,0,0,0,b4d694c0d0d7ef7f0235c483438f8344d57e0569027564b0cd06acdc0bb5d30c,b4d694c0d0d7ef7f0235c483438f8344d57e0569027564b0cd06acdc0bb5d30c,data/manifests/phase1e/2019-08/daily/source_2019082600.json
2019082600,day3_24h,p04,B,1,5,0,0,0,0,0,0,e7467ea9b7d56e1b211228ebf5f9689b5d95af40915df00bc49e2fddcfb0c92e,e7467ea9b7d56e1b211228ebf5f9689b5d95af40915df00bc49e2fddcfb0c92e,data/manifests/phase1e/2019-08/daily/source_2019082600.json
2019082700,day1_24h,c00,A,4,8,632,20,20,612,0,0,ca9bb6e4c01e4c19395b5c40477323d96069be2160ebc4691529bf3ced433a0a,068c82f5549a7844a8eb12bed5e29f4395db39246d129e964482d89f7a0ad747,data/manifests/phase1e/2019-08/daily/source_2019082700.json
2019082700,day1_24h,c00,B,1,5,0,0,0,0,0,0,654544e2058c1550a45a2c4aa0b7bcdc2ed92890f63ec5c7378750a41081ed9f,654544e2058c1550a45a2c4aa0b7bcdc2ed92890f63ec5c7378750a41081ed9f,data/manifests/phase1e/2019-08/daily/source_2019082700.json
2019082700,day1_24h,p01,A,4,8,0,0,0,0,0,0,55b8a579a0cc28a4e60549e3043e54f56a6ec7304ce63e9652427596600a5ab3,55b8a579a0cc28a4e60549e3043e54f56a6ec7304ce63e9652427596600a5ab3,data/manifests/phase1e/2019-08/daily/source_2019082700.json
2019082700,day1_24h,p01,B,1,5,0,0,0,0,0,0,74b98a25fed8f312397e41d522fb3cbe064206e56657bd230eff89ca11f42d88,74b98a25fed8f312397e41d522fb3cbe064206e56657bd230eff89ca11f42d88,data/manifests/phase1e/2019-08/daily/source_2019082700.json
2019082700,day1_24h,p02,A,4,8,403,10,10,393,0,0,374e8ef3eb22bf96dae2c5aee3ad9533d73a0c154782a970555c6ceb444b6a9f,ebb8e5299ebe960f5940b60fe6ede246df4d4d91b1f7a4a06d566133b4f575b0,data/manifests/phase1e/2019-08/daily/source_2019082700.json
2019082700,day1_24h,p02,B,1,5,0,0,0,0,0,0,e53913768f98f0d3c42c779904f90cf0facdea2b6de80e75f07b51391448b87b,e53913768f98f0d3c42c779904f90cf0facdea2b6de80e75f07b51391448b87b,data/manifests/phase1e/2019-08/daily/source_2019082700.json
2019082700,day1_24h,p03,A,4,8,0,0,0,0,0,0,6efe57a4bd434e440be6d2573f96f1624c0d1fa355f36286c78b3b2901384b53,6efe57a4bd434e440be6d2573f96f1624c0d1fa355f36286c78b3b2901384b53,data/manifests/phase1e/2019-08/daily/source_2019082700.json
2019082700,day1_24h,p03,B,1,5,0,0,0,0,0,0,9da43ad51dd57dd2a17e078b0b271fc24ed1aac3f15b5be4e6601f4e79b89fad,9da43ad51dd57dd2a17e078b0b271fc24ed1aac3f15b5be4e6601f4e79b89fad,data/manifests/phase1e/2019-08/daily/source_2019082700.json
2019082700,day1_24h,p04,A,4,8,141,3,3,138,0,0,a2b7dd67cbd8be2aa17c938a3a88f203dc982736c42b18123e8a09bc462c8de7,979bc133fe60a6669f9fff27224b50c20212cb33250df46d10f3e4ff415a9926,data/manifests/phase1e/2019-08/daily/source_2019082700.json
2019082700,day1_24h,p04,B,1,5,0,0,0,0,0,0,a8ef37537ac2e149f88f1da2322e1a605286f0993495bf0cfa1ec27364485aeb,a8ef37537ac2e149f88f1da2322e1a605286f0993495bf0cfa1ec27364485aeb,data/manifests/phase1e/2019-08/daily/source_2019082700.json
2019082700,day2_24h,c00,A,4,8,603,27,27,576,2,0,b5e039c5c54cd74ee0e612b0b72a6de0c825ee5874b6843f1ee6de8da16f1924,0e2c774f78a0ae22afc448ea7606587812da65bf4b4d7aef3e74e46fae289eff,data/manifests/phase1e/2019-08/daily/source_2019082700.json
2019082700,day2_24h,c00,B,1,5,53,0,0,53,2,0,396e97a132ebfa72717ac7ba23d3ec7a156bfc790c08edf0957677fbbd4a569e,9ebbb635ff0bab4a1e2a6a51c5847f762cef6d6fb9f2e9775c823bffbe9f8d04,data/manifests/phase1e/2019-08/daily/source_2019082700.json
2019082700,day2_24h,p01,A,4,8,96,1,1,95,18,0,ee502eaa51ec8c55be160cd15104275e86729b3a1396ce740c9bd6fffcd77f0c,c5855e84152b480a04c4388f52dc885f907d907bdad89411ed7033e4f6d2bd75,data/manifests/phase1e/2019-08/daily/source_2019082700.json
2019082700,day2_24h,p01,B,1,5,96,1,1,95,18,0,b879963112fbf5fb962ffce0b64cb42b89b39b494043e952d18be14b71d64ccb,8319f04f4a6acf9f849480635678820f312c293d4a018b3f611b253aaf37ec51,data/manifests/phase1e/2019-08/daily/source_2019082700.json
2019082700,day2_24h,p02,A,4,8,552,2,2,550,8,0,42afa7e878bb0e86d286f063172e8a605dd01cbb5dbc2a958bbaf6a65311d94a,c0a5c33deda552239d3804914da5b554c79894c66a289f759192acf87e31b2b0,data/manifests/phase1e/2019-08/daily/source_2019082700.json
2019082700,day2_24h,p02,B,1,5,61,0,0,61,8,0,e9a5beed3133275b0c5093f6f587b253578c7e91e14659aada02a31f02cedc60,71a009c6361b75b22f4cb84575c0c8baaea01224ef79bfe6caa7d8d480365b30,data/manifests/phase1e/2019-08/daily/source_2019082700.json
2019082700,day2_24h,p03,A,4,8,384,13,13,371,0,0,77ec9f4f3d9938aa6ba006c9b13d27aa8b650d5fcc4808a1ef93a51e34aa16cd,1864d6408a26299fdb99f4a3e8dcea10771f3d5c022e64005cf3d407c30d6187,data/manifests/phase1e/2019-08/daily/source_2019082700.json
2019082700,day2_24h,p03,B,1,5,0,0,0,0,0,0,34051fdfafc5ba460b9c27b2fcfa192cfb93095a775705fb2333cc8fa261beac,34051fdfafc5ba460b9c27b2fcfa192cfb93095a775705fb2333cc8fa261beac,data/manifests/phase1e/2019-08/daily/source_2019082700.json
2019082700,day2_24h,p04,A,4,8,145,1,1,144,7,0,c00d0d6ff07fd2c431be37d732e2308bc5180af2a76e4982e362073a33118ee2,3dfeef11cf43e1d450503d6692c357552173fd267b869c6a53c937556897ee9c,data/manifests/phase1e/2019-08/daily/source_2019082700.json
2019082700,day2_24h,p04,B,1,5,60,0,0,60,7,0,83f2bcd3fb22cd7f2abc1499b15b3fdc17f95d76bb2675382235a69a349b55b1,68b00593c5ee278f82988eb9fe2d8a5300ad902045bdaf1a29dad88f698579e4,data/manifests/phase1e/2019-08/daily/source_2019082700.json
2019082700,day3_24h,c00,A,4,8,384,10,10,374,1,0,d8381ef03c20c521cbe9bb3d7bedb664f5a398a2c653524b725d41c6243c1a86,cfc832b62920f8d4f25cf235a9dd5bba00e8a8be106f325e28e029aaac897774,data/manifests/phase1e/2019-08/daily/source_2019082700.json
2019082700,day3_24h,c00,B,1,5,65,0,0,65,1,0,92457a0a7f88467fc40ad465b9bf5e88e34b8ee60598d5de91f848d5e3ba8ba6,fd1ce62fb03bebfeb4db560a0100f82f7ca2df55f4a6ee660b719b1aab0af728,data/manifests/phase1e/2019-08/daily/source_2019082700.json
2019082700,day3_24h,p01,A,4,8,277,8,8,269,0,0,da7229adb682d9a6683f6b50aa41f0cdedc2deb94a333186a022075edd4a0a1f,c699c68d36a5446bbacba960ba1c8122b5fba8947b19a469ee5ca8034d752c37,data/manifests/phase1e/2019-08/daily/source_2019082700.json
2019082700,day3_24h,p01,B,1,5,0,0,0,0,0,0,c80223dfc5b6e42493984d496162656d6a6aef470d03bc2af41d2fcc145be017,c80223dfc5b6e42493984d496162656d6a6aef470d03bc2af41d2fcc145be017,data/manifests/phase1e/2019-08/daily/source_2019082700.json
2019082700,day3_24h,p02,A,4,8,38,0,0,38,4,0,b53ee8c7a740c1068eb43b0cd3d277ecc6aed852d179be1882813b7e44ded76f,574e3de3b3d0a3dd88d829fba9e883651bae40f17e0fd50ea145c6cbfcf2c35d,data/manifests/phase1e/2019-08/daily/source_2019082700.json
2019082700,day3_24h,p02,B,1,5,38,0,0,38,4,0,6b3cf3607f683e88673e569a6a2cfb671287a460aafb0b47c691cf77d7007650,52cec0b65a6a6c2244d35726b6f307406257413e89f18e3a4d4153899caaa0bf,data/manifests/phase1e/2019-08/daily/source_2019082700.json
2019082700,day3_24h,p03,A,4,8,167,4,4,163,0,0,066688c72d5b9de08c31bd910b5eb4cc5461d594823cab8ca7f654501f0ef7fc,e11c1675481728865223fc5e5c965817f678a276701d91b4402a9c0f79444301,data/manifests/phase1e/2019-08/daily/source_2019082700.json
2019082700,day3_24h,p03,B,1,5,0,0,0,0,0,0,97f75c02a9b5a6483ae5ac919c99c636eba52384314a8ff50a7089260f882af4,97f75c02a9b5a6483ae5ac919c99c636eba52384314a8ff50a7089260f882af4,data/manifests/phase1e/2019-08/daily/source_2019082700.json
2019082700,day3_24h,p04,A,4,8,0,0,0,0,0,0,c0f741926b1151465766c7281918d1ac9bcac526dec5ac445186c0a434c97189,c0f741926b1151465766c7281918d1ac9bcac526dec5ac445186c0a434c97189,data/manifests/phase1e/2019-08/daily/source_2019082700.json
2019082700,day3_24h,p04,B,1,5,0,0,0,0,0,0,315e921e3d07cc4b8a3f8d70730e696a4ad4e652a25e609479b6dc46aad52a0b,315e921e3d07cc4b8a3f8d70730e696a4ad4e652a25e609479b6dc46aad52a0b,data/manifests/phase1e/2019-08/daily/source_2019082700.json
2019082800,day1_24h,c00,A,4,8,0,0,0,0,0,0,38612f3d36b99bfdc4ab49260338ff192a99db6d67f83a815126ba15efad2e34,38612f3d36b99bfdc4ab49260338ff192a99db6d67f83a815126ba15efad2e34,data/manifests/phase1e/2019-08/daily/source_2019082800.json
2019082800,day1_24h,c00,B,1,5,0,0,0,0,0,0,ec5530cc7ceacebaab29e88da945601089eb149a20ca480e156a023f2ae16f65,ec5530cc7ceacebaab29e88da945601089eb149a20ca480e156a023f2ae16f65,data/manifests/phase1e/2019-08/daily/source_2019082800.json
2019082800,day1_24h,p01,A,4,8,329,21,21,308,0,0,2a70aead32e6c7276efb20e357a0103cbd3232c4bb605f1d058ad73500958c51,576ff277e8f9b52805b3f484e8fff627af16a424dbf44cec1a80d75bf35c9eba,data/manifests/phase1e/2019-08/daily/source_2019082800.json
2019082800,day1_24h,p01,B,1,5,0,0,0,0,0,0,3b5542ab2d23ac84985bc88cb35a90dd30bf465918b3a4417c3263768a5337ce,3b5542ab2d23ac84985bc88cb35a90dd30bf465918b3a4417c3263768a5337ce,data/manifests/phase1e/2019-08/daily/source_2019082800.json
2019082800,day1_24h,p02,A,4,8,220,12,12,208,0,0,ac66aeb3c5ed94c2279a14f161bf4e6d93518bd8a5ee8feb747d36335b99d013,9942442995efada2c3ef45e474edc6ffe978c26721d76fb322c52623f1a354fa,data/manifests/phase1e/2019-08/daily/source_2019082800.json
2019082800,day1_24h,p02,B,1,5,0,0,0,0,0,0,ea93ef8d9c631444b23e57c703f8f21bb4a8dbfad14bf11be5838674b1d577cf,ea93ef8d9c631444b23e57c703f8f21bb4a8dbfad14bf11be5838674b1d577cf,data/manifests/phase1e/2019-08/daily/source_2019082800.json
2019082800,day1_24h,p03,A,4,8,50,0,0,50,0,0,6b03cbae79abdaa518316a81da1a69cfe9a3756a9649d83c258f01590dbaa566,36eb915d159f6a8b43ba35ea4e4b127ba4419d4b159e5df9b6936129c248ffa5,data/manifests/phase1e/2019-08/daily/source_2019082800.json
2019082800,day1_24h,p03,B,1,5,50,0,0,50,0,0,8135ed8ee7d1079f98c8456c4e1d39f73624f529f7fa26d791d1b2bafeb66aa3,dad198940d091e2b064dec790d4e35d738d6552257dc05d38bf22513b96b2bc0,data/manifests/phase1e/2019-08/daily/source_2019082800.json
2019082800,day1_24h,p04,A,4,8,91,0,0,91,5,0,3b3f22f88b48735646e0a4655d3fb5c2443ae737b848a05e7c65772d2d1dbdea,c4565f63c27dea9362521d782c7ad5a53968c874e8de267c990c671c43004aae,data/manifests/phase1e/2019-08/daily/source_2019082800.json
2019082800,day1_24h,p04,B,1,5,91,0,0,91,5,0,e96ca5bbbde5184f4a7e056e2f663d3c05103dfaad6eee84b9816209464940b4,14eafaf74e4cf3bd759f706009dd2c6f57765f0e6d441a7e121f3390788df498,data/manifests/phase1e/2019-08/daily/source_2019082800.json
2019082800,day2_24h,c00,A,4,8,289,12,12,277,6,0,64bd0b06aca53cf4a118fce3eac6ce934de23a7f47f78d792d4f8bc6255b5275,5b872797553ff8a4dd903c9c780ec03fc95600492a54ce32d6bd6887638d7c00,data/manifests/phase1e/2019-08/daily/source_2019082800.json
2019082800,day2_24h,c00,B,1,5,72,0,0,72,5,0,c16b20a7e1c2af8bef60483954482213dd6386729a920d7d3e7571d718bbce77,3c8dee256112cb050d7a6fc81fd364bb0b08ead2f75e4c9a2498e8b6ba9125e1,data/manifests/phase1e/2019-08/daily/source_2019082800.json
2019082800,day2_24h,p01,A,4,8,169,10,10,159,0,0,47a390e84aebbb827927da96bbf75bc035b3ed3597637c8adef7a112697fce94,180549e85637cbf6caec3cf3e9c8cc0b51e9cf56a7970b909f2298f4a9033d0f,data/manifests/phase1e/2019-08/daily/source_2019082800.json
2019082800,day2_24h,p01,B,1,5,0,0,0,0,0,0,28693a0f46267aebbf237f42e86e0d3ffc4797d2c69694c7448444b346e19f74,28693a0f46267aebbf237f42e86e0d3ffc4797d2c69694c7448444b346e19f74,data/manifests/phase1e/2019-08/daily/source_2019082800.json
2019082800,day2_24h,p02,A,4,8,334,12,12,322,0,0,316f703756878ca399f87fc473264c136645bec7cae08527e45dd4382dae450b,660c886f50fc7d95bf8a75d243da5249fdbd63fb3e5e1afff5af80ee2163127d,data/manifests/phase1e/2019-08/daily/source_2019082800.json
2019082800,day2_24h,p02,B,1,5,0,0,0,0,0,0,e0c5a19f4190de0b38e0fee3ea85a5385e19f50ea3ce232b431456cf12f3e02d,e0c5a19f4190de0b38e0fee3ea85a5385e19f50ea3ce232b431456cf12f3e02d,data/manifests/phase1e/2019-08/daily/source_2019082800.json
2019082800,day2_24h,p03,A,4,8,572,22,22,550,1,0,047423a6ac222c4c94c67a24ef90a5288b7fc387d765cff1a6171d0f1fe36cf8,f15b89988693f2dcdad0e4f12ab1c7b730b9671c861ad1b4b89d800ae8f1371b,data/manifests/phase1e/2019-08/daily/source_2019082800.json
2019082800,day2_24h,p03,B,1,5,79,2,2,77,1,0,476def6444f3f83c22065dd2fc67ecbae13466e3090e2743eb17c99b7ba65fce,e2180e03c80d7b3b389c43888f41caa2c04cde378a0b81927d8456b8cbbc130f,data/manifests/phase1e/2019-08/daily/source_2019082800.json
2019082800,day2_24h,p04,A,4,8,357,9,9,348,0,0,78ecf74a4f3e8d91e3a40803ef6bded17da4f424765c9acbe27774c8bd6acb63,b349edeeca037507efcc0378fbd34f97ac31e67549dcbdcd15212c33f1cecb37,data/manifests/phase1e/2019-08/daily/source_2019082800.json
2019082800,day2_24h,p04,B,1,5,0,0,0,0,0,0,a9922779222fd2f001c73956f0c5d9941450e457aa935e32fdc15e9fab653326,a9922779222fd2f001c73956f0c5d9941450e457aa935e32fdc15e9fab653326,data/manifests/phase1e/2019-08/daily/source_2019082800.json
2019082800,day3_24h,c00,A,4,8,103,1,1,102,1,0,5a807cd84e0e244a06c4511ea99b2ec8520462f1d06986ff3fd087714b2e2d1d,e9ea3d93f3995ee8e16b5daac57912d0743da7768da179f2878ea3c6345a0499,data/manifests/phase1e/2019-08/daily/source_2019082800.json
2019082800,day3_24h,c00,B,1,5,103,1,1,102,1,0,d27291633e9871d5c5963c0640e82a44183f24ba24755f86ccf40d2c2f3ce9bd,6d5f305c0f3467c3ff5ddb219cf8135b35a3aacd7dd86451c7083ad0fb9558cd,data/manifests/phase1e/2019-08/daily/source_2019082800.json
2019082800,day3_24h,p01,A,4,8,127,3,3,124,0,0,41459549a85df4aa26517b3c52b07dcc80297407d02ba162dc47f081b507971a,d78f7426ffc042eb46058935b771f43b82849cfd196a70f425adddc48919569a,data/manifests/phase1e/2019-08/daily/source_2019082800.json
2019082800,day3_24h,p01,B,1,5,0,0,0,0,0,0,1790b4aa45abef6d9b1a00131c14b21c5fbd867359e53d15e9e7315010284562,1790b4aa45abef6d9b1a00131c14b21c5fbd867359e53d15e9e7315010284562,data/manifests/phase1e/2019-08/daily/source_2019082800.json
2019082800,day3_24h,p02,A,4,8,258,13,13,245,0,0,151a5fe52a3efa9c3c9a770fabe20e750dab4a4a2ce73a159ca3e1522b2f7cd9,8182b59d1e74d725696206a680cd4b0d305d7cb0b0537ac42f7af89fdff86983,data/manifests/phase1e/2019-08/daily/source_2019082800.json
2019082800,day3_24h,p02,B,1,5,0,0,0,0,0,0,1fa4c6a2ce1c3fb138dcd29b9239b3035bb13d52e94d14058623c4872296e13d,1fa4c6a2ce1c3fb138dcd29b9239b3035bb13d52e94d14058623c4872296e13d,data/manifests/phase1e/2019-08/daily/source_2019082800.json
2019082800,day3_24h,p03,A,4,8,98,5,5,93,0,0,0429818c65960edf7ddf19c41ec8256637e58a78bdd47ce723a78935ef90f358,415008094ff77842c1fe1b1232b2a1f0e76aaf4b59e778a2576c6d0e0429f0e8,data/manifests/phase1e/2019-08/daily/source_2019082800.json
2019082800,day3_24h,p03,B,1,5,0,0,0,0,0,0,9bafc89c2c0fb17812dcb27a8240df4211f14d8f05f8a8c1a2a3880dbc05c302,9bafc89c2c0fb17812dcb27a8240df4211f14d8f05f8a8c1a2a3880dbc05c302,data/manifests/phase1e/2019-08/daily/source_2019082800.json
2019082800,day3_24h,p04,A,4,8,111,5,5,106,0,0,dc5bd39d902e889ecf09f6e99ac7f8dcefe0e5a07d05d702e8aac95e6c8d9a67,3a68d803d431e4a250bb0285a3d76e6dc98db5dc9a679d55e973786c098943bf,data/manifests/phase1e/2019-08/daily/source_2019082800.json
2019082800,day3_24h,p04,B,1,5,0,0,0,0,0,0,99e1b97f0695289bdea867e5404fd5a8caf26ea2bdadd0f5bf74722783ec541a,99e1b97f0695289bdea867e5404fd5a8caf26ea2bdadd0f5bf74722783ec541a,data/manifests/phase1e/2019-08/daily/source_2019082800.json
2019082900,day1_24h,c00,A,4,8,370,19,19,351,0,0,5f75eb6e58f0763e38937ec010bec7c7dfd87e68f2b86e34e97139a0f925ca40,518c79ae92b8a0f8569c92f78b962289d724268c2218480c95ddd7360b49ea75,data/manifests/phase1e/2019-08/daily/source_2019082900.json
2019082900,day1_24h,c00,B,1,5,0,0,0,0,0,0,995cf2d2d21449359c3b8180fff76d0fb9d007d633aacf2f0d54993c4f747781,995cf2d2d21449359c3b8180fff76d0fb9d007d633aacf2f0d54993c4f747781,data/manifests/phase1e/2019-08/daily/source_2019082900.json
2019082900,day1_24h,p01,A,4,8,0,0,0,0,0,0,e5240f37552210a8d2e77c62a9a5c1123b14d2665b465935b4dbdd5f86710638,e5240f37552210a8d2e77c62a9a5c1123b14d2665b465935b4dbdd5f86710638,data/manifests/phase1e/2019-08/daily/source_2019082900.json
2019082900,day1_24h,p01,B,1,5,0,0,0,0,0,0,88d1b542e41967436f08a556089ce1dfc9b38ee064d687776e343f4954d3ebc3,88d1b542e41967436f08a556089ce1dfc9b38ee064d687776e343f4954d3ebc3,data/manifests/phase1e/2019-08/daily/source_2019082900.json
2019082900,day1_24h,p02,A,4,8,0,0,0,0,0,0,bd18df6f65014498852d81ba04939a046677724daa4e0864048a6e5de60cc0b8,bd18df6f65014498852d81ba04939a046677724daa4e0864048a6e5de60cc0b8,data/manifests/phase1e/2019-08/daily/source_2019082900.json
2019082900,day1_24h,p02,B,1,5,0,0,0,0,0,0,13b03815edd195eb1ae5b3763e96a369b93b791989c9c4cf0eaa07891ebb9311,13b03815edd195eb1ae5b3763e96a369b93b791989c9c4cf0eaa07891ebb9311,data/manifests/phase1e/2019-08/daily/source_2019082900.json
2019082900,day1_24h,p03,A,4,8,177,3,3,174,2,0,b1be1da84415335aeaaf71ece9dd595856bc47bd38cd96d56c4e54aa6485b2bd,072115bac1d8584010d7e2150e709673e4b345abfd508086aaf5d9f4c8f9a80f,data/manifests/phase1e/2019-08/daily/source_2019082900.json
2019082900,day1_24h,p03,B,1,5,51,0,0,51,2,0,f4abaaf3aa981b8e35d588d2e229f1bb561ad4c6e5724548c14331b4193c1997,cf0a16f86cf7fff7c7d6544298fa801d2c2a62ffc3fe6fa40c070859193b6eda,data/manifests/phase1e/2019-08/daily/source_2019082900.json
2019082900,day1_24h,p04,A,4,8,0,0,0,0,0,0,abf5216d1cbe413e28f7e70521350b0c08faccfce92dbb9944dfe3af59b388d8,abf5216d1cbe413e28f7e70521350b0c08faccfce92dbb9944dfe3af59b388d8,data/manifests/phase1e/2019-08/daily/source_2019082900.json
2019082900,day1_24h,p04,B,1,5,0,0,0,0,0,0,dc2df0eb43c731b6ba8a39c35024b5782a73329bdd0f919f69bf1183fe41c5af,dc2df0eb43c731b6ba8a39c35024b5782a73329bdd0f919f69bf1183fe41c5af,data/manifests/phase1e/2019-08/daily/source_2019082900.json
2019082900,day2_24h,c00,A,4,8,487,16,16,471,17,0,60b959c054ae280c0948b98baac3a1b43fa50c7c195450342f8b08dff8ec1e4d,7d7a5923e0fb5ac49a87188654ea3bd580be6bb031cc40026002020ba976a5c4,data/manifests/phase1e/2019-08/daily/source_2019082900.json
2019082900,day2_24h,c00,B,1,5,92,0,0,92,17,0,40aff846a9e8b2431297b00c1a3f37c67bcefdb62c05e40be4fdb0911b2a3ff3,96fbfbc84e4b686539fe85d651263520a8c2de1bc0ff0dbbdbb0e7661500143d,data/manifests/phase1e/2019-08/daily/source_2019082900.json
2019082900,day2_24h,p01,A,4,8,557,28,28,529,2,0,359dea1b4063269db30a7312eba2396f54c59f0abb867dcd94c966c104bc580e,2953136b9fb85e582edaf0b08e02ecaf8ca699664ff52cf77ae8632694bad0f0,data/manifests/phase1e/2019-08/daily/source_2019082900.json
2019082900,day2_24h,p01,B,1,5,99,1,1,98,2,0,f814e0b8f701cdd5bf30d3d889bc4f72300a7c234f7dc30405b335f2d32e5b9d,6a0e6c957c2d71ecbeaffb3c4bd7201ee63a7cc31a10c7ebe44d9791e9d892e4,data/manifests/phase1e/2019-08/daily/source_2019082900.json
2019082900,day2_24h,p02,A,4,8,489,14,14,475,42,1,462b7ed4bc5f12d6f1c1110794b24a1c76ea63f61743061c67ec95390eda0979,ad60d8c14301cb7603a93478eeaebcd07a460ec06542fbd0cfafbc5c15b1367c,data/manifests/phase1e/2019-08/daily/source_2019082900.json
2019082900,day2_24h,p02,B,1,5,120,5,5,115,42,1,182032ffe2c9fa2af6a526cbb86223005a70cd8c74f2a4aa376774f9110c60b8,9ab1d494f71989401df867a433ae007a18e4b162442cdb6219521a51f6fa7438,data/manifests/phase1e/2019-08/daily/source_2019082900.json
2019082900,day2_24h,p03,A,4,8,0,0,0,0,0,0,4efd9837b0af5fe5913b5f4eadef163cf5024c9014d295c3657a6c7438309a75,4efd9837b0af5fe5913b5f4eadef163cf5024c9014d295c3657a6c7438309a75,data/manifests/phase1e/2019-08/daily/source_2019082900.json
2019082900,day2_24h,p03,B,1,5,0,0,0,0,0,0,f4a0376a15b7d3ab34073e8f4ade633ad7acf877a4261dcee1289d9bfe17c210,f4a0376a15b7d3ab34073e8f4ade633ad7acf877a4261dcee1289d9bfe17c210,data/manifests/phase1e/2019-08/daily/source_2019082900.json
2019082900,day2_24h,p04,A,4,8,241,10,10,231,0,0,d5e1dc820fcfd775b2870e12012f07ee7d0da83b7cd986b620be3276cb659576,7f011037996bb568e4fd2fbc320fd7128897f3d73ea142917e8d7d064441b101,data/manifests/phase1e/2019-08/daily/source_2019082900.json
2019082900,day2_24h,p04,B,1,5,0,0,0,0,0,0,ddc3e7b1ac338b7accf7532c89cee909649ca6a5681e85bd719769e58c3afcb2,ddc3e7b1ac338b7accf7532c89cee909649ca6a5681e85bd719769e58c3afcb2,data/manifests/phase1e/2019-08/daily/source_2019082900.json
2019082900,day3_24h,c00,A,4,8,241,2,2,239,0,0,6fa2166bbcf5ec98ebae3043034540c45479f54700d56288ec5ed02d63aa372a,643b86063889afca27dac396fd392943ef18142a5f867dcd203d5a74ac494e79,data/manifests/phase1e/2019-08/daily/source_2019082900.json
2019082900,day3_24h,c00,B,1,5,0,0,0,0,0,0,8a21dc807bdf53dabde8e2aecb75b0141db37e9f1ed19cf2877b1057cf8ec15e,8a21dc807bdf53dabde8e2aecb75b0141db37e9f1ed19cf2877b1057cf8ec15e,data/manifests/phase1e/2019-08/daily/source_2019082900.json
2019082900,day3_24h,p01,A,4,8,0,0,0,0,0,0,912dff97c3b67ebddf995c9254807ae79c229ebedb93b4d370568938edf0ba0c,912dff97c3b67ebddf995c9254807ae79c229ebedb93b4d370568938edf0ba0c,data/manifests/phase1e/2019-08/daily/source_2019082900.json
2019082900,day3_24h,p01,B,1,5,0,0,0,0,0,0,864ad1d688241da2d4722f0fac4bcf981da2affe5cd771a849cec308f26bf659,864ad1d688241da2d4722f0fac4bcf981da2affe5cd771a849cec308f26bf659,data/manifests/phase1e/2019-08/daily/source_2019082900.json
2019082900,day3_24h,p02,A,4,8,213,10,10,203,0,0,38c080aebb446f00e0b1508a6d663c3cc83dd3b2b2a87f00ecb2072c7ee9085b,1180fa1916d874e72bb53ebdf642cf289965f62795cc73f349f71828ee37f598,data/manifests/phase1e/2019-08/daily/source_2019082900.json
2019082900,day3_24h,p02,B,1,5,0,0,0,0,0,0,586ec7cdd91eb5ef25ef4e2dfafdc8dea5cbb4631ef52ddec6eb327a89ecac15,586ec7cdd91eb5ef25ef4e2dfafdc8dea5cbb4631ef52ddec6eb327a89ecac15,data/manifests/phase1e/2019-08/daily/source_2019082900.json
2019082900,day3_24h,p03,A,4,8,263,6,6,257,0,0,f48d72ba3fc8f8a4de0ed9b0560484999761beace9fe670af2754d87ce7dd254,097f4ea34fa369f8fc98641de2ec1f24b6f3c89a49f1e6d5067ce58f3a42f68b,data/manifests/phase1e/2019-08/daily/source_2019082900.json
2019082900,day3_24h,p03,B,1,5,0,0,0,0,0,0,ec4d1ddfbab370b50a3a5b4402e755b22e5e78e6caf8d61ffe56ccb96753f599,ec4d1ddfbab370b50a3a5b4402e755b22e5e78e6caf8d61ffe56ccb96753f599,data/manifests/phase1e/2019-08/daily/source_2019082900.json
2019082900,day3_24h,p04,A,4,8,266,14,14,252,0,0,209754d6e1454c881fefa9eb5867b992e4c685e4618221161af5f8bdcad0ab57,30f334b7359e5c99f60e3cb65d92f91b4e75bec6254ed60b188d5cbee16ae0db,data/manifests/phase1e/2019-08/daily/source_2019082900.json
2019082900,day3_24h,p04,B,1,5,0,0,0,0,0,0,e2fa1f3c435f3049688c005afd28ce40e4b58f76056cfd9c132df63f2c46b111,e2fa1f3c435f3049688c005afd28ce40e4b58f76056cfd9c132df63f2c46b111,data/manifests/phase1e/2019-08/daily/source_2019082900.json
2019083000,day1_24h,c00,A,4,8,410,13,13,397,0,0,ad7d73c6ea5eb13840dfeb898b6a6b66cec2baad6627a9a159f259338ce1541b,e5da2742c995f7c25163d435124eae1e65aeeb20fcc8002d6622c3ab880135ab,data/manifests/phase1e/2019-08/daily/source_2019083000.json
2019083000,day1_24h,c00,B,1,5,0,0,0,0,0,0,c8c0962d347462b9d2c859aa30a8a8561ded62f3778fd07ba9e86e2bfcc36dd8,c8c0962d347462b9d2c859aa30a8a8561ded62f3778fd07ba9e86e2bfcc36dd8,data/manifests/phase1e/2019-08/daily/source_2019083000.json
2019083000,day1_24h,p01,A,4,8,52,0,0,52,1,0,2260a426f4aed48d13b4fbbd54c0c4f5b0bbf5ea7a76f1fe6b55c2ff2a33a08b,f52df9578e876dae9cd9b206edbe33129b80ee4bd98bc89e81d948a3e3ec34d0,data/manifests/phase1e/2019-08/daily/source_2019083000.json
2019083000,day1_24h,p01,B,1,5,52,0,0,52,1,0,048f39206df141f3bb02ed19faeea090df3cbb7527b9804531def316575df05c,fe9f6948a9df792d3024e03ec639e1e17e0d270a35e4e79e9a861d7c15f93649,data/manifests/phase1e/2019-08/daily/source_2019083000.json
2019083000,day1_24h,p02,A,4,8,337,6,6,331,0,0,f94dd7c6a333035760f4626ba60f64383e8f4355c7c3c7898a374e87b97a7c08,ae7ded2e4589c574c830b5330105774949c813cff718269039f7f5ac72cd88cc,data/manifests/phase1e/2019-08/daily/source_2019083000.json
2019083000,day1_24h,p02,B,1,5,54,0,0,54,0,0,cee75f877f7aaf2bcb0c23a8beeb65bcca76fd86e396c385e45e91fac6f98127,4186b0abd820c499cea21458d83917b83b0f9024d4d015b5d8514b27d8a8c586,data/manifests/phase1e/2019-08/daily/source_2019083000.json
2019083000,day1_24h,p03,A,4,8,192,4,4,188,3,0,72e6228194f9ff3d512aefd7fe74373e059461d62299495f8e8ea2ac662c696d,8ff3fe96515437e93853a0403a37a1bd6551c26fc3bd86bf928052f1764d7873,data/manifests/phase1e/2019-08/daily/source_2019083000.json
2019083000,day1_24h,p03,B,1,5,53,0,0,53,3,0,5c306f4fca31cb7c0fe0712b5281f29d0aae4e5c95b8b5ca3683bb14f0f813c6,b6badc630091384e4d7fec0f965d78b1f0626126572efc4c2630cb6a2350d04c,data/manifests/phase1e/2019-08/daily/source_2019083000.json
2019083000,day1_24h,p04,A,4,8,531,7,7,524,1,0,5acc49761e1fe6ca5c3ad7a4f3e97741e44d612c0a33379a646c54c4e95d6709,02d45d31d95b47c635b751a9ce31f61e958d82408ea0e63ff39c33ff9191bc08,data/manifests/phase1e/2019-08/daily/source_2019083000.json
2019083000,day1_24h,p04,B,1,5,143,0,0,143,1,0,7e4cec7c0da273918ed0272e493861ce3d61f2f7c59c3fce0c9f6ef4e8116f59,b9e766aac802c6fea0af2eb898475092051ee5f53477bd1f9871f56cc54bf9ca,data/manifests/phase1e/2019-08/daily/source_2019083000.json
2019083000,day2_24h,c00,A,4,8,443,19,19,424,14,2,888a63ac95e0203df218ef1899d403d768c65b5610ba78d9c2a3e4189c497ec0,216fccb6a92e10bab5a439e8efb4e93c243741e3d1584fa76070d5c79f084bc8,data/manifests/phase1e/2019-08/daily/source_2019083000.json
2019083000,day2_24h,c00,B,1,5,117,6,6,111,13,2,1fdf811e6dc3b2e2f799d46c58af7da9bda5a30e8d7142be2c0bdecb280fcb00,c1efdaab349d4a4c7baea05e23c4ae28e3a6346a79062f6719a6def5a5929b1b,data/manifests/phase1e/2019-08/daily/source_2019083000.json
2019083000,day2_24h,p01,A,4,8,362,5,5,357,0,0,404851a27515724cfd4a95ec8544813f756972a1107f790921a569abd77ea30a,e988560eb3db3724d227eff88bc5e8b15c70eb870adddc9e5a4744f35bc86837,data/manifests/phase1e/2019-08/daily/source_2019083000.json
2019083000,day2_24h,p01,B,1,5,0,0,0,0,0,0,dcdc176647d1045d4c2bb5e429d7e5460f08934e84503a6b02dd353eb94e2f92,dcdc176647d1045d4c2bb5e429d7e5460f08934e84503a6b02dd353eb94e2f92,data/manifests/phase1e/2019-08/daily/source_2019083000.json
2019083000,day2_24h,p02,A,4,8,0,0,0,0,0,0,b39b62b2d08e24d370c62bfd66513e9db87cceb38bdb4e6782bab9b0859156e6,b39b62b2d08e24d370c62bfd66513e9db87cceb38bdb4e6782bab9b0859156e6,data/manifests/phase1e/2019-08/daily/source_2019083000.json
2019083000,day2_24h,p02,B,1,5,0,0,0,0,0,0,885cdc7ce47fd4f0a4629ee92150fad1fdc6b0c178c8144d350dfe13375a9afc,885cdc7ce47fd4f0a4629ee92150fad1fdc6b0c178c8144d350dfe13375a9afc,data/manifests/phase1e/2019-08/daily/source_2019083000.json
2019083000,day2_24h,p03,A,4,8,211,8,8,203,0,0,37033d668534bc1031294ba500482bb32207a4b1fd124cc53a394fbecd1c3827,2d40b8cf9f5128ab9fa7c7ca819ede2857bbe1933ec39d6c349817777bfc26f8,data/manifests/phase1e/2019-08/daily/source_2019083000.json
2019083000,day2_24h,p03,B,1,5,0,0,0,0,0,0,ccf10bb4c555f352d56f2f8148c11dba02ae66d85d7d2b4f608bd90ed192eaa5,ccf10bb4c555f352d56f2f8148c11dba02ae66d85d7d2b4f608bd90ed192eaa5,data/manifests/phase1e/2019-08/daily/source_2019083000.json
2019083000,day2_24h,p04,A,4,8,0,0,0,0,0,0,43485cc808c4602fccce6ffe4bab881165290d88538f3340064e3b74b75c6137,43485cc808c4602fccce6ffe4bab881165290d88538f3340064e3b74b75c6137,data/manifests/phase1e/2019-08/daily/source_2019083000.json
2019083000,day2_24h,p04,B,1,5,0,0,0,0,0,0,ade32769897747854a6b0615e3426990710836bb341f7b5f73bb14311830c44f,ade32769897747854a6b0615e3426990710836bb341f7b5f73bb14311830c44f,data/manifests/phase1e/2019-08/daily/source_2019083000.json
2019083000,day3_24h,c00,A,4,8,298,17,17,281,0,0,2af9c27fcbddc2e44d6be3081cfe561044f74d584fa15d967604c229a645f38b,624d4b9fb65c827a23bb1d4bdb442a6aed9f15d8f4cc80ba74b6722974dfe75e,data/manifests/phase1e/2019-08/daily/source_2019083000.json
2019083000,day3_24h,c00,B,1,5,69,4,4,65,0,0,c75e505122be1f025b8450bd9e3f535eb98bfca6523bd6b1615ad58009f2d2e0,5846ac9fb6f35e0664ba31ffe92904666e05356b8ee144bdaa947cf6c0824aca,data/manifests/phase1e/2019-08/daily/source_2019083000.json
2019083000,day3_24h,p01,A,4,8,136,14,14,122,0,0,ad066e0fb98fb780d6348866907c4e887773d31af91c1c150e5c360469b528e0,636ee33adb88998365b049152e8e3aad489be2e28d14ee99e98013f959f45e4e,data/manifests/phase1e/2019-08/daily/source_2019083000.json
2019083000,day3_24h,p01,B,1,5,0,0,0,0,0,0,cd898e62e4560c219a9457c146921cea04a98159513b902c48cd37dd64c1387d,cd898e62e4560c219a9457c146921cea04a98159513b902c48cd37dd64c1387d,data/manifests/phase1e/2019-08/daily/source_2019083000.json
2019083000,day3_24h,p02,A,4,8,205,13,13,192,0,0,6df7e5fdc861dec8aebd887830bd271b4c3d71420ce1707796cb80ffc7e38451,31eb801f4b002f95bd28cf79305481f5922ba1417a5fce74cf35a37a5f90647d,data/manifests/phase1e/2019-08/daily/source_2019083000.json
2019083000,day3_24h,p02,B,1,5,0,0,0,0,0,0,dc68125693fd8dbbb4e76063615daab2d9c26c307a8df2d4f9563b0779d9af65,dc68125693fd8dbbb4e76063615daab2d9c26c307a8df2d4f9563b0779d9af65,data/manifests/phase1e/2019-08/daily/source_2019083000.json
2019083000,day3_24h,p03,A,4,8,52,0,0,52,0,0,2af54554161a9fdfa38c9dbb9c9103708c5578c608aa7bf09bd324c8107b116b,0fe7ba4f92322c34b4c497fc479865762a15759b525d3a4ee71da73fad47c4c2,data/manifests/phase1e/2019-08/daily/source_2019083000.json
2019083000,day3_24h,p03,B,1,5,0,0,0,0,0,0,5756301f1c9404b7f298df791290eabe7d129faea013e85f954486635e457812,5756301f1c9404b7f298df791290eabe7d129faea013e85f954486635e457812,data/manifests/phase1e/2019-08/daily/source_2019083000.json
2019083000,day3_24h,p04,A,4,8,555,18,18,537,0,0,45cbfb7f87fafd55a79b62f641367645a7b63c3b8ef00c04bfd17ca9ae0b9808,071bf5f8a510fa9c2db2d1d58019f541f3f8e64a2e9d0c65dfbff5447bbd5f53,data/manifests/phase1e/2019-08/daily/source_2019083000.json
2019083000,day3_24h,p04,B,1,5,0,0,0,0,0,0,b419fbd017099b445875bd5329d95da7106358b5f94dc7ca6796e5ee40fba34e,b419fbd017099b445875bd5329d95da7106358b5f94dc7ca6796e5ee40fba34e,data/manifests/phase1e/2019-08/daily/source_2019083000.json
2019083100,day1_24h,c00,A,4,8,175,5,5,170,0,0,09dea37798a4c80af50787a9dde7a9c95fdcd4ed8d300fff4e593eb4ee619a44,1cf1d7d6fc40e164b1d0d809d2659bea9e1c7747be5ad45dd3809e9253567492,data/manifests/phase1e/2019-08/daily/source_2019083100.json
2019083100,day1_24h,c00,B,1,5,0,0,0,0,0,0,276e331fc25b19e14ac5fd61c6efe08abd14194d8797ef710fc33f376e3f02c6,276e331fc25b19e14ac5fd61c6efe08abd14194d8797ef710fc33f376e3f02c6,data/manifests/phase1e/2019-08/daily/source_2019083100.json
2019083100,day1_24h,p01,A,4,8,125,5,5,120,0,0,6c56dd7fb64595bbb65a7b13be817b8eff8ef4007fd97dbfcf99ff5e27538a46,a900e8214080a7db6b107cb89ce2d9556d14a0a908793d6620d4a6836b511262,data/manifests/phase1e/2019-08/daily/source_2019083100.json
2019083100,day1_24h,p01,B,1,5,0,0,0,0,0,0,228d2c695099727d91f9da0217978b782bf426e79e3df057d7962f06b9f1bcf6,228d2c695099727d91f9da0217978b782bf426e79e3df057d7962f06b9f1bcf6,data/manifests/phase1e/2019-08/daily/source_2019083100.json
2019083100,day1_24h,p02,A,4,8,128,1,1,127,5,0,d14e6a561015483ee769a87dfc380a4f5a6519fdabac0239e66c1a2942fce666,7f9668aab71f768739a294a4c294a3eb445a4cef71e39499514dde6d8eab352d,data/manifests/phase1e/2019-08/daily/source_2019083100.json
2019083100,day1_24h,p02,B,1,5,61,0,0,61,5,0,625cf632694b69e29cdf0b6a8926579ed9df554b443b122472999bd697aaf008,d81398850791bb66e861a41174e24bf4fe5ce9da6d243481f8f2a6c691a43e76,data/manifests/phase1e/2019-08/daily/source_2019083100.json
2019083100,day1_24h,p03,A,4,8,254,13,13,241,10,0,e7f07af0d7ee8f311335daa96833c96310cb8bc8a864131ee1cb6eae1bdc8000,df3e1f644f790545735b29df0e9de4d2975e3e6d9807db1655e316bc79e62313,data/manifests/phase1e/2019-08/daily/source_2019083100.json
2019083100,day1_24h,p03,B,1,5,45,0,0,45,10,0,7bdad4d40664b51fbea3039266a5950ed168d1c677132dfe21d9e161a65190aa,ab3ce915cbc13587c392f72955258e2579eb08e4b124cb42d1ec706cceda40f1,data/manifests/phase1e/2019-08/daily/source_2019083100.json
2019083100,day1_24h,p04,A,4,8,0,0,0,0,0,0,81feaf82af79a3add409de04ec6480f532deea694d8d46743ca99006a3c24104,81feaf82af79a3add409de04ec6480f532deea694d8d46743ca99006a3c24104,data/manifests/phase1e/2019-08/daily/source_2019083100.json
2019083100,day1_24h,p04,B,1,5,0,0,0,0,0,0,7035cf917a7a9e17a01551a0e0f40b8870d13012b1dc09c48ee44c04ebfa27b3,7035cf917a7a9e17a01551a0e0f40b8870d13012b1dc09c48ee44c04ebfa27b3,data/manifests/phase1e/2019-08/daily/source_2019083100.json
2019083100,day2_24h,c00,A,4,8,287,10,10,277,3,0,c6c0bc9ff28274e83d0ae25895be5fd2c300304ff73150af60181952ce623fd4,7947fe161dda1a7cd02920be8bca442776c86c176681ef7e9873a5a58b41368e,data/manifests/phase1e/2019-08/daily/source_2019083100.json
2019083100,day2_24h,c00,B,1,5,51,2,2,49,3,0,6bde5de9e51dc7ff52ba0c55a8b757e99427062040b006527ce8a7ebb9251565,cb5aea0500920b79b363c6be52d5e577abd7aa3c086185e76343d76a7588d73d,data/manifests/phase1e/2019-08/daily/source_2019083100.json
2019083100,day2_24h,p01,A,4,8,99,3,3,96,7,0,1f8050252415015553878d728e846287cbbe6605769ffbdf2ae4983bf72a5712,0f993583c1b6d5503b8afcde20c38094cc77959a313d0d96e6bb66ef78a70d40,data/manifests/phase1e/2019-08/daily/source_2019083100.json
2019083100,day2_24h,p01,B,1,5,99,3,3,96,7,0,2bccdc3c12b99c46ab4eeb27ce8c35368cd3c88d59b4bb2cfbce74ffb62f99cf,54dc0763e4ee520116332b5666f94ff54cfdba464a0bfa144b5588246f86b362,data/manifests/phase1e/2019-08/daily/source_2019083100.json
2019083100,day2_24h,p02,A,4,8,283,5,5,278,0,0,2d2037248a288e89ebe4ec1ff7765cd61599f73bd52f48fc83f3d4e6d16480cb,aa942cf3a6ea727ea3cd63441f9f3e50de8a91b533f6284a70a9a3ea614324a5,data/manifests/phase1e/2019-08/daily/source_2019083100.json
2019083100,day2_24h,p02,B,1,5,55,0,0,55,0,0,c0e6a74661c4934a04e3508055b7930a0f79acd5f03ca81a07c31270710ad99b,9a5ad4bbaf79389c5f52ab2e937da003ca2a9decc80a572ae4f1546dd23b4e81,data/manifests/phase1e/2019-08/daily/source_2019083100.json
2019083100,day2_24h,p03,A,4,8,112,1,1,111,18,0,7eb45e8ffed54b5f460a2676a4c7f68ca01f5ad8f99107c722b275e60a47604c,1721af67d54c2a905ec49253d5791b621fcb5b4da818a09361dcdce381293e5e,data/manifests/phase1e/2019-08/daily/source_2019083100.json
2019083100,day2_24h,p03,B,1,5,112,1,1,111,18,0,450e6cc83d1caede577399f0cd1ef3f207c5494443fc2d760091238c41096a77,5ef7853bbddb009e3ca04ce31ed980a943e50ba3fc215ec993cd0523fb4b2ffc,data/manifests/phase1e/2019-08/daily/source_2019083100.json
2019083100,day2_24h,p04,A,4,8,0,0,0,0,0,0,e50289088e24bbaac51c4333888ac5f19cb6e124b6892a0553472e7fea52b94a,e50289088e24bbaac51c4333888ac5f19cb6e124b6892a0553472e7fea52b94a,data/manifests/phase1e/2019-08/daily/source_2019083100.json
2019083100,day2_24h,p04,B,1,5,0,0,0,0,0,0,ea7377a5a88ed3fb6d25d7a1f68f33baa82f6815cae81c087c8d28f73d9dda4b,ea7377a5a88ed3fb6d25d7a1f68f33baa82f6815cae81c087c8d28f73d9dda4b,data/manifests/phase1e/2019-08/daily/source_2019083100.json
2019083100,day3_24h,c00,A,4,8,0,0,0,0,0,0,ee52f895ad026678c594fde896f3d7f85fa0c462a3a7a1b30fb6147c2eb76ee2,ee52f895ad026678c594fde896f3d7f85fa0c462a3a7a1b30fb6147c2eb76ee2,data/manifests/phase1e/2019-08/daily/source_2019083100.json
2019083100,day3_24h,c00,B,1,5,0,0,0,0,0,0,e4bd76e9339668e4489c8d9b117b4647962e3f4a3874721e50b1b882352a879f,e4bd76e9339668e4489c8d9b117b4647962e3f4a3874721e50b1b882352a879f,data/manifests/phase1e/2019-08/daily/source_2019083100.json
2019083100,day3_24h,p01,A,4,8,0,0,0,0,0,0,e3c72e7043c3caa0a69c43b323192086937d2ceacbb307904126e898598f3a3c,e3c72e7043c3caa0a69c43b323192086937d2ceacbb307904126e898598f3a3c,data/manifests/phase1e/2019-08/daily/source_2019083100.json
2019083100,day3_24h,p01,B,1,5,0,0,0,0,0,0,c83578cb90ed4a87897c6afafa38eed9ab67ddf2c536c9fbb1dfc24d9fcb39d7,c83578cb90ed4a87897c6afafa38eed9ab67ddf2c536c9fbb1dfc24d9fcb39d7,data/manifests/phase1e/2019-08/daily/source_2019083100.json
2019083100,day3_24h,p02,A,4,8,263,7,7,256,12,0,2d88b3113839d80d762e301d51256250ac01cd295a62d86423508a9a15cd2ea7,5ad9c016db95205e1cd393d268999c3bd3ca9e39a3fc90176b25cc94cd245c94,data/manifests/phase1e/2019-08/daily/source_2019083100.json
2019083100,day3_24h,p02,B,1,5,93,2,2,91,12,0,e7bd4c4b2052ffd29bd9303aef0d72b093011b686746d0a6112d2dfbf08f5e7a,c924c8d84d845a4e9930169edf9da945e862c783bffa4688ce8107aefbd58311,data/manifests/phase1e/2019-08/daily/source_2019083100.json
2019083100,day3_24h,p03,A,4,8,0,0,0,0,0,0,777625f4226184e046bed29b42afa8b3a37a4493441df8d880ca20037f16fc8f,777625f4226184e046bed29b42afa8b3a37a4493441df8d880ca20037f16fc8f,data/manifests/phase1e/2019-08/daily/source_2019083100.json
2019083100,day3_24h,p03,B,1,5,0,0,0,0,0,0,b54efcd1e6e8323a699d56d133bcd6a968268332bb3ac5e102fe5958d03298e3,b54efcd1e6e8323a699d56d133bcd6a968268332bb3ac5e102fe5958d03298e3,data/manifests/phase1e/2019-08/daily/source_2019083100.json
2019083100,day3_24h,p04,A,4,8,0,0,0,0,0,0,9a9bb83bcdba43b0ce4e0f2622e326a43780ff400472ae11cddcf4d0e39413e8,9a9bb83bcdba43b0ce4e0f2622e326a43780ff400472ae11cddcf4d0e39413e8,data/manifests/phase1e/2019-08/daily/source_2019083100.json
2019083100,day3_24h,p04,B,1,5,0,0,0,0,0,0,5f5ff614ed9182b8752a6fca8bb5e9a97377cc80491bc7442095048bda872027,5f5ff614ed9182b8752a6fca8bb5e9a97377cc80491bc7442095048bda872027,data/manifests/phase1e/2019-08/daily/source_2019083100.json
2019090100,day1_24h,c00,A,4,8,402,12,12,390,0,0,2681611a6b85619cd6f324759e269a19908b5d897fff4ef0ead72ae453eb47e6,1edad5303cb22b0a2edf02d018b664d880db8c794b487e6933c3bcedd6a0ed06,data/manifests/phase1e/2019-09/daily/source_2019090100.json
2019090100,day1_24h,c00,B,1,5,0,0,0,0,0,0,997fec39a1fed226505b0cf3ae0339ef5be2c86279bbc074adc2deaaef30cf9e,997fec39a1fed226505b0cf3ae0339ef5be2c86279bbc074adc2deaaef30cf9e,data/manifests/phase1e/2019-09/daily/source_2019090100.json
2019090100,day1_24h,p01,A,4,8,48,0,0,48,0,0,8a11c7e365d58791dd16ec5668628335de4098244b4052c061f8cef3a0b5582d,36a162d36c9cddd96388886ed2f9bbebd53de2d740bec766b367e3ab06e5e511,data/manifests/phase1e/2019-09/daily/source_2019090100.json
2019090100,day1_24h,p01,B,1,5,48,0,0,48,0,0,7710ba70d73d3a5fcca36e271fc09619bb9556b5119b2459d0c706cadc24e87f,2dae382943e2c7b97a2f3771d917933ff4ec49321a864b6e42926f56324a16c1,data/manifests/phase1e/2019-09/daily/source_2019090100.json
2019090100,day1_24h,p02,A,4,8,38,0,0,38,1,0,486ef72250c8e896efcbc4cfb2817f1b2ff65f0fd01cbf72a43f287b575f126d,9b2304a7d5807c288ff9e3a6b1c2a515735687c96947d35f0870739172fcdb52,data/manifests/phase1e/2019-09/daily/source_2019090100.json
2019090100,day1_24h,p02,B,1,5,38,0,0,38,1,0,9e6e3eedc0138e3d8c21577b68e26b3e8b392388df1b4ed500195cdbde142f35,4c2eb7feacc07d922a9ca2c81711242b2db7e12e04cfdc265488cb1e1b3f0460,data/manifests/phase1e/2019-09/daily/source_2019090100.json
2019090100,day1_24h,p03,A,4,8,199,5,5,194,1,0,079303f32755dba4bb4dc1000f8d2bc1af2fe8da4ab5a57eb201fdc3a56d7eb6,6da5650c038c3ad2ff16d297a8af4c9162963b90411879a66cac35843d420832,data/manifests/phase1e/2019-09/daily/source_2019090100.json
2019090100,day1_24h,p03,B,1,5,52,0,0,52,1,0,8ea1f994b5577e5761dd34d20a26a451e9190b303a6aa42090d72f855254e27e,957c69d1c8cc52cf462cccb8ae5a1d985b6a053b8fc3f13b7264e89a3fed5ca5,data/manifests/phase1e/2019-09/daily/source_2019090100.json
2019090100,day1_24h,p04,A,4,8,82,4,4,78,0,0,a18a49c5873fb41a6bfee77fc6bfed55f988df3ac8910734984e04273a50b239,1737f539ea60bf88b874ec06c667807eb57eb600ec0111e7c065d6211ecdc2ef,data/manifests/phase1e/2019-09/daily/source_2019090100.json
2019090100,day1_24h,p04,B,1,5,0,0,0,0,0,0,609ca4089089d3d79148ca90a564e46233dc89bd17a2e7c89e44badff6b0f9e8,609ca4089089d3d79148ca90a564e46233dc89bd17a2e7c89e44badff6b0f9e8,data/manifests/phase1e/2019-09/daily/source_2019090100.json
2019090100,day2_24h,c00,A,4,8,132,4,4,128,0,0,138e1020c1ba32427ca88ceeefcc92cc957df7195ec0ef88a063666a166eaeed,46fa37b9f10cd6d359d98ce09af37f54fccdac9d32c44ff5dbf5c7c506a445f3,data/manifests/phase1e/2019-09/daily/source_2019090100.json
2019090100,day2_24h,c00,B,1,5,0,0,0,0,0,0,d4c105a7ddabbcb9e235385782c5fd264e43558992dde03df8d154405ba86b9e,d4c105a7ddabbcb9e235385782c5fd264e43558992dde03df8d154405ba86b9e,data/manifests/phase1e/2019-09/daily/source_2019090100.json
2019090100,day2_24h,p01,A,4,8,287,4,4,283,0,0,88a4e704d7389509db8ab0ecce48dfde182dff15cbacee5af5b83da4727d815e,526f7ff16c2e615458ebef51189dab232c38f88adf75467ffb6dd71b2585eebc,data/manifests/phase1e/2019-09/daily/source_2019090100.json
2019090100,day2_24h,p01,B,1,5,0,0,0,0,0,0,1cc45c65c33ca8994560980cc5e212cd29131cb0b118fdea15b148edf6757d5a,1cc45c65c33ca8994560980cc5e212cd29131cb0b118fdea15b148edf6757d5a,data/manifests/phase1e/2019-09/daily/source_2019090100.json
2019090100,day2_24h,p02,A,4,8,0,0,0,0,0,0,465a2ab8a420819790861464858dddc5460c186dbc7d441f48c110634f1623ba,465a2ab8a420819790861464858dddc5460c186dbc7d441f48c110634f1623ba,data/manifests/phase1e/2019-09/daily/source_2019090100.json
2019090100,day2_24h,p02,B,1,5,0,0,0,0,0,0,02631d56e3c05889e4dda58dc5a237770a136862f86eefcd6fd4982ff421fc77,02631d56e3c05889e4dda58dc5a237770a136862f86eefcd6fd4982ff421fc77,data/manifests/phase1e/2019-09/daily/source_2019090100.json
2019090100,day2_24h,p03,A,4,8,80,2,2,78,22,0,45505d37eba40d55cd48b3d81afef8fdeebf6625819648b43bec920d797c4820,562e8d2a77f95c5f90d7b048b337a69e4940e882e94edf10d7cfbff40fa248a1,data/manifests/phase1e/2019-09/daily/source_2019090100.json
2019090100,day2_24h,p03,B,1,5,80,2,2,78,22,0,b3ebd41775f755f8c5bbfe451ab1cfe7d6bfb0f33ce5ecaf46744fe21588bb50,9fbaf2c5b93fa2a4b24b96a9c22c9fe95f1ba69c1a1b2de680e8b7acd8d4ea06,data/manifests/phase1e/2019-09/daily/source_2019090100.json
2019090100,day2_24h,p04,A,4,8,0,0,0,0,0,0,02f7acda6f97bc195f30d8c650e222523acd2807c82d71b095e2b5c240909f0a,02f7acda6f97bc195f30d8c650e222523acd2807c82d71b095e2b5c240909f0a,data/manifests/phase1e/2019-09/daily/source_2019090100.json
2019090100,day2_24h,p04,B,1,5,0,0,0,0,0,0,7d97183508da530d76269e3767c4f1255222e22b5633c7c967921e5e144ead9e,7d97183508da530d76269e3767c4f1255222e22b5633c7c967921e5e144ead9e,data/manifests/phase1e/2019-09/daily/source_2019090100.json
2019090100,day3_24h,c00,A,4,8,254,10,10,244,33,0,788c9f6bd7455ff4c1659e04da1c1a96b1b311ba67ba14db75a27b3019a4e74c,2cae90316d18d0b3ad47179cacdb7b12afa272b0bb4786b9e128006334004927,data/manifests/phase1e/2019-09/daily/source_2019090100.json
2019090100,day3_24h,c00,B,1,5,125,6,6,119,33,0,147f745097ee753b8584edafb3c466e618482caa662b9b32874fac2c194ecc22,68c7e35887610663cbb15ff98e4a960d06b79600f46d20f4258daf51ead5fc7e,data/manifests/phase1e/2019-09/daily/source_2019090100.json
2019090100,day3_24h,p01,A,4,8,0,0,0,0,0,0,4126dab56a7335f4c798598c3a591eb9516d7811746c0893f601b2be017f998b,4126dab56a7335f4c798598c3a591eb9516d7811746c0893f601b2be017f998b,data/manifests/phase1e/2019-09/daily/source_2019090100.json
2019090100,day3_24h,p01,B,1,5,0,0,0,0,0,0,ac322ffbf51d947e83ac0067f73d22da34fd4d6c8af28edc67ad592511204b6c,ac322ffbf51d947e83ac0067f73d22da34fd4d6c8af28edc67ad592511204b6c,data/manifests/phase1e/2019-09/daily/source_2019090100.json
2019090100,day3_24h,p02,A,4,8,0,0,0,0,0,0,438683c86dd803671f27af627f99e0fda405b28f844d423d86676688dc4e97a5,438683c86dd803671f27af627f99e0fda405b28f844d423d86676688dc4e97a5,data/manifests/phase1e/2019-09/daily/source_2019090100.json
2019090100,day3_24h,p02,B,1,5,0,0,0,0,0,0,6e30fbf24150be42cc77714de4a57455b7f47cf1b93d14b6e09d24489e6fe5be,6e30fbf24150be42cc77714de4a57455b7f47cf1b93d14b6e09d24489e6fe5be,data/manifests/phase1e/2019-09/daily/source_2019090100.json
2019090100,day3_24h,p03,A,4,8,0,0,0,0,0,0,6e6d571d97e44bd33fef7363706987d5fd9ecbfd158690c50b8798026823df9d,6e6d571d97e44bd33fef7363706987d5fd9ecbfd158690c50b8798026823df9d,data/manifests/phase1e/2019-09/daily/source_2019090100.json
2019090100,day3_24h,p03,B,1,5,0,0,0,0,0,0,b88c2bbdeb2f93f4f38c6935357b9f89566c28e27358508380ad8ef209dbda62,b88c2bbdeb2f93f4f38c6935357b9f89566c28e27358508380ad8ef209dbda62,data/manifests/phase1e/2019-09/daily/source_2019090100.json
2019090100,day3_24h,p04,A,4,8,137,6,6,131,0,0,3281a1cac715e464a0aa2be7ee820fdf2bdabcb6000f781c7226044a44de685f,7f67bebb650f5480136c7674ed9762c781ece8a9860c50869ec44c22323513cf,data/manifests/phase1e/2019-09/daily/source_2019090100.json
2019090100,day3_24h,p04,B,1,5,0,0,0,0,0,0,474b1285ce325ff67c671e7f669b52485facb18b30f78072c2d0dbe748027020,474b1285ce325ff67c671e7f669b52485facb18b30f78072c2d0dbe748027020,data/manifests/phase1e/2019-09/daily/source_2019090100.json
2019090200,day1_24h,c00,A,4,8,85,8,8,77,0,0,c6bed19fb7273f1a8a4c83ff7f65b7717046ff345a1a38a63c51850da864678a,dcc5b94219d4872f1e4552f07dc26bbfce0229885928fe5021875e177aa65a76,data/manifests/phase1e/2019-09/daily/source_2019090200.json
2019090200,day1_24h,c00,B,1,5,0,0,0,0,0,0,71b8de2078bac28cf7215f7748926fa96f845bcbdebf106bebe624f276c6ea99,71b8de2078bac28cf7215f7748926fa96f845bcbdebf106bebe624f276c6ea99,data/manifests/phase1e/2019-09/daily/source_2019090200.json
2019090200,day1_24h,p01,A,4,8,49,0,0,49,2,0,c35d57e79104b0a272401f6ddc05f716be65a5023b36477d82d16ecb9b5d8160,ce173c8386e7df47d19302ae515c47d89d08ef5a7784c6321a48c96cd5f85e57,data/manifests/phase1e/2019-09/daily/source_2019090200.json
2019090200,day1_24h,p01,B,1,5,49,0,0,49,2,0,5377b435bdd6c34030118098bdce4b5271a25c003f44abe3153eeb1e5e8495d7,d047a6f6a4136411fa5f3b2a5b2a34f76d9b6b54e590f91c6de01999b505cf72,data/manifests/phase1e/2019-09/daily/source_2019090200.json
2019090200,day1_24h,p02,A,4,8,26,0,0,26,0,0,1e2faf4ffe125b99ede1c31dce67bf4c1faa0defab1d213aa5ca301bb62043ac,93ce350d07d901da890c16f6bebb478d4598ccc386c8d16df85863626a463e9c,data/manifests/phase1e/2019-09/daily/source_2019090200.json
2019090200,day1_24h,p02,B,1,5,26,0,0,26,0,0,ae15f0d819354d71a4fc34c5fa9acdb2642b94921689adb79a4df14cea258e42,e5b3ce648ea4402d66db1d328121c70ca70bb7a03509531212732137c470850d,data/manifests/phase1e/2019-09/daily/source_2019090200.json
2019090200,day1_24h,p03,A,4,8,51,0,0,51,2,0,8b36a87f821f15640d0538f961cddd5e1dbf7bef0cefa0b3f279d5ac76926b96,9f3983a0c9fd41a00f035b8e0aa01b0f8bef0ea8c61167965a95ba842d29d150,data/manifests/phase1e/2019-09/daily/source_2019090200.json
2019090200,day1_24h,p03,B,1,5,51,0,0,51,2,0,7a6064eefc76ebc473c7dac2c3f5c946dc941e091ea87ec3ccce8cd0e12436b6,a78be2718e15a438b9147e0d60dd67fce03fd5ef7f892ad2c74857bc16f0ef7b,data/manifests/phase1e/2019-09/daily/source_2019090200.json
2019090200,day1_24h,p04,A,4,8,19,0,0,19,0,0,de4ba2598f50b0630b15beade54868af4990e9a062c68c4acdfe71ad2e7f2c5d,925b16b10721c8842d52dfcb38b5f13851062b9f9bc8751887179fac54671531,data/manifests/phase1e/2019-09/daily/source_2019090200.json
2019090200,day1_24h,p04,B,1,5,19,0,0,19,0,0,5688219a10593e635359f4a1848e9e592c150a38c1aa36f3b9366357a0df9e79,883ebf30ed262170ca006be865caf9cf6e9ac89f0442a719c5f317f39608592d,data/manifests/phase1e/2019-09/daily/source_2019090200.json
2019090200,day2_24h,c00,A,4,8,0,0,0,0,0,0,516b5ddf43ff733f66052f3ea2ed4b0284e5218249807246b82882442df0bc76,516b5ddf43ff733f66052f3ea2ed4b0284e5218249807246b82882442df0bc76,data/manifests/phase1e/2019-09/daily/source_2019090200.json
2019090200,day2_24h,c00,B,1,5,0,0,0,0,0,0,0b99b8ef274021c3a704d2751cb613b8fad7241fc038302c93f18d045bb63cd1,0b99b8ef274021c3a704d2751cb613b8fad7241fc038302c93f18d045bb63cd1,data/manifests/phase1e/2019-09/daily/source_2019090200.json
2019090200,day2_24h,p01,A,4,8,0,0,0,0,0,0,45ccce495a05f806c2fdf37ad0a4b66266542f2b23ab68c7ce764c00ec50d2d1,45ccce495a05f806c2fdf37ad0a4b66266542f2b23ab68c7ce764c00ec50d2d1,data/manifests/phase1e/2019-09/daily/source_2019090200.json
2019090200,day2_24h,p01,B,1,5,0,0,0,0,0,0,63c9b1004bca420406ac22f26270f60cdd60fd8df4c86999c82ee735a11fd8d1,63c9b1004bca420406ac22f26270f60cdd60fd8df4c86999c82ee735a11fd8d1,data/manifests/phase1e/2019-09/daily/source_2019090200.json
2019090200,day2_24h,p02,A,4,8,102,5,5,97,0,0,0d6fdb12687752c5ce2879863b26a03997d9f7b5bf1352622b2dfa3666016db1,3875639c6f73b437b7339d88fd0d43d67b987a01c3b4bcfdff7076ac57490529,data/manifests/phase1e/2019-09/daily/source_2019090200.json
2019090200,day2_24h,p02,B,1,5,0,0,0,0,0,0,1e90e56c1f70506ee672c58e6194b7f87f2d874b7727a8d0d65e3e5c45dfa20e,1e90e56c1f70506ee672c58e6194b7f87f2d874b7727a8d0d65e3e5c45dfa20e,data/manifests/phase1e/2019-09/daily/source_2019090200.json
2019090200,day2_24h,p03,A,4,8,146,1,1,145,15,0,b6662e5a96602f3de3533d79c972b3ddc576243b1a824874dd05d14f9328d989,e3f4b0f84e0fc471cae06d9dc62c0ed0044f5f5b7323a95d8dcbe7e1f1c83d25,data/manifests/phase1e/2019-09/daily/source_2019090200.json
2019090200,day2_24h,p03,B,1,5,146,1,1,145,15,0,50561451e5d282bda54e1c35b4bb8d77c6cfc1d28e0acf3f9fe58f106816d4d1,1446b81c9c95dea97d89aa392090bc9ac89316942c76e554bdb984574b7e8a23,data/manifests/phase1e/2019-09/daily/source_2019090200.json
2019090200,day2_24h,p04,A,4,8,0,0,0,0,0,0,d6a35e017e81af820d2a2847d4007ec1e5bbcbccfe4e81bdea354aa3e54a461a,d6a35e017e81af820d2a2847d4007ec1e5bbcbccfe4e81bdea354aa3e54a461a,data/manifests/phase1e/2019-09/daily/source_2019090200.json
2019090200,day2_24h,p04,B,1,5,0,0,0,0,0,0,afc1f2d12d6378dc2347b4a980011a51a70a73e4a5ead4d408819be7d12b684e,afc1f2d12d6378dc2347b4a980011a51a70a73e4a5ead4d408819be7d12b684e,data/manifests/phase1e/2019-09/daily/source_2019090200.json
2019090200,day3_24h,c00,A,4,8,0,0,0,0,0,0,720256e5da86f9f51c91e1a187bb5e9a62fa719cb87e39192d50e5c49f7caae6,720256e5da86f9f51c91e1a187bb5e9a62fa719cb87e39192d50e5c49f7caae6,data/manifests/phase1e/2019-09/daily/source_2019090200.json
2019090200,day3_24h,c00,B,1,5,0,0,0,0,0,0,01620b4f2e42757f0330252b46d1529235c8fd76815f0126638152c48eb347d3,01620b4f2e42757f0330252b46d1529235c8fd76815f0126638152c48eb347d3,data/manifests/phase1e/2019-09/daily/source_2019090200.json
2019090200,day3_24h,p01,A,4,8,52,0,0,52,2,0,0e8ee1c7208ab123c1f5c42e480c915aab803d0435365a2e9362b71353306fa9,e6cb695b87657284dd42e8a74bf98e71d1dffe0949dcfe892f91571ca33622c3,data/manifests/phase1e/2019-09/daily/source_2019090200.json
2019090200,day3_24h,p01,B,1,5,52,0,0,52,2,0,c3956087240886f8524542bef407f99265dce8e748df06c052b73317adfc82df,c517f89ab3dbde9b15f684dba8a200d782a80eafba1fc96cf134b16b569b307d,data/manifests/phase1e/2019-09/daily/source_2019090200.json
2019090200,day3_24h,p02,A,4,8,296,23,23,273,0,0,6f2b6cf970090e97c59dcb65dd35959f5a0f4675d3c1a92cad3ca5b26d4fc581,82477bc82c3d91e09f7f3f875895bc005150a124a8377dc727391bad5ef55982,data/manifests/phase1e/2019-09/daily/source_2019090200.json
2019090200,day3_24h,p02,B,1,5,0,0,0,0,0,0,65c01649d726b66726a7b1e917431aba9ca39ca14269f944939758e5c1c6aaaa,65c01649d726b66726a7b1e917431aba9ca39ca14269f944939758e5c1c6aaaa,data/manifests/phase1e/2019-09/daily/source_2019090200.json
2019090200,day3_24h,p03,A,4,8,0,0,0,0,0,0,4c144c17c9261c8b47f7b10b2044c504e8f7e14b4980e023393351e2a110f510,4c144c17c9261c8b47f7b10b2044c504e8f7e14b4980e023393351e2a110f510,data/manifests/phase1e/2019-09/daily/source_2019090200.json
2019090200,day3_24h,p03,B,1,5,0,0,0,0,0,0,2303cf607db41e263e0b624535bdef68e93a437f17c414f7df454efd4c308e6c,2303cf607db41e263e0b624535bdef68e93a437f17c414f7df454efd4c308e6c,data/manifests/phase1e/2019-09/daily/source_2019090200.json
2019090200,day3_24h,p04,A,4,8,0,0,0,0,0,0,5487c57a21d72c0191b042788638c820e1bc9fa768f611ce306aeffe1945a4fc,5487c57a21d72c0191b042788638c820e1bc9fa768f611ce306aeffe1945a4fc,data/manifests/phase1e/2019-09/daily/source_2019090200.json
2019090200,day3_24h,p04,B,1,5,0,0,0,0,0,0,d834058d1a0b928586bdcdd67819c2136958b55eb6eac044cb518826986367c0,d834058d1a0b928586bdcdd67819c2136958b55eb6eac044cb518826986367c0,data/manifests/phase1e/2019-09/daily/source_2019090200.json
2019090300,day1_24h,c00,A,4,8,100,4,4,96,0,0,256c6c705353b13702980bb091a23cb8ab91f6bbd216084851d9399ae3b8a1ad,246e4373d5018c06d62dd77851948527808f4e35e2f4a5d2e5ba0831672def60,data/manifests/phase1e/2019-09/daily/source_2019090300.json
2019090300,day1_24h,c00,B,1,5,0,0,0,0,0,0,25b19f30d79ff78fb49b369befb373efe2e8de4d7fbbbb744de4c7d5775ae93c,25b19f30d79ff78fb49b369befb373efe2e8de4d7fbbbb744de4c7d5775ae93c,data/manifests/phase1e/2019-09/daily/source_2019090300.json
2019090300,day1_24h,p01,A,4,8,0,0,0,0,0,0,ff2a66c08bd46e8317b9fd9854eb4b64fe3fd9073919d1a64349d136a68855cb,ff2a66c08bd46e8317b9fd9854eb4b64fe3fd9073919d1a64349d136a68855cb,data/manifests/phase1e/2019-09/daily/source_2019090300.json
2019090300,day1_24h,p01,B,1,5,0,0,0,0,0,0,f98823121d4587c724da051d009b91f0d198f4fc0f24774908723fa50f3bd3ec,f98823121d4587c724da051d009b91f0d198f4fc0f24774908723fa50f3bd3ec,data/manifests/phase1e/2019-09/daily/source_2019090300.json
2019090300,day1_24h,p02,A,4,8,0,0,0,0,0,0,2d01777491e66c57783ba93dfebe9bceef1c7c6248fa82016cb92bded8e71fe6,2d01777491e66c57783ba93dfebe9bceef1c7c6248fa82016cb92bded8e71fe6,data/manifests/phase1e/2019-09/daily/source_2019090300.json
2019090300,day1_24h,p02,B,1,5,0,0,0,0,0,0,28b078820dfaf0a31261101722f7ac63abbee23defa1adb06987eb866cbb4de6,28b078820dfaf0a31261101722f7ac63abbee23defa1adb06987eb866cbb4de6,data/manifests/phase1e/2019-09/daily/source_2019090300.json
2019090300,day1_24h,p03,A,4,8,128,4,4,124,0,0,e41c2b3f2ec957e87ed8a8b751a25b7c7ef17d42a19be7df17c6c2910bd47e46,c1e4aa29828f2381f89edbec0d13ffb466595e178fda3317cbc01d0e120ce23f,data/manifests/phase1e/2019-09/daily/source_2019090300.json
2019090300,day1_24h,p03,B,1,5,0,0,0,0,0,0,743942dc81092dc86ca21e4ac5b187ed2bc6fc5491ddba816853ff25016c91a6,743942dc81092dc86ca21e4ac5b187ed2bc6fc5491ddba816853ff25016c91a6,data/manifests/phase1e/2019-09/daily/source_2019090300.json
2019090300,day1_24h,p04,A,4,8,67,0,0,67,0,0,ad09497bcdcfecfe29e28196859550740e6d69b589da54856f03f940cab77fb6,b03291b52a9de9db73ac55e5e07f2988a41f83efd37060d4a3a0abca1f2fa00f,data/manifests/phase1e/2019-09/daily/source_2019090300.json
2019090300,day1_24h,p04,B,1,5,67,0,0,67,0,0,63c47c8627754a4bfcceb50295a32f29dec5055211a3914c696b03b59488e009,6d818a222641981a375689b18432229a0a71ac4b2a6267861867e63023afe65c,data/manifests/phase1e/2019-09/daily/source_2019090300.json
2019090300,day2_24h,c00,A,4,8,0,0,0,0,0,0,31d349b25ffde47e635d7f2f10b249d290789a393ec90f12790959f44fe21864,31d349b25ffde47e635d7f2f10b249d290789a393ec90f12790959f44fe21864,data/manifests/phase1e/2019-09/daily/source_2019090300.json
2019090300,day2_24h,c00,B,1,5,0,0,0,0,0,0,2b6096f3c9105bd3e8d7e97b5b3884ba937dcd51ea9cafbd7079f4f2a01e8120,2b6096f3c9105bd3e8d7e97b5b3884ba937dcd51ea9cafbd7079f4f2a01e8120,data/manifests/phase1e/2019-09/daily/source_2019090300.json
2019090300,day2_24h,p01,A,4,8,66,2,2,64,18,1,bf90357d5e7f6f16e156d9b267bc16ebccbe909d2e2fb6790a792ef312905959,fabe082eb0c5c387453dfecb2bf7e0d72b2c103bd98389193a9417d383646601,data/manifests/phase1e/2019-09/daily/source_2019090300.json
2019090300,day2_24h,p01,B,1,5,66,2,2,64,18,1,6f467a481fc37c5090989aead0afe4f66fe59771eb8c9b3eee273177635616a4,9a223ffe06cdc09d57cea02fc91ab01746edecffb0dc0621c5549f963b05f7d3,data/manifests/phase1e/2019-09/daily/source_2019090300.json
2019090300,day2_24h,p02,A,4,8,76,3,3,73,0,0,9e6ad38a4d765fcc4e50c8eee08bbd7b98a4a45fdda065150e29d1b8f9bf9fc4,c2fee5450bf1af6699c0afb87e16e7664b1e9b2854015b68dabe9569753bf16b,data/manifests/phase1e/2019-09/daily/source_2019090300.json
2019090300,day2_24h,p02,B,1,5,0,0,0,0,0,0,e5e6a5ebc3fba6b1384d459510c2adba31f118519810aad240a406520a8fbf61,e5e6a5ebc3fba6b1384d459510c2adba31f118519810aad240a406520a8fbf61,data/manifests/phase1e/2019-09/daily/source_2019090300.json
2019090300,day2_24h,p03,A,4,8,0,0,0,0,0,0,dbe55d719208096221adc9c9f4a31b92b0732a84e2cac871779753cbec41b890,dbe55d719208096221adc9c9f4a31b92b0732a84e2cac871779753cbec41b890,data/manifests/phase1e/2019-09/daily/source_2019090300.json
2019090300,day2_24h,p03,B,1,5,0,0,0,0,0,0,1d8e360707d85fd5e438f80231641fd2c924e6be0774dbf013cf5cc7841fd052,1d8e360707d85fd5e438f80231641fd2c924e6be0774dbf013cf5cc7841fd052,data/manifests/phase1e/2019-09/daily/source_2019090300.json
2019090300,day2_24h,p04,A,4,8,0,0,0,0,0,0,8c6d594165ad4f932db98cc72ec2bf43bb6e9a7d199a073651b8e53c2924ed61,8c6d594165ad4f932db98cc72ec2bf43bb6e9a7d199a073651b8e53c2924ed61,data/manifests/phase1e/2019-09/daily/source_2019090300.json
2019090300,day2_24h,p04,B,1,5,0,0,0,0,0,0,563e7c3370c3478f9b36e2961194d44a11e40f24bc0a405ff5cdd39130c7dd02,563e7c3370c3478f9b36e2961194d44a11e40f24bc0a405ff5cdd39130c7dd02,data/manifests/phase1e/2019-09/daily/source_2019090300.json
2019090300,day3_24h,c00,A,4,8,504,12,12,492,6,0,2074a844b966963a08b18cf63dd73d2245f28d38dfdbccaf50cad8808dc34159,c3ddceecb4fe368e6ac1be2380a21e2c147de308352edd6aff3fd29310493bf6,data/manifests/phase1e/2019-09/daily/source_2019090300.json
2019090300,day3_24h,c00,B,1,5,46,0,0,46,6,0,386e27ba84c6233600bd2de57d17a4904a7a04f17cf8fce289d233eb8ff94433,3bf418e8e1665083859d6f04b84c9bac7f8a90172804424e9ca40e4c5a4d9cee,data/manifests/phase1e/2019-09/daily/source_2019090300.json
2019090300,day3_24h,p01,A,4,8,0,0,0,0,0,0,f19f2bc32944c1e4086613433ed13668a1055849b035dc2a505080c33fd25fd5,f19f2bc32944c1e4086613433ed13668a1055849b035dc2a505080c33fd25fd5,data/manifests/phase1e/2019-09/daily/source_2019090300.json
2019090300,day3_24h,p01,B,1,5,0,0,0,0,0,0,d0fd8d9da9c620a2100a3a1334c61b1a67aff44d9e5cdc1d5936fd7227b089cd,d0fd8d9da9c620a2100a3a1334c61b1a67aff44d9e5cdc1d5936fd7227b089cd,data/manifests/phase1e/2019-09/daily/source_2019090300.json
2019090300,day3_24h,p02,A,4,8,318,8,8,310,0,0,1afca882be3629c431e674343ccf9d7fa9d7022c60707828e9c5bab07f3edada,c39aacd681e30126646522f2f9ac6f8d9bc8484c664e6ace56616c274eb71eb3,data/manifests/phase1e/2019-09/daily/source_2019090300.json
2019090300,day3_24h,p02,B,1,5,0,0,0,0,0,0,49f8973c0f85033adbf5ed871a2ff5291035656875f83649e4ba1d19c9707828,49f8973c0f85033adbf5ed871a2ff5291035656875f83649e4ba1d19c9707828,data/manifests/phase1e/2019-09/daily/source_2019090300.json
2019090300,day3_24h,p03,A,4,8,310,12,12,298,0,0,ace897367e779c3730e8e179ef34819e6da9e1e012d1d3ac39be599cff18dc52,d08c263858067027617c579fc0194b7fc0362dc1b53a3478d5099795ca4f94a2,data/manifests/phase1e/2019-09/daily/source_2019090300.json
2019090300,day3_24h,p03,B,1,5,53,2,2,51,0,0,53a6272d6b3bdecd81edf004a8667b19b74b7e559be83cc3f954975cd8e64cdb,5ca1d3461447c67a5e1572df6f677727fbad77378f58367251a9c9c8e908343f,data/manifests/phase1e/2019-09/daily/source_2019090300.json
2019090300,day3_24h,p04,A,4,8,0,0,0,0,0,0,84c20b61a73a1de8db0ca0e67126b0fa1a7c3bbe5e987c710ce6e0b28b82cf78,84c20b61a73a1de8db0ca0e67126b0fa1a7c3bbe5e987c710ce6e0b28b82cf78,data/manifests/phase1e/2019-09/daily/source_2019090300.json
2019090300,day3_24h,p04,B,1,5,0,0,0,0,0,0,f3f74997bd3408c78eee904542cac4c41f1a411fc8b70e8ede13bb4f9610d5a9,f3f74997bd3408c78eee904542cac4c41f1a411fc8b70e8ede13bb4f9610d5a9,data/manifests/phase1e/2019-09/daily/source_2019090300.json
2019090400,day1_24h,c00,A,4,8,100,7,7,93,0,0,bc7d84eb98b287c135f8900254e76bcd81c576ba629556b98d111f52cea1d4c9,bff7f6e4a088da1a89d232abb029dd8361c39ab44d01e870161a22b62399c1bd,data/manifests/phase1e/2019-09/daily/source_2019090400.json
2019090400,day1_24h,c00,B,1,5,0,0,0,0,0,0,0c9748cc29f092d403b9795078216c3c8f916fd51d2693b403e771c49a322719,0c9748cc29f092d403b9795078216c3c8f916fd51d2693b403e771c49a322719,data/manifests/phase1e/2019-09/daily/source_2019090400.json
2019090400,day1_24h,p01,A,4,8,114,7,7,107,0,0,2fb33dd54c99a76b516ad69f94b2a27a13e0a4c39bd4591b3a0c0f734c323dfa,0859f9c9215c392e7e2a05f146694f1055585190f8f29aa63be80a72b98703d2,data/manifests/phase1e/2019-09/daily/source_2019090400.json
2019090400,day1_24h,p01,B,1,5,0,0,0,0,0,0,ab722d4545fdf7d6b00f03cd7122c3d1c283064c2eca1f406eb1edf1ed21f6a2,ab722d4545fdf7d6b00f03cd7122c3d1c283064c2eca1f406eb1edf1ed21f6a2,data/manifests/phase1e/2019-09/daily/source_2019090400.json
2019090400,day1_24h,p02,A,4,8,0,0,0,0,0,0,abf86164fb273759b380c18c70e0f9b97be07ee95b2927445bbec9f9700864ea,abf86164fb273759b380c18c70e0f9b97be07ee95b2927445bbec9f9700864ea,data/manifests/phase1e/2019-09/daily/source_2019090400.json
2019090400,day1_24h,p02,B,1,5,0,0,0,0,0,0,bf184e40f25ef59daff5f7535906a82ab24293e9537887e43de6bc9dbca374f5,bf184e40f25ef59daff5f7535906a82ab24293e9537887e43de6bc9dbca374f5,data/manifests/phase1e/2019-09/daily/source_2019090400.json
2019090400,day1_24h,p03,A,4,8,0,0,0,0,0,0,bd0d98b103b1a7caeca879f7431a82782c8f31b8c74001502011f268ae0fd8b5,bd0d98b103b1a7caeca879f7431a82782c8f31b8c74001502011f268ae0fd8b5,data/manifests/phase1e/2019-09/daily/source_2019090400.json
2019090400,day1_24h,p03,B,1,5,0,0,0,0,0,0,7daf293a9fa144b9ce6a24d73cd2718538aa019acdaa8bf4ea46afc1da222b92,7daf293a9fa144b9ce6a24d73cd2718538aa019acdaa8bf4ea46afc1da222b92,data/manifests/phase1e/2019-09/daily/source_2019090400.json
2019090400,day1_24h,p04,A,4,8,159,9,9,150,0,0,bca972096a4bfb518610bc333e1596bf6c6301036f444d7e461890320cb7a185,7ea5d10899a54c410fe4b30fa85d0183d64309dd59485bcdf1a8387e51020e37,data/manifests/phase1e/2019-09/daily/source_2019090400.json
2019090400,day1_24h,p04,B,1,5,0,0,0,0,0,0,7075ab7853c783362c3e48c554559be246ea4725f936df7d4b9b319f4c6641cb,7075ab7853c783362c3e48c554559be246ea4725f936df7d4b9b319f4c6641cb,data/manifests/phase1e/2019-09/daily/source_2019090400.json
2019090400,day2_24h,c00,A,4,8,222,7,7,215,0,0,93bf083e87a36c9790ac8c5f74d178c35f2f335c491c12ba6f08e749c36523a9,33c5a83c863c69ee559220fcba7cad2f859730a3bd267c6e221f60e7583bbf60,data/manifests/phase1e/2019-09/daily/source_2019090400.json
2019090400,day2_24h,c00,B,1,5,0,0,0,0,0,0,7ac3c7dfe56c1188807aef366484d383e929fa944fac4f37c058b34ec39f3ccf,7ac3c7dfe56c1188807aef366484d383e929fa944fac4f37c058b34ec39f3ccf,data/manifests/phase1e/2019-09/daily/source_2019090400.json
2019090400,day2_24h,p01,A,4,8,0,0,0,0,0,0,62679cefb09db248b2ee0cfadc7a1763e900ac120f13dc7941c24e2446f84952,62679cefb09db248b2ee0cfadc7a1763e900ac120f13dc7941c24e2446f84952,data/manifests/phase1e/2019-09/daily/source_2019090400.json
2019090400,day2_24h,p01,B,1,5,0,0,0,0,0,0,eb5fbef45180564e32d24761a12d02d275dcab366325843b1322c8e682fbfa86,eb5fbef45180564e32d24761a12d02d275dcab366325843b1322c8e682fbfa86,data/manifests/phase1e/2019-09/daily/source_2019090400.json
2019090400,day2_24h,p02,A,4,8,236,5,5,231,0,0,ddc00575839b69ebb997bdef0d4481cd8e7988d6033d1b76e82b3c1336e0c07d,5938a1994acab5bcffb2c2d172ac6b0acacc2395dcc2cc933997bce4320135d4,data/manifests/phase1e/2019-09/daily/source_2019090400.json
2019090400,day2_24h,p02,B,1,5,0,0,0,0,0,0,2bc5207f977982498c959e394296a15c1300b69d2e6225072fc77b387b7047f2,2bc5207f977982498c959e394296a15c1300b69d2e6225072fc77b387b7047f2,data/manifests/phase1e/2019-09/daily/source_2019090400.json
2019090400,day2_24h,p03,A,4,8,0,0,0,0,0,0,dcda293051678699edf19d8123ba6656d233f0ee750d534560bc566963b5f027,dcda293051678699edf19d8123ba6656d233f0ee750d534560bc566963b5f027,data/manifests/phase1e/2019-09/daily/source_2019090400.json
2019090400,day2_24h,p03,B,1,5,0,0,0,0,0,0,11dcaeae4dbbfbe0f290dc243430bde5b98b51fc49a4954678af2c26928ceddc,11dcaeae4dbbfbe0f290dc243430bde5b98b51fc49a4954678af2c26928ceddc,data/manifests/phase1e/2019-09/daily/source_2019090400.json
2019090400,day2_24h,p04,A,4,8,428,5,5,423,18,1,a9efa4233a261fd2656e1e05262be4e57a2e871bc07940f6ddae69fdd27b0e81,d220aaf01edc47f378cea873eedd143b90edc69d23c8a83e3bfa2d7177688d38,data/manifests/phase1e/2019-09/daily/source_2019090400.json
2019090400,day2_24h,p04,B,1,5,110,2,2,108,18,1,4e0d885fa62fe40095b7f4eb5d899efad954c73266935b89581e29714862bea7,a7d7233c4563bc7472bc6aeff4044b84d99e9925741bbaf31f41d6b4ca69bce4,data/manifests/phase1e/2019-09/daily/source_2019090400.json
2019090400,day3_24h,c00,A,4,8,258,2,2,256,0,0,3e39986673ac89dd3e881012d79a338a5d0e85ced0aec4078ac259728ff787ed,0ecf65890a081f5c672590018b4c534cbdb3cb0cdf97e32640b764a810dd99e6,data/manifests/phase1e/2019-09/daily/source_2019090400.json
2019090400,day3_24h,c00,B,1,5,0,0,0,0,0,0,3f0b5fdb887f0b5dbe1d424c0a7cae62f845605e64481210c4b8c228f9329c1e,3f0b5fdb887f0b5dbe1d424c0a7cae62f845605e64481210c4b8c228f9329c1e,data/manifests/phase1e/2019-09/daily/source_2019090400.json
2019090400,day3_24h,p01,A,4,8,0,0,0,0,0,0,c96ee5572b0837394b277f029e7a0dee0f24a7c0f5946291fa1d358a5e2b05bc,c96ee5572b0837394b277f029e7a0dee0f24a7c0f5946291fa1d358a5e2b05bc,data/manifests/phase1e/2019-09/daily/source_2019090400.json
2019090400,day3_24h,p01,B,1,5,0,0,0,0,0,0,94693136ee0f6b56b8c5b53469b6c0fb2a9011746003c5caaa910727e433676f,94693136ee0f6b56b8c5b53469b6c0fb2a9011746003c5caaa910727e433676f,data/manifests/phase1e/2019-09/daily/source_2019090400.json
2019090400,day3_24h,p02,A,4,8,81,2,2,79,0,0,84f6bc3e17f41d38bde2fb045ab9cb07092cc418f6a6980231fd36b66988a9ae,1bfbb4e0c2829fe06013171792732165b90d1e31512bec9af502db7b68b0dbf7,data/manifests/phase1e/2019-09/daily/source_2019090400.json
2019090400,day3_24h,p02,B,1,5,0,0,0,0,0,0,b9b2734a88a8c02bae6f2a3cf6273b6d2e6b446cb037834bbb27ad253fdfad42,b9b2734a88a8c02bae6f2a3cf6273b6d2e6b446cb037834bbb27ad253fdfad42,data/manifests/phase1e/2019-09/daily/source_2019090400.json
2019090400,day3_24h,p03,A,4,8,215,5,5,210,0,0,24e124c89fbb4ec73905c64fbabbc199f6b0e9f8e28d685406d76d655c5161f8,1adaeed55edfa7da86a2f937238b7c3d96a487f18e54db5bda32a054dd813f89,data/manifests/phase1e/2019-09/daily/source_2019090400.json
2019090400,day3_24h,p03,B,1,5,0,0,0,0,0,0,118cf9e373bedefc1424f32fadb74cecf7f7ae3bb76cfd4375562533b42c6957,118cf9e373bedefc1424f32fadb74cecf7f7ae3bb76cfd4375562533b42c6957,data/manifests/phase1e/2019-09/daily/source_2019090400.json
2019090400,day3_24h,p04,A,4,8,0,0,0,0,0,0,87e93d50d1bd8f1a925692505934e95a4d99cf7446345337d032b691a1227866,87e93d50d1bd8f1a925692505934e95a4d99cf7446345337d032b691a1227866,data/manifests/phase1e/2019-09/daily/source_2019090400.json
2019090400,day3_24h,p04,B,1,5,0,0,0,0,0,0,e943a944d9afc6ce79839038d17f2387b22deb0dd46bb8190a301220b7bae4b1,e943a944d9afc6ce79839038d17f2387b22deb0dd46bb8190a301220b7bae4b1,data/manifests/phase1e/2019-09/daily/source_2019090400.json
2019090500,day1_24h,c00,A,4,8,339,14,14,325,0,0,7dfb1538a8d5bb4f39110bf17279dfdac4b86990e625d9f99dc8f3b80cc143e5,f4d314db4a595d8b1d30f71256a91e48138b3339b391fab5ea08d49c169d6c09,data/manifests/phase1e/2019-09/daily/source_2019090500.json
2019090500,day1_24h,c00,B,1,5,0,0,0,0,0,0,f4f5c7bd520c110077297b5f07354bf1c614df0f7d9d51b4f2cc0934c5f04994,f4f5c7bd520c110077297b5f07354bf1c614df0f7d9d51b4f2cc0934c5f04994,data/manifests/phase1e/2019-09/daily/source_2019090500.json
2019090500,day1_24h,p01,A,4,8,0,0,0,0,0,0,811f886d864820e63bdfcde88f6a12ce19e1b6a1c54c41a6eb99090820cd50c3,811f886d864820e63bdfcde88f6a12ce19e1b6a1c54c41a6eb99090820cd50c3,data/manifests/phase1e/2019-09/daily/source_2019090500.json
2019090500,day1_24h,p01,B,1,5,0,0,0,0,0,0,3730507577f31e301519fa060c15885bdb73a5e92bc7b06317fc0bf3183a1f7f,3730507577f31e301519fa060c15885bdb73a5e92bc7b06317fc0bf3183a1f7f,data/manifests/phase1e/2019-09/daily/source_2019090500.json
2019090500,day1_24h,p02,A,4,8,0,0,0,0,0,0,7f6f838a900fb797dec480caf259245e25f61fa6d5c58dc46d810bd50865d2d6,7f6f838a900fb797dec480caf259245e25f61fa6d5c58dc46d810bd50865d2d6,data/manifests/phase1e/2019-09/daily/source_2019090500.json
2019090500,day1_24h,p02,B,1,5,0,0,0,0,0,0,2fea243e2ade89ee3e886a9f4a987af33aa1b3a1cd82a23693ba24f28a4cbe7d,2fea243e2ade89ee3e886a9f4a987af33aa1b3a1cd82a23693ba24f28a4cbe7d,data/manifests/phase1e/2019-09/daily/source_2019090500.json
2019090500,day1_24h,p03,A,4,8,151,7,7,144,0,0,bf0dd8effd4fcaba7b2609e63547d9a3979ed857aa333e0b9054af243b9983cc,ab73d69b7d258bf005c5cbb0f02664b28f55f95f8f0da8f655887f9b4d7ad0fe,data/manifests/phase1e/2019-09/daily/source_2019090500.json
2019090500,day1_24h,p03,B,1,5,0,0,0,0,0,0,de9ed9a5d36b8d2357427595806f858672c7d51279ed3fffdd40272acdc975d6,de9ed9a5d36b8d2357427595806f858672c7d51279ed3fffdd40272acdc975d6,data/manifests/phase1e/2019-09/daily/source_2019090500.json
2019090500,day1_24h,p04,A,4,8,0,0,0,0,0,0,c68ea6d898a92ec550b9fe3c8a5577158500bd227a24013605b7d0fe2aee627e,c68ea6d898a92ec550b9fe3c8a5577158500bd227a24013605b7d0fe2aee627e,data/manifests/phase1e/2019-09/daily/source_2019090500.json
2019090500,day1_24h,p04,B,1,5,0,0,0,0,0,0,63f9464b376d3e5a368b6e9788dbd947f5558a93f5cd6dc05409705e4b4ab257,63f9464b376d3e5a368b6e9788dbd947f5558a93f5cd6dc05409705e4b4ab257,data/manifests/phase1e/2019-09/daily/source_2019090500.json
2019090500,day2_24h,c00,A,4,8,145,2,2,143,18,0,de3402389ab3218f8e8b79a750036fc09dcd86b65b249e17272b9d97f2221a5c,5dd8ae8478ef8e37570520d74841f98e972f0b24578505b3d4ed1a13afde2fcf,data/manifests/phase1e/2019-09/daily/source_2019090500.json
2019090500,day2_24h,c00,B,1,5,52,0,0,52,18,0,c3c03fbcce033b9db561a5f05664906580f90d7496f938caf6c571e1d0eb2f3d,a5d3158a5c01146b6c9dc1111b4ce4b1e248444201e6ca495bfa51182a047b67,data/manifests/phase1e/2019-09/daily/source_2019090500.json
2019090500,day2_24h,p01,A,4,8,80,2,2,78,0,0,6de9f5015ad13161fcb64b2a9043587a57b2c8e696dec92dc133bae0799b8356,fa4cdcb9ba7c13da739e0f3166c75bf9c70cbf90c16cd47706a53a0cc8ccd38e,data/manifests/phase1e/2019-09/daily/source_2019090500.json
2019090500,day2_24h,p01,B,1,5,0,0,0,0,0,0,8cb2410ed5fe0d592588ba845dd0e2cac964d229ef2e5af1401171e3be65128e,8cb2410ed5fe0d592588ba845dd0e2cac964d229ef2e5af1401171e3be65128e,data/manifests/phase1e/2019-09/daily/source_2019090500.json
2019090500,day2_24h,p02,A,4,8,120,4,4,116,9,0,860223f2c51f3d73289c35e7274d99a55a7f1106f1f154118468b3ad0dba56e9,7b30059e9cb858d8ef4b017dc8d5dda91c786010ff6ca0d2c32a0ee60e17a8e0,data/manifests/phase1e/2019-09/daily/source_2019090500.json
2019090500,day2_24h,p02,B,1,5,37,2,2,35,9,0,3809f496d79b537bfe54a2e0ef9a44034acc3d21519474ebb473243aeb150530,e7c1cbb7565c33f0db005570912ebc109ca73b736cbfca21738255c6c91c09ed,data/manifests/phase1e/2019-09/daily/source_2019090500.json
2019090500,day2_24h,p03,A,4,8,0,0,0,0,0,0,8ba00b39cd4907cb64d70978233ba358566d57d0efd53e526cd890257babe58e,8ba00b39cd4907cb64d70978233ba358566d57d0efd53e526cd890257babe58e,data/manifests/phase1e/2019-09/daily/source_2019090500.json
2019090500,day2_24h,p03,B,1,5,0,0,0,0,0,0,99818d0d3cac967baa4b8370aa807aa84ea8d16d2a3349d49b6ac0c0a013d91b,99818d0d3cac967baa4b8370aa807aa84ea8d16d2a3349d49b6ac0c0a013d91b,data/manifests/phase1e/2019-09/daily/source_2019090500.json
2019090500,day2_24h,p04,A,4,8,139,8,8,131,6,0,8524c4eec4d00521be6e0b3f9339c172022bbbe0d717e55ba380faff7a5bbdf4,184fa7f1d161d3d97807014a90fc55ba78b9686303fd8885f2923f8c710bd9a9,data/manifests/phase1e/2019-09/daily/source_2019090500.json
2019090500,day2_24h,p04,B,1,5,71,3,3,68,6,0,704c2a32e8af9c57dd0912696fd8a4f1fa1387e170411b554fa8e4427b780936,894a0c908f5bcd5d40fb9db907aa51456cc21618c17be07e2f6d19c2c9d45999,data/manifests/phase1e/2019-09/daily/source_2019090500.json
2019090500,day3_24h,c00,A,4,8,45,1,1,44,0,0,a1a8b7e871cc18eceee497504b707c1435d650e8035cd4184bfc036d9fa124de,8664146021cad30172b4da2ebb8bd2aed466379d60ad564308dc8e28fc763c3d,data/manifests/phase1e/2019-09/daily/source_2019090500.json
2019090500,day3_24h,c00,B,1,5,0,0,0,0,0,0,daa29778205db5b08a1db32d1852dd63053c51e9da166ee3e7d1f98017cd36d9,daa29778205db5b08a1db32d1852dd63053c51e9da166ee3e7d1f98017cd36d9,data/manifests/phase1e/2019-09/daily/source_2019090500.json
2019090500,day3_24h,p01,A,4,8,0,0,0,0,0,0,268e94f8856b1d04ca863022ccfc9af6ca341dcdae7931ab0841a379f57ce22a,268e94f8856b1d04ca863022ccfc9af6ca341dcdae7931ab0841a379f57ce22a,data/manifests/phase1e/2019-09/daily/source_2019090500.json
2019090500,day3_24h,p01,B,1,5,0,0,0,0,0,0,a05a5bcab4eef26ef04b5e17a8206b3b8df664e2e48983d3cf6f74d592fd9176,a05a5bcab4eef26ef04b5e17a8206b3b8df664e2e48983d3cf6f74d592fd9176,data/manifests/phase1e/2019-09/daily/source_2019090500.json
2019090500,day3_24h,p02,A,4,8,0,0,0,0,0,0,876ecf0120a7eb3b1d113cb11017757ab7c2e4a7bd402f89d2bd1425e3d4ee21,876ecf0120a7eb3b1d113cb11017757ab7c2e4a7bd402f89d2bd1425e3d4ee21,data/manifests/phase1e/2019-09/daily/source_2019090500.json
2019090500,day3_24h,p02,B,1,5,0,0,0,0,0,0,83af85b2d4de30330d221c1bbdd4336639b5d98fd6ac83375ba3204037a7bb2e,83af85b2d4de30330d221c1bbdd4336639b5d98fd6ac83375ba3204037a7bb2e,data/manifests/phase1e/2019-09/daily/source_2019090500.json
2019090500,day3_24h,p03,A,4,8,0,0,0,0,0,0,f6195027dd3b41dde2425c942e1b7321bdb07350d0a0161e1478df906df46590,f6195027dd3b41dde2425c942e1b7321bdb07350d0a0161e1478df906df46590,data/manifests/phase1e/2019-09/daily/source_2019090500.json
2019090500,day3_24h,p03,B,1,5,0,0,0,0,0,0,e37831bc0f630a31a95aa9a984b188298b126dbce793df22f49f2535f2c6d0cc,e37831bc0f630a31a95aa9a984b188298b126dbce793df22f49f2535f2c6d0cc,data/manifests/phase1e/2019-09/daily/source_2019090500.json
2019090500,day3_24h,p04,A,4,8,185,11,11,174,0,0,d175871b2ea9edef9ef2d60a357856c593abf2cee94aeabc618cc95560ce3f24,c073bcf086b5be5474444961f6126e0f9d6423f444d004430091580a6538767e,data/manifests/phase1e/2019-09/daily/source_2019090500.json
2019090500,day3_24h,p04,B,1,5,0,0,0,0,0,0,3d962b32360895018b899e59a6ce3d79b92424459b7f62829a7f4368d8ff8156,3d962b32360895018b899e59a6ce3d79b92424459b7f62829a7f4368d8ff8156,data/manifests/phase1e/2019-09/daily/source_2019090500.json
2019090600,day1_24h,c00,A,4,8,243,1,1,242,0,0,ae774e7b58cd628321d4c916aea59dcf36bb5239c7f61a939c528ddcb73268ab,4796f73302f2bb336fdd761486651d37f4d6ecde92ec49dce474b5ed2da405cb,data/manifests/phase1e/2019-09/daily/source_2019090600.json
2019090600,day1_24h,c00,B,1,5,0,0,0,0,0,0,04feea4839fb53a8deb83a02f006dc424bd499d2029dd78f9a6f3494e16bbe1f,04feea4839fb53a8deb83a02f006dc424bd499d2029dd78f9a6f3494e16bbe1f,data/manifests/phase1e/2019-09/daily/source_2019090600.json
2019090600,day1_24h,p01,A,4,8,0,0,0,0,0,0,29039fd7d989bf16397c72ad6d691ed8bfe3d316ac304a6a5c891443fec70568,29039fd7d989bf16397c72ad6d691ed8bfe3d316ac304a6a5c891443fec70568,data/manifests/phase1e/2019-09/daily/source_2019090600.json
2019090600,day1_24h,p01,B,1,5,0,0,0,0,0,0,2ed46d0acb1fc0f2b3e6fc28eefc41e9dd4f982442aaa38afc0e2206841aa9a7,2ed46d0acb1fc0f2b3e6fc28eefc41e9dd4f982442aaa38afc0e2206841aa9a7,data/manifests/phase1e/2019-09/daily/source_2019090600.json
2019090600,day1_24h,p02,A,4,8,89,0,0,89,0,0,e6622356295a01c918bd5049fbf1740c5ee31cc83fcf20f956f2b19263954151,0e2228fd03360a92cbe043b13deed19ca33c4c31b6338b4e463f03649a5c732b,data/manifests/phase1e/2019-09/daily/source_2019090600.json
2019090600,day1_24h,p02,B,1,5,0,0,0,0,0,0,5c4c7338b5551b25841ffeb1f562de02aeae6b9dd2d43be12fa67d0232a11f9b,5c4c7338b5551b25841ffeb1f562de02aeae6b9dd2d43be12fa67d0232a11f9b,data/manifests/phase1e/2019-09/daily/source_2019090600.json
2019090600,day1_24h,p03,A,4,8,164,8,8,156,0,0,74bdcdda781c8a4cb91bfb36eb19933463fcad3413faeb709d640fb47742f211,aa5fd007a1de76a25812413b7f5d965c4cc5a21a760e8d379c503f7c2968e1f4,data/manifests/phase1e/2019-09/daily/source_2019090600.json
2019090600,day1_24h,p03,B,1,5,0,0,0,0,0,0,2059909f39d3b19ad9c914ec1430a9b458fb6b2b2bdbce4eb11002ee117c1a6f,2059909f39d3b19ad9c914ec1430a9b458fb6b2b2bdbce4eb11002ee117c1a6f,data/manifests/phase1e/2019-09/daily/source_2019090600.json
2019090600,day1_24h,p04,A,4,8,120,1,1,119,0,0,7025edfc9146645bcf28a89844491ddd0c1ccb01b47aaecb345801ad0e6bcc23,2854063fb2ce86ed0beadbde2442c76232a4903a919be23ec8bac95b3a57ff31,data/manifests/phase1e/2019-09/daily/source_2019090600.json
2019090600,day1_24h,p04,B,1,5,0,0,0,0,0,0,7d71b0074407b20e83c65bbff8e5fb4b996810a5e919a720870bd5bb09ca8c0a,7d71b0074407b20e83c65bbff8e5fb4b996810a5e919a720870bd5bb09ca8c0a,data/manifests/phase1e/2019-09/daily/source_2019090600.json
2019090600,day2_24h,c00,A,4,8,177,12,12,165,0,0,5d4f8bafa6ac2d3c55d08a726b54d2b57a62a0874948b3af371940605782c9dd,65c0ba0996f43d78b05569332e5c1af9bcddf6171671c854cc17ad45efba5ceb,data/manifests/phase1e/2019-09/daily/source_2019090600.json
2019090600,day2_24h,c00,B,1,5,0,0,0,0,0,0,66d5fafce0fd8f1c731e28b32f3ad42e0a4cff42921dc570be97df560b5b2d9f,66d5fafce0fd8f1c731e28b32f3ad42e0a4cff42921dc570be97df560b5b2d9f,data/manifests/phase1e/2019-09/daily/source_2019090600.json
2019090600,day2_24h,p01,A,4,8,0,0,0,0,0,0,e9e82edded3fcd629cb1dab714b77cb3ea785e61c1f1473b98019c7e85572df9,e9e82edded3fcd629cb1dab714b77cb3ea785e61c1f1473b98019c7e85572df9,data/manifests/phase1e/2019-09/daily/source_2019090600.json
2019090600,day2_24h,p01,B,1,5,0,0,0,0,0,0,88dccb38dfd13f4a84eb5da4e1d2bd089cf567bccd2d600cae07388c9f248091,88dccb38dfd13f4a84eb5da4e1d2bd089cf567bccd2d600cae07388c9f248091,data/manifests/phase1e/2019-09/daily/source_2019090600.json
2019090600,day2_24h,p02,A,4,8,109,2,2,107,0,0,797d7c4c0cd4ee2e94b298f968a146747a6c6c0b673f23d4ec4ca198939e3d63,4158ef36f8b3683f6143e498abc4c3242dfeebeabc2c3f55c5682428575c6c60,data/manifests/phase1e/2019-09/daily/source_2019090600.json
2019090600,day2_24h,p02,B,1,5,0,0,0,0,0,0,2e4950a43921c5ee09c6691516f2a7751d8ebca5ec7e5ee83f1834cc4f351814,2e4950a43921c5ee09c6691516f2a7751d8ebca5ec7e5ee83f1834cc4f351814,data/manifests/phase1e/2019-09/daily/source_2019090600.json
2019090600,day2_24h,p03,A,4,8,0,0,0,0,0,0,bc4e5c654bff11022cab1d75d1eb8d7aca210b40a434a7b459a083d7b5ad77ee,bc4e5c654bff11022cab1d75d1eb8d7aca210b40a434a7b459a083d7b5ad77ee,data/manifests/phase1e/2019-09/daily/source_2019090600.json
2019090600,day2_24h,p03,B,1,5,0,0,0,0,0,0,f83392ad1574e68c9765a4ffd596c2b9ab127ad50271bd15d9b47b87e33f5061,f83392ad1574e68c9765a4ffd596c2b9ab127ad50271bd15d9b47b87e33f5061,data/manifests/phase1e/2019-09/daily/source_2019090600.json
2019090600,day2_24h,p04,A,4,8,281,7,7,274,0,0,9b0e06529fc9ed3694235df2dc70ae9a393209d5a97ddd711b10ce4ebd477125,6c6c338e2247b106633ebcfc9d86e3d41f9f6a8ab282aa4379a487e65d711aa2,data/manifests/phase1e/2019-09/daily/source_2019090600.json
2019090600,day2_24h,p04,B,1,5,0,0,0,0,0,0,3e619dcace43df74e2eb8493b04aa87cedd5516086160127ff352cd4909f6c5c,3e619dcace43df74e2eb8493b04aa87cedd5516086160127ff352cd4909f6c5c,data/manifests/phase1e/2019-09/daily/source_2019090600.json
2019090600,day3_24h,c00,A,4,8,474,8,8,466,3,0,03c0140cb7f0f2694e343d72c7bd78ff158e7ad33924987cd9a63798f3f89098,918d6db363f9ab3bc360d659d883348f8f0dd614b20054ec45bbace7f3baf051,data/manifests/phase1e/2019-09/daily/source_2019090600.json
2019090600,day3_24h,c00,B,1,5,72,0,0,72,3,0,69b0c600ecc82486bd6ce7dd964122f459143fc68b5b9a552613c1c6a3197ba5,0949a3b761e00d10ec691703919851c9ed3a97489f5c74c5a3fafd664aa30a56,data/manifests/phase1e/2019-09/daily/source_2019090600.json
2019090600,day3_24h,p01,A,4,8,258,7,7,251,0,0,d2910dfc122de91d823e13e0ff31bef4f7eab4660e04eb9957e9b0e3c4bb4c52,aa6423d0f392edc61af24014bcd8d8e184520779c8020cdb82fe7163a537cd09,data/manifests/phase1e/2019-09/daily/source_2019090600.json
2019090600,day3_24h,p01,B,1,5,0,0,0,0,0,0,5a41c387d332045fb77dccd46a0b30d3b8562e2557aad4065648d855444438a5,5a41c387d332045fb77dccd46a0b30d3b8562e2557aad4065648d855444438a5,data/manifests/phase1e/2019-09/daily/source_2019090600.json
2019090600,day3_24h,p02,A,4,8,206,3,3,203,0,0,5fc30888fba934526284eb30fd43c432492611eeeb5acfa2c30c2ebbc8cb9ead,5a7e8eaf79fae20904408b78ec5f47594ef6dac6b5fcaa9187fc13c19d677d1a,data/manifests/phase1e/2019-09/daily/source_2019090600.json
2019090600,day3_24h,p02,B,1,5,115,0,0,115,0,0,bfc2c4f5b6a73d503e352aaedcff473d0db425575375ee76668201e5233cede9,3476d0263f2623a85eaf81d3464e8789ce4e81206dff728bc83b49177e3c8049,data/manifests/phase1e/2019-09/daily/source_2019090600.json
2019090600,day3_24h,p03,A,4,8,0,0,0,0,0,0,f2a9c488f316f96f442288a0356c954193c41fd9768db3cad9cc319ecce9d218,f2a9c488f316f96f442288a0356c954193c41fd9768db3cad9cc319ecce9d218,data/manifests/phase1e/2019-09/daily/source_2019090600.json
2019090600,day3_24h,p03,B,1,5,0,0,0,0,0,0,f4707283680d6eea685bc391b6ecdc6a49b5acd11d6ac78c057e90cc5ca4171c,f4707283680d6eea685bc391b6ecdc6a49b5acd11d6ac78c057e90cc5ca4171c,data/manifests/phase1e/2019-09/daily/source_2019090600.json
2019090600,day3_24h,p04,A,4,8,0,0,0,0,0,0,f76a244b4272478b329ae72587b06ce7c2df39beacfdc3179273d74c7203ec87,f76a244b4272478b329ae72587b06ce7c2df39beacfdc3179273d74c7203ec87,data/manifests/phase1e/2019-09/daily/source_2019090600.json
2019090600,day3_24h,p04,B,1,5,0,0,0,0,0,0,5c43fdd53f63d47ef91f1ba110734f00c144e8b118179fc358c6f00f9447e0ec,5c43fdd53f63d47ef91f1ba110734f00c144e8b118179fc358c6f00f9447e0ec,data/manifests/phase1e/2019-09/daily/source_2019090600.json
2019090700,day1_24h,c00,A,4,8,364,10,10,354,0,0,1ef82f6096f005d2af3ab867a269c969724e9205e1633cab3ad2c244b16a5e45,16c8c4b5dde46c70748cd671fb9a6cac30a712271887544301397e760e91f7d9,data/manifests/phase1e/2019-09/daily/source_2019090700.json
2019090700,day1_24h,c00,B,1,5,0,0,0,0,0,0,bb59c7868da2e774269a63f959b1792e11e20064501c6aca30b4d4904621a003,bb59c7868da2e774269a63f959b1792e11e20064501c6aca30b4d4904621a003,data/manifests/phase1e/2019-09/daily/source_2019090700.json
2019090700,day1_24h,p01,A,4,8,195,4,4,191,0,0,a8967d411effa6da2a4e529a284edda8536e6fbfcea89a9f78cad121eb3c2b55,0a1d763fca2c5a4d9caa98201eded8c4b8344bd26b0756022295a9e82538cf57,data/manifests/phase1e/2019-09/daily/source_2019090700.json
2019090700,day1_24h,p01,B,1,5,0,0,0,0,0,0,673691c17f8c45875377138e4bb8740e99590e8df12c3cf1ba4ff32f33e371d1,673691c17f8c45875377138e4bb8740e99590e8df12c3cf1ba4ff32f33e371d1,data/manifests/phase1e/2019-09/daily/source_2019090700.json
2019090700,day1_24h,p02,A,4,8,565,13,13,552,0,0,33f817b963d0caacfdf14470ac546823c344f8f4cae61a644002fd41a96027ad,ac56deb9564e208cc72a96f4cb6457328f667a48c6b0954b4d967e0a4d3e2952,data/manifests/phase1e/2019-09/daily/source_2019090700.json
2019090700,day1_24h,p02,B,1,5,105,0,0,105,0,0,f3b619f585fe70f2a43f0156b7fcde5609f96b4ae296d25319812c95132c2b19,1969a9fe6d358699f1d2d775478cb11a55890a8c7faf518297d502a805eba77b,data/manifests/phase1e/2019-09/daily/source_2019090700.json
2019090700,day1_24h,p03,A,4,8,0,0,0,0,0,0,5f0e8ad18ea1c2475ed0f60e1cbec9b7dd512217eb016d682e4ea7258d588a3e,5f0e8ad18ea1c2475ed0f60e1cbec9b7dd512217eb016d682e4ea7258d588a3e,data/manifests/phase1e/2019-09/daily/source_2019090700.json
2019090700,day1_24h,p03,B,1,5,0,0,0,0,0,0,95441bb8271caf5f5f42618718acf1aab3d94bc6c4f7915ae91e026d15821185,95441bb8271caf5f5f42618718acf1aab3d94bc6c4f7915ae91e026d15821185,data/manifests/phase1e/2019-09/daily/source_2019090700.json
2019090700,day1_24h,p04,A,4,8,0,0,0,0,0,0,a1ae3dae944c106f7e296f9653245586d9b87f0961a89161dd7fab5f556ac7d6,a1ae3dae944c106f7e296f9653245586d9b87f0961a89161dd7fab5f556ac7d6,data/manifests/phase1e/2019-09/daily/source_2019090700.json
2019090700,day1_24h,p04,B,1,5,0,0,0,0,0,0,f3b45ab0b5356e9b76839566007e0228fe4cf3c4abe1ee983d59ddb5132dbac4,f3b45ab0b5356e9b76839566007e0228fe4cf3c4abe1ee983d59ddb5132dbac4,data/manifests/phase1e/2019-09/daily/source_2019090700.json
2019090700,day2_24h,c00,A,4,8,230,3,3,227,17,0,032b7057f8156c10f397a7c021bc993928006b578d5e5a37f236ae42e5273dff,b39886f2120715bcddaa27925f147e324d0cdacb5848486e63cefcb91b4725c4,data/manifests/phase1e/2019-09/daily/source_2019090700.json
2019090700,day2_24h,c00,B,1,5,73,0,0,73,17,0,6fa25e400b08cbeaf6d541ad2fc3872593ae170353f4999ee6b7e496c704a6c3,9ab3f1bbc60cb9d61d4fc84023bb0e23fceeb43fa77eeaeea7792d9e7afbe9ee,data/manifests/phase1e/2019-09/daily/source_2019090700.json
2019090700,day2_24h,p01,A,4,8,106,2,2,104,24,2,a71e77b7e74a4d1ee789a9672645d93be478fa656495a77b5ae3661a5bbaeb04,f1c7640d3254d138054d1c1b57992ad3ae469f4dc3d224e1e4f840a6f9dfa660,data/manifests/phase1e/2019-09/daily/source_2019090700.json
2019090700,day2_24h,p01,B,1,5,106,2,2,104,24,2,4349082172dcda078a317e234759d4ecb7b20c8d32c4a67b975ce710ece9b4ab,a50bd4946a228eaa35883c44dc36fbd87fb83c1ee61b2934f95860038e7dba82,data/manifests/phase1e/2019-09/daily/source_2019090700.json
2019090700,day2_24h,p02,A,4,8,344,6,6,338,0,0,48874e0c04fb670a221dfa66b26f94afef4d843f0c43d7507238f17945de653e,cb848557d95f7814e16634c649bdf1a4522de3c25cb42473299d681e799f55c3,data/manifests/phase1e/2019-09/daily/source_2019090700.json
2019090700,day2_24h,p02,B,1,5,0,0,0,0,0,0,ddccc2e489908304b605a9da8c7c40b930c52a4980e7291672cea1f8fd701d3c,ddccc2e489908304b605a9da8c7c40b930c52a4980e7291672cea1f8fd701d3c,data/manifests/phase1e/2019-09/daily/source_2019090700.json
2019090700,day2_24h,p03,A,4,8,0,0,0,0,0,0,80e06c89e084358edd07c8c4a183794b3b47abff89dad25536049b25dd8db218,80e06c89e084358edd07c8c4a183794b3b47abff89dad25536049b25dd8db218,data/manifests/phase1e/2019-09/daily/source_2019090700.json
2019090700,day2_24h,p03,B,1,5,0,0,0,0,0,0,20ee637b82a838d8cc9f09776f2bf6b38cc40863eae4ae88520d3f05ca618fd7,20ee637b82a838d8cc9f09776f2bf6b38cc40863eae4ae88520d3f05ca618fd7,data/manifests/phase1e/2019-09/daily/source_2019090700.json
2019090700,day2_24h,p04,A,4,8,207,16,16,191,0,0,a6e47d082840b4ee869592f58a53b78b462ddb35197a43d94c5352bae4ae5d54,d67f2b3b7540d28c035008163cbc84c4c5afa374adab067e97edfb7fa80feb3e,data/manifests/phase1e/2019-09/daily/source_2019090700.json
2019090700,day2_24h,p04,B,1,5,0,0,0,0,0,0,755ce0bf07ef56b35d04b04cedd49b104e2687409dfeaa706c6658f0f7b51d65,755ce0bf07ef56b35d04b04cedd49b104e2687409dfeaa706c6658f0f7b51d65,data/manifests/phase1e/2019-09/daily/source_2019090700.json
2019090700,day3_24h,c00,A,4,8,538,22,22,516,0,0,8bbaa37a64f4137ddfc150ee4a0b1e5a586f4e4f04d17f3053087b99b6db9822,4fc96ddea3e93a7fc26c30d474c74de062a6f1cd0e23ce36ce8cf8e7f2da8e31,data/manifests/phase1e/2019-09/daily/source_2019090700.json
2019090700,day3_24h,c00,B,1,5,77,4,4,73,0,0,cbb23732196f25a3deb86d56c0fc359cb8b83eb068e4b8198078146817312f48,46c3e41afdeec678989c3eb7e57f9c256195a91920d0c97f7ee6d3967f84b96c,data/manifests/phase1e/2019-09/daily/source_2019090700.json
2019090700,day3_24h,p01,A,4,8,83,1,1,82,0,0,39495118124bc26fc021e786fd790720062b2d982ec751075f9c4365ca2dd240,4429c34862316df5e254151e44fb743e37ef2b7ffd948303e86fb1006568f8e8,data/manifests/phase1e/2019-09/daily/source_2019090700.json
2019090700,day3_24h,p01,B,1,5,0,0,0,0,0,0,ffeee775b9af5f3442389f5a9ee48c7bd82013085131cafd883fd4b80cb98b8e,ffeee775b9af5f3442389f5a9ee48c7bd82013085131cafd883fd4b80cb98b8e,data/manifests/phase1e/2019-09/daily/source_2019090700.json
2019090700,day3_24h,p02,A,4,8,236,8,8,228,0,0,0b657c3b1414ad52c24126915e4ec9793d6b453979f8f4a5ee0c068449656144,f6965686d588b37f48e263849f7465bc528ef8b3969a04fe03d938a5be369d8b,data/manifests/phase1e/2019-09/daily/source_2019090700.json
2019090700,day3_24h,p02,B,1,5,0,0,0,0,0,0,812dc1360ce320ebb69e5cea7255b2924410eabcefae643e87a54c4fbe54e846,812dc1360ce320ebb69e5cea7255b2924410eabcefae643e87a54c4fbe54e846,data/manifests/phase1e/2019-09/daily/source_2019090700.json
2019090700,day3_24h,p03,A,4,8,303,15,15,288,0,0,14ba6a4a5a24404cd6184356d5960487a280209afd614c718ac5c87eaffaf4bf,dcba0e5ebfaaa1677a2bfc9a54879c34c971cef9661d31317ede452324bd3f41,data/manifests/phase1e/2019-09/daily/source_2019090700.json
2019090700,day3_24h,p03,B,1,5,0,0,0,0,0,0,b52b66543ce900f1dbf18e34eda79320e95067a192b6de616e590799106d7cd2,b52b66543ce900f1dbf18e34eda79320e95067a192b6de616e590799106d7cd2,data/manifests/phase1e/2019-09/daily/source_2019090700.json
2019090700,day3_24h,p04,A,4,8,0,0,0,0,0,0,e34cd4e8ef43f02267f56c2c781053d7bac249b574a899cdf5568686ff58e1b0,e34cd4e8ef43f02267f56c2c781053d7bac249b574a899cdf5568686ff58e1b0,data/manifests/phase1e/2019-09/daily/source_2019090700.json
2019090700,day3_24h,p04,B,1,5,0,0,0,0,0,0,6a9dd83df20cc74c23c6392c5c154e51bb13a56f469a38d76520c448c18d10b5,6a9dd83df20cc74c23c6392c5c154e51bb13a56f469a38d76520c448c18d10b5,data/manifests/phase1e/2019-09/daily/source_2019090700.json
2019090800,day1_24h,c00,A,4,8,0,0,0,0,0,0,bdbe7f6129f6324b3435c6db45c7c6872a915786ac5fd0d511993da4193d0458,bdbe7f6129f6324b3435c6db45c7c6872a915786ac5fd0d511993da4193d0458,data/manifests/phase1e/2019-09/daily/source_2019090800.json
2019090800,day1_24h,c00,B,1,5,0,0,0,0,0,0,a1600e4bec5a36882f02442c020d3cc36e352c7bc993df09d3c0d9131873c5b6,a1600e4bec5a36882f02442c020d3cc36e352c7bc993df09d3c0d9131873c5b6,data/manifests/phase1e/2019-09/daily/source_2019090800.json
2019090800,day1_24h,p01,A,4,8,0,0,0,0,0,0,837fa8ba7e7eb6592bf6355779537ff0d92be35afe349016ddeda1549bf2f742,837fa8ba7e7eb6592bf6355779537ff0d92be35afe349016ddeda1549bf2f742,data/manifests/phase1e/2019-09/daily/source_2019090800.json
2019090800,day1_24h,p01,B,1,5,0,0,0,0,0,0,a52c1f53a47d9d4fabf6f0bca3f5ff5cb640fb2147324bb418c16cdf2ed50a9b,a52c1f53a47d9d4fabf6f0bca3f5ff5cb640fb2147324bb418c16cdf2ed50a9b,data/manifests/phase1e/2019-09/daily/source_2019090800.json
2019090800,day1_24h,p02,A,4,8,121,2,2,119,0,0,55666078085ed076945cb832813822ed3e6ecdd1a9fad439fb05b40339680d07,c318bd600c0ee2469a4dde797f21839985baa0c90ecbb8dedbe01a1bc6c72371,data/manifests/phase1e/2019-09/daily/source_2019090800.json
2019090800,day1_24h,p02,B,1,5,0,0,0,0,0,0,2430ae5f375e8d70c6088af07a54a38ad4c301198574b942d0c25f815e51263b,2430ae5f375e8d70c6088af07a54a38ad4c301198574b942d0c25f815e51263b,data/manifests/phase1e/2019-09/daily/source_2019090800.json
2019090800,day1_24h,p03,A,4,8,0,0,0,0,0,0,84ac0973c31912c5bc49a136e6b732a47526fd0b26a547f7556f9bca2940290f,84ac0973c31912c5bc49a136e6b732a47526fd0b26a547f7556f9bca2940290f,data/manifests/phase1e/2019-09/daily/source_2019090800.json
2019090800,day1_24h,p03,B,1,5,0,0,0,0,0,0,eb11d50903ed7b3cec144c52ca78ed80fd40610d0abbbc7ef103351a3f9c030b,eb11d50903ed7b3cec144c52ca78ed80fd40610d0abbbc7ef103351a3f9c030b,data/manifests/phase1e/2019-09/daily/source_2019090800.json
2019090800,day1_24h,p04,A,4,8,0,0,0,0,0,0,b4f7690da986a6b4d2e51a3c3b2eaa22f5fcafa7314b959b3173ff58416a4d61,b4f7690da986a6b4d2e51a3c3b2eaa22f5fcafa7314b959b3173ff58416a4d61,data/manifests/phase1e/2019-09/daily/source_2019090800.json
2019090800,day1_24h,p04,B,1,5,0,0,0,0,0,0,7b434752e82cd4bda5ee06002274ae3b16a7c155264642bed8420a369b0ac948,7b434752e82cd4bda5ee06002274ae3b16a7c155264642bed8420a369b0ac948,data/manifests/phase1e/2019-09/daily/source_2019090800.json
2019090800,day2_24h,c00,A,4,8,392,14,14,378,0,0,643192b790c9f69cf04b39c16f7b9b8fcec1adcd14f362f3ec01c9ab37b37736,1aa781ebcd09d25daf402e9a95de268aeeec273a00e98d1106f8e0a55c06940c,data/manifests/phase1e/2019-09/daily/source_2019090800.json
2019090800,day2_24h,c00,B,1,5,0,0,0,0,0,0,52532624d5f57bc9a04a84386ee8cda2eced5c57537465970ca65cec7667ede9,52532624d5f57bc9a04a84386ee8cda2eced5c57537465970ca65cec7667ede9,data/manifests/phase1e/2019-09/daily/source_2019090800.json
2019090800,day2_24h,p01,A,4,8,0,0,0,0,0,0,18c810968c0e069887cdb8eed101b2962c4f3efcfb973b4bd80a226ee45bf51e,18c810968c0e069887cdb8eed101b2962c4f3efcfb973b4bd80a226ee45bf51e,data/manifests/phase1e/2019-09/daily/source_2019090800.json
2019090800,day2_24h,p01,B,1,5,0,0,0,0,0,0,49ed8bca0a2a1580b7524b99b2ddd855af20b8d89ea8d3dee7cd9069e2ca247f,49ed8bca0a2a1580b7524b99b2ddd855af20b8d89ea8d3dee7cd9069e2ca247f,data/manifests/phase1e/2019-09/daily/source_2019090800.json
2019090800,day2_24h,p02,A,4,8,475,12,12,463,0,0,04534b4da7a24a3a268615495c79cc6e257e74dba7ceba74c6f3c1dddf2ba23b,2cdac9f31c066d34e8deeeb59c8bccad277dcf17b8186189ad84025a8d9f694a,data/manifests/phase1e/2019-09/daily/source_2019090800.json
2019090800,day2_24h,p02,B,1,5,0,0,0,0,0,0,de01ca75f58659055619843ce066f690737256c0d15c35d06b572debabeb301e,de01ca75f58659055619843ce066f690737256c0d15c35d06b572debabeb301e,data/manifests/phase1e/2019-09/daily/source_2019090800.json
2019090800,day2_24h,p03,A,4,8,384,16,16,368,0,0,038e2a3659e6034ab8bcc4cbcc3e670ba67830bb0f9ec741757631b0de17b518,1a1345751f738f7a2deb867965793358304a95df540d69d841537e103488ef1f,data/manifests/phase1e/2019-09/daily/source_2019090800.json
2019090800,day2_24h,p03,B,1,5,0,0,0,0,0,0,558c0fd7f389ff81f0d1029ba84a630bda3994fe4c752272e752cef2c8b5f5f2,558c0fd7f389ff81f0d1029ba84a630bda3994fe4c752272e752cef2c8b5f5f2,data/manifests/phase1e/2019-09/daily/source_2019090800.json
2019090800,day2_24h,p04,A,4,8,0,0,0,0,0,0,0c15dc3d6ff36a2628fac949e2492df0794470fb539e981cc3a10186c559791b,0c15dc3d6ff36a2628fac949e2492df0794470fb539e981cc3a10186c559791b,data/manifests/phase1e/2019-09/daily/source_2019090800.json
2019090800,day2_24h,p04,B,1,5,0,0,0,0,0,0,baad4c789ef11b047ba74318557ea1389009505f490338562e6fb27750b9a0b8,baad4c789ef11b047ba74318557ea1389009505f490338562e6fb27750b9a0b8,data/manifests/phase1e/2019-09/daily/source_2019090800.json
2019090800,day3_24h,c00,A,4,8,172,3,3,169,13,0,4f36c7c1ac45130d4bbeff43b17dc4f3f3180998bdbadf4542ab41fc3186d5ad,ce2b849b416242acdac0745a1e9cacf8807fa4caf50ed4ef593eb96ce3abafbc,data/manifests/phase1e/2019-09/daily/source_2019090800.json
2019090800,day3_24h,c00,B,1,5,55,2,2,53,13,0,b5f0ff70608469bec9354ceb8da8f17a2159b466e1dde4c1109ef2c96c2b8344,219b3b9994d0a22a1c43812c21ca33bb00a0a944b7ba045caf70b611ea071752,data/manifests/phase1e/2019-09/daily/source_2019090800.json
2019090800,day3_24h,p01,A,4,8,0,0,0,0,0,0,61d650c4fe04704f39b312ebef1768dd1cd5ca591efcfa01a761a171ef9a9dd8,61d650c4fe04704f39b312ebef1768dd1cd5ca591efcfa01a761a171ef9a9dd8,data/manifests/phase1e/2019-09/daily/source_2019090800.json
2019090800,day3_24h,p01,B,1,5,0,0,0,0,0,0,771cb1640dfe87f04b57063a334b245d4ee62f590bf96c9e4461060fca8ecf62,771cb1640dfe87f04b57063a334b245d4ee62f590bf96c9e4461060fca8ecf62,data/manifests/phase1e/2019-09/daily/source_2019090800.json
2019090800,day3_24h,p02,A,4,8,0,0,0,0,0,0,e55921234b8a4db095a7ac302f45b31d2c023b500f49870daee148945ff29cdd,e55921234b8a4db095a7ac302f45b31d2c023b500f49870daee148945ff29cdd,data/manifests/phase1e/2019-09/daily/source_2019090800.json
2019090800,day3_24h,p02,B,1,5,0,0,0,0,0,0,a10c3010900e02322450fe98a11f16081eceafd2049de494991486961dc27f35,a10c3010900e02322450fe98a11f16081eceafd2049de494991486961dc27f35,data/manifests/phase1e/2019-09/daily/source_2019090800.json
2019090800,day3_24h,p03,A,4,8,350,13,13,337,8,0,3017bdb65e5435ce1f45fe808e1cd24212c9107f80d8d09ce972a104a383bd1c,a4e017db0c177316d0fc9ee273222858ffb6115ca75c4fd51eb8d82897a037c2,data/manifests/phase1e/2019-09/daily/source_2019090800.json
2019090800,day3_24h,p03,B,1,5,130,4,4,126,8,0,c185249c99813739614c255b26819945cc9633725815552dacfce577476d33c1,d9dec574556e49f698be91970300eb2a9c2b3f0d83aeb55457e8d79bd35eb7a0,data/manifests/phase1e/2019-09/daily/source_2019090800.json
2019090800,day3_24h,p04,A,4,8,0,0,0,0,0,0,c143b82adb8d3da26a187ebe70247e4de67b0af25b8dc79c45c39a5432887e82,c143b82adb8d3da26a187ebe70247e4de67b0af25b8dc79c45c39a5432887e82,data/manifests/phase1e/2019-09/daily/source_2019090800.json
2019090800,day3_24h,p04,B,1,5,0,0,0,0,0,0,9e567e7bb7c6a5651768b0e27dd7d75a5ef03d25991b782d9d8418b224d74431,9e567e7bb7c6a5651768b0e27dd7d75a5ef03d25991b782d9d8418b224d74431,data/manifests/phase1e/2019-09/daily/source_2019090800.json
2019090900,day1_24h,c00,A,4,8,246,9,9,237,0,0,2ae4bcc38bc3c48076c9db0fe2f38f9144a5ad0446288942b2178eacde082d44,c4aa3427383c0b1fc48d79c9bdfbbb39943b6d1bc9f8f14f544def2f1f0ae362,data/manifests/phase1e/2019-09/daily/source_2019090900.json
2019090900,day1_24h,c00,B,1,5,0,0,0,0,0,0,dcb4f5d7813ec04cc5bd36ef5a672206cd478c10abdb87866c0b20734e80089d,dcb4f5d7813ec04cc5bd36ef5a672206cd478c10abdb87866c0b20734e80089d,data/manifests/phase1e/2019-09/daily/source_2019090900.json
2019090900,day1_24h,p01,A,4,8,170,5,5,165,35,0,8564c2288060bc15aa373d4d0abd6d1500bcfa71583c6f1d2614e21acb9afa89,1b2dd2c941c87863e294fd0231c859251a4f7c4623e8fcd15f42bbdb291eb804,data/manifests/phase1e/2019-09/daily/source_2019090900.json
2019090900,day1_24h,p01,B,1,5,170,5,5,165,35,0,e30019c05be68d7c2ab2061f941f31081aba9a944a218a62bdf10278536b9f41,7977996a356411efeadbdfcac77d270fc3f84269b3d348285e20a8d8227acbea,data/manifests/phase1e/2019-09/daily/source_2019090900.json
2019090900,day1_24h,p02,A,4,8,494,22,22,472,0,0,5d31388abc2f256b3b3e6cafa89812ebf42f961da0fbcf368422ac140d08a80b,f9916ddedb854dbc7f73ee9cce706681790b4ea8c1e864d611f496c4b6725f7f,data/manifests/phase1e/2019-09/daily/source_2019090900.json
2019090900,day1_24h,p02,B,1,5,0,0,0,0,0,0,0a77df94eccea02cd93b7a3ba7bc085e57b55d057bd7cdb90b3f89940f0e9777,0a77df94eccea02cd93b7a3ba7bc085e57b55d057bd7cdb90b3f89940f0e9777,data/manifests/phase1e/2019-09/daily/source_2019090900.json
2019090900,day1_24h,p03,A,4,8,201,5,5,196,77,2,ac70874d5abc297731f20eb91af489c62f66ad9e0a4c5676a07d03eda82bd9c0,bbb0624ee98f519102094f704f011d0384b523bcb6f31152613769116eed745f,data/manifests/phase1e/2019-09/daily/source_2019090900.json
2019090900,day1_24h,p03,B,1,5,201,5,5,196,77,2,dad14ae808ff89d4de049644e39a1f13ace479327b0fe9f3feb4aa12a9cd3d32,06ceb376dfb01c8a132b3d5b812ab93cfcc1030c540f3e24ffc6e4dc641a0f3d,data/manifests/phase1e/2019-09/daily/source_2019090900.json
2019090900,day1_24h,p04,A,4,8,139,5,5,134,27,0,760d64b899839b532249d52254d5f3897c73dbbab5d565b56d812c04e243c752,7b8f87a1bb9f338e805ff3a2cd3e3eeabb2195815e73ca830f38c33c600b4d10,data/manifests/phase1e/2019-09/daily/source_2019090900.json
2019090900,day1_24h,p04,B,1,5,139,5,5,134,27,0,5086361819f5cdefb2bf6251f4323d67404d89775f3dc4f0601197dd05cb7d79,f387b928d895f40ba6c7e5a6b890339005f26e3b680fab8042bb9c5b35331f78,data/manifests/phase1e/2019-09/daily/source_2019090900.json
2019090900,day2_24h,c00,A,4,8,378,15,15,363,0,0,bc9bae367a3b86981015ee3ff89f2af1101687c8b21a8408d3399a9609762fd9,348b5a34b79f74c4145f7c3c6790223bcf777b722b46f959254fc6e280947fca,data/manifests/phase1e/2019-09/daily/source_2019090900.json
2019090900,day2_24h,c00,B,1,5,0,0,0,0,0,0,2b3f71bc17301685c49118e3ee085b6cf5732a0255809e6e30f8b6e5f476afe3,2b3f71bc17301685c49118e3ee085b6cf5732a0255809e6e30f8b6e5f476afe3,data/manifests/phase1e/2019-09/daily/source_2019090900.json
2019090900,day2_24h,p01,A,4,8,181,7,7,174,0,0,44cff67b9aa713c128811dec42c89e2e3863ad2043b45df1556483cf55665774,91ba20c2fcdf85b0ffa5f1bb6d6887b1ec141f6397d187501deaeb5b0882cddf,data/manifests/phase1e/2019-09/daily/source_2019090900.json
2019090900,day2_24h,p01,B,1,5,0,0,0,0,0,0,4243f3c897799263219c30692301dc3112ab0d0aeb068e87a0b63401e1dcf662,4243f3c897799263219c30692301dc3112ab0d0aeb068e87a0b63401e1dcf662,data/manifests/phase1e/2019-09/daily/source_2019090900.json
2019090900,day2_24h,p02,A,4,8,0,0,0,0,0,0,ac4f8b42ed1ced01fd9d1f90ccd494c44243677aaa2be374ae91d0d9e5e82602,ac4f8b42ed1ced01fd9d1f90ccd494c44243677aaa2be374ae91d0d9e5e82602,data/manifests/phase1e/2019-09/daily/source_2019090900.json
2019090900,day2_24h,p02,B,1,5,0,0,0,0,0,0,de2294ed99dabd5f36302909c6336adbaaf5bd9593a08be2a927a285c945eb7a,de2294ed99dabd5f36302909c6336adbaaf5bd9593a08be2a927a285c945eb7a,data/manifests/phase1e/2019-09/daily/source_2019090900.json
2019090900,day2_24h,p03,A,4,8,373,18,18,355,0,0,be67e4a7d5ebf57c1ef7196ae5009c2a2f80451195b9ca28ff68064739374eb5,185a939db2347b8dc07ca55fcfde5efa5cf04d591ed29938b47cab50fc4e7665,data/manifests/phase1e/2019-09/daily/source_2019090900.json
2019090900,day2_24h,p03,B,1,5,0,0,0,0,0,0,7630eaf5dbb08e51d4604e76c0b28eb3d217bb667a6838583d5e7632fe4d3394,7630eaf5dbb08e51d4604e76c0b28eb3d217bb667a6838583d5e7632fe4d3394,data/manifests/phase1e/2019-09/daily/source_2019090900.json
2019090900,day2_24h,p04,A,4,8,343,12,12,331,9,0,cab87ae66715f1c49f1ee627d69abad18d8de2d4ec1b0451bffde4e7604a6c75,9756ce658e54c031455cd8b4ae2d4984734a6fa7b12baf8ba3ec9c0a6aef20ae,data/manifests/phase1e/2019-09/daily/source_2019090900.json
2019090900,day2_24h,p04,B,1,5,117,7,7,110,9,0,f6c220e95031c859364cb5083f6af260818fbdcb84ee5c1eaeb4028c7085acfa,f3cd137be52a27d36e3aa5f7042c4f02723e9b9d781c08ed15e82c5e4a766720,data/manifests/phase1e/2019-09/daily/source_2019090900.json
2019090900,day3_24h,c00,A,4,8,112,1,1,111,0,0,e1c5541f40d6f77fca35654754c033c1a21fdf868ae831ca963f68e836180756,7a156c5869457dec2cef820a78485e239bddfa01eed7e2c7d8f77a94b1838225,data/manifests/phase1e/2019-09/daily/source_2019090900.json
2019090900,day3_24h,c00,B,1,5,0,0,0,0,0,0,0994c6b6ba397593eabc5c778cbda3abdcca57bb7a7d140e9fbec468917b7e54,0994c6b6ba397593eabc5c778cbda3abdcca57bb7a7d140e9fbec468917b7e54,data/manifests/phase1e/2019-09/daily/source_2019090900.json
2019090900,day3_24h,p01,A,4,8,90,0,0,90,0,0,c645181ea5f6a755fae82034cd34aabac338fcd44bd79300b23b66992a240afe,7967fac5944254f10a29da34eb1b6b0dcde07e4e94656c117380cf039f8acc9b,data/manifests/phase1e/2019-09/daily/source_2019090900.json
2019090900,day3_24h,p01,B,1,5,0,0,0,0,0,0,553f8af55da520bccea28f8ef3b60e6db9e1c42d4308ec205951df786bb793c3,553f8af55da520bccea28f8ef3b60e6db9e1c42d4308ec205951df786bb793c3,data/manifests/phase1e/2019-09/daily/source_2019090900.json
2019090900,day3_24h,p02,A,4,8,259,12,12,247,0,0,027ee44fbaf09641ad8882dbbf92316fda6256a56bcb1a5c6bb8b2a109563cfb,010bf207271e26fa695cb6ede2345ed14acfcdba6d59042d7c45f4c874cd3c66,data/manifests/phase1e/2019-09/daily/source_2019090900.json
2019090900,day3_24h,p02,B,1,5,0,0,0,0,0,0,a13aee19cd439df89ac37278cdf37b316181eeeb1a849e6fa2b5d2d67573935d,a13aee19cd439df89ac37278cdf37b316181eeeb1a849e6fa2b5d2d67573935d,data/manifests/phase1e/2019-09/daily/source_2019090900.json
2019090900,day3_24h,p03,A,4,8,0,0,0,0,0,0,c42a80efca477cefdcd1338f6de8e159140c47ec7a8c05add7a9af800fe5e975,c42a80efca477cefdcd1338f6de8e159140c47ec7a8c05add7a9af800fe5e975,data/manifests/phase1e/2019-09/daily/source_2019090900.json
2019090900,day3_24h,p03,B,1,5,0,0,0,0,0,0,0e714a93a54771863beb43c34362552a10ed473933093cfb559c366926fe2301,0e714a93a54771863beb43c34362552a10ed473933093cfb559c366926fe2301,data/manifests/phase1e/2019-09/daily/source_2019090900.json
2019090900,day3_24h,p04,A,4,8,83,1,1,82,0,0,f78b2c4f5dd9807bb257a2112ea1ed4008b91f39137d9b30d26560e45a0027bf,2011b789fc3c6bae4919ec449d8f985489a3c0e0ab1c61911cbfea77d0d11c2a,data/manifests/phase1e/2019-09/daily/source_2019090900.json
2019090900,day3_24h,p04,B,1,5,0,0,0,0,0,0,c85394237ead2183c98e9b269aa6198b5a8eb4111552dc5c5a72181fade430e8,c85394237ead2183c98e9b269aa6198b5a8eb4111552dc5c5a72181fade430e8,data/manifests/phase1e/2019-09/daily/source_2019090900.json
2019091000,day1_24h,c00,A,4,8,302,10,10,292,0,0,9a698c8a12cc73055359c1ea148ef929d62e5e3b25c0a47f18edb557691ad6ed,9ac3197a63a7bcec1c3959e0003fb52e4e10642045ab870d23eaa158e6c2790f,data/manifests/phase1e/2019-09/daily/source_2019091000.json
2019091000,day1_24h,c00,B,1,5,0,0,0,0,0,0,dc43da94ea598345625f3ca68ac56b56545e8ce4c0d1a00c50675dc078ae58ef,dc43da94ea598345625f3ca68ac56b56545e8ce4c0d1a00c50675dc078ae58ef,data/manifests/phase1e/2019-09/daily/source_2019091000.json
2019091000,day1_24h,p01,A,4,8,272,11,11,261,0,0,a66b0eb3d2d24e8b7fd16075fc474d36d39825cae809de94ee0d4b4d80dc9b14,3a7925d5e5278a8d7bdcbee8bc85b6722c27f01d903117543bf6b67a261cb40b,data/manifests/phase1e/2019-09/daily/source_2019091000.json
2019091000,day1_24h,p01,B,1,5,0,0,0,0,0,0,28ad781503911deb92081cac530917455c384e5efc6497aa1ffccd3ca0a269df,28ad781503911deb92081cac530917455c384e5efc6497aa1ffccd3ca0a269df,data/manifests/phase1e/2019-09/daily/source_2019091000.json
2019091000,day1_24h,p02,A,4,8,0,0,0,0,0,0,9047f67f2b1f3a545f53976245e00307653b3734f4bafed27cc0c25e63a34322,9047f67f2b1f3a545f53976245e00307653b3734f4bafed27cc0c25e63a34322,data/manifests/phase1e/2019-09/daily/source_2019091000.json
2019091000,day1_24h,p02,B,1,5,0,0,0,0,0,0,5221af84e40b22058b2b90d7ee47f29622025a6bb85867b94322693daf8acb35,5221af84e40b22058b2b90d7ee47f29622025a6bb85867b94322693daf8acb35,data/manifests/phase1e/2019-09/daily/source_2019091000.json
2019091000,day1_24h,p03,A,4,8,346,14,14,332,30,2,ae5be7ae2a5cf4cc2695d015826ea702752e4ef6d3f2844947dcdef6173c170c,a03fda24806fab8b5db8b93bdf9a7ec3a383df14f52e1b4165dcb351005ce976,data/manifests/phase1e/2019-09/daily/source_2019091000.json
2019091000,day1_24h,p03,B,1,5,181,12,12,169,30,2,6cca3f5b5fe6d905ac8fe662966489bfcc82459cb04d96eff7b92c165d82c070,896f614e464cfc1d0eba5dd8b51288e9e37c27e73311412026e9ad20c72f4dc5,data/manifests/phase1e/2019-09/daily/source_2019091000.json
2019091000,day1_24h,p04,A,4,8,261,13,13,248,32,1,3ccb22b6c8f0e4eef9f772b8cba9b44e3dbf0246e84f9ff78d6768a9b09838c8,11595acaa5c7b100588f7506c9f498ad0441193ff6f3b33878481cf920849ef3,data/manifests/phase1e/2019-09/daily/source_2019091000.json
2019091000,day1_24h,p04,B,1,5,171,12,12,159,32,1,997cad82c974af0de7f073c38cf4faa2c6d2747407a0fb017396880aac5b267e,eb49bf767a0650b0ef852d53f3cced7eb7871d16c49cf837e4f3884b74be0788,data/manifests/phase1e/2019-09/daily/source_2019091000.json
2019091000,day2_24h,c00,A,4,8,362,17,17,345,1,0,1cb88fec2ac8347bf9a14e15fc999cf1dddd949afa5799ab1c3a85f08d7e8d9a,1f37e132704253a6b0072bd1313172f9f1c709d885d356d8a5a22077172bc9ac,data/manifests/phase1e/2019-09/daily/source_2019091000.json
2019091000,day2_24h,c00,B,1,5,56,2,2,54,1,0,ddb47659b421a036c19d81fcc3fd1c17fa278d9912c0412cb428f15d8392aff0,d85696196d3ab3bb9a3c6f624c67b0c8ce7ff2b3c8ff95cd50a75b1940fc7e7a,data/manifests/phase1e/2019-09/daily/source_2019091000.json
2019091000,day2_24h,p01,A,4,8,0,0,0,0,0,0,66934b586328a7433e1b0102fd58b94bc6383c86a586ac9c25f85a9e3b7e8aab,66934b586328a7433e1b0102fd58b94bc6383c86a586ac9c25f85a9e3b7e8aab,data/manifests/phase1e/2019-09/daily/source_2019091000.json
2019091000,day2_24h,p01,B,1,5,0,0,0,0,0,0,564964b9e7b7f42999f1f109081f3e2dd335c46b676a538de2f5791e230d927f,564964b9e7b7f42999f1f109081f3e2dd335c46b676a538de2f5791e230d927f,data/manifests/phase1e/2019-09/daily/source_2019091000.json
2019091000,day2_24h,p02,A,4,8,305,17,17,288,0,0,7d1ce81e51bfe11b73ac1c54df750e86c7a93ad831e0fea91eb23b905c4093fb,6d6078790be2f633f36c0b9a74de348c8f68c24da3dd9d8769c7274eee1e8f17,data/manifests/phase1e/2019-09/daily/source_2019091000.json
2019091000,day2_24h,p02,B,1,5,0,0,0,0,0,0,7d1914362b420f5aa6fc5d4b899afb4535b9a79dde5251f63f26659f9056d220,7d1914362b420f5aa6fc5d4b899afb4535b9a79dde5251f63f26659f9056d220,data/manifests/phase1e/2019-09/daily/source_2019091000.json
2019091000,day2_24h,p03,A,4,8,139,3,3,136,5,0,2a3d0e631c04130c04a18ccf09be6b6a8c87f189fafe0345d9b06b47991ddbbe,4ffa345840f123f5b4c99a78a0985b72f3d3ea9cce24c4825555e68c5e1bd3c9,data/manifests/phase1e/2019-09/daily/source_2019091000.json
2019091000,day2_24h,p03,B,1,5,139,3,3,136,5,0,928d7b38c5e89d68e7aa148a5bf829333328cde0b1eda23ebd22f84c45ab49cd,fee8b8febf535a5716e4db029ce39e028b651c063d1b167f981635b1a4e5511b,data/manifests/phase1e/2019-09/daily/source_2019091000.json
2019091000,day2_24h,p04,A,4,8,222,6,6,216,0,0,0cf3adadd4a5218dab0b8501d672fb3db61400f730414bb619a6daeb48189007,beb6f9f93cd962c264adffb147b5ffbba489617c9a24495ff09863219efb5f8d,data/manifests/phase1e/2019-09/daily/source_2019091000.json
2019091000,day2_24h,p04,B,1,5,0,0,0,0,0,0,73595b8357ed0f6f113ecfcc0342a429c2b4b7aca6f49413e01735a5f28a10e5,73595b8357ed0f6f113ecfcc0342a429c2b4b7aca6f49413e01735a5f28a10e5,data/manifests/phase1e/2019-09/daily/source_2019091000.json
2019091000,day3_24h,c00,A,4,8,194,5,5,189,0,0,30ccaed904875ee7e4a03d182215a9369b8f257fc2507815cc2e0b70f7d2f51f,5d264c892b27672a2c839308a844024a42168411515d3d7d066d4d792484a1ef,data/manifests/phase1e/2019-09/daily/source_2019091000.json
2019091000,day3_24h,c00,B,1,5,0,0,0,0,0,0,519745009c93869f936090f123f2cfc05ffc38b2c38f8363e71986654c86e75a,519745009c93869f936090f123f2cfc05ffc38b2c38f8363e71986654c86e75a,data/manifests/phase1e/2019-09/daily/source_2019091000.json
2019091000,day3_24h,p01,A,4,8,223,6,6,217,0,0,6df01393bf296d6d378c94f880732232482b5f1a8c6755b0c1feee2b284d7adb,6d54604b5c1cbde1c174aa5fab863bf7c17a879841931649a507309f684fc20b,data/manifests/phase1e/2019-09/daily/source_2019091000.json
2019091000,day3_24h,p01,B,1,5,0,0,0,0,0,0,fb740f7d608ab1205270160e9193f44a4ca10322ca7ccfbea9e1fa86646082ff,fb740f7d608ab1205270160e9193f44a4ca10322ca7ccfbea9e1fa86646082ff,data/manifests/phase1e/2019-09/daily/source_2019091000.json
2019091000,day3_24h,p02,A,4,8,112,0,0,112,3,0,8ad31aa8eea5dafe1780859f1fb0cc0fe7a1baecec3ef4732698fedbe945681b,988061a488d0444ae96340a01916346cc2ea68d9a52d09c343c247063750465d,data/manifests/phase1e/2019-09/daily/source_2019091000.json
2019091000,day3_24h,p02,B,1,5,112,0,0,112,3,0,180d351a7cd31b97606028593775e83b0a1f2627f07a700a866ca797413a1436,28330a205aeb172cc9d152f9197a824b6106fa1e0745340702bc12172dc458c4,data/manifests/phase1e/2019-09/daily/source_2019091000.json
2019091000,day3_24h,p03,A,4,8,0,0,0,0,0,0,9de9f0616f8491bcefad460ef9ec4f6b69389c8d78e6633e1a3fcb55b784f0cf,9de9f0616f8491bcefad460ef9ec4f6b69389c8d78e6633e1a3fcb55b784f0cf,data/manifests/phase1e/2019-09/daily/source_2019091000.json
2019091000,day3_24h,p03,B,1,5,0,0,0,0,0,0,1fa0a7132317a2ee82122bb4d3d4d468c82408e72746f326bff104cc78884a21,1fa0a7132317a2ee82122bb4d3d4d468c82408e72746f326bff104cc78884a21,data/manifests/phase1e/2019-09/daily/source_2019091000.json
2019091000,day3_24h,p04,A,4,8,422,9,9,413,159,1,35f692836f350475e2b85e570e65f5e22a67d51efdca037e6709cdf557ce4e1f,e7ddf5d2844f0f3ad8d77063900b0df6b327102da641aa246de82c937fd47f9e,data/manifests/phase1e/2019-09/daily/source_2019091000.json
2019091000,day3_24h,p04,B,1,5,422,9,9,413,159,1,47814c7f851c56809b6034841e881cc2113db5b6fc4815d98bb19f667bf7869a,5470a11464b526e2c482b6a0cdd8a4948b2920c70a118b78a98e3f1d34a4feb3,data/manifests/phase1e/2019-09/daily/source_2019091000.json
2019091100,day1_24h,c00,A,4,8,315,15,15,300,0,0,467a7c14bbc450fe7d06665bbb0231225f288aebed54dc5ae482a9e7695e6b6e,5058f5578b9249157299c4896f5fe414d4187fe5e6990c2be895439943709b99,data/manifests/phase1e/2019-09/daily/source_2019091100.json
2019091100,day1_24h,c00,B,1,5,0,0,0,0,0,0,7b68471879d4817203f21abf6d8318d7bba5b57d2cd2245f40f7fe905d4179c8,7b68471879d4817203f21abf6d8318d7bba5b57d2cd2245f40f7fe905d4179c8,data/manifests/phase1e/2019-09/daily/source_2019091100.json
2019091100,day1_24h,p01,A,4,8,385,28,28,357,45,3,a726c933bde5f0587097c0b1864de80801c3bf22d17826210ad3cbc3882caaab,58b574125745d2c766cbbc22e5bd5223f46bbe05e1e5d0f18d46d5d8cb7947db,data/manifests/phase1e/2019-09/daily/source_2019091100.json
2019091100,day1_24h,p01,B,1,5,385,28,28,357,45,3,c0ec106f81c513009b6ada8a0cf17efe7d55b5c7fd1e37a8ad9d8608c2591040,9c39d47b179b167fce2d71062ac4ad8e708670d24cea1d338cfa9eddf9f55866,data/manifests/phase1e/2019-09/daily/source_2019091100.json
2019091100,day1_24h,p02,A,4,8,451,26,26,425,12,2,5e110cd3bf08a12b1dbd6ac134549347647bd20f67654c204583c430ca158224,5948f014f81cfecf715fc55382104deb8fdb8e365eee06bc2867db002e24be7c,data/manifests/phase1e/2019-09/daily/source_2019091100.json
2019091100,day1_24h,p02,B,1,5,329,24,24,305,12,2,d4a6024100cd877091eb7cc41970c7c14764d033f3a16617cc737a3ba1b91efb,a59795ef1bbd3afe2711faa763903c26321ab566fb866691236ac2797bfd5ebf,data/manifests/phase1e/2019-09/daily/source_2019091100.json
2019091100,day1_24h,p03,A,4,8,503,24,24,479,24,0,4abe06177e5e5c15139a7adb741ca7896c2d37e8b880d7d5586e5ab28bc4b473,957aa5bf611a3e48e8abf89e3b10b89fe117883fe098965ce7ef7e4b9b00cf6c,data/manifests/phase1e/2019-09/daily/source_2019091100.json
2019091100,day1_24h,p03,B,1,5,290,18,18,272,24,0,acfdbb43bbc49ff55174371c628f26969bb07cf41bccb59727f8e62c2a132937,9b4649241407d7a3c95177f715c4d52976d198aca8e507e7ba67532d2c50ae14,data/manifests/phase1e/2019-09/daily/source_2019091100.json
2019091100,day1_24h,p04,A,4,8,440,23,23,417,13,0,ce74d54233ab267c9d96f4ac45ced0a09965a1bcc595dfba2fa1847eb15a7ba0,6b80916792be5188ebeacbcc56cf3beade15a53db1b8c95fea34648959f8f780,data/manifests/phase1e/2019-09/daily/source_2019091100.json
2019091100,day1_24h,p04,B,1,5,260,19,19,241,13,0,27acc0c85c3e5e9350d76869a0a6fcdfde8fe620329945cf1494bb9f88d5d37a,96aa53739c5709d902e4526d28455533c9e72f9be63b483a696fbfc6c2d0436d,data/manifests/phase1e/2019-09/daily/source_2019091100.json
2019091100,day2_24h,c00,A,4,8,338,12,12,326,0,0,73c5f1e25e962bb12d22e38a16612822c22d9c58040879f009ccfdfc0a954db6,efcf634cff5f2c5e36364f1d547459b549a248457ea2ff00d3626218e8c17088,data/manifests/phase1e/2019-09/daily/source_2019091100.json
2019091100,day2_24h,c00,B,1,5,0,0,0,0,0,0,8a4b49051cf44ac5fc8c1c489b3f5d1ae58c1da188d019524bfb12f714cb9c03,8a4b49051cf44ac5fc8c1c489b3f5d1ae58c1da188d019524bfb12f714cb9c03,data/manifests/phase1e/2019-09/daily/source_2019091100.json
2019091100,day2_24h,p01,A,4,8,0,0,0,0,0,0,dfa7bb063bea66a88aeef19efb3564a47caec1ebd9346c05789c7d291fbd15c2,dfa7bb063bea66a88aeef19efb3564a47caec1ebd9346c05789c7d291fbd15c2,data/manifests/phase1e/2019-09/daily/source_2019091100.json
2019091100,day2_24h,p01,B,1,5,0,0,0,0,0,0,a6140390f5eba3f059490898ab36aca2fc0881b7c892c8bb5bd7adb88a939485,a6140390f5eba3f059490898ab36aca2fc0881b7c892c8bb5bd7adb88a939485,data/manifests/phase1e/2019-09/daily/source_2019091100.json
2019091100,day2_24h,p02,A,4,8,202,6,6,196,7,0,d858f5e2f5d7ac92ac9d6a939134b5015a5ad061add3acd77df7b4c105ae189e,9e55b21ddd535cac773f40fe4bb60e102c7902fc286c2ba1ab43682e98c338ee,data/manifests/phase1e/2019-09/daily/source_2019091100.json
2019091100,day2_24h,p02,B,1,5,202,6,6,196,7,0,d03a8e5270a05e9a60937a04c5954ac5e8124adbf8dbc9eeeefd54c7ad18c6ee,298f8379b15f3267a03ce524cd8246c235c9a8d6cdcbabcdeb7d63cd8a4be7fd,data/manifests/phase1e/2019-09/daily/source_2019091100.json
2019091100,day2_24h,p03,A,4,8,279,14,14,265,0,0,b2e3a036ce1c9b71861ba0ff318436351542392c04407d2b521608d2746d6bb0,d87f9700e235f248f4bb51b40ba1bca383af7bacd89b880c7521bcda294e5f8b,data/manifests/phase1e/2019-09/daily/source_2019091100.json
2019091100,day2_24h,p03,B,1,5,0,0,0,0,0,0,3f1863e91a99e66186350714bdb72621f8c82be901b210ee464c1096000b8c64,3f1863e91a99e66186350714bdb72621f8c82be901b210ee464c1096000b8c64,data/manifests/phase1e/2019-09/daily/source_2019091100.json
2019091100,day2_24h,p04,A,4,8,0,0,0,0,0,0,ab77628f72285599f49c88cb0b9677e8489a93f400b23d549d9f78c66f01677a,ab77628f72285599f49c88cb0b9677e8489a93f400b23d549d9f78c66f01677a,data/manifests/phase1e/2019-09/daily/source_2019091100.json
2019091100,day2_24h,p04,B,1,5,0,0,0,0,0,0,1e9c62186f6ff37f51ba97dfc489c57697db031a2d3dd27107cfee5697c35c6f,1e9c62186f6ff37f51ba97dfc489c57697db031a2d3dd27107cfee5697c35c6f,data/manifests/phase1e/2019-09/daily/source_2019091100.json
2019091100,day3_24h,c00,A,4,8,92,1,1,91,0,0,8a79f17739346fd97c19ffc517d7016ced8ef031a21b0e49eef53d5c90ab6313,ebb95d312daaa319a1fdc66f121c4a926920d1d9d2713ce1ca9048ee8544f838,data/manifests/phase1e/2019-09/daily/source_2019091100.json
2019091100,day3_24h,c00,B,1,5,0,0,0,0,0,0,7e579a539dfed411a4adbe4aa726fad888a2558d618393bf30a8d59c50bfc891,7e579a539dfed411a4adbe4aa726fad888a2558d618393bf30a8d59c50bfc891,data/manifests/phase1e/2019-09/daily/source_2019091100.json
2019091100,day3_24h,p01,A,4,8,219,15,15,204,0,0,88d903cf22a98f018d82ff64e22968b36fa8fe25aeb1ae3b035e5db886b6d0b3,88f13f430b040386a49f1a7bf6db551520d974ed556d298060d6e92311928b76,data/manifests/phase1e/2019-09/daily/source_2019091100.json
2019091100,day3_24h,p01,B,1,5,0,0,0,0,0,0,d67eec9ab7b0b79b39888973fa38b2bc0ab3dff6292028752d6ee01386eb2625,d67eec9ab7b0b79b39888973fa38b2bc0ab3dff6292028752d6ee01386eb2625,data/manifests/phase1e/2019-09/daily/source_2019091100.json
2019091100,day3_24h,p02,A,4,8,398,21,21,377,16,0,50e829cbb015ad74436dc6f16aea83642c362c2f75944fdad7c6ab1d9a5b09ef,5efb4c8d75f14b2cba1702961ef5759907f492bf1a73bb7a457de794bc467a9b,data/manifests/phase1e/2019-09/daily/source_2019091100.json
2019091100,day3_24h,p02,B,1,5,145,9,9,136,16,0,ba4b2e856bd2d01af3ad4d97c7d0229f7888b3d4e79342c2e113c02f4ed1b1af,1f13f10805698d4d3cd82efecaa6c9c4f6c30712d4cc2494c52f5d81df57c15c,data/manifests/phase1e/2019-09/daily/source_2019091100.json
2019091100,day3_24h,p03,A,4,8,311,12,12,299,6,0,203759f5c08ab3b23abea3ecf824af2a3350a7b79898a332e95978fc4e516a40,04852122cb17acac7c01282ae3870489e716dc5faf74b32731b55ca8c70cc6f3,data/manifests/phase1e/2019-09/daily/source_2019091100.json
2019091100,day3_24h,p03,B,1,5,167,6,6,161,6,0,cc0e078f8abcbb3c2d6ba78f63a3a1fe8efc94f809bec3dcc40f331535db5e11,e7966d1d656c9f6f5b7b1e998847eed2ce6bbdd62a1b3b55437c77cd12aebb3f,data/manifests/phase1e/2019-09/daily/source_2019091100.json
2019091100,day3_24h,p04,A,4,8,0,0,0,0,0,0,d505f18d261b05ed7eb4e4b1dc05be5f90dbfb3d24a0cc7912d083b6d77869fe,d505f18d261b05ed7eb4e4b1dc05be5f90dbfb3d24a0cc7912d083b6d77869fe,data/manifests/phase1e/2019-09/daily/source_2019091100.json
2019091100,day3_24h,p04,B,1,5,0,0,0,0,0,0,a3c1e701bede5af659cdd741dd6e84eaeeb5b82ee09d4184e3187e8705a4e2d3,a3c1e701bede5af659cdd741dd6e84eaeeb5b82ee09d4184e3187e8705a4e2d3,data/manifests/phase1e/2019-09/daily/source_2019091100.json
2019091200,day1_24h,c00,A,4,8,606,24,24,582,0,0,3cf060ddb44e225a09342a4efa97ad896f401161644ee097add4b14f20ded4c5,fee3323402e6c37129bb1fb3d93105de88a857d8fbcbad3a2a58eff073f4c466,data/manifests/phase1e/2019-09/daily/source_2019091200.json
2019091200,day1_24h,c00,B,1,5,0,0,0,0,0,0,7f15bf6590767d7900c535e1b91870babdb61b207a3514c3bffb914829909791,7f15bf6590767d7900c535e1b91870babdb61b207a3514c3bffb914829909791,data/manifests/phase1e/2019-09/daily/source_2019091200.json
2019091200,day1_24h,p01,A,4,8,43,0,0,43,1,0,d7e353fdf829435f3c3c7b3d0fc77b5b07fb7af88f01fb5280c199114f7930f8,d9ede95f6807ff56a53f79a06818143caeca57df4e01697ca264fa4514591aa3,data/manifests/phase1e/2019-09/daily/source_2019091200.json
2019091200,day1_24h,p01,B,1,5,43,0,0,43,1,0,ae0ae3cf35946d950b1bbd019774f96b30ea5f45ccfdd8792725914f4848517e,1a3ff2f6fa81adedd2a2dfc6f25b78eba1272604624bf8c8b64653fc5a98b5de,data/manifests/phase1e/2019-09/daily/source_2019091200.json
2019091200,day1_24h,p02,A,4,8,345,22,22,323,0,0,4f2439b884ba95d796df3312785d581045836b207ab10d483d5125a4c3816a91,c6bd45b02f289603ddcfad741015b48db9346f4d1eb2027d02ad1f69e157212b,data/manifests/phase1e/2019-09/daily/source_2019091200.json
2019091200,day1_24h,p02,B,1,5,0,0,0,0,0,0,912b51ee6ab3a8f7af55493e442598965b38d886f7c112902495476e85b69b71,912b51ee6ab3a8f7af55493e442598965b38d886f7c112902495476e85b69b71,data/manifests/phase1e/2019-09/daily/source_2019091200.json
2019091200,day1_24h,p03,A,4,8,614,34,34,580,0,0,2dd277aa57cc2d6c6ef002731b1d23952ac406a380ff5399646730bd456468c3,9768def3ce7653e770a0fb98abd00f5f4fc83c60e282f364719b8ea22e027390,data/manifests/phase1e/2019-09/daily/source_2019091200.json
2019091200,day1_24h,p03,B,1,5,0,0,0,0,0,0,9611c5a51769e10ac9724664d713c11623afddd50064e9fb7da6adab6d23fa45,9611c5a51769e10ac9724664d713c11623afddd50064e9fb7da6adab6d23fa45,data/manifests/phase1e/2019-09/daily/source_2019091200.json
2019091200,day1_24h,p04,A,4,8,0,0,0,0,0,0,ebcbcea443877dc979021833c12eae23d929ce6faa95088425ad700d373583ab,ebcbcea443877dc979021833c12eae23d929ce6faa95088425ad700d373583ab,data/manifests/phase1e/2019-09/daily/source_2019091200.json
2019091200,day1_24h,p04,B,1,5,0,0,0,0,0,0,834db8dcf43081eb2b8b73c4163f397823973c957db907cc9aacf7164064bce8,834db8dcf43081eb2b8b73c4163f397823973c957db907cc9aacf7164064bce8,data/manifests/phase1e/2019-09/daily/source_2019091200.json
2019091200,day2_24h,c00,A,4,8,298,7,7,291,21,2,9f86cffb2b7c9e6b26e83407bad5b6ab5de4d5ae799df24fc4f62794777841da,08be93c19549e1e9613450b8dc54ffde0442aada20d94be1a8578ac7f1aa0b84,data/manifests/phase1e/2019-09/daily/source_2019091200.json
2019091200,day2_24h,c00,B,1,5,106,4,4,102,21,2,4eccd1f3f0d99818d689e9e1b4b720419dfc80dfb2b9d71110f2cda8ed1550cf,bbaee68f391865df840efa2cc6291f7d03c6581740797aa1ea53091f1e0b4ef5,data/manifests/phase1e/2019-09/daily/source_2019091200.json
2019091200,day2_24h,p01,A,4,8,0,0,0,0,0,0,68de77e8aebfd5f20715b46c558997674f7af83a3acfa9ed7aafb58a1402cc3b,68de77e8aebfd5f20715b46c558997674f7af83a3acfa9ed7aafb58a1402cc3b,data/manifests/phase1e/2019-09/daily/source_2019091200.json
2019091200,day2_24h,p01,B,1,5,0,0,0,0,0,0,1d5688b7557d046a5bfa5772efa0b3fe26f0a0b2e12e891d51ae9af7b8e70413,1d5688b7557d046a5bfa5772efa0b3fe26f0a0b2e12e891d51ae9af7b8e70413,data/manifests/phase1e/2019-09/daily/source_2019091200.json
2019091200,day2_24h,p02,A,4,8,0,0,0,0,0,0,28ff60fb8cab76afcf8fbf40df4bcc436d7bcedde05a0226aa40436faf548ee2,28ff60fb8cab76afcf8fbf40df4bcc436d7bcedde05a0226aa40436faf548ee2,data/manifests/phase1e/2019-09/daily/source_2019091200.json
2019091200,day2_24h,p02,B,1,5,0,0,0,0,0,0,680e47da9ab74dc66f7a53fc59294c3c9df36bfe4a8f08246113c545f872201a,680e47da9ab74dc66f7a53fc59294c3c9df36bfe4a8f08246113c545f872201a,data/manifests/phase1e/2019-09/daily/source_2019091200.json
2019091200,day2_24h,p03,A,4,8,422,8,8,414,32,0,c446c4daec496f2dcfe99a5b9e7f32160d35f571a0e05a0d5d64f7bcace1ed70,4bf5a2df648e7441c5c0a73711a95be5662ef288f20ecb439da8d13bce9c8d2c,data/manifests/phase1e/2019-09/daily/source_2019091200.json
2019091200,day2_24h,p03,B,1,5,229,6,6,223,32,0,d2cfa2a3157bdb6e25fbf425300b426ad0ee42da2f3272e5230fe9742572c35e,66cf6e5599ebc71437be87a4ded851c78449d1691ec339cefcfb6c6b66947d72,data/manifests/phase1e/2019-09/daily/source_2019091200.json
2019091200,day2_24h,p04,A,4,8,0,0,0,0,0,0,13471678e00b837a98e80f35d63f1d5429558cf77822d7442dabc5328724e68c,13471678e00b837a98e80f35d63f1d5429558cf77822d7442dabc5328724e68c,data/manifests/phase1e/2019-09/daily/source_2019091200.json
2019091200,day2_24h,p04,B,1,5,0,0,0,0,0,0,4b234c8dc8480c0a65bab5ea42a7b56ba03a2705691272a225a8e2b85a7be185,4b234c8dc8480c0a65bab5ea42a7b56ba03a2705691272a225a8e2b85a7be185,data/manifests/phase1e/2019-09/daily/source_2019091200.json
2019091200,day3_24h,c00,A,4,8,383,12,12,371,11,1,87571c3a54a17fcee9ed0d4123089598f3b3436f101cf00ff3c9952647de0079,d6e69e04fb6df4d692f8144bd84bc25b974a0aa3580fb54e42b97825954340c0,data/manifests/phase1e/2019-09/daily/source_2019091200.json
2019091200,day3_24h,c00,B,1,5,203,8,8,195,11,1,e99463025e9f3746c517a8fc70346bfd1683d2ddd5bda66396b70d0a28f8e763,7ccd410b87b852d8d43f8b4c67fcc30ff3dc287704a62ff565a572339c83fb8e,data/manifests/phase1e/2019-09/daily/source_2019091200.json
2019091200,day3_24h,p01,A,4,8,0,0,0,0,0,0,e19677b15e29974c4400049ec0828bb45cb5e78636b4b3f62080c400e516edf1,e19677b15e29974c4400049ec0828bb45cb5e78636b4b3f62080c400e516edf1,data/manifests/phase1e/2019-09/daily/source_2019091200.json
2019091200,day3_24h,p01,B,1,5,0,0,0,0,0,0,1d0bbee7f067134246070a5b1b6937c4cc2454cff3964acde5a6773618022f90,1d0bbee7f067134246070a5b1b6937c4cc2454cff3964acde5a6773618022f90,data/manifests/phase1e/2019-09/daily/source_2019091200.json
2019091200,day3_24h,p02,A,4,8,0,0,0,0,0,0,ccff5bd8fb15f3f4699dda66aaa9103c7f329f729fbe326762080820881cdf96,ccff5bd8fb15f3f4699dda66aaa9103c7f329f729fbe326762080820881cdf96,data/manifests/phase1e/2019-09/daily/source_2019091200.json
2019091200,day3_24h,p02,B,1,5,0,0,0,0,0,0,e9da456056f15a1670a1022d4fbda9f07acb6d58bfcaaef142b1fe745b8815ad,e9da456056f15a1670a1022d4fbda9f07acb6d58bfcaaef142b1fe745b8815ad,data/manifests/phase1e/2019-09/daily/source_2019091200.json
2019091200,day3_24h,p03,A,4,8,185,4,4,181,0,0,374feb90e9ad5a00f204fcdc5885461dcb3e9175e436ff6cc16964e4586d6adf,2401d05fc667a179f7a7a4ee047d32f631580024afdc8166d654e8ee483071fa,data/manifests/phase1e/2019-09/daily/source_2019091200.json
2019091200,day3_24h,p03,B,1,5,0,0,0,0,0,0,885d2c2a06f8a0444cda1660000e029f1ae0cf92ee9da3db9a7a21f3b8670288,885d2c2a06f8a0444cda1660000e029f1ae0cf92ee9da3db9a7a21f3b8670288,data/manifests/phase1e/2019-09/daily/source_2019091200.json
2019091200,day3_24h,p04,A,4,8,258,5,5,253,0,0,f66391993d73bb459a15e79e3cb5f0f3dbbcbc1b36661076eb13aec738424ca6,f9034b35c141c20a396701b70274a8e87f24da422bc6cc51edbdb05c880fc129,data/manifests/phase1e/2019-09/daily/source_2019091200.json
2019091200,day3_24h,p04,B,1,5,0,0,0,0,0,0,a9a47f75f77fe36d33151f5885be90378c555c41397bc601db426c5e680b0643,a9a47f75f77fe36d33151f5885be90378c555c41397bc601db426c5e680b0643,data/manifests/phase1e/2019-09/daily/source_2019091200.json
2019091300,day1_24h,c00,A,4,8,0,0,0,0,0,0,8ec8a185deea5662ab7142f94e7c0a05c97d75724f2a28eeed834f6823efb1b1,8ec8a185deea5662ab7142f94e7c0a05c97d75724f2a28eeed834f6823efb1b1,data/manifests/phase1e/2019-09/daily/source_2019091300.json
2019091300,day1_24h,c00,B,1,5,0,0,0,0,0,0,eb4037013b0b204f81d876129240203c8a0852f04aaede8ae88f22591b4fbd4b,eb4037013b0b204f81d876129240203c8a0852f04aaede8ae88f22591b4fbd4b,data/manifests/phase1e/2019-09/daily/source_2019091300.json
2019091300,day1_24h,p01,A,4,8,0,0,0,0,0,0,c4fc3bc0e9584bef58ba548bb9bf4495883b19c326fe3a572c400c840d6ada77,c4fc3bc0e9584bef58ba548bb9bf4495883b19c326fe3a572c400c840d6ada77,data/manifests/phase1e/2019-09/daily/source_2019091300.json
2019091300,day1_24h,p01,B,1,5,0,0,0,0,0,0,0ed8a3f8d5fa1325eb22f83815a48b3031f6601ca49138fb8b73783e7272d1b7,0ed8a3f8d5fa1325eb22f83815a48b3031f6601ca49138fb8b73783e7272d1b7,data/manifests/phase1e/2019-09/daily/source_2019091300.json
2019091300,day1_24h,p02,A,4,8,0,0,0,0,0,0,b084461224af680892bfdb2552d87018d48e4ff487cb434c43505b2c0cabc380,b084461224af680892bfdb2552d87018d48e4ff487cb434c43505b2c0cabc380,data/manifests/phase1e/2019-09/daily/source_2019091300.json
2019091300,day1_24h,p02,B,1,5,0,0,0,0,0,0,a7f4820d191b2dc89c42439e35c2d21f5f44c7faafbf3f4dbacf67767319c022,a7f4820d191b2dc89c42439e35c2d21f5f44c7faafbf3f4dbacf67767319c022,data/manifests/phase1e/2019-09/daily/source_2019091300.json
2019091300,day1_24h,p03,A,4,8,189,5,5,184,0,0,44ab060384da56bd76ee92af2f4fe6c38772533b153ad134055695197b824975,6e9a0a72b7fa728e3ed8e7a3be88608a7489688761da089bdd867f39fb058ac3,data/manifests/phase1e/2019-09/daily/source_2019091300.json
2019091300,day1_24h,p03,B,1,5,38,0,0,38,0,0,23a160e89277cd6110206f7be7480bb9cc6b0650ac22e8e84110b14ef833b8dd,8e577278273aa877ff4685e338c21a18fcfed92afa4fcd661e9d0943bf07b009,data/manifests/phase1e/2019-09/daily/source_2019091300.json
2019091300,day1_24h,p04,A,4,8,0,0,0,0,0,0,655dd8d06cc329588c7156cfc841aaf3ac5ee70eadc93f8c7f8137cca5cbfa2b,655dd8d06cc329588c7156cfc841aaf3ac5ee70eadc93f8c7f8137cca5cbfa2b,data/manifests/phase1e/2019-09/daily/source_2019091300.json
2019091300,day1_24h,p04,B,1,5,0,0,0,0,0,0,1cc7603159ceeec7e8dcdfd6a02a35e90784a5eeff2f3bf6fa1c8e259f2e0115,1cc7603159ceeec7e8dcdfd6a02a35e90784a5eeff2f3bf6fa1c8e259f2e0115,data/manifests/phase1e/2019-09/daily/source_2019091300.json
2019091300,day2_24h,c00,A,4,8,0,0,0,0,0,0,339635834b0ac657718fb334b46be71b90a4885627f441c7351d768db4bd7fb3,339635834b0ac657718fb334b46be71b90a4885627f441c7351d768db4bd7fb3,data/manifests/phase1e/2019-09/daily/source_2019091300.json
2019091300,day2_24h,c00,B,1,5,0,0,0,0,0,0,e1f63fe1ebd238a7b59e2ca2d02261058a69c1e4b429df0e51c515201aee5921,e1f63fe1ebd238a7b59e2ca2d02261058a69c1e4b429df0e51c515201aee5921,data/manifests/phase1e/2019-09/daily/source_2019091300.json
2019091300,day2_24h,p01,A,4,8,453,25,25,428,0,0,9a5d1344798c80d4ccde91154a6faf86627af8f4e62a0a03402c8f616128aa21,460aae5c517a4af498bb4034eab8559b5d1890eb377b1440007cb848254c85c3,data/manifests/phase1e/2019-09/daily/source_2019091300.json
2019091300,day2_24h,p01,B,1,5,0,0,0,0,0,0,5550d11495af58e66a90b03d30f2914f4816489de86e8246505b47f29de84b2b,5550d11495af58e66a90b03d30f2914f4816489de86e8246505b47f29de84b2b,data/manifests/phase1e/2019-09/daily/source_2019091300.json
2019091300,day2_24h,p02,A,4,8,0,0,0,0,0,0,d9304bbfa954f32aa43af770bf65dd1a42b2f138d45fc65f588c63b0379f4a90,d9304bbfa954f32aa43af770bf65dd1a42b2f138d45fc65f588c63b0379f4a90,data/manifests/phase1e/2019-09/daily/source_2019091300.json
2019091300,day2_24h,p02,B,1,5,0,0,0,0,0,0,394c0d1275da7f8293581085e3c652f7a179107d4ab55a31d1e47dce5d35ab23,394c0d1275da7f8293581085e3c652f7a179107d4ab55a31d1e47dce5d35ab23,data/manifests/phase1e/2019-09/daily/source_2019091300.json
2019091300,day2_24h,p03,A,4,8,0,0,0,0,0,0,a4eb341eaa05a971721944b9c377fd49a50ff8554df3fe1ccd4e8501c26f7497,a4eb341eaa05a971721944b9c377fd49a50ff8554df3fe1ccd4e8501c26f7497,data/manifests/phase1e/2019-09/daily/source_2019091300.json
2019091300,day2_24h,p03,B,1,5,0,0,0,0,0,0,80bd4a66d41970e06cdf295d2989160b966375f71a538b3802a592d6bd97bcc5,80bd4a66d41970e06cdf295d2989160b966375f71a538b3802a592d6bd97bcc5,data/manifests/phase1e/2019-09/daily/source_2019091300.json
2019091300,day2_24h,p04,A,4,8,0,0,0,0,0,0,2478f3f835668944e775b42e54df2a4b4df3043fd5129356461ff062094c3a0a,2478f3f835668944e775b42e54df2a4b4df3043fd5129356461ff062094c3a0a,data/manifests/phase1e/2019-09/daily/source_2019091300.json
2019091300,day2_24h,p04,B,1,5,0,0,0,0,0,0,9ced22d2e20df0dbd087a9a7b533bd177aee6e4d867aa9378e1b88d6ac4b88e5,9ced22d2e20df0dbd087a9a7b533bd177aee6e4d867aa9378e1b88d6ac4b88e5,data/manifests/phase1e/2019-09/daily/source_2019091300.json
2019091300,day3_24h,c00,A,4,8,619,41,41,578,0,0,5c2264da85ea1082adbf622e241c970ea8d69e54f614a5897aebc2d84ffc54c0,01740d717db7ab0ed19a3031ff120299cdf2a27d9656b740ae09d44d7c6e72ef,data/manifests/phase1e/2019-09/daily/source_2019091300.json
2019091300,day3_24h,c00,B,1,5,0,0,0,0,0,0,8917f819ddab35e8ffdbccc183878a6ee472c66445d5c09f33a9dfafc6d41ba2,8917f819ddab35e8ffdbccc183878a6ee472c66445d5c09f33a9dfafc6d41ba2,data/manifests/phase1e/2019-09/daily/source_2019091300.json
2019091300,day3_24h,p01,A,4,8,0,0,0,0,0,0,60a32d7e5e38d4eac02a0650d5973343f8a91b8e511dc291a3bfe89cc4d8a39e,60a32d7e5e38d4eac02a0650d5973343f8a91b8e511dc291a3bfe89cc4d8a39e,data/manifests/phase1e/2019-09/daily/source_2019091300.json
2019091300,day3_24h,p01,B,1,5,0,0,0,0,0,0,fda2b602a390ed1a9b028bfcb4fd7f54a2534067ede35cf8887f155c363e529e,fda2b602a390ed1a9b028bfcb4fd7f54a2534067ede35cf8887f155c363e529e,data/manifests/phase1e/2019-09/daily/source_2019091300.json
2019091300,day3_24h,p02,A,4,8,0,0,0,0,0,0,c980cf09ff959de4bf05698b13b08f57823444c28223fb574ce4c7c0bae6233f,c980cf09ff959de4bf05698b13b08f57823444c28223fb574ce4c7c0bae6233f,data/manifests/phase1e/2019-09/daily/source_2019091300.json
2019091300,day3_24h,p02,B,1,5,0,0,0,0,0,0,e9b74b59ce2ed1018a76de07a748520a65efe966b1c471e9a0955dfce701b82e,e9b74b59ce2ed1018a76de07a748520a65efe966b1c471e9a0955dfce701b82e,data/manifests/phase1e/2019-09/daily/source_2019091300.json
2019091300,day3_24h,p03,A,4,8,0,0,0,0,0,0,f359bde70b5edde39001d880de87757e9d2304c7d31f9d063aa258cd62471922,f359bde70b5edde39001d880de87757e9d2304c7d31f9d063aa258cd62471922,data/manifests/phase1e/2019-09/daily/source_2019091300.json
2019091300,day3_24h,p03,B,1,5,0,0,0,0,0,0,205918434c2a52f6a735d07d245aca28efe7d92cebe975e2950434caa7b427df,205918434c2a52f6a735d07d245aca28efe7d92cebe975e2950434caa7b427df,data/manifests/phase1e/2019-09/daily/source_2019091300.json
2019091300,day3_24h,p04,A,4,8,0,0,0,0,0,0,b4295bb9b85d628065b31b31a854c746dec82675fb5d0f93c20badad8550e9f1,b4295bb9b85d628065b31b31a854c746dec82675fb5d0f93c20badad8550e9f1,data/manifests/phase1e/2019-09/daily/source_2019091300.json
2019091300,day3_24h,p04,B,1,5,0,0,0,0,0,0,8bb2de8dec1dd948932bb9f1bb0c6a52bb0861da92b8212d0836d82a0c485b5e,8bb2de8dec1dd948932bb9f1bb0c6a52bb0861da92b8212d0836d82a0c485b5e,data/manifests/phase1e/2019-09/daily/source_2019091300.json
2019091400,day1_24h,c00,A,4,8,285,9,9,276,0,0,810ba3ad59e28ce6f2f5c02372ec3deada2333c77ed629ca6341a8cc910f4beb,5b5a2ae471434862ee269f239f1997775289d69835cf73fb790c32df3251ac70,data/manifests/phase1e/2019-09/daily/source_2019091400.json
2019091400,day1_24h,c00,B,1,5,0,0,0,0,0,0,b3772fecf654ba014e1feca6b8de8a842deec50c307710c9565f9679f7b68c20,b3772fecf654ba014e1feca6b8de8a842deec50c307710c9565f9679f7b68c20,data/manifests/phase1e/2019-09/daily/source_2019091400.json
2019091400,day1_24h,p01,A,4,8,0,0,0,0,0,0,d83dd167eabc9a8d4ec2d0b7c02073f0c6b65460b08d189cee8ec17e51572bdd,d83dd167eabc9a8d4ec2d0b7c02073f0c6b65460b08d189cee8ec17e51572bdd,data/manifests/phase1e/2019-09/daily/source_2019091400.json
2019091400,day1_24h,p01,B,1,5,0,0,0,0,0,0,d2f23b33a53c0c6935d3335b31e2c0165c603a44632129a00082800f25fee4db,d2f23b33a53c0c6935d3335b31e2c0165c603a44632129a00082800f25fee4db,data/manifests/phase1e/2019-09/daily/source_2019091400.json
2019091400,day1_24h,p02,A,4,8,0,0,0,0,0,0,f967737b2d9a7a6350c5094a5201f40fc3e763281278237abcaf0859a93027cb,f967737b2d9a7a6350c5094a5201f40fc3e763281278237abcaf0859a93027cb,data/manifests/phase1e/2019-09/daily/source_2019091400.json
2019091400,day1_24h,p02,B,1,5,0,0,0,0,0,0,d997eabb78cbe0c4d26173401de8f779fd04e52435c441acc2061f720fe473ce,d997eabb78cbe0c4d26173401de8f779fd04e52435c441acc2061f720fe473ce,data/manifests/phase1e/2019-09/daily/source_2019091400.json
2019091400,day1_24h,p03,A,4,8,0,0,0,0,0,0,44e41d3782c43c0ab238ab5818e135c95942dfb457db16fa36824aeb818b7cb2,44e41d3782c43c0ab238ab5818e135c95942dfb457db16fa36824aeb818b7cb2,data/manifests/phase1e/2019-09/daily/source_2019091400.json
2019091400,day1_24h,p03,B,1,5,0,0,0,0,0,0,346c8bfb58c301d80375967d11a46368efb60f2076587046779986f327234e37,346c8bfb58c301d80375967d11a46368efb60f2076587046779986f327234e37,data/manifests/phase1e/2019-09/daily/source_2019091400.json
2019091400,day1_24h,p04,A,4,8,0,0,0,0,0,0,cf18b5b7565fc05a2fc8cd53de98b13d29c4a30449152c275f5683f1ee1a642f,cf18b5b7565fc05a2fc8cd53de98b13d29c4a30449152c275f5683f1ee1a642f,data/manifests/phase1e/2019-09/daily/source_2019091400.json
2019091400,day1_24h,p04,B,1,5,0,0,0,0,0,0,5b641b5bff5672bac469f44c38d88d489d89f5074c9cd8c8cad335f4c08f7d63,5b641b5bff5672bac469f44c38d88d489d89f5074c9cd8c8cad335f4c08f7d63,data/manifests/phase1e/2019-09/daily/source_2019091400.json
2019091400,day2_24h,c00,A,4,8,176,15,15,161,0,0,1654cf0ebb9f10fd855056df256237aefa88e4b7650ce930c97c5b7fc6779eab,6427d3cbcaed992518b334f6f28658133bc655082fcb93508bffc3910b6726ee,data/manifests/phase1e/2019-09/daily/source_2019091400.json
2019091400,day2_24h,c00,B,1,5,0,0,0,0,0,0,e81270d2316ddab2fe34cb629d0368634e79264a87053e476c7e6edaad7c976b,e81270d2316ddab2fe34cb629d0368634e79264a87053e476c7e6edaad7c976b,data/manifests/phase1e/2019-09/daily/source_2019091400.json
2019091400,day2_24h,p01,A,4,8,0,0,0,0,0,0,8d49f3042281cdcf6b991b8544850e91904c6bad7fc226b67c70b1a4e8011170,8d49f3042281cdcf6b991b8544850e91904c6bad7fc226b67c70b1a4e8011170,data/manifests/phase1e/2019-09/daily/source_2019091400.json
2019091400,day2_24h,p01,B,1,5,0,0,0,0,0,0,d1b748d2028f976742da82e736599ef9f93faed83d3100071ef8baf9465da212,d1b748d2028f976742da82e736599ef9f93faed83d3100071ef8baf9465da212,data/manifests/phase1e/2019-09/daily/source_2019091400.json
2019091400,day2_24h,p02,A,4,8,84,5,5,79,0,0,6ee7a63dccec5e3ac1d122983cb03b8649772d9ebdacfe7980ae87eb34888748,ac16679e06f5320d798c732fe1712edb9a9f761f5f747fa82962cd9bf7d01ce1,data/manifests/phase1e/2019-09/daily/source_2019091400.json
2019091400,day2_24h,p02,B,1,5,0,0,0,0,0,0,d3bce4c46754340bbc3b98c5f7acdaa945e9db3c05f38556bf7fd5813e9a86cf,d3bce4c46754340bbc3b98c5f7acdaa945e9db3c05f38556bf7fd5813e9a86cf,data/manifests/phase1e/2019-09/daily/source_2019091400.json
2019091400,day2_24h,p03,A,4,8,0,0,0,0,0,0,96df195d27261edf08ab018c8fcd2a2a59d87392d25627678b52a3e8214802b5,96df195d27261edf08ab018c8fcd2a2a59d87392d25627678b52a3e8214802b5,data/manifests/phase1e/2019-09/daily/source_2019091400.json
2019091400,day2_24h,p03,B,1,5,0,0,0,0,0,0,6b0ef06c0cece99c3d92ed1e5ac1f21e90fe0e4c9ba2e40fbbac77ad987ecfe3,6b0ef06c0cece99c3d92ed1e5ac1f21e90fe0e4c9ba2e40fbbac77ad987ecfe3,data/manifests/phase1e/2019-09/daily/source_2019091400.json
2019091400,day2_24h,p04,A,4,8,0,0,0,0,0,0,ad6e85a2c5e3553e0cc4ab6f8c96d2fb375412a061706c1b8511a92fd7021909,ad6e85a2c5e3553e0cc4ab6f8c96d2fb375412a061706c1b8511a92fd7021909,data/manifests/phase1e/2019-09/daily/source_2019091400.json
2019091400,day2_24h,p04,B,1,5,0,0,0,0,0,0,f20e8fd3b95471c2ab06fa909802a9e760f0278de69ab8e54b44153a6f22727a,f20e8fd3b95471c2ab06fa909802a9e760f0278de69ab8e54b44153a6f22727a,data/manifests/phase1e/2019-09/daily/source_2019091400.json
2019091400,day3_24h,c00,A,4,8,0,0,0,0,0,0,bba4e4eb68ad01fdf2d96927357ab26d60cc3760c556aa8a15e1b4e579320d5b,bba4e4eb68ad01fdf2d96927357ab26d60cc3760c556aa8a15e1b4e579320d5b,data/manifests/phase1e/2019-09/daily/source_2019091400.json
2019091400,day3_24h,c00,B,1,5,0,0,0,0,0,0,f9b6adea2958c822b774d578080758833795f7b7e0f2a629504013024ce4352f,f9b6adea2958c822b774d578080758833795f7b7e0f2a629504013024ce4352f,data/manifests/phase1e/2019-09/daily/source_2019091400.json
2019091400,day3_24h,p01,A,4,8,0,0,0,0,0,0,1e93d560af34c4516666640328930140394feaa5ecd0094f78d72a2651185764,1e93d560af34c4516666640328930140394feaa5ecd0094f78d72a2651185764,data/manifests/phase1e/2019-09/daily/source_2019091400.json
2019091400,day3_24h,p01,B,1,5,0,0,0,0,0,0,90e34ec4ac21d62f9459a34a61ebb42c1598cd1ea3f8ef6917b20339089b04c7,90e34ec4ac21d62f9459a34a61ebb42c1598cd1ea3f8ef6917b20339089b04c7,data/manifests/phase1e/2019-09/daily/source_2019091400.json
2019091400,day3_24h,p02,A,4,8,0,0,0,0,0,0,937c5ed7f65a2f72cca5c017a89f4f387f2b2be96decafadcf70e4a32a20ed57,937c5ed7f65a2f72cca5c017a89f4f387f2b2be96decafadcf70e4a32a20ed57,data/manifests/phase1e/2019-09/daily/source_2019091400.json
2019091400,day3_24h,p02,B,1,5,0,0,0,0,0,0,bfde04df0017116acc65d2a436e14d9ed474c3be1fa190ca785f3da2be7ad199,bfde04df0017116acc65d2a436e14d9ed474c3be1fa190ca785f3da2be7ad199,data/manifests/phase1e/2019-09/daily/source_2019091400.json
2019091400,day3_24h,p03,A,4,8,0,0,0,0,0,0,2d5099f6e5c86ec3543050dc7c54f1a79d74bf189bb1af2c2e2cb1c77a83d018,2d5099f6e5c86ec3543050dc7c54f1a79d74bf189bb1af2c2e2cb1c77a83d018,data/manifests/phase1e/2019-09/daily/source_2019091400.json
2019091400,day3_24h,p03,B,1,5,0,0,0,0,0,0,d19e13dc6c392e4b1fb7252ea97be12d29b04dcd62f507e5ec07f27a9d7580da,d19e13dc6c392e4b1fb7252ea97be12d29b04dcd62f507e5ec07f27a9d7580da,data/manifests/phase1e/2019-09/daily/source_2019091400.json
2019091400,day3_24h,p04,A,4,8,0,0,0,0,0,0,7b2add27adaad9e15a51a7c79309f52d230d33057efbadec64c0e2d3ddf8285d,7b2add27adaad9e15a51a7c79309f52d230d33057efbadec64c0e2d3ddf8285d,data/manifests/phase1e/2019-09/daily/source_2019091400.json
2019091400,day3_24h,p04,B,1,5,0,0,0,0,0,0,784de7b5b801bd25bd468bbc87a0086580eda317d8252f57b777544b39ceb3c0,784de7b5b801bd25bd468bbc87a0086580eda317d8252f57b777544b39ceb3c0,data/manifests/phase1e/2019-09/daily/source_2019091400.json
2019091500,day1_24h,c00,A,4,8,0,0,0,0,0,0,0b0da855ac62153122249d9654b9ceb81af93d3d52cf1cd1ebd34416d445be7e,0b0da855ac62153122249d9654b9ceb81af93d3d52cf1cd1ebd34416d445be7e,data/manifests/phase1e/2019-09/daily/source_2019091500.json
2019091500,day1_24h,c00,B,1,5,0,0,0,0,0,0,6c39697887ab72103a039f0f1dcc23b393dd9a07846c966ac5d6a7c43c025651,6c39697887ab72103a039f0f1dcc23b393dd9a07846c966ac5d6a7c43c025651,data/manifests/phase1e/2019-09/daily/source_2019091500.json
2019091500,day1_24h,p01,A,4,8,0,0,0,0,0,0,5f82c87c0daf28a0a58676a723996ce527577bef8e194f933abad084c7b40d82,5f82c87c0daf28a0a58676a723996ce527577bef8e194f933abad084c7b40d82,data/manifests/phase1e/2019-09/daily/source_2019091500.json
2019091500,day1_24h,p01,B,1,5,0,0,0,0,0,0,7880974595f8be7bc51521c0b3f30e083fce44e3d6b9e24d1d18d01f0c37eddb,7880974595f8be7bc51521c0b3f30e083fce44e3d6b9e24d1d18d01f0c37eddb,data/manifests/phase1e/2019-09/daily/source_2019091500.json
2019091500,day1_24h,p02,A,4,8,101,0,0,101,16,0,fce131cd4a4524e5f282eb346e79f4e8123599b033204daf7312a71252a67109,83c914e0233e5fe4e6c9c122189af40b40c938770d913575b74a520bbee51c8e,data/manifests/phase1e/2019-09/daily/source_2019091500.json
2019091500,day1_24h,p02,B,1,5,101,0,0,101,16,0,a01157d4ce819342e400f1c6ed4af523aae35e931e3df137bc547bc2aaf761dc,5fea4ad2813847363ed57e07fce813adbf0e8b799d6238e9a754310d488a4344,data/manifests/phase1e/2019-09/daily/source_2019091500.json
2019091500,day1_24h,p03,A,4,8,469,15,15,454,31,0,ba70219efaf52c7c766a7aeed98c1a2bd5bccc7adffbcac2e8de9e9737ab38d2,090ec174bd89feea9dfbe3f708c03ceecdb8df6c5b3e0d8f54225ed125f5357d,data/manifests/phase1e/2019-09/daily/source_2019091500.json
2019091500,day1_24h,p03,B,1,5,137,0,0,137,31,0,7463a8f9ba80e7db31663644cda2df150eefdeeaff2bd536763c5af158264962,ea289e0610f8415d3b6477fa3c1b9d643508b6ce624262c893e4b7f4b6617807,data/manifests/phase1e/2019-09/daily/source_2019091500.json
2019091500,day1_24h,p04,A,4,8,78,0,0,78,2,0,6b74b2514421614f2a3f27c7c7c316798fbbd420ce7362947379d5868fc839ad,1e064f04fa2c3831d2d78ba2ec50025a4c3293a72e172f44e277b8e9f5fafcec,data/manifests/phase1e/2019-09/daily/source_2019091500.json
2019091500,day1_24h,p04,B,1,5,78,0,0,78,2,0,13de54c712a3396343d69d7577d8d66fb638228c834456d364843588babbeb6a,c8bbc82f1bc5fed1dfc0a2f96e594b1db22c6a596e53eae2dcbc10ac78e45c55,data/manifests/phase1e/2019-09/daily/source_2019091500.json
2019091500,day2_24h,c00,A,4,8,0,0,0,0,0,0,f551a5c2a0a3f32c13b48dee64b7d8e73d99c9dae21e9877ee696a83b790f15d,f551a5c2a0a3f32c13b48dee64b7d8e73d99c9dae21e9877ee696a83b790f15d,data/manifests/phase1e/2019-09/daily/source_2019091500.json
2019091500,day2_24h,c00,B,1,5,0,0,0,0,0,0,e082f7e40af7f55d9fa74fb18bc83ebcdc31e9a5c29131d4c5951801a00afac3,e082f7e40af7f55d9fa74fb18bc83ebcdc31e9a5c29131d4c5951801a00afac3,data/manifests/phase1e/2019-09/daily/source_2019091500.json
2019091500,day2_24h,p01,A,4,8,0,0,0,0,0,0,03e60aec0c22ac72bae90c0c8023463beb2ec7b9f3108d48b0ba708f40d5b479,03e60aec0c22ac72bae90c0c8023463beb2ec7b9f3108d48b0ba708f40d5b479,data/manifests/phase1e/2019-09/daily/source_2019091500.json
2019091500,day2_24h,p01,B,1,5,0,0,0,0,0,0,8b28be5430335576f1d6a114d484bbc11d13d3cb205ed428e92f7a5c07d06d87,8b28be5430335576f1d6a114d484bbc11d13d3cb205ed428e92f7a5c07d06d87,data/manifests/phase1e/2019-09/daily/source_2019091500.json
2019091500,day2_24h,p02,A,4,8,0,0,0,0,0,0,c757e6dfd707374ef889f128923cc50a57bff50b4860990a415fa0479910c7d5,c757e6dfd707374ef889f128923cc50a57bff50b4860990a415fa0479910c7d5,data/manifests/phase1e/2019-09/daily/source_2019091500.json
2019091500,day2_24h,p02,B,1,5,0,0,0,0,0,0,632999c608bb9a1e30957265c31e7137dea827a72a9a8c9773d547a9fe37aa4f,632999c608bb9a1e30957265c31e7137dea827a72a9a8c9773d547a9fe37aa4f,data/manifests/phase1e/2019-09/daily/source_2019091500.json
2019091500,day2_24h,p03,A,4,8,0,0,0,0,0,0,07d09b7b3864510502093837eda7ba457495e8444a848d92c33d26ef12556bd1,07d09b7b3864510502093837eda7ba457495e8444a848d92c33d26ef12556bd1,data/manifests/phase1e/2019-09/daily/source_2019091500.json
2019091500,day2_24h,p03,B,1,5,0,0,0,0,0,0,ab4d003edb305fb050b4881ff3f23499a017deefffa157332fcb83907890d127,ab4d003edb305fb050b4881ff3f23499a017deefffa157332fcb83907890d127,data/manifests/phase1e/2019-09/daily/source_2019091500.json
2019091500,day2_24h,p04,A,4,8,0,0,0,0,0,0,273d241531fc0725f35e745bfab71d64996edc746dbea13b8438df812fb9a3aa,273d241531fc0725f35e745bfab71d64996edc746dbea13b8438df812fb9a3aa,data/manifests/phase1e/2019-09/daily/source_2019091500.json
2019091500,day2_24h,p04,B,1,5,0,0,0,0,0,0,c4c2da0e49564547400a74730d7258b542c304d6f427f2efde028447c87e727a,c4c2da0e49564547400a74730d7258b542c304d6f427f2efde028447c87e727a,data/manifests/phase1e/2019-09/daily/source_2019091500.json
2019091500,day3_24h,c00,A,4,8,323,11,11,312,8,0,cda10197dbf07f33eb4028abafadb968e8175821a430ea8bb8ea9e3b237626fe,b309d17d12f31820657bbac476cb37f284d7da36f6ac599a983d38f11502af84,data/manifests/phase1e/2019-09/daily/source_2019091500.json
2019091500,day3_24h,c00,B,1,5,187,9,9,178,8,0,5ca3ac9caa25cb961bc050dc524ec877723eb833f4f7413be17fc4fde5916efb,b349f8d272caf2bdfcc7982003f025535f66f2b2e3b0bb92c26e0f7eed447273,data/manifests/phase1e/2019-09/daily/source_2019091500.json
2019091500,day3_24h,p01,A,4,8,0,0,0,0,0,0,d86f321cb4ff421b8745e8298180da85dd38515ef00d6d01ca97f16f6469f848,d86f321cb4ff421b8745e8298180da85dd38515ef00d6d01ca97f16f6469f848,data/manifests/phase1e/2019-09/daily/source_2019091500.json
2019091500,day3_24h,p01,B,1,5,0,0,0,0,0,0,60da3f41197a5ecda34c40d6ce05e59b66d61f989e687e2b17ac49284cc12d03,60da3f41197a5ecda34c40d6ce05e59b66d61f989e687e2b17ac49284cc12d03,data/manifests/phase1e/2019-09/daily/source_2019091500.json
2019091500,day3_24h,p02,A,4,8,0,0,0,0,0,0,61ff893939d0bbd6b28a5d68408c0d1a20a6a97dd31d43d3508d65e13b80f900,61ff893939d0bbd6b28a5d68408c0d1a20a6a97dd31d43d3508d65e13b80f900,data/manifests/phase1e/2019-09/daily/source_2019091500.json
2019091500,day3_24h,p02,B,1,5,0,0,0,0,0,0,c335c5422193e31a42ab95e1829d45e2f50081df8837ee38444247f8a879ebde,c335c5422193e31a42ab95e1829d45e2f50081df8837ee38444247f8a879ebde,data/manifests/phase1e/2019-09/daily/source_2019091500.json
2019091500,day3_24h,p03,A,4,8,562,18,18,544,9,0,adceafad98de8715d52653999a199691956e6eafc916126a117d084561144a1b,88c6e38214affc7d3ebbcd6990f2ff6141d7b80c3a3e3e3713b1639a38bfb537,data/manifests/phase1e/2019-09/daily/source_2019091500.json
2019091500,day3_24h,p03,B,1,5,329,7,7,322,9,0,b00a87ebaa2107bb0930259538766dbbf61c38aa3810026f7715d533e5351932,a829fce6e498c4e6a86b32e04733919e5a5ddac14347de7aee593d2a9985e3cc,data/manifests/phase1e/2019-09/daily/source_2019091500.json
2019091500,day3_24h,p04,A,4,8,123,2,2,121,0,0,62dcfb313f2b38c60f2cec8b5100c75fdbf5b992ad7f64a67431ac7ec3db7db0,015f9a24d7e2e877dbf7395043c4187758c15fab204182a694542885a19eafdb,data/manifests/phase1e/2019-09/daily/source_2019091500.json
2019091500,day3_24h,p04,B,1,5,0,0,0,0,0,0,bb7af3dd01beb96cdbb58338d007637c263ba5c96b7ef7bcf8f4c71fd2ab293d,bb7af3dd01beb96cdbb58338d007637c263ba5c96b7ef7bcf8f4c71fd2ab293d,data/manifests/phase1e/2019-09/daily/source_2019091500.json
2019091600,day1_24h,c00,A,4,8,160,7,7,153,0,0,4e00a232088923f38529849927feb3299e4ae624e3b543fc72120def7a770c98,2f252e1d797fc1d46766ebf91997ef78da3c7a2278cc3e7ef4f875dc1880045a,data/manifests/phase1e/2019-09/daily/source_2019091600.json
2019091600,day1_24h,c00,B,1,5,0,0,0,0,0,0,f9e0655d48886596bbdb5a33b6e73cda66801113cc7b0b5a10c0ababc104e452,f9e0655d48886596bbdb5a33b6e73cda66801113cc7b0b5a10c0ababc104e452,data/manifests/phase1e/2019-09/daily/source_2019091600.json
2019091600,day1_24h,p01,A,4,8,115,0,0,115,4,0,b7d6b4fc3c1b4a98659b5d75623c37d36fa295c34691cc6dac06cd4d95a3c0c4,3b0abad547fdddcc021065ed741ad9e09f5b9c9d638c368f84c812dc719c73c4,data/manifests/phase1e/2019-09/daily/source_2019091600.json
2019091600,day1_24h,p01,B,1,5,115,0,0,115,4,0,8f2363044ad67f34daf6b3a02ad343795761af58faeee353edfc018171ebd1a7,72991f2effa7f9ea2c7e0b4ea7a248a9e5ace8bc7988ff58f60e29241eb99a20,data/manifests/phase1e/2019-09/daily/source_2019091600.json
2019091600,day1_24h,p02,A,4,8,281,4,4,277,0,0,cc29fc5eccfcb6c2051d5ee4f7f6958908dd6ca9848e1287a8b7694611919e25,c2713a8e0453bcdd86d74c6e5dbd0a4b6b53146af7db3719d0ce6bdfb2822dae,data/manifests/phase1e/2019-09/daily/source_2019091600.json
2019091600,day1_24h,p02,B,1,5,58,0,0,58,0,0,c74c665335997993583f207da9f3e59efecfb32d3b8136ae15da40826dc1ff6b,ff55c8504052f0e212c53e5f9f88c4f5d74e94ad10c03d0962ebee51dc69293a,data/manifests/phase1e/2019-09/daily/source_2019091600.json
2019091600,day1_24h,p03,A,4,8,0,0,0,0,0,0,ba54755dfe474af38c4db886bf81eff16ee5544a2706eb2abbd1d4f708f495f9,ba54755dfe474af38c4db886bf81eff16ee5544a2706eb2abbd1d4f708f495f9,data/manifests/phase1e/2019-09/daily/source_2019091600.json
2019091600,day1_24h,p03,B,1,5,0,0,0,0,0,0,d7715de2ce05a072a7ad9283da5c7248d89795fb4d8b333f128f19022b2c9e72,d7715de2ce05a072a7ad9283da5c7248d89795fb4d8b333f128f19022b2c9e72,data/manifests/phase1e/2019-09/daily/source_2019091600.json
2019091600,day1_24h,p04,A,4,8,560,16,16,544,0,0,8f352bc69b0f834ebaaa7a7e6967dc7d500dfe1a30b8ed7ca0cfa0246bd6b8e7,5610e070bf3448ad67cdeed323fc627cf3cf406315c9fac42a27d66fb944554d,data/manifests/phase1e/2019-09/daily/source_2019091600.json
2019091600,day1_24h,p04,B,1,5,0,0,0,0,0,0,49b5213282ed15fd71401ff0ef5412bd92a8fc1865335a29d56976403629098a,49b5213282ed15fd71401ff0ef5412bd92a8fc1865335a29d56976403629098a,data/manifests/phase1e/2019-09/daily/source_2019091600.json
2019091600,day2_24h,c00,A,4,8,0,0,0,0,0,0,9343feefef3d5c64dabe4e1e89867d0cad05fc9088d5af8b000cf2aba92dadf5,9343feefef3d5c64dabe4e1e89867d0cad05fc9088d5af8b000cf2aba92dadf5,data/manifests/phase1e/2019-09/daily/source_2019091600.json
2019091600,day2_24h,c00,B,1,5,0,0,0,0,0,0,ef9f5b7161352b481c4baf6b0ec8d6eb21326af136b49182326014459f801d50,ef9f5b7161352b481c4baf6b0ec8d6eb21326af136b49182326014459f801d50,data/manifests/phase1e/2019-09/daily/source_2019091600.json
2019091600,day2_24h,p01,A,4,8,0,0,0,0,0,0,5e9a59e0d53273504df41816e480297df3a4bfb1a4985e2a6cb022097164a255,5e9a59e0d53273504df41816e480297df3a4bfb1a4985e2a6cb022097164a255,data/manifests/phase1e/2019-09/daily/source_2019091600.json
2019091600,day2_24h,p01,B,1,5,0,0,0,0,0,0,e7fd7097b29f796de1a97404eb284a9b65d14dc8b89422db414025556bc32718,e7fd7097b29f796de1a97404eb284a9b65d14dc8b89422db414025556bc32718,data/manifests/phase1e/2019-09/daily/source_2019091600.json
2019091600,day2_24h,p02,A,4,8,0,0,0,0,0,0,54d6ea4d15f0ed25329f3e61685f3d8090c2eec8a7a33bcb745d584ab7132ad2,54d6ea4d15f0ed25329f3e61685f3d8090c2eec8a7a33bcb745d584ab7132ad2,data/manifests/phase1e/2019-09/daily/source_2019091600.json
2019091600,day2_24h,p02,B,1,5,0,0,0,0,0,0,a80a493747a3f2ce49c0424e1db37b3a41f79e5086b4ab854f080044ea0caaab,a80a493747a3f2ce49c0424e1db37b3a41f79e5086b4ab854f080044ea0caaab,data/manifests/phase1e/2019-09/daily/source_2019091600.json
2019091600,day2_24h,p03,A,4,8,255,16,16,239,0,0,f2be20c76905e4d1a0aad58578846d1fa1618db77d041bbd6359607e20438357,4e47f9f3e9782619e8e5dce53336b41c6c569aae1ce1f2efb14bdd8757649eca,data/manifests/phase1e/2019-09/daily/source_2019091600.json
2019091600,day2_24h,p03,B,1,5,0,0,0,0,0,0,1baa48e7c897476ac00d8554820e3df59f8c9b8275b0ce7ed0ad7cd4337ca57d,1baa48e7c897476ac00d8554820e3df59f8c9b8275b0ce7ed0ad7cd4337ca57d,data/manifests/phase1e/2019-09/daily/source_2019091600.json
2019091600,day2_24h,p04,A,4,8,154,5,5,149,0,0,542820dbb4c0bbf5cac2deb4cf936e4216ab2696e1e08dd31ff74ad7871e3743,5ce292833a9bc58db174bd1ce8a7ef17de691aeab6c16c6497613aec2c8c2cbd,data/manifests/phase1e/2019-09/daily/source_2019091600.json
2019091600,day2_24h,p04,B,1,5,0,0,0,0,0,0,a4f5b90a69e874dcce1ecbf806225b65c79e23f86e3980b0264da30cf70c18de,a4f5b90a69e874dcce1ecbf806225b65c79e23f86e3980b0264da30cf70c18de,data/manifests/phase1e/2019-09/daily/source_2019091600.json
2019091600,day3_24h,c00,A,4,8,208,10,10,198,0,0,f4a29a588d0a874e98389e7ad7580e39f415eebed50d555ededc689819c969b0,bced393bc4f7bedd04d3f2a27be77af99834c1adb152a7c3b6de50d5a720ddc9,data/manifests/phase1e/2019-09/daily/source_2019091600.json
2019091600,day3_24h,c00,B,1,5,0,0,0,0,0,0,5a960526a41ee22f20f3421eecf22957399cc095715165514a9db2c0d879c243,5a960526a41ee22f20f3421eecf22957399cc095715165514a9db2c0d879c243,data/manifests/phase1e/2019-09/daily/source_2019091600.json
2019091600,day3_24h,p01,A,4,8,0,0,0,0,0,0,235effa14755d4ca82b2feb48418b08a70e216ddf8ffbbf97cba950d61945b66,235effa14755d4ca82b2feb48418b08a70e216ddf8ffbbf97cba950d61945b66,data/manifests/phase1e/2019-09/daily/source_2019091600.json
2019091600,day3_24h,p01,B,1,5,0,0,0,0,0,0,5fc3d42893c3953b1b7f679dc07a566538ef5b5115401c268e2b133ce62164db,5fc3d42893c3953b1b7f679dc07a566538ef5b5115401c268e2b133ce62164db,data/manifests/phase1e/2019-09/daily/source_2019091600.json
2019091600,day3_24h,p02,A,4,8,107,5,5,102,0,0,63c1b32c1323bdfdf52a5dacaa179d3a2019dc3f0803e59ce543f132ec6ba0f9,36087facf9ee8ae3a7b56f6e051bc0bc38f19bff541c860fb6eb8482c9c28fab,data/manifests/phase1e/2019-09/daily/source_2019091600.json
2019091600,day3_24h,p02,B,1,5,0,0,0,0,0,0,46d848bfc45b6d7d11b0d928dfb3a8ec0e4886584af46dcc8a09102d05a99f64,46d848bfc45b6d7d11b0d928dfb3a8ec0e4886584af46dcc8a09102d05a99f64,data/manifests/phase1e/2019-09/daily/source_2019091600.json
2019091600,day3_24h,p03,A,4,8,0,0,0,0,0,0,c0a32bde5174de30b57189adcc83bd37370d43e1d7bfef438200a9ba6b4a4477,c0a32bde5174de30b57189adcc83bd37370d43e1d7bfef438200a9ba6b4a4477,data/manifests/phase1e/2019-09/daily/source_2019091600.json
2019091600,day3_24h,p03,B,1,5,0,0,0,0,0,0,e43f44b04ba9de59c9002b972d34768582eca053c7659e2d60a2cc16bfdb6bb3,e43f44b04ba9de59c9002b972d34768582eca053c7659e2d60a2cc16bfdb6bb3,data/manifests/phase1e/2019-09/daily/source_2019091600.json
2019091600,day3_24h,p04,A,4,8,196,7,7,189,0,0,48f520932525e780150a32860c466cd0400884d78bd0cf4cefeac89e6b307060,bed68f311c2f27bad21b8ca7d608659f7d32319cd859798a9d6d35c6c82d77f0,data/manifests/phase1e/2019-09/daily/source_2019091600.json
2019091600,day3_24h,p04,B,1,5,0,0,0,0,0,0,840eb1e5d37d4286febe8bc8d18378054f9edc9ac5d2dc9d9eaa257a201ddc0d,840eb1e5d37d4286febe8bc8d18378054f9edc9ac5d2dc9d9eaa257a201ddc0d,data/manifests/phase1e/2019-09/daily/source_2019091600.json
2019091700,day1_24h,c00,A,4,8,62,4,4,58,0,0,163ecf1dd86fafcb23bc523dd467bd2857ef1be2c4463ef5518d0f79c2f9c8a6,3c46d61b6ca6c7e00c46f2387e14172961e799122e5754e3f99582b7904c072a,data/manifests/phase1e/2019-09/daily/source_2019091700.json
2019091700,day1_24h,c00,B,1,5,0,0,0,0,0,0,bf0739f87f950b807249cd225e66e1ab8f787b659202a76f4a516b16a0900b0a,bf0739f87f950b807249cd225e66e1ab8f787b659202a76f4a516b16a0900b0a,data/manifests/phase1e/2019-09/daily/source_2019091700.json
2019091700,day1_24h,p01,A,4,8,36,0,0,36,0,0,2a8cb8247050d735e7e717c73a05603be2a2c29589166a0519cb5568b87b00ef,84b303ca7c4cbcf27a243307e420291f7b8db397d0a60266fa202e53c22fd839,data/manifests/phase1e/2019-09/daily/source_2019091700.json
2019091700,day1_24h,p01,B,1,5,36,0,0,36,0,0,ad7163020ca9f8df429a96486af44303f3a5242fec715a212bcc4398989df004,7b3c3d7061bc99f8a97cf3442d866281a547186e686437d355c7f9cd94166313,data/manifests/phase1e/2019-09/daily/source_2019091700.json
2019091700,day1_24h,p02,A,4,8,129,4,4,125,0,0,20f32e771f30bc7dd3ad0c171be25fdc8c2f92e4c08360ae97ffcf1237773f91,b3de8887fa4faf53bcfd4e6fd7af15356f1caed040603177e69f42f4dcb89151,data/manifests/phase1e/2019-09/daily/source_2019091700.json
2019091700,day1_24h,p02,B,1,5,0,0,0,0,0,0,bcb200ea5f0e8541efb2638797cd68b4820c42d3d397c954494029b13c7ed32c,bcb200ea5f0e8541efb2638797cd68b4820c42d3d397c954494029b13c7ed32c,data/manifests/phase1e/2019-09/daily/source_2019091700.json
2019091700,day1_24h,p03,A,4,8,0,0,0,0,0,0,5a1b8615aa0e041b891e1fcdb52248ced06714db34a841ec477fa33bffd885fc,5a1b8615aa0e041b891e1fcdb52248ced06714db34a841ec477fa33bffd885fc,data/manifests/phase1e/2019-09/daily/source_2019091700.json
2019091700,day1_24h,p03,B,1,5,0,0,0,0,0,0,8e4d1ec78fd60970daa631245b5a4d6b99131c0fac2eaf934976f3f09563ff4c,8e4d1ec78fd60970daa631245b5a4d6b99131c0fac2eaf934976f3f09563ff4c,data/manifests/phase1e/2019-09/daily/source_2019091700.json
2019091700,day1_24h,p04,A,4,8,0,0,0,0,0,0,1e05eb33ba2f8269a954df7fc3b270c04d7ed59ad1f9c9eb3de5931b55be4be0,1e05eb33ba2f8269a954df7fc3b270c04d7ed59ad1f9c9eb3de5931b55be4be0,data/manifests/phase1e/2019-09/daily/source_2019091700.json
2019091700,day1_24h,p04,B,1,5,0,0,0,0,0,0,250f733491469710908248c045632f5693eac4d58c155ea6bb8f4efd1a149401,250f733491469710908248c045632f5693eac4d58c155ea6bb8f4efd1a149401,data/manifests/phase1e/2019-09/daily/source_2019091700.json
2019091700,day2_24h,c00,A,4,8,0,0,0,0,0,0,45244b9f4b446257505e9e2e27e9d5630d779530740fff51b5857fd7a668c26b,45244b9f4b446257505e9e2e27e9d5630d779530740fff51b5857fd7a668c26b,data/manifests/phase1e/2019-09/daily/source_2019091700.json
2019091700,day2_24h,c00,B,1,5,0,0,0,0,0,0,6abcad8ea17331c040710b1e968ad9395382822085027fa6a38b23479dba1ae5,6abcad8ea17331c040710b1e968ad9395382822085027fa6a38b23479dba1ae5,data/manifests/phase1e/2019-09/daily/source_2019091700.json
2019091700,day2_24h,p01,A,4,8,0,0,0,0,0,0,2264becad0568da61de507b41332a0695055033d151518cf5700eb9a5c3b598e,2264becad0568da61de507b41332a0695055033d151518cf5700eb9a5c3b598e,data/manifests/phase1e/2019-09/daily/source_2019091700.json
2019091700,day2_24h,p01,B,1,5,0,0,0,0,0,0,f9fa3487ea719bd4075c74d0a4f941c1e9c00690a2790f98f08801de68fc45b6,f9fa3487ea719bd4075c74d0a4f941c1e9c00690a2790f98f08801de68fc45b6,data/manifests/phase1e/2019-09/daily/source_2019091700.json
2019091700,day2_24h,p02,A,4,8,329,18,18,311,0,0,67a9f2ffe3fa599459d5b67c328fc87c36ae6f2a9f45d9140645a3dbccfca0bd,716e80b8fb2c2a605492562773474a3832096971372b6565e421ffda777a5841,data/manifests/phase1e/2019-09/daily/source_2019091700.json
2019091700,day2_24h,p02,B,1,5,0,0,0,0,0,0,334ed968e3d122bfe391e9eacd08decbb47ef1186758f4029d43e02bbf6af515,334ed968e3d122bfe391e9eacd08decbb47ef1186758f4029d43e02bbf6af515,data/manifests/phase1e/2019-09/daily/source_2019091700.json
2019091700,day2_24h,p03,A,4,8,0,0,0,0,0,0,515e55f2c6c1fe8cd739dd7f513f8b3a30faa51230f9178e8aad8f0b24ac5982,515e55f2c6c1fe8cd739dd7f513f8b3a30faa51230f9178e8aad8f0b24ac5982,data/manifests/phase1e/2019-09/daily/source_2019091700.json
2019091700,day2_24h,p03,B,1,5,0,0,0,0,0,0,e76f61674ccda76a115ef3d044e9f66e8cb0c9a6d9156421ad320f62c8fb56af,e76f61674ccda76a115ef3d044e9f66e8cb0c9a6d9156421ad320f62c8fb56af,data/manifests/phase1e/2019-09/daily/source_2019091700.json
2019091700,day2_24h,p04,A,4,8,0,0,0,0,0,0,123851774ecddd2d8c3d47c12487df7ccb31a5487d8de0d9972b083a06463693,123851774ecddd2d8c3d47c12487df7ccb31a5487d8de0d9972b083a06463693,data/manifests/phase1e/2019-09/daily/source_2019091700.json
2019091700,day2_24h,p04,B,1,5,0,0,0,0,0,0,f7acc1083a5299d756fee77c04fe8f5cfba524e0b6925714ad66ac1dc6123803,f7acc1083a5299d756fee77c04fe8f5cfba524e0b6925714ad66ac1dc6123803,data/manifests/phase1e/2019-09/daily/source_2019091700.json
2019091700,day3_24h,c00,A,4,8,0,0,0,0,0,0,1a7f29de0ebffc4dc1fbfd852ec229d787b6c1666255434c77796245f0d79233,1a7f29de0ebffc4dc1fbfd852ec229d787b6c1666255434c77796245f0d79233,data/manifests/phase1e/2019-09/daily/source_2019091700.json
2019091700,day3_24h,c00,B,1,5,0,0,0,0,0,0,c04ee01473519bc92269dfdc9aba243405f44d73cb66bae10716a2fcc7cdc184,c04ee01473519bc92269dfdc9aba243405f44d73cb66bae10716a2fcc7cdc184,data/manifests/phase1e/2019-09/daily/source_2019091700.json
2019091700,day3_24h,p01,A,4,8,0,0,0,0,0,0,21e191a70828b71b5fe8e1fc15abef95fe736d24d0c2a1f9e9a2fcf234f199cb,21e191a70828b71b5fe8e1fc15abef95fe736d24d0c2a1f9e9a2fcf234f199cb,data/manifests/phase1e/2019-09/daily/source_2019091700.json
2019091700,day3_24h,p01,B,1,5,0,0,0,0,0,0,9e221802d51f0ea6a045acc683c79c5871c724dd2a84463dbe1945378f5cb649,9e221802d51f0ea6a045acc683c79c5871c724dd2a84463dbe1945378f5cb649,data/manifests/phase1e/2019-09/daily/source_2019091700.json
2019091700,day3_24h,p02,A,4,8,124,5,5,119,1,0,7058b06fe0d365eff400e0f55293a7d90c7fe819d6a97bee6b2642cb359ae672,bef5568727785b305fe636ab3c0f433caa4bed6d4bc82bbe5f8f88f235c0f252,data/manifests/phase1e/2019-09/daily/source_2019091700.json
2019091700,day3_24h,p02,B,1,5,124,5,5,119,1,0,e5983920f7ad48ccb7ddb12c0d6676862e43faba94b91389dd976d5eed1fb2e9,b8341c022c0d60bd4abd21cba80f38376a72125c69e1a98765bd99c17dfc5935,data/manifests/phase1e/2019-09/daily/source_2019091700.json
2019091700,day3_24h,p03,A,4,8,0,0,0,0,0,0,ebe5566c0e16bf71b22397422618410ea8798f22184f1c79f3ed7300684b6cc0,ebe5566c0e16bf71b22397422618410ea8798f22184f1c79f3ed7300684b6cc0,data/manifests/phase1e/2019-09/daily/source_2019091700.json
2019091700,day3_24h,p03,B,1,5,0,0,0,0,0,0,d591bd8df9e9324a1a35f358c7aa85eeefdb38ee82a701da940692a9150ab97f,d591bd8df9e9324a1a35f358c7aa85eeefdb38ee82a701da940692a9150ab97f,data/manifests/phase1e/2019-09/daily/source_2019091700.json
2019091700,day3_24h,p04,A,4,8,0,0,0,0,0,0,1f23417dd1a17a4cc0062a202f0813697eea2d515978af629fd33b9ed0b6bc5d,1f23417dd1a17a4cc0062a202f0813697eea2d515978af629fd33b9ed0b6bc5d,data/manifests/phase1e/2019-09/daily/source_2019091700.json
2019091700,day3_24h,p04,B,1,5,0,0,0,0,0,0,6647d74619b641f6a10e17f493c3c13ec5dede338165e6246b48afad41fed07c,6647d74619b641f6a10e17f493c3c13ec5dede338165e6246b48afad41fed07c,data/manifests/phase1e/2019-09/daily/source_2019091700.json
2019091800,day1_24h,c00,A,4,8,149,11,11,138,0,0,239bc7661ca8885389f0b229acb140bd51d771dce25b0261dc0151ac15898b90,a469f4fbaf65f780a9b2ed027499644395d6a37f696acbb986ec1af92b76ee3f,data/manifests/phase1e/2019-09/daily/source_2019091800.json
2019091800,day1_24h,c00,B,1,5,0,0,0,0,0,0,f97a8e814a3d51feed10f21228d4426f674f19176a876f2c2eca15157cdbd062,f97a8e814a3d51feed10f21228d4426f674f19176a876f2c2eca15157cdbd062,data/manifests/phase1e/2019-09/daily/source_2019091800.json
2019091800,day1_24h,p01,A,4,8,0,0,0,0,0,0,294d895adddb5153d75f0148ec7a276b2fd51a8f8cdf4304749e137c4302d1cf,294d895adddb5153d75f0148ec7a276b2fd51a8f8cdf4304749e137c4302d1cf,data/manifests/phase1e/2019-09/daily/source_2019091800.json
2019091800,day1_24h,p01,B,1,5,0,0,0,0,0,0,37ecaaf6bf0a8d2cbbf1d88346630beb43d011f3f04909174a6837c9428525f1,37ecaaf6bf0a8d2cbbf1d88346630beb43d011f3f04909174a6837c9428525f1,data/manifests/phase1e/2019-09/daily/source_2019091800.json
2019091800,day1_24h,p02,A,4,8,90,1,1,89,10,0,8b62125ef00b431135480ae8e9f25a5b9f40ef6b65dd86612db5953c0e50b20c,d6a84d2e62aa2583c3db1a9752fdf1d993c4ae27ac33dbbf293fb3981d0a2a89,data/manifests/phase1e/2019-09/daily/source_2019091800.json
2019091800,day1_24h,p02,B,1,5,90,1,1,89,10,0,3739717a7abbbbb4a17503c78ea58890534fb240706d9fa202642fff0851542f,9d1049a3b087bd7b1c76e0ae13163090df00d6f6b2bee32a94b82f0df52d6a1e,data/manifests/phase1e/2019-09/daily/source_2019091800.json
2019091800,day1_24h,p03,A,4,8,227,10,10,217,37,0,b69a60ce35606e82f5e8b70e906974ce5b7a778fa43ab0368bfc6ed3dba8a63b,aab1889b1dc63d52e122b8c935b33a88d93250955e0ce71de74377c955549156,data/manifests/phase1e/2019-09/daily/source_2019091800.json
2019091800,day1_24h,p03,B,1,5,227,10,10,217,37,0,c1af038b8003489c90612918720b332c2f189e6b9bbeb84e2f36917d89f37c52,714e76edbcbb3fb4b53be4f6c0b31fefed9134c3aae0f807f065fd3be388634f,data/manifests/phase1e/2019-09/daily/source_2019091800.json
2019091800,day1_24h,p04,A,4,8,246,17,17,229,20,0,5489690006138752cfafc910c8fa2eb5c27e7be64b759bcd3d369c55a11ed3dc,5479d45043997d5642243208dac9169188424f4ce5e28106588e2cb837a83880,data/manifests/phase1e/2019-09/daily/source_2019091800.json
2019091800,day1_24h,p04,B,1,5,246,17,17,229,20,0,fdbd013fb5153dbaf277e47a0445343832aef7c1dea831631437be3d713c53ca,9fae6156196dc22eb1e5c5a47314aae6a926b80b21d6c7fa1803f1f435e1aa5b,data/manifests/phase1e/2019-09/daily/source_2019091800.json
2019091800,day2_24h,c00,A,4,8,209,9,9,200,0,0,58c6de5996d1472c0c287a6ffe67f76837d6ca35f555a543294f3e63a9ba1568,dfc5218d4966e7a8f26958f84e491807385d41ad865ed9ebcc446729c55cea53,data/manifests/phase1e/2019-09/daily/source_2019091800.json
2019091800,day2_24h,c00,B,1,5,0,0,0,0,0,0,962ed6abf4f8a2374603f2f6a6a3ad21e2a194669f51b0166b713167ee6ab41c,962ed6abf4f8a2374603f2f6a6a3ad21e2a194669f51b0166b713167ee6ab41c,data/manifests/phase1e/2019-09/daily/source_2019091800.json
2019091800,day2_24h,p01,A,4,8,0,0,0,0,0,0,fc74e42729dd93f85505afffb53be0fff28096f1e7a7705f0304d53903e6c5d7,fc74e42729dd93f85505afffb53be0fff28096f1e7a7705f0304d53903e6c5d7,data/manifests/phase1e/2019-09/daily/source_2019091800.json
2019091800,day2_24h,p01,B,1,5,0,0,0,0,0,0,87b9b6856e67cb9cd731153b7419cf5b4c3caca884063bf001119ab77260dfdf,87b9b6856e67cb9cd731153b7419cf5b4c3caca884063bf001119ab77260dfdf,data/manifests/phase1e/2019-09/daily/source_2019091800.json
2019091800,day2_24h,p02,A,4,8,0,0,0,0,0,0,c2e3e5dd136e09994ea725e742c148540b965cb03c23dbe31b9b95e8ced5076b,c2e3e5dd136e09994ea725e742c148540b965cb03c23dbe31b9b95e8ced5076b,data/manifests/phase1e/2019-09/daily/source_2019091800.json
2019091800,day2_24h,p02,B,1,5,0,0,0,0,0,0,5e4fcb1a65d093e3e07d9a2dfc8184dbf1689b92f57c97d45cd33743cab5b25c,5e4fcb1a65d093e3e07d9a2dfc8184dbf1689b92f57c97d45cd33743cab5b25c,data/manifests/phase1e/2019-09/daily/source_2019091800.json
2019091800,day2_24h,p03,A,4,8,557,27,27,530,0,0,64fff3f472c28d0cdde4887d324dae323d7ebc18063a70bc9becfa3d7edf85d4,f138844ed4bf723708b5bd8080445da14355a025e5ddb9e6b395a20337ade76e,data/manifests/phase1e/2019-09/daily/source_2019091800.json
2019091800,day2_24h,p03,B,1,5,0,0,0,0,0,0,388b6f4828632a21709d978234a2c80a748e110ef796800499964b955c128c9c,388b6f4828632a21709d978234a2c80a748e110ef796800499964b955c128c9c,data/manifests/phase1e/2019-09/daily/source_2019091800.json
2019091800,day2_24h,p04,A,4,8,82,0,0,82,0,0,cea404de9d9338f9b0a20c243c9b4533a9e325978e71bb631359447aef35ba9c,ee3ac823fecda147dbcaf1cdb78e876601a11f399f8d2f8be988701de2d3d5e7,data/manifests/phase1e/2019-09/daily/source_2019091800.json
2019091800,day2_24h,p04,B,1,5,82,0,0,82,0,0,d3e28ba4943095217a48ecc3418325dbc9aba999142c31d87d8f89273cbc5c67,b8428da79bf8efbc72619cb312b87d2a0e2f8f1a8f8c34249ae4f012adc8232c,data/manifests/phase1e/2019-09/daily/source_2019091800.json
2019091800,day3_24h,c00,A,4,8,100,1,1,99,3,0,d2e865d75c220fb4e37e3acae9907fe17672dc78f0a9f681146dd46df647c6d2,5ee17dabd09e4f23855967ed29607ba91bc7df63da8da9f73cd5859f8df0c4c9,data/manifests/phase1e/2019-09/daily/source_2019091800.json
2019091800,day3_24h,c00,B,1,5,100,1,1,99,3,0,784d4bc724f1134e16d0106048cd6e1f16821947eadd8ab3ae00b138b8c50d49,b92d88e41d36a312c4283520860d3c34a4a2631cc59ff6992f3b9ecb9ca5d638,data/manifests/phase1e/2019-09/daily/source_2019091800.json
2019091800,day3_24h,p01,A,4,8,0,0,0,0,0,0,636a246706dd749674eb574b249342cdb5279089fa80222b47aefc199b6835e2,636a246706dd749674eb574b249342cdb5279089fa80222b47aefc199b6835e2,data/manifests/phase1e/2019-09/daily/source_2019091800.json
2019091800,day3_24h,p01,B,1,5,0,0,0,0,0,0,f1cb9f19e04dcf66184150420a3d87495280493f8ff02d8c6fb69798003f1c68,f1cb9f19e04dcf66184150420a3d87495280493f8ff02d8c6fb69798003f1c68,data/manifests/phase1e/2019-09/daily/source_2019091800.json
2019091800,day3_24h,p02,A,4,8,330,26,26,304,0,0,b98a51e64a4ed43e58a8527ea21a2d055c64eeadc3b0498fbd086f5c331ebb2e,feadda7de6b41c6a43493614d4afcadf037851068e1002e727ecdfc4ac2ac878,data/manifests/phase1e/2019-09/daily/source_2019091800.json
2019091800,day3_24h,p02,B,1,5,0,0,0,0,0,0,0bc7a33d823b96d2e9a319ac8a9db1ee25b9d515ad2c8c0eef2ba1ba354ecee3,0bc7a33d823b96d2e9a319ac8a9db1ee25b9d515ad2c8c0eef2ba1ba354ecee3,data/manifests/phase1e/2019-09/daily/source_2019091800.json
2019091800,day3_24h,p03,A,4,8,113,4,4,109,2,0,ea174a6e673f07fbd5ac588959c95fa743b371489424d96070932ccf3adc15b4,0b62fd027b38e146541dc54893e659adcdd57d192e00508f6d51417afa2669b9,data/manifests/phase1e/2019-09/daily/source_2019091800.json
2019091800,day3_24h,p03,B,1,5,113,4,4,109,2,0,36a990daad434eae9ca27239d2bbb262d8af39c446eb544832697805e1894f71,8453fc60b73a87cea661749da7c878d9a9a28e0703e3cde213b2f88cd4a8fa7c,data/manifests/phase1e/2019-09/daily/source_2019091800.json
2019091800,day3_24h,p04,A,4,8,0,0,0,0,0,0,5e8de238ffe01675072438dad84ed39fccb1cf7489744a4b3cc0d7c8784e46de,5e8de238ffe01675072438dad84ed39fccb1cf7489744a4b3cc0d7c8784e46de,data/manifests/phase1e/2019-09/daily/source_2019091800.json
2019091800,day3_24h,p04,B,1,5,0,0,0,0,0,0,0ec163e7955c7cc52c81cf547449a7c48560e0a36a075a49adc11ea5a83b0fb9,0ec163e7955c7cc52c81cf547449a7c48560e0a36a075a49adc11ea5a83b0fb9,data/manifests/phase1e/2019-09/daily/source_2019091800.json
2019091900,day1_24h,c00,A,4,8,0,0,0,0,0,0,d5efd2946fd3b16455719ff95cf56950599aa39c5183c10daf710b8eda7a38be,d5efd2946fd3b16455719ff95cf56950599aa39c5183c10daf710b8eda7a38be,data/manifests/phase1e/2019-09/daily/source_2019091900.json
2019091900,day1_24h,c00,B,1,5,0,0,0,0,0,0,b5c97743cb932efc6867179b0b04d9c39725cf136ca749db28e08f717b4daab5,b5c97743cb932efc6867179b0b04d9c39725cf136ca749db28e08f717b4daab5,data/manifests/phase1e/2019-09/daily/source_2019091900.json
2019091900,day1_24h,p01,A,4,8,248,7,7,241,0,0,326c1771daaf6738a2043e9cc5d5591d48194315ffd037f22feea50293d755ec,2b14bd0c3e77bb71f6609305eec3f62a713ed750710d0e8c4a387b7f68857943,data/manifests/phase1e/2019-09/daily/source_2019091900.json
2019091900,day1_24h,p01,B,1,5,0,0,0,0,0,0,50a1f1fb37d11103640e0b6b7dd9f926cf9e479dd627003c43d79fa8c383a3e2,50a1f1fb37d11103640e0b6b7dd9f926cf9e479dd627003c43d79fa8c383a3e2,data/manifests/phase1e/2019-09/daily/source_2019091900.json
2019091900,day1_24h,p02,A,4,8,0,0,0,0,0,0,65e5c97a31f6f6fdefb89df0524df116a2c2227eae2f2c12d1b409053682e888,65e5c97a31f6f6fdefb89df0524df116a2c2227eae2f2c12d1b409053682e888,data/manifests/phase1e/2019-09/daily/source_2019091900.json
2019091900,day1_24h,p02,B,1,5,0,0,0,0,0,0,112e68332eea899040963638c9799cd640bd9bb1dc00710824b9eac4c08aab8e,112e68332eea899040963638c9799cd640bd9bb1dc00710824b9eac4c08aab8e,data/manifests/phase1e/2019-09/daily/source_2019091900.json
2019091900,day1_24h,p03,A,4,8,0,0,0,0,0,0,f2113b6686e54213897ba745bbea9c43bb5d33a7449e6f81455f723a90c39fea,f2113b6686e54213897ba745bbea9c43bb5d33a7449e6f81455f723a90c39fea,data/manifests/phase1e/2019-09/daily/source_2019091900.json
2019091900,day1_24h,p03,B,1,5,0,0,0,0,0,0,059a0cbcb320f5460ef2df37eaaa7994e5b32dd83906670cc2f26cda184bcef5,059a0cbcb320f5460ef2df37eaaa7994e5b32dd83906670cc2f26cda184bcef5,data/manifests/phase1e/2019-09/daily/source_2019091900.json
2019091900,day1_24h,p04,A,4,8,0,0,0,0,0,0,48ad4667c5eb4b3766f54bc89ca408195efd0837d96b6f4eb862acbff8a302eb,48ad4667c5eb4b3766f54bc89ca408195efd0837d96b6f4eb862acbff8a302eb,data/manifests/phase1e/2019-09/daily/source_2019091900.json
2019091900,day1_24h,p04,B,1,5,0,0,0,0,0,0,b8de5810f368b8ee93b69781e65e23103d81c8ef6201089c840f1d32c66d5173,b8de5810f368b8ee93b69781e65e23103d81c8ef6201089c840f1d32c66d5173,data/manifests/phase1e/2019-09/daily/source_2019091900.json
2019091900,day2_24h,c00,A,4,8,639,23,23,616,6,0,76ecdd370786b07271d67cd0c22f309ef87e3f552ca5e4a0b5c0e65fba15b5a6,32608bd93fdbca8c2c735ba1abf85617fbec904eae0dfba06520b180c9522998,data/manifests/phase1e/2019-09/daily/source_2019091900.json
2019091900,day2_24h,c00,B,1,5,149,3,3,146,6,0,2d47ead9f0464710b8be037630a605b049d34fce615a76345c5bade40e4c34d1,552bd3a73bf08d01e0884e6167e059c17215595d4d2585a8bd63997fd0b97567,data/manifests/phase1e/2019-09/daily/source_2019091900.json
2019091900,day2_24h,p01,A,4,8,182,3,3,179,21,1,1b2ea529b570d0bfe8fbe85cc240603c77ba418becd44065d5ec12116dce5df3,bfe74b6782928002b02079a50eb241bb03057caeeb66f38f87620cc080e2ef42,data/manifests/phase1e/2019-09/daily/source_2019091900.json
2019091900,day2_24h,p01,B,1,5,182,3,3,179,21,1,69dea576bda1fa2c6affa994b30a73d3ee6499875871b17069f73a4d8c71da0c,1a0aed537037b8f9623998f19e08f81c15634f2fd52d874a08dcab310f4a6e04,data/manifests/phase1e/2019-09/daily/source_2019091900.json
2019091900,day2_24h,p02,A,4,8,226,7,7,219,0,0,d2b8d053d031f0b664466ad22cb6e99dcab1f74d7b0686eed81fb3b008c3bc78,9e7bbd3f384c1d8f3013463338fc6e95544c14d4101419e554ddc3ecbb390817,data/manifests/phase1e/2019-09/daily/source_2019091900.json
2019091900,day2_24h,p02,B,1,5,0,0,0,0,0,0,cc2d92df7efe81f198c5174b6e5a0a45fb768dc50004542cad45e1c9575e9ca4,cc2d92df7efe81f198c5174b6e5a0a45fb768dc50004542cad45e1c9575e9ca4,data/manifests/phase1e/2019-09/daily/source_2019091900.json
2019091900,day2_24h,p03,A,4,8,0,0,0,0,0,0,8b8b61c47bdf0ad3bd9e28ed700c29fea6594d9d5f613ed2273c755af2710ad8,8b8b61c47bdf0ad3bd9e28ed700c29fea6594d9d5f613ed2273c755af2710ad8,data/manifests/phase1e/2019-09/daily/source_2019091900.json
2019091900,day2_24h,p03,B,1,5,0,0,0,0,0,0,d9d587b3f809407c6ab6a9d471a8bed781aff2a74425e6aa925d2c61180578ae,d9d587b3f809407c6ab6a9d471a8bed781aff2a74425e6aa925d2c61180578ae,data/manifests/phase1e/2019-09/daily/source_2019091900.json
2019091900,day2_24h,p04,A,4,8,518,25,25,493,0,0,1a105cd0915ad3aba110ef3a7b14e5063b6e7a48a09d8561572b54fe3436f2e7,44cd4b1fb6bba97dfb43202d7a7cfcff8c46036efbf807781c4c8d0e10883e56,data/manifests/phase1e/2019-09/daily/source_2019091900.json
2019091900,day2_24h,p04,B,1,5,0,0,0,0,0,0,8a8fc75de5de374dcb654155248548f6d1b93ccc9ced137c87ccb1c7e63458ef,8a8fc75de5de374dcb654155248548f6d1b93ccc9ced137c87ccb1c7e63458ef,data/manifests/phase1e/2019-09/daily/source_2019091900.json
2019091900,day3_24h,c00,A,4,8,616,22,22,594,11,0,1d7cff105db18e9b3f6a8b78acfba875e0d811cdefe3601d6a7d9b08ec0dfccf,2481a4312dee806e38ed7eeaeb8fdf0c8b0bc52dd7386d956b5604d6b6058b00,data/manifests/phase1e/2019-09/daily/source_2019091900.json
2019091900,day3_24h,c00,B,1,5,221,5,5,216,11,0,4e7dcfb9cfbf6e8fc1127d5b578eae15befe21b097381e21aabedc69e9777a9c,c0c096e5bb2682324f7e6e4283967accd9c89c339ce7e1b83b43c8bb05e6e44e,data/manifests/phase1e/2019-09/daily/source_2019091900.json
2019091900,day3_24h,p01,A,4,8,198,3,3,195,0,0,4b3964ed9bad28c1917ee93f36abb34dab537997aa4b72bb0532ca2078b261f5,a9664af39539e304047ff7f14771ed774d96c52e7e4765986d23cebab4c7bc2e,data/manifests/phase1e/2019-09/daily/source_2019091900.json
2019091900,day3_24h,p01,B,1,5,0,0,0,0,0,0,7a9ab1567edc1d3e000c6a646c2855df72c9866c46a09dee69e1f20477c62efb,7a9ab1567edc1d3e000c6a646c2855df72c9866c46a09dee69e1f20477c62efb,data/manifests/phase1e/2019-09/daily/source_2019091900.json
2019091900,day3_24h,p02,A,4,8,492,28,28,464,0,0,8c59842d025c09659eaf8a89a3f84ab15d11ac45ce9a0807a6c37606fc637cdc,5ecd1bd6a61b87df81433b783ebd4edbd71076b582b28bd805ea4a9a963e052f,data/manifests/phase1e/2019-09/daily/source_2019091900.json
2019091900,day3_24h,p02,B,1,5,0,0,0,0,0,0,b439e1a431f4cce10db4332fa879eaa2b9fcd2384b2fa63f6f6ec0e239169de8,b439e1a431f4cce10db4332fa879eaa2b9fcd2384b2fa63f6f6ec0e239169de8,data/manifests/phase1e/2019-09/daily/source_2019091900.json
2019091900,day3_24h,p03,A,4,8,188,2,2,186,0,0,5d31250fdd41a61fd1bc508f1ca3a7ba81e78039e9b9655dd2695788bfffc878,98e685ed3f2b89a1a03764fd9bfbc442e257a441bd860dba38dc21ecb73e021f,data/manifests/phase1e/2019-09/daily/source_2019091900.json
2019091900,day3_24h,p03,B,1,5,0,0,0,0,0,0,ae84d1f5e6a4bab2355d6d0b54e7d94d7b91d8669758695f432b8691bea79487,ae84d1f5e6a4bab2355d6d0b54e7d94d7b91d8669758695f432b8691bea79487,data/manifests/phase1e/2019-09/daily/source_2019091900.json
2019091900,day3_24h,p04,A,4,8,445,15,15,430,10,0,3d3f5ab580850dc6752af1ea9766753ed44f830c79c087dea1d1923b4b7c463a,c6a88ccd8a666213f6a9672896ab553f4d09130ff470de0441258639f15d0c0d,data/manifests/phase1e/2019-09/daily/source_2019091900.json
2019091900,day3_24h,p04,B,1,5,217,7,7,210,10,0,6182255242e39886148c17e2742aa9332c347bc7fd296753fb68bae4511748d1,71728430bbe0dbd4cc0aa22f8eb76d159e2efcea0aa6890b02c88be5355e82fa,data/manifests/phase1e/2019-09/daily/source_2019091900.json
2019092000,day1_24h,c00,A,4,8,136,4,4,132,0,0,fac7e580ef7c2e79d639ac6b6002f5ba8cee63dbc430b5f74c66cd4d4e98db3c,35ae1bfd35c2cb91b66b6340d868417b0a6e63b59060328bbbec7774c126cb6c,data/manifests/phase1e/2019-09/daily/source_2019092000.json
2019092000,day1_24h,c00,B,1,5,0,0,0,0,0,0,b26430ea44a903747d636b80cacafd7acba03cc703e597e4ed65a95fe1f820a5,b26430ea44a903747d636b80cacafd7acba03cc703e597e4ed65a95fe1f820a5,data/manifests/phase1e/2019-09/daily/source_2019092000.json
2019092000,day1_24h,p01,A,4,8,0,0,0,0,0,0,b82e7bce06ac5f671b4cfefe0d8c6c5813a684cee9bd8357e022d59b522571cc,b82e7bce06ac5f671b4cfefe0d8c6c5813a684cee9bd8357e022d59b522571cc,data/manifests/phase1e/2019-09/daily/source_2019092000.json
2019092000,day1_24h,p01,B,1,5,0,0,0,0,0,0,65317f22d0708c3a7683fd20eeca8dd2d7896d92428079dafa1223d921d482ab,65317f22d0708c3a7683fd20eeca8dd2d7896d92428079dafa1223d921d482ab,data/manifests/phase1e/2019-09/daily/source_2019092000.json
2019092000,day1_24h,p02,A,4,8,221,1,1,220,0,0,267fd0681f631f62d5e26f85abe6e0be0e4884b32205323aebb5e706a798334f,4b6f2f22db5adb2300ce24f8c5733904be5b9513d07fce2de50307a660ea3e47,data/manifests/phase1e/2019-09/daily/source_2019092000.json
2019092000,day1_24h,p02,B,1,5,114,0,0,114,0,0,204c25b888769003691f1403a8d23319a7cf95c0151bac34ce859c0e0902bbe5,bf3eb51ac47472090ded17abe177d91ccd9cdbb69479f57b82bbe0458b3b3be0,data/manifests/phase1e/2019-09/daily/source_2019092000.json
2019092000,day1_24h,p03,A,4,8,325,22,22,303,0,0,c91e1732ee6632c0c083594b68563eb32fedb7a4d5a621cdc2e882088d6470bd,b1b6460d8dafc774288ed1cb39d8cee103ea9b03d7767c97d4b4c6c7d9807e4f,data/manifests/phase1e/2019-09/daily/source_2019092000.json
2019092000,day1_24h,p03,B,1,5,0,0,0,0,0,0,5d0f2988333b99d4e33824528944534b2df27c800af44423545e5378c2425d8c,5d0f2988333b99d4e33824528944534b2df27c800af44423545e5378c2425d8c,data/manifests/phase1e/2019-09/daily/source_2019092000.json
2019092000,day1_24h,p04,A,4,8,448,12,12,436,18,0,141399da18e4856b96c4af01936cb98a6aa704e887a822a247345065a9b02103,0bb7c434900f7f29c60064331d0e20a89497f789cf99b02586fc218657f24f7c,data/manifests/phase1e/2019-09/daily/source_2019092000.json
2019092000,day1_24h,p04,B,1,5,149,0,0,149,18,0,8b59dd1b575e27fb7f19d989014be2acf27cd0f011662de41c29e735ca9eda1f,7285db165a64fdea6e18994387591985435dafe5cb588455ff7bd7095943ee1c,data/manifests/phase1e/2019-09/daily/source_2019092000.json
2019092000,day2_24h,c00,A,4,8,908,40,40,868,8,0,46d358487cf6d60ccc6ed74d7638021d3f59e2b743199eb8541ad55eb0277b84,0893e1799cfeaa82cd000375d29e4e739de3ba5ba4f0f1b7de7fbcbc29d5a5bf,data/manifests/phase1e/2019-09/daily/source_2019092000.json
2019092000,day2_24h,c00,B,1,5,220,5,5,215,8,0,339dbe02c8c7e5bdc62852c44e07b8804136fbd82f9783ebd0766cc588041400,1456a484456aa7e6bb7096b01a17b13f2ac3fc3a09c904ea6f6bbd6de15b35a4,data/manifests/phase1e/2019-09/daily/source_2019092000.json
2019092000,day2_24h,p01,A,4,8,287,10,10,277,0,0,91bc39f8742d6b872589378d38ddc8dd2228cc27973c6664a574e489c07aa230,3bd286ce5b58d524ec67fce2af526e0b5084760f1227a868d424cf301459810c,data/manifests/phase1e/2019-09/daily/source_2019092000.json
2019092000,day2_24h,p01,B,1,5,0,0,0,0,0,0,9858c9ee8b885ac1a7995f1088536be8b9a52d4774fed2861e6439998a74a637,9858c9ee8b885ac1a7995f1088536be8b9a52d4774fed2861e6439998a74a637,data/manifests/phase1e/2019-09/daily/source_2019092000.json
2019092000,day2_24h,p02,A,4,8,489,21,21,468,12,0,cd5b334bdfeba13fd320edb0c6d793c2115b5577e2308a3a0ebfb26dc208daa6,e1310b452fad18ad5a9a36fa2e7d5e0ad0c0e3113d644d7a5686aaba2930c8aa,data/manifests/phase1e/2019-09/daily/source_2019092000.json
2019092000,day2_24h,p02,B,1,5,129,3,3,126,12,0,9d82878aa74e70e4d1e2368f71c0514728ca01c0da6e7fc8c979413c8e7e0c42,d52274270bfa1b7206ec8bd57749ad3a6f2cad5d398e24e51ea373c9241ca4be,data/manifests/phase1e/2019-09/daily/source_2019092000.json
2019092000,day2_24h,p03,A,4,8,0,0,0,0,0,0,58b441eb4693b70d8efeb729b6fc9dc4c36923b0c7140c14acd4762ec7075b16,58b441eb4693b70d8efeb729b6fc9dc4c36923b0c7140c14acd4762ec7075b16,data/manifests/phase1e/2019-09/daily/source_2019092000.json
2019092000,day2_24h,p03,B,1,5,0,0,0,0,0,0,980f4262aa44679008684192564496a99cdf2e1b1aff51bcd784998888f9989d,980f4262aa44679008684192564496a99cdf2e1b1aff51bcd784998888f9989d,data/manifests/phase1e/2019-09/daily/source_2019092000.json
2019092000,day2_24h,p04,A,4,8,157,3,3,154,0,0,14525ffe7d0c0a41002427c0b8b5f2f4d6084f33293c7eabab3dc511568e1006,76c7e0e0b2511cda3e40f8e10b7ea763510e7bccb84c7f0d725cfc8ad7773de9,data/manifests/phase1e/2019-09/daily/source_2019092000.json
2019092000,day2_24h,p04,B,1,5,0,0,0,0,0,0,f48fe2bad058ee46ffafa8aef10bd10273bf4149d0eb570d1a42aef6c423704a,f48fe2bad058ee46ffafa8aef10bd10273bf4149d0eb570d1a42aef6c423704a,data/manifests/phase1e/2019-09/daily/source_2019092000.json
2019092000,day3_24h,c00,A,4,8,413,13,13,400,4,0,1b5fdcfe4d7747c21e1af99bfe2840818e9bbaa1136120f8230a8e4b19e9c785,27f013153c61b83f5ae165c8525362581b63c1aa9bc8cd4d9a0b54f182d9d2b3,data/manifests/phase1e/2019-09/daily/source_2019092000.json
2019092000,day3_24h,c00,B,1,5,189,6,6,183,4,0,ab2d71094bf2e9974dac3935416b8d1ed8d564eb05f74c26afba9d2a397a6820,3125a7fbf5990f832a738c3d33f79ac168ab672a400f4674c5dfaf55c118a4f5,data/manifests/phase1e/2019-09/daily/source_2019092000.json
2019092000,day3_24h,p01,A,4,8,0,0,0,0,0,0,dc7cefbc2c379a80baa9738bf72f5df6ec614fe7ba1fa0012353dd832e308a38,dc7cefbc2c379a80baa9738bf72f5df6ec614fe7ba1fa0012353dd832e308a38,data/manifests/phase1e/2019-09/daily/source_2019092000.json
2019092000,day3_24h,p01,B,1,5,0,0,0,0,0,0,4e251e1170bd30d3f36971d666b590604ee97d9b5ab66c26ba59863d7f58207e,4e251e1170bd30d3f36971d666b590604ee97d9b5ab66c26ba59863d7f58207e,data/manifests/phase1e/2019-09/daily/source_2019092000.json
2019092000,day3_24h,p02,A,4,8,0,0,0,0,0,0,a5f99445f9ec5514541c7336bc937fa15ce0e33e2df8bda0c3b2efe3353d1acb,a5f99445f9ec5514541c7336bc937fa15ce0e33e2df8bda0c3b2efe3353d1acb,data/manifests/phase1e/2019-09/daily/source_2019092000.json
2019092000,day3_24h,p02,B,1,5,0,0,0,0,0,0,16520d95b1337d5907c6c8022f0c506c453e69742fe06c2c229603182d20ac84,16520d95b1337d5907c6c8022f0c506c453e69742fe06c2c229603182d20ac84,data/manifests/phase1e/2019-09/daily/source_2019092000.json
2019092000,day3_24h,p03,A,4,8,118,7,7,111,0,0,e6a194a7e6bacc485ff3d056d6dcb413dab2b5cd04eb32bf46f811ef47e314fe,0ee0756d5e6052b7c1f2ef534455957ecd095ec51cd4ab7c573c04a9a59507ed,data/manifests/phase1e/2019-09/daily/source_2019092000.json
2019092000,day3_24h,p03,B,1,5,118,7,7,111,0,0,cef02887db0759ab303d13e343da81c13c7c06b43a409c80ad3dc071d93464d8,b0e28b79d57e785cd8da10a1551f7a71dde29e4d4cbeeffe53b9614bb89b215e,data/manifests/phase1e/2019-09/daily/source_2019092000.json
2019092000,day3_24h,p04,A,4,8,0,0,0,0,0,0,3f1483e2628c0b4fa25ba988ca224c2c191d8f843adb3334237709c42e83f180,3f1483e2628c0b4fa25ba988ca224c2c191d8f843adb3334237709c42e83f180,data/manifests/phase1e/2019-09/daily/source_2019092000.json
2019092000,day3_24h,p04,B,1,5,0,0,0,0,0,0,18fc413cf5b7a019a1db85e0ea5573348d8bd1a4e9d95da0c1d67bffa5848370,18fc413cf5b7a019a1db85e0ea5573348d8bd1a4e9d95da0c1d67bffa5848370,data/manifests/phase1e/2019-09/daily/source_2019092000.json
2019092100,day1_24h,c00,A,4,8,179,12,12,167,0,0,9de28bed38b4f67371e3301f9cb0a24f825675b15abf207b80cc86e49a862a07,69b53fc1ea3d3ba903c74548b52f88d0e95c59d675771fcaa052c63272632542,data/manifests/phase1e/2019-09/daily/source_2019092100.json
2019092100,day1_24h,c00,B,1,5,0,0,0,0,0,0,841dbee9ebe1cd655886728baf053ada9f0df5446de7157e5db6169446b462a4,841dbee9ebe1cd655886728baf053ada9f0df5446de7157e5db6169446b462a4,data/manifests/phase1e/2019-09/daily/source_2019092100.json
2019092100,day1_24h,p01,A,4,8,0,0,0,0,0,0,71c06357fcd520b96d403806a2772a889afcddfddd0978984c0640ab4d2f45a9,71c06357fcd520b96d403806a2772a889afcddfddd0978984c0640ab4d2f45a9,data/manifests/phase1e/2019-09/daily/source_2019092100.json
2019092100,day1_24h,p01,B,1,5,0,0,0,0,0,0,fae0b56b1f201c6ff1f11c21d01c3e90c3acddbda84af29aac2063e772de689a,fae0b56b1f201c6ff1f11c21d01c3e90c3acddbda84af29aac2063e772de689a,data/manifests/phase1e/2019-09/daily/source_2019092100.json
2019092100,day1_24h,p02,A,4,8,224,14,14,210,0,0,5a8651d1b68dbb09d7b6d88806d2ad65b80344f29b8ced2be82294d6363ccab9,7e3a3a5b987fb475a4d27962c8676907ee89edb9a4e5a22282a8b4dfae0cb539,data/manifests/phase1e/2019-09/daily/source_2019092100.json
2019092100,day1_24h,p02,B,1,5,0,0,0,0,0,0,49532604bb33070d4da7759e989f09ec2130c6a8e71e78bbc199d6ac0c885a49,49532604bb33070d4da7759e989f09ec2130c6a8e71e78bbc199d6ac0c885a49,data/manifests/phase1e/2019-09/daily/source_2019092100.json
2019092100,day1_24h,p03,A,4,8,0,0,0,0,0,0,662a400a3a6850ed5249b836cb103c679dbda1844011d2ad0036065a1a124a99,662a400a3a6850ed5249b836cb103c679dbda1844011d2ad0036065a1a124a99,data/manifests/phase1e/2019-09/daily/source_2019092100.json
2019092100,day1_24h,p03,B,1,5,0,0,0,0,0,0,3a4747abb71d57877a90ae3bf4f939586c2d4841d081496e50c4c0e0f0bd38e1,3a4747abb71d57877a90ae3bf4f939586c2d4841d081496e50c4c0e0f0bd38e1,data/manifests/phase1e/2019-09/daily/source_2019092100.json
2019092100,day1_24h,p04,A,4,8,0,0,0,0,0,0,c54d28cfae36045e6ce3cafdfd5564bd4cc99a1ba362d53026bbb96cc80a31f7,c54d28cfae36045e6ce3cafdfd5564bd4cc99a1ba362d53026bbb96cc80a31f7,data/manifests/phase1e/2019-09/daily/source_2019092100.json
2019092100,day1_24h,p04,B,1,5,0,0,0,0,0,0,4467b77af4e880d698a52dc5baeaec2ffa6a301f0746129d66993d82eade4cb7,4467b77af4e880d698a52dc5baeaec2ffa6a301f0746129d66993d82eade4cb7,data/manifests/phase1e/2019-09/daily/source_2019092100.json
2019092100,day2_24h,c00,A,4,8,389,11,11,378,0,0,f8d913f55005b09b3f3b3a9d5c32f81cd25d8a730024426c3022eb89904d2fbf,473b90bb391eebaa6ea47c69794f080e771160284cea4462bfcbc77482dbe4c5,data/manifests/phase1e/2019-09/daily/source_2019092100.json
2019092100,day2_24h,c00,B,1,5,0,0,0,0,0,0,41e3ea363835065f271114f030c84485f7c997c083b7362b13e8b5eab3024a94,41e3ea363835065f271114f030c84485f7c997c083b7362b13e8b5eab3024a94,data/manifests/phase1e/2019-09/daily/source_2019092100.json
2019092100,day2_24h,p01,A,4,8,148,3,3,145,0,0,f39031d8f036c66c8f3740192274be74a4f79de2dc4d6cd9eff58f279482d827,9e7e395f17e1c484973fba5425357f9a6101db5c3e467d8f86013a7c54327939,data/manifests/phase1e/2019-09/daily/source_2019092100.json
2019092100,day2_24h,p01,B,1,5,0,0,0,0,0,0,50a867a201ce4f05c37696ee3a0cb3087a39cd5c464a10f56b939267c132c019,50a867a201ce4f05c37696ee3a0cb3087a39cd5c464a10f56b939267c132c019,data/manifests/phase1e/2019-09/daily/source_2019092100.json
2019092100,day2_24h,p02,A,4,8,843,23,23,820,0,0,4c3bf74ef208fe264bfea88ca909708afdf40052795b8daa53cdfb0f178f2441,0c678854808d0689e671f92ac3aa05549cffe412ded0f2e91e935b64d60b6dc9,data/manifests/phase1e/2019-09/daily/source_2019092100.json
2019092100,day2_24h,p02,B,1,5,285,7,7,278,0,0,e180e90fbdb49e9c1c1d40c186aa84e47948e4a7b7bfcb8a50c07cb3bb0111d4,cc426fe27bf02ad93dee2bf80a261064e674f71f727e04c2a28e3a7b3c95b429,data/manifests/phase1e/2019-09/daily/source_2019092100.json
2019092100,day2_24h,p03,A,4,8,201,5,5,196,0,0,651710238c05a902fd350c98adb61c293acebef03d81b74fdee6f95977f49d19,4a8db91cec2abd00f1165491a1792a2422627e652940fc533b321faa367117f2,data/manifests/phase1e/2019-09/daily/source_2019092100.json
2019092100,day2_24h,p03,B,1,5,0,0,0,0,0,0,b8bced8d2c0405be64819f9567634d74ed779aff3ada7fd832b0d58d265681dc,b8bced8d2c0405be64819f9567634d74ed779aff3ada7fd832b0d58d265681dc,data/manifests/phase1e/2019-09/daily/source_2019092100.json
2019092100,day2_24h,p04,A,4,8,275,3,3,272,0,0,c4889cff1770acf90910a82bbfbd2536792c7097ac7a668a98a77bd39b1bbf2d,5bc35ca4446de13442e7c2e200bfb4b94afeb6d0466b6bee00c93d7fe143a07d,data/manifests/phase1e/2019-09/daily/source_2019092100.json
2019092100,day2_24h,p04,B,1,5,0,0,0,0,0,0,c82923a83287abcfcb873cbe4aa5230dffda30382c2e7edd5591990c577f63f3,c82923a83287abcfcb873cbe4aa5230dffda30382c2e7edd5591990c577f63f3,data/manifests/phase1e/2019-09/daily/source_2019092100.json
2019092100,day3_24h,c00,A,4,8,162,7,7,155,1,0,de12eca50573666e2f13cd087e9d8bfc3b3f741d27ddafea728e8d379749237e,1a1b420c86ecdc22d8c9fe00ce33332e437cff4b0194565bc06619173b9a5dab,data/manifests/phase1e/2019-09/daily/source_2019092100.json
2019092100,day3_24h,c00,B,1,5,162,7,7,155,1,0,7858d769631a8da0432b3d18e25346fd0eceab1a80580e572630dbfc89d94499,f39630f2c9f1dd6795094f7b21dd79e41640660196e7f3822a8b3963763395e1,data/manifests/phase1e/2019-09/daily/source_2019092100.json
2019092100,day3_24h,p01,A,4,8,0,0,0,0,0,0,660b2fc4019b37b3feb7f26f818c2e738c8770f4541bcf82d2869249eeefcc7c,660b2fc4019b37b3feb7f26f818c2e738c8770f4541bcf82d2869249eeefcc7c,data/manifests/phase1e/2019-09/daily/source_2019092100.json
2019092100,day3_24h,p01,B,1,5,0,0,0,0,0,0,64d1286f1d78a6fd13071154b80559655d55a0827fc2e93069c74faa071bb631,64d1286f1d78a6fd13071154b80559655d55a0827fc2e93069c74faa071bb631,data/manifests/phase1e/2019-09/daily/source_2019092100.json
2019092100,day3_24h,p02,A,4,8,0,0,0,0,0,0,f6ac16ce99cad4e8244e86a98c146baf27d91725432484656f3e93587ff8b637,f6ac16ce99cad4e8244e86a98c146baf27d91725432484656f3e93587ff8b637,data/manifests/phase1e/2019-09/daily/source_2019092100.json
2019092100,day3_24h,p02,B,1,5,0,0,0,0,0,0,f9bfe3835256d84cccc8b76fd193689f270fd9721e521a4e0872d69c7d6c5aef,f9bfe3835256d84cccc8b76fd193689f270fd9721e521a4e0872d69c7d6c5aef,data/manifests/phase1e/2019-09/daily/source_2019092100.json
2019092100,day3_24h,p03,A,4,8,141,7,7,134,0,0,201c05f786de21307c560d86e8ac7ca3ac1c01b1c710de86c38f004c1acddd04,deb6b9b98dd54c24499b8384f6690f4cb45896f58677f706f83c3a9ebab329d2,data/manifests/phase1e/2019-09/daily/source_2019092100.json
2019092100,day3_24h,p03,B,1,5,0,0,0,0,0,0,9aeff80ae684e9d9167c2493d5011ae4cff16fedcaf9b470c9f7827a34b4dafb,9aeff80ae684e9d9167c2493d5011ae4cff16fedcaf9b470c9f7827a34b4dafb,data/manifests/phase1e/2019-09/daily/source_2019092100.json
2019092100,day3_24h,p04,A,4,8,0,0,0,0,0,0,be1dcf364de75122d5759224e60a4b54698a459c2c7fec39715e249c4f873c29,be1dcf364de75122d5759224e60a4b54698a459c2c7fec39715e249c4f873c29,data/manifests/phase1e/2019-09/daily/source_2019092100.json
2019092100,day3_24h,p04,B,1,5,0,0,0,0,0,0,a31ed422fd5c2aa1635e793a1e3ec1e057997fcfb6188378355bee9f9274438a,a31ed422fd5c2aa1635e793a1e3ec1e057997fcfb6188378355bee9f9274438a,data/manifests/phase1e/2019-09/daily/source_2019092100.json
2019092200,day1_24h,c00,A,4,8,563,18,18,545,0,0,a12207f0ab427048189fff7f70486d0b92b6adb0491dd2cb4727c320513a9cf6,494693b1d7a2ad3f1f38aa4459ce8fca1f3c65b70786a0a5a97e368d52e0bef0,data/manifests/phase1e/2019-09/daily/source_2019092200.json
2019092200,day1_24h,c00,B,1,5,0,0,0,0,0,0,f797c50347b1f384a33d2037c0a72124afb5c278bbbfb0b65110d47593b5188d,f797c50347b1f384a33d2037c0a72124afb5c278bbbfb0b65110d47593b5188d,data/manifests/phase1e/2019-09/daily/source_2019092200.json
2019092200,day1_24h,p01,A,4,8,114,0,0,114,17,0,d41dfac30c00875c71f4582c7891584c6c24ee5cd6f2722d4560bdf5c12a9c7e,a5ba4391259e89391f2125682efd69da13307911a151d83dc44c56a1e65276ad,data/manifests/phase1e/2019-09/daily/source_2019092200.json
2019092200,day1_24h,p01,B,1,5,114,0,0,114,17,0,b66845455db710b25fe6a75e466bb2d7267696ff880ac4ee94d0656a773b5a6a,a254f3c912a29158e9da199de334a1ba07fa777a97eb68b5b7a580581ade1a19,data/manifests/phase1e/2019-09/daily/source_2019092200.json
2019092200,day1_24h,p02,A,4,8,1088,25,25,1063,15,0,fa970ed6223deb18e3b618df66969f83f886aa99afa8801643f085368ab1e508,b6b04318dd6a6f734c8f9c449d97bb10e88e4d83cc3ee16fa1c7ba50eec7eb83,data/manifests/phase1e/2019-09/daily/source_2019092200.json
2019092200,day1_24h,p02,B,1,5,166,0,0,166,15,0,68df3ff806d206a52bac9e0f27bbe8ee7847cce9748ea3878192340308390b41,33c893c5edf03678f80a89698082897c6819fb4d6833e8f330200bd3a0be297e,data/manifests/phase1e/2019-09/daily/source_2019092200.json
2019092200,day1_24h,p03,A,4,8,392,11,11,381,3,0,87e3b8c4a34e86710dfb48d326504c4770efe497926d3072c1c6037b5e9e63f8,234449f4dbedc8f1452fffce8a2b9c10c0a08c35e7fd4343b2e6d9cd0a090062,data/manifests/phase1e/2019-09/daily/source_2019092200.json
2019092200,day1_24h,p03,B,1,5,67,0,0,67,3,0,809e206c0de669b793aaef553f5f218b95ae91fe8259ddf2bf6fe7b35b588e8c,c19e4dffa61cc4cf61a689e4c9bc36b2d0ea6202a69dd1ffe388fd10329a1005,data/manifests/phase1e/2019-09/daily/source_2019092200.json
2019092200,day1_24h,p04,A,4,8,359,11,11,348,0,0,23eb322b0bd7a3cbca5f748005feaa667f0d9091b758cc126845b49679ab552a,3c741c2a3f65f8c7615a554956716b96048c4caaaf141d170755d10c12a44ec0,data/manifests/phase1e/2019-09/daily/source_2019092200.json
2019092200,day1_24h,p04,B,1,5,0,0,0,0,0,0,f6e1af894d90e3bb058eef1a4c28d494aa9b724be3ec1b7529c74e285d681b77,f6e1af894d90e3bb058eef1a4c28d494aa9b724be3ec1b7529c74e285d681b77,data/manifests/phase1e/2019-09/daily/source_2019092200.json
2019092200,day2_24h,c00,A,4,8,886,29,29,857,21,0,b7814edf727069ec2843d3214fd15ab869bafbc85ebb132cf76a4ace839d7304,6744432b5fdaaba37f45b34536deb97bc2590e1f184ff506a8b11c10ea4918c6,data/manifests/phase1e/2019-09/daily/source_2019092200.json
2019092200,day2_24h,c00,B,1,5,175,2,2,173,21,0,605899c128cd8fbc9d504242dfa665e1656a901e81db9049aae4bed7972daf9d,b00471087c775352eca81f19783d3f459a47c8f6af1542a9c3e4ea291e763cd4,data/manifests/phase1e/2019-09/daily/source_2019092200.json
2019092200,day2_24h,p01,A,4,8,0,0,0,0,0,0,f26f1023a960e6bf83775a0cf77169d855663f6d7fbeab08470497f4a76083d2,f26f1023a960e6bf83775a0cf77169d855663f6d7fbeab08470497f4a76083d2,data/manifests/phase1e/2019-09/daily/source_2019092200.json
2019092200,day2_24h,p01,B,1,5,0,0,0,0,0,0,ccdbad1eea3d373e31b940ca1eb9d842edb38d6eff24902e6cea849115af5538,ccdbad1eea3d373e31b940ca1eb9d842edb38d6eff24902e6cea849115af5538,data/manifests/phase1e/2019-09/daily/source_2019092200.json
2019092200,day2_24h,p02,A,4,8,0,0,0,0,0,0,a34b8a05bdd044f614ef6de822c1958de6d2a0fb71b22cf49c429c2c223db380,a34b8a05bdd044f614ef6de822c1958de6d2a0fb71b22cf49c429c2c223db380,data/manifests/phase1e/2019-09/daily/source_2019092200.json
2019092200,day2_24h,p02,B,1,5,0,0,0,0,0,0,ca03730f01da0e5941279a30099152c99baa224d9dba304b6e1c1d904ab488cf,ca03730f01da0e5941279a30099152c99baa224d9dba304b6e1c1d904ab488cf,data/manifests/phase1e/2019-09/daily/source_2019092200.json
2019092200,day2_24h,p03,A,4,8,0,0,0,0,0,0,136ac9624f1a42183fba00e0263fbd7fa73d3d1c23ad5a350fdaa3cc0ff2040b,136ac9624f1a42183fba00e0263fbd7fa73d3d1c23ad5a350fdaa3cc0ff2040b,data/manifests/phase1e/2019-09/daily/source_2019092200.json
2019092200,day2_24h,p03,B,1,5,0,0,0,0,0,0,1b552f66b0077fe77f66cd8eef9d9fa1dd612a7a4a3fc5b122b28f2988f2db3d,1b552f66b0077fe77f66cd8eef9d9fa1dd612a7a4a3fc5b122b28f2988f2db3d,data/manifests/phase1e/2019-09/daily/source_2019092200.json
2019092200,day2_24h,p04,A,4,8,451,13,13,438,0,0,eccd6b098b1979f8ca37cc72be2a739a3e682949e4ba958e96aaf26537639c09,8f36250b839d595b4f6ee6914874ff29af2374b6bebc7edbe9055fac2270f1a7,data/manifests/phase1e/2019-09/daily/source_2019092200.json
2019092200,day2_24h,p04,B,1,5,0,0,0,0,0,0,9fcc8cfec158a832e71a8dbee3295d71c71782f083db4c14f9edbd5633a5800c,9fcc8cfec158a832e71a8dbee3295d71c71782f083db4c14f9edbd5633a5800c,data/manifests/phase1e/2019-09/daily/source_2019092200.json
2019092200,day3_24h,c00,A,4,8,518,23,23,495,52,1,f843ef14524740f267a57fe07d484bd6a034a691009eb9cc429f51619a2ee8b7,0da98fe18f84b2dc41de6bfd91a4e085eadf4b4250e3e0afdffbb5c67a48258e,data/manifests/phase1e/2019-09/daily/source_2019092200.json
2019092200,day3_24h,c00,B,1,5,299,15,15,284,52,1,8e9a03a1091b827135cd3b43c91ccaed9eb629f3476c019bb9dfd58ad6686c0a,e5600c6b61762f6a33d146d5dc0ccb080e5f50248e4e2c7939831cc189f13177,data/manifests/phase1e/2019-09/daily/source_2019092200.json
2019092200,day3_24h,p01,A,4,8,354,14,14,340,0,0,b69cb92c354f219e7ed10343cbb6e43980a906cdeb6fb4783f56f1567e61cb20,d407c6d3a5219a5cd327a44d8bdb27f968396d676de0e5e7b29308944d97eb1c,data/manifests/phase1e/2019-09/daily/source_2019092200.json
2019092200,day3_24h,p01,B,1,5,0,0,0,0,0,0,d11529c8e592ad83fd66d6444576c48e9e009131f06429ad5ae556a0b297ded8,d11529c8e592ad83fd66d6444576c48e9e009131f06429ad5ae556a0b297ded8,data/manifests/phase1e/2019-09/daily/source_2019092200.json
2019092200,day3_24h,p02,A,4,8,757,30,30,727,3,0,bcdd4cfc3ac2d1a434c8113d51d55be52c9c6b4da118989001ea822ae7f952ca,ad9975eac4e6071278b522d4d9830f02182e7ace24ec8db2d8290c0a64817637,data/manifests/phase1e/2019-09/daily/source_2019092200.json
2019092200,day3_24h,p02,B,1,5,354,15,15,339,3,0,f886d6f559c418db1609a13a0a8ff94b5795db5d66c2bb0faddda20fe9f63258,3e81069d66e8e8f9233badb3a28fbed507da1725e7cd1212696149e565afaa25,data/manifests/phase1e/2019-09/daily/source_2019092200.json
2019092200,day3_24h,p03,A,4,8,448,23,23,425,0,0,1f9eba36f22317ed005d29a55b7090eb625ab9862fd2b0ab7af25ff308b55a91,9e331b5df808f13be638a45dfa6369501edeb9374f78e3e65d17658f05863221,data/manifests/phase1e/2019-09/daily/source_2019092200.json
2019092200,day3_24h,p03,B,1,5,0,0,0,0,0,0,20a30c9335fd9431b40b359cd96171a49b8b54316c71d2e91bb6ef4000b98b82,20a30c9335fd9431b40b359cd96171a49b8b54316c71d2e91bb6ef4000b98b82,data/manifests/phase1e/2019-09/daily/source_2019092200.json
2019092200,day3_24h,p04,A,4,8,641,13,13,628,57,0,af29c777cb28d88aa36ebf63c0f95d05b297679929a8c2b53699fe668717d7aa,8e65c6508c93d88e7c9eeeb8b3b004ff8a76ee3b7866bfac2ae0a339b774c8fe,data/manifests/phase1e/2019-09/daily/source_2019092200.json
2019092200,day3_24h,p04,B,1,5,390,7,7,383,57,0,77ea2139f54a25313488c063516d8caa7699a84bf549146130ce08b3a57aedd2,1cc795783b3578f90e49291f8f0ad73054a0dc3dda0dcb6b309e96f638f1be44,data/manifests/phase1e/2019-09/daily/source_2019092200.json
2019092300,day1_24h,c00,A,4,8,0,0,0,0,0,0,735bcc696471eaf3c42e0518ff41bd06286dae0652b95f0ad1ab9e5ecd46e341,735bcc696471eaf3c42e0518ff41bd06286dae0652b95f0ad1ab9e5ecd46e341,data/manifests/phase1e/2019-09/daily/source_2019092300.json
2019092300,day1_24h,c00,B,1,5,0,0,0,0,0,0,6ed37a8e1d12571258ea09aa38e6ec8a8c12bfb7e0af6e5c817c08e94bcc5f7d,6ed37a8e1d12571258ea09aa38e6ec8a8c12bfb7e0af6e5c817c08e94bcc5f7d,data/manifests/phase1e/2019-09/daily/source_2019092300.json
2019092300,day1_24h,p01,A,4,8,153,0,0,153,28,0,6f300e6c248740442020232a3caf96b7f296a89b9e591a531a3ed0cffefb7014,ead735f991107d27397942e26cdd900991aef9cdd0379e21c1d65ec5daff15c5,data/manifests/phase1e/2019-09/daily/source_2019092300.json
2019092300,day1_24h,p01,B,1,5,153,0,0,153,28,0,9daecea47d3d3d54b17920f93ad5518c625bbb15e01153d7f38a89190c1a704e,7ab91075ce7bd5d9cd8715a663637f6a98075431e474fce66a821a9513e2428c,data/manifests/phase1e/2019-09/daily/source_2019092300.json
2019092300,day1_24h,p02,A,4,8,189,0,0,189,50,0,19b72758de93559061a2961277b1c0f73a6cb878fd8cd6c236760345f9ce9c8a,e67c635ee2bc3716db082f5d7912a969d7f5da681f1d891259787dd01f86a387,data/manifests/phase1e/2019-09/daily/source_2019092300.json
2019092300,day1_24h,p02,B,1,5,189,0,0,189,50,0,0a6fee1ccd0560441806df9379ad092d68e6b792201bec34e4366e78f9e75d7d,b4b43902e23e6fd098fc4bf8e7fd08dbed9ad4d68ae9371f3091a9344a796004,data/manifests/phase1e/2019-09/daily/source_2019092300.json
2019092300,day1_24h,p03,A,4,8,307,7,7,300,0,0,4469a76aca1ad6e80e1c570d14fe0ff5b7003e11d6d86818c2a0b9c1e2baa72a,c0a24e4265d3e36db9a001bf5a634b372027e8900ae3c81eac54581baebd6daa,data/manifests/phase1e/2019-09/daily/source_2019092300.json
2019092300,day1_24h,p03,B,1,5,0,0,0,0,0,0,35e93c692c6dbde3d5b32a5a553db8eea78e704960b44323f4f6007fd079d68e,35e93c692c6dbde3d5b32a5a553db8eea78e704960b44323f4f6007fd079d68e,data/manifests/phase1e/2019-09/daily/source_2019092300.json
2019092300,day1_24h,p04,A,4,8,502,11,11,491,60,0,5bb29180dc59215ce61c176d0457b4c265d42553d60c1864a734d109daf6ed85,955fbf71ef4df3dce024eaecce718092dffdc0db650c7a68264d6ac52105b1ac,data/manifests/phase1e/2019-09/daily/source_2019092300.json
2019092300,day1_24h,p04,B,1,5,179,0,0,179,60,0,1ac3147e62424075bb2dfebd7f6617dc2be886022a0ce260ea24f28b078933bb,8152793573ebc7056249e3f6172466fba3938681435af6ee8f163aa36402a4ec,data/manifests/phase1e/2019-09/daily/source_2019092300.json
2019092300,day2_24h,c00,A,4,8,0,0,0,0,0,0,a854780d6d6a3f9ad4db9e831a0d37cabe74fd625e919d227b2ca606f5af1c27,a854780d6d6a3f9ad4db9e831a0d37cabe74fd625e919d227b2ca606f5af1c27,data/manifests/phase1e/2019-09/daily/source_2019092300.json
2019092300,day2_24h,c00,B,1,5,0,0,0,0,0,0,6329c786339c4f2d75297cec5944adb19a804d8a4ae538ef20196d99b70898a6,6329c786339c4f2d75297cec5944adb19a804d8a4ae538ef20196d99b70898a6,data/manifests/phase1e/2019-09/daily/source_2019092300.json
2019092300,day2_24h,p01,A,4,8,530,15,15,515,0,0,9cf7721ce05b2a5377afc02d5c4898f8ef9727f3225e1f1e306d69fe050f578c,a91fc0c5dfbadf915053ba59a311c97b863ba0a5e9cd604e3c5751a8ad0da96f,data/manifests/phase1e/2019-09/daily/source_2019092300.json
2019092300,day2_24h,p01,B,1,5,0,0,0,0,0,0,77fc22b158fe216c2b47e38a5cfdb3659ae713f770b30744b14587c90ea80d38,77fc22b158fe216c2b47e38a5cfdb3659ae713f770b30744b14587c90ea80d38,data/manifests/phase1e/2019-09/daily/source_2019092300.json
2019092300,day2_24h,p02,A,4,8,349,17,17,332,0,0,e86fadfbaef1c79d7f4f85f141ed0854c813dc099677b72cd5166359a3c34301,536bd34536d30a0a26991ada7d955424bbb4489da42b981717757eae3ae379eb,data/manifests/phase1e/2019-09/daily/source_2019092300.json
2019092300,day2_24h,p02,B,1,5,0,0,0,0,0,0,bf789107d7624c984d624e2e210217befdc05a6202174eaad7dc1d4f0f7cba6a,bf789107d7624c984d624e2e210217befdc05a6202174eaad7dc1d4f0f7cba6a,data/manifests/phase1e/2019-09/daily/source_2019092300.json
2019092300,day2_24h,p03,A,4,8,472,17,17,455,59,0,ce7987ed400673a8c5f97653955c661549aec951b4c8d961b3f4414f4ff3324c,23ca5c9ab1bcd2ad20345d763b5570a72080c6d21d8151999c224a357d1c65f9,data/manifests/phase1e/2019-09/daily/source_2019092300.json
2019092300,day2_24h,p03,B,1,5,472,17,17,455,59,0,a0c377d3bb96c70c7b91248e7b7eb8a9826df22e97de77ad8fea4ab12aed80f5,24e1e3b5836a0310d162420a793b779847699c69092b61525ad42257dd70df46,data/manifests/phase1e/2019-09/daily/source_2019092300.json
2019092300,day2_24h,p04,A,4,8,461,14,14,447,0,0,8bcb22ab1eb2b8cbd81b521c2fb95586c00f93e142f29ec2fb4d98f44c8a44f8,0bf7db249e45acd7af5419d6bb8ed0a20a1c96c800a09724bdb03583c4d4e625,data/manifests/phase1e/2019-09/daily/source_2019092300.json
2019092300,day2_24h,p04,B,1,5,0,0,0,0,0,0,a5732773e27a8fea1b5a9443a0eeeecf2df4ad83e100f5b3816a08b42d45a909,a5732773e27a8fea1b5a9443a0eeeecf2df4ad83e100f5b3816a08b42d45a909,data/manifests/phase1e/2019-09/daily/source_2019092300.json
2019092300,day3_24h,c00,A,4,8,151,7,7,144,0,0,9ce14f4b6ad161ed2fb38a4743cd96d9c45a209d7f79fd49bafaf3b67250f531,688b3d0568f00d2505f4abfdc7dc9da9852a6c50726c0df87524401c1272217c,data/manifests/phase1e/2019-09/daily/source_2019092300.json
2019092300,day3_24h,c00,B,1,5,0,0,0,0,0,0,da524a699c99e18f3c3cb93182c406dce3328579a9acdf540dd4a0324a51af09,da524a699c99e18f3c3cb93182c406dce3328579a9acdf540dd4a0324a51af09,data/manifests/phase1e/2019-09/daily/source_2019092300.json
2019092300,day3_24h,p01,A,4,8,0,0,0,0,0,0,84f78ab806f418b34fb6f2d57f236652575f650ec20b1b6a577538546836bfda,84f78ab806f418b34fb6f2d57f236652575f650ec20b1b6a577538546836bfda,data/manifests/phase1e/2019-09/daily/source_2019092300.json
2019092300,day3_24h,p01,B,1,5,0,0,0,0,0,0,ec38ce518127e55c30208ce056cc2c6b05b4401a405718d5673c951ef395be0e,ec38ce518127e55c30208ce056cc2c6b05b4401a405718d5673c951ef395be0e,data/manifests/phase1e/2019-09/daily/source_2019092300.json
2019092300,day3_24h,p02,A,4,8,0,0,0,0,0,0,c96bf7014a75d19cdb522c66bb8eb85b119f07d948a4e0abcf5705c3f0d8f5a4,c96bf7014a75d19cdb522c66bb8eb85b119f07d948a4e0abcf5705c3f0d8f5a4,data/manifests/phase1e/2019-09/daily/source_2019092300.json
2019092300,day3_24h,p02,B,1,5,0,0,0,0,0,0,24aec67f51d1b3d6fe404e4a46f590579265f9298155bb1ed2caab455bf0aa51,24aec67f51d1b3d6fe404e4a46f590579265f9298155bb1ed2caab455bf0aa51,data/manifests/phase1e/2019-09/daily/source_2019092300.json
2019092300,day3_24h,p03,A,4,8,211,4,4,207,14,0,bd23804f8dcd6d0f5f319ced1739f3d94c66b4478dbb98c0633a3fbb746ce0a5,f08091a2adbebe7a2e93bff8cfbe36621023bacf3d749315d3fd3bf347e197ac,data/manifests/phase1e/2019-09/daily/source_2019092300.json
2019092300,day3_24h,p03,B,1,5,211,4,4,207,14,0,01e9d707fc2485ed551f3349e7058285fd766d880dbcd205c5d590d5f95f9991,84532b4156a5ad2c7fe81e1f80f811365bf1050ff82758038267e61326049c6e,data/manifests/phase1e/2019-09/daily/source_2019092300.json
2019092300,day3_24h,p04,A,4,8,0,0,0,0,0,0,b73be83eb0ba0e45ef5816ca2d2ec6666def8b8ba6bc508ce34648e542373858,b73be83eb0ba0e45ef5816ca2d2ec6666def8b8ba6bc508ce34648e542373858,data/manifests/phase1e/2019-09/daily/source_2019092300.json
2019092300,day3_24h,p04,B,1,5,0,0,0,0,0,0,35bb7f8e4bd92001987af871f36f2472978c6eaae755649cb22349ead4b3a5d0,35bb7f8e4bd92001987af871f36f2472978c6eaae755649cb22349ead4b3a5d0,data/manifests/phase1e/2019-09/daily/source_2019092300.json
2019092400,day1_24h,c00,A,4,8,529,12,12,517,0,0,e03f5d8e3a36c52301f2304a30b608be986e9826c6faee8fae445e1493cfe3bb,e9320810a36cfb217a4d4f840dc289b358f1ed0c92ec1b317b7f33b380b48e64,data/manifests/phase1e/2019-09/daily/source_2019092400.json
2019092400,day1_24h,c00,B,1,5,0,0,0,0,0,0,f6fcd3eefbd08444f5794531405ebc547197d24dfd66f157e447505b0a81f054,f6fcd3eefbd08444f5794531405ebc547197d24dfd66f157e447505b0a81f054,data/manifests/phase1e/2019-09/daily/source_2019092400.json
2019092400,day1_24h,p01,A,4,8,276,3,3,273,7,0,33c0f391b46e33b452cf3b84690e7f7ff01c0feb72f0fa10a5beef12e549e3fc,4925df903ae19afdaaf96f0ce11060f2d52fe9638d74a02622d2a551546b07fe,data/manifests/phase1e/2019-09/daily/source_2019092400.json
2019092400,day1_24h,p01,B,1,5,160,0,0,160,7,0,9b3b7c7ff914f0fce229be906237b8727f39c16ec4d82ae72601f6e6b29f1763,a07646436b930fdc3f22779c814e1ecd3498632c75b56a0f973b88c810dfb008,data/manifests/phase1e/2019-09/daily/source_2019092400.json
2019092400,day1_24h,p02,A,4,8,73,0,0,73,0,0,cacd06a2a8d40e7dde32db508788cbccd2f216ec08597309e57faecc9ed01bb4,7626a7f8ec68e34e9b3c2e15a8ab719d72d8205aa6b9ae805d3d905baea5c26a,data/manifests/phase1e/2019-09/daily/source_2019092400.json
2019092400,day1_24h,p02,B,1,5,73,0,0,73,0,0,fe77d6f46379ed24cb1b2cad25192dd724192ae5bd09d7c290545f149004d459,25a9b1932dffc964a9138ef9a8a0511e21adae8f1cc79287de233a66e028378a,data/manifests/phase1e/2019-09/daily/source_2019092400.json
2019092400,day1_24h,p03,A,4,8,111,0,0,111,1,0,121e93266e745bd806ea09fa4fa508f8865db160853ba5f248ed57d5821d1ebf,6f650981cd36a8257edbf9fc73174da16fd94e7b6866bdcca6629896e49fa46e,data/manifests/phase1e/2019-09/daily/source_2019092400.json
2019092400,day1_24h,p03,B,1,5,111,0,0,111,1,0,a90547e780b4404f96f5d18a3ab769885c832cd589e00e8a9dd3b1e58ad2a8a0,c362be030f6647ca3dd268bbfd0824fee64230b6fb4126cb9c78d82fd7134abf,data/manifests/phase1e/2019-09/daily/source_2019092400.json
2019092400,day1_24h,p04,A,4,8,328,4,4,324,7,0,f05567b0183058df1a46b98eded68cae0d75dd4afd787df5bc04fba985afd452,67fb05bb5e7a3ac29738cdb946b4043bc0e84518372b2814d4bad73b6b93be87,data/manifests/phase1e/2019-09/daily/source_2019092400.json
2019092400,day1_24h,p04,B,1,5,111,0,0,111,7,0,f9bb929119de913b80726a6cc0a1e4f363cec6aee049f8a3fc42aeaa58b9efb3,a43c683c0d8a6dd881361b381cb9d8eba2cc07391ecfe8d07f4e591aa313af31,data/manifests/phase1e/2019-09/daily/source_2019092400.json
2019092400,day2_24h,c00,A,4,8,586,14,14,572,19,1,f69a0e9ef5add311afe37efe7bcbc11bd0cdd9eae4c4270dab84b4af1483810a,050686c04f085f3c82826c31ce2ae2a5b386ff3898f3271366ca65b1e5f86a9b,data/manifests/phase1e/2019-09/daily/source_2019092400.json
2019092400,day2_24h,c00,B,1,5,250,7,7,243,19,1,7e7eb0b759b5bdabfcadca7d11654460a5583f199298af058f29ab099a536068,9e5ab273cc506590c114b6baece6f43730e406b53ffeb267b38854b5cdc50175,data/manifests/phase1e/2019-09/daily/source_2019092400.json
2019092400,day2_24h,p01,A,4,8,0,0,0,0,0,0,2ad9d168fbb5592cc9f9a588a9649106ae8291bb8a8dba9f1b52dcdd051f9b0f,2ad9d168fbb5592cc9f9a588a9649106ae8291bb8a8dba9f1b52dcdd051f9b0f,data/manifests/phase1e/2019-09/daily/source_2019092400.json
2019092400,day2_24h,p01,B,1,5,0,0,0,0,0,0,8e2d8a93a31d43e63a8378686fbecbd5839f3c1c88ca9cb53f3e27d150344600,8e2d8a93a31d43e63a8378686fbecbd5839f3c1c88ca9cb53f3e27d150344600,data/manifests/phase1e/2019-09/daily/source_2019092400.json
2019092400,day2_24h,p02,A,4,8,158,4,4,154,0,0,04d506143d82392bb82ef8a8e951d373b8d43fe4aac6fc5289bfb4e4682388b9,d060a4be953d77f22827114e9049594990b6ab97f54e9fe20700abccb0f63a4f,data/manifests/phase1e/2019-09/daily/source_2019092400.json
2019092400,day2_24h,p02,B,1,5,0,0,0,0,0,0,90615096fe8bf497ce985611064c450e382ce37f7421f497b4872408825aefec,90615096fe8bf497ce985611064c450e382ce37f7421f497b4872408825aefec,data/manifests/phase1e/2019-09/daily/source_2019092400.json
2019092400,day2_24h,p03,A,4,8,541,9,9,532,26,0,4471e88eb19ed32ab43d95a1b747da00e9bbe0e2792b9dbfe2017bc0280406c9,83c6eeaa30bd7634bc0f76ecf5a3ce428186d15e15a7098750a0d51c5885be58,data/manifests/phase1e/2019-09/daily/source_2019092400.json
2019092400,day2_24h,p03,B,1,5,341,7,7,334,23,0,e3779e2b4667f066d1fb16e25a16bac2fde0f4de5ed364131287545c74cf0bec,159206da3b77483090f92434805e32266773fb4547d531d750f7b4b15007afcb,data/manifests/phase1e/2019-09/daily/source_2019092400.json
2019092400,day2_24h,p04,A,4,8,0,0,0,0,0,0,50c3b6c165d317c0cc14fff97be8eee30a947ad436373c935e97a803edc58aef,50c3b6c165d317c0cc14fff97be8eee30a947ad436373c935e97a803edc58aef,data/manifests/phase1e/2019-09/daily/source_2019092400.json
2019092400,day2_24h,p04,B,1,5,0,0,0,0,0,0,b0bfd041bca19402b4a0037e4c4a1d15391b8a0bc0c59a902063f7da05bb02e4,b0bfd041bca19402b4a0037e4c4a1d15391b8a0bc0c59a902063f7da05bb02e4,data/manifests/phase1e/2019-09/daily/source_2019092400.json
2019092400,day3_24h,c00,A,4,8,432,20,20,412,1,0,a963add5379d411ef50df676a41df336c6262b4fac9b4f64f008629419ec170f,7d5807ba17f52bc84cc48bafa1999d96e653005ead6c0b3ed3a77c99db3ca97d,data/manifests/phase1e/2019-09/daily/source_2019092400.json
2019092400,day3_24h,c00,B,1,5,160,3,3,157,1,0,2a1fa15b3458cf6d028a604fa07f8cbbc1c41e7a21463cc6c4cf6631970ddaaa,7fbe7af4b6b9dee136b451abddb8f02a233ab4b08d5777acd2ab773efb0b18b7,data/manifests/phase1e/2019-09/daily/source_2019092400.json
2019092400,day3_24h,p01,A,4,8,548,21,21,527,18,3,748cfa7363dfc52203671394282d993f9885d6e2c5c044c5f1916983e16e7c60,105cf1ee3ec16d2ddafe401692bd66761ed3a43d2399717f30716c69de2bd423,data/manifests/phase1e/2019-09/daily/source_2019092400.json
2019092400,day3_24h,p01,B,1,5,184,7,7,177,18,3,d20c06bd659b1032dacc3e4341ddeac7831536df47e9f9443b4c8e3f418a5113,7d4a87040d6bdada704700c06eb444e863bf79e69c810c944db0f6252855f764,data/manifests/phase1e/2019-09/daily/source_2019092400.json
2019092400,day3_24h,p02,A,4,8,537,20,20,517,0,0,69e29ad334c704e78196f6b11cca5850352f277dedac6012faa0a6f1c127090e,ca345f977e0c30c0e93b26c845001a5ff96e256b10e8582ced0e59772d5a32d9,data/manifests/phase1e/2019-09/daily/source_2019092400.json
2019092400,day3_24h,p02,B,1,5,0,0,0,0,0,0,c97e7861b61f84e66d591d7812fab6ffe8ce436d43b12c71a70af77c7639d55e,c97e7861b61f84e66d591d7812fab6ffe8ce436d43b12c71a70af77c7639d55e,data/manifests/phase1e/2019-09/daily/source_2019092400.json
2019092400,day3_24h,p03,A,4,8,143,5,5,138,0,0,20aa6eba6724a44d6d707a71e696e39eee2fa96e8fd5b9583d6f96e14cd86863,015639d073068368c602ce15081361f7fe6f37c7342b9f5705574fe9cb9f465a,data/manifests/phase1e/2019-09/daily/source_2019092400.json
2019092400,day3_24h,p03,B,1,5,143,5,5,138,0,0,1f9de1718df45f8288c1e722a42dc6df6ea94f0746a6d92810b7253201bb1549,2304230b801ccb59400d5317bb9c4417e48f57ac0f100d7baad841671285661d,data/manifests/phase1e/2019-09/daily/source_2019092400.json
2019092400,day3_24h,p04,A,4,8,0,0,0,0,0,0,20060e8946cffdb375ed266858252bb80f94b4ae6b8533a7e68a0f9c0a8301b2,20060e8946cffdb375ed266858252bb80f94b4ae6b8533a7e68a0f9c0a8301b2,data/manifests/phase1e/2019-09/daily/source_2019092400.json
2019092400,day3_24h,p04,B,1,5,0,0,0,0,0,0,d307db4245664fc9cda3796fbf7367eca44a94d30fa1b0299f277d4b686f57e2,d307db4245664fc9cda3796fbf7367eca44a94d30fa1b0299f277d4b686f57e2,data/manifests/phase1e/2019-09/daily/source_2019092400.json
2019092500,day1_24h,c00,A,4,8,162,3,3,159,0,0,dc91c04e12ba0815ddd7cf840845dedab55c886ba7c428f9996e63483122c879,5280051585efd2d5bc9cbdd655bdc8f3cd98b0b12662f5b779a848c9de789fa2,data/manifests/phase1e/2019-09/daily/source_2019092500.json
2019092500,day1_24h,c00,B,1,5,0,0,0,0,0,0,9b9bf89aabe268b82350b1b019cbad1364dec85fc8062ec0eb8125b3624642f7,9b9bf89aabe268b82350b1b019cbad1364dec85fc8062ec0eb8125b3624642f7,data/manifests/phase1e/2019-09/daily/source_2019092500.json
2019092500,day1_24h,p01,A,4,8,0,0,0,0,0,0,d3fe96d469c13dab448efbc69421caf3e15ce164bb68e53a3b08bc4148a793ba,d3fe96d469c13dab448efbc69421caf3e15ce164bb68e53a3b08bc4148a793ba,data/manifests/phase1e/2019-09/daily/source_2019092500.json
2019092500,day1_24h,p01,B,1,5,0,0,0,0,0,0,73b7a8266ecea27e93aa06e59868a9de777c4ae68380ea78079068ed91c90753,73b7a8266ecea27e93aa06e59868a9de777c4ae68380ea78079068ed91c90753,data/manifests/phase1e/2019-09/daily/source_2019092500.json
2019092500,day1_24h,p02,A,4,8,0,0,0,0,0,0,4db8c2ac0ccae5c7029c22db4e3b6a576fe25f659d47ac61a4202db9c1719b9b,4db8c2ac0ccae5c7029c22db4e3b6a576fe25f659d47ac61a4202db9c1719b9b,data/manifests/phase1e/2019-09/daily/source_2019092500.json
2019092500,day1_24h,p02,B,1,5,0,0,0,0,0,0,7744f53535dce097b75d790aff4fadf714a2d118847f70edbd993675861b17d3,7744f53535dce097b75d790aff4fadf714a2d118847f70edbd993675861b17d3,data/manifests/phase1e/2019-09/daily/source_2019092500.json
2019092500,day1_24h,p03,A,4,8,143,7,7,136,0,0,56f5b78f3f6ac7a754b87c6f487b6c71d7a3b98c0d6b6ba27a9de342d1a1aa66,c2f002f0a65b0ddf979288c65bfe012b68796285b9e59b5c02f0bfe38845a950,data/manifests/phase1e/2019-09/daily/source_2019092500.json
2019092500,day1_24h,p03,B,1,5,0,0,0,0,0,0,2aa988955bc6597581e9c8fdd955451c1d248bfb71ff8564ce5b263c45def8aa,2aa988955bc6597581e9c8fdd955451c1d248bfb71ff8564ce5b263c45def8aa,data/manifests/phase1e/2019-09/daily/source_2019092500.json
2019092500,day1_24h,p04,A,4,8,0,0,0,0,0,0,13eb7495f623e8752fb00472656c2de55be64052645f9a4d045399375d7fba86,13eb7495f623e8752fb00472656c2de55be64052645f9a4d045399375d7fba86,data/manifests/phase1e/2019-09/daily/source_2019092500.json
2019092500,day1_24h,p04,B,1,5,0,0,0,0,0,0,c9fba9469a4bd95189134425cc52a2e2b9fa870328564b54876143f55a776605,c9fba9469a4bd95189134425cc52a2e2b9fa870328564b54876143f55a776605,data/manifests/phase1e/2019-09/daily/source_2019092500.json
2019092500,day2_24h,c00,A,4,8,346,11,11,335,1,0,c97a166ff78081e6244e36a97b26a8b2fb14e9fd5b0177a15f2f79ddcc2912b5,d37f1c49af5a65bf385b570e54e4e347302681e433fb9e312e4a6cafd387cb52,data/manifests/phase1e/2019-09/daily/source_2019092500.json
2019092500,day2_24h,c00,B,1,5,168,1,1,167,1,0,2cabc13bb5b925581924b7c9957746cae1c8507d5ca7f7177e77856a4fe00a47,a2e9d7efeecd8111fa45df309205bbb2af9a43b8353162715a167dbd4d8f622e,data/manifests/phase1e/2019-09/daily/source_2019092500.json
2019092500,day2_24h,p01,A,4,8,0,0,0,0,0,0,d4de9b600ee1040bff9356135c09b45c87f80dfa0941d181a307db5890e4e71a,d4de9b600ee1040bff9356135c09b45c87f80dfa0941d181a307db5890e4e71a,data/manifests/phase1e/2019-09/daily/source_2019092500.json
2019092500,day2_24h,p01,B,1,5,0,0,0,0,0,0,f68ae37592ae284a26b5c1445fe8ed93774c2e45962366d689a005b134235866,f68ae37592ae284a26b5c1445fe8ed93774c2e45962366d689a005b134235866,data/manifests/phase1e/2019-09/daily/source_2019092500.json
2019092500,day2_24h,p02,A,4,8,257,11,11,246,0,0,780d799d369a72633c93b1646033fc0915412f5a243fe3b892d9dd2540b3d6fe,53078b3c794f0a6a77e6ad200f47d77b12390c5ebad6066ade6bfe143e324af2,data/manifests/phase1e/2019-09/daily/source_2019092500.json
2019092500,day2_24h,p02,B,1,5,0,0,0,0,0,0,e86bf0a56c142d914827fe4607cb0bee96affe7270a49646266aa3b1c31b394a,e86bf0a56c142d914827fe4607cb0bee96affe7270a49646266aa3b1c31b394a,data/manifests/phase1e/2019-09/daily/source_2019092500.json
2019092500,day2_24h,p03,A,4,8,529,29,29,500,12,0,d70dfad240497121f385cc7d16446c4ca16ded9c6506d530ad933db9c574c786,3c4c57bf44ba0febb076e90ddcf0b143e6b38e686e8f3eef30d755bc564e5ee9,data/manifests/phase1e/2019-09/daily/source_2019092500.json
2019092500,day2_24h,p03,B,1,5,109,3,3,106,12,0,c1bd9568ff6aa68954d9551656ad83fdf0094dc55896ca00fb3246aaf71e5ced,3632a65ee913455ef2ff0236d61be44fb57b97e2c73a4e88eb4571c33461c55b,data/manifests/phase1e/2019-09/daily/source_2019092500.json
2019092500,day2_24h,p04,A,4,8,177,11,11,166,0,0,e7d347b6bb697f64e076fb258341bf591622abcec1d4bed9a72bb362f61b4eda,9bca88e9513be79ad5364a65d0e0d8767bd95e919147299214de25452f0d436d,data/manifests/phase1e/2019-09/daily/source_2019092500.json
2019092500,day2_24h,p04,B,1,5,0,0,0,0,0,0,865fb235be83254ec10dea6fe3cec15713a749647fb6f2253abd2e8c6697db9d,865fb235be83254ec10dea6fe3cec15713a749647fb6f2253abd2e8c6697db9d,data/manifests/phase1e/2019-09/daily/source_2019092500.json
2019092500,day3_24h,c00,A,4,8,338,16,16,322,0,0,5ab921f0fb77ddc290ce3779c6c51966ed319ca9dd0735ef0504e2115c7ce59b,9f2016c3f23605ed5eebbeae7b1f7062af1d0da574cac1078c133be6f63f0110,data/manifests/phase1e/2019-09/daily/source_2019092500.json
2019092500,day3_24h,c00,B,1,5,0,0,0,0,0,0,86d8142c9efb1d03e6fe7925894aad269430bf4e9995cba2174e575539d11a0d,86d8142c9efb1d03e6fe7925894aad269430bf4e9995cba2174e575539d11a0d,data/manifests/phase1e/2019-09/daily/source_2019092500.json
2019092500,day3_24h,p01,A,4,8,259,8,8,251,0,0,82b242f868cebe160e718a830ce926b733a8af6c3ce66802c2baec47d21f5257,da53a1044a13e514176a16d0e21a8850917e0b85dbcbab67ff626de310391733,data/manifests/phase1e/2019-09/daily/source_2019092500.json
2019092500,day3_24h,p01,B,1,5,0,0,0,0,0,0,e4719170809ed04955da245f3507480eff704e1d82a98ed7bca74f11ac7e1564,e4719170809ed04955da245f3507480eff704e1d82a98ed7bca74f11ac7e1564,data/manifests/phase1e/2019-09/daily/source_2019092500.json
2019092500,day3_24h,p02,A,4,8,256,9,9,247,0,0,6f99acbf54450db9469a386a2ccd8992105912b4541afb3f1333821b12dbe1e6,3a63226c758bc1e2f5d6334b946504b2aae06afb3b551e065ab5830d135ef2ef,data/manifests/phase1e/2019-09/daily/source_2019092500.json
2019092500,day3_24h,p02,B,1,5,118,4,4,114,0,0,5443bd544be1b15668492c304eebcbe4aaaa1f4c91ac9d5b79975849df9d6663,a3c7ff8e0eb802ed97cff813b05db4395e605c4b43865a875ae82bde42cd05d6,data/manifests/phase1e/2019-09/daily/source_2019092500.json
2019092500,day3_24h,p03,A,4,8,182,7,7,175,0,0,347659080e75bdb84df0f524988bb599b075b4bca9e1fa7cd23a101a95821bf4,117dddd87edb24ae6e8120a441be6dd10847a9a835d03f99a176443086663508,data/manifests/phase1e/2019-09/daily/source_2019092500.json
2019092500,day3_24h,p03,B,1,5,0,0,0,0,0,0,f2cc3822d2491c42aa73fcf6f30a99ca43a73a42d535719c04db0eca063c8607,f2cc3822d2491c42aa73fcf6f30a99ca43a73a42d535719c04db0eca063c8607,data/manifests/phase1e/2019-09/daily/source_2019092500.json
2019092500,day3_24h,p04,A,4,8,478,20,20,458,0,0,132355dcb08348cf9df4b683ecad5a7732d5bf62d8e230d5f5bb858b05a215e7,54f3e36003de4ca2befcbd4c521b253a0b4e495b68d4312ab48f185597e300b5,data/manifests/phase1e/2019-09/daily/source_2019092500.json
2019092500,day3_24h,p04,B,1,5,0,0,0,0,0,0,6d97f51e9ab32eaa5b07860d2934cc48447354ba91a163574dd3854af00e7b8f,6d97f51e9ab32eaa5b07860d2934cc48447354ba91a163574dd3854af00e7b8f,data/manifests/phase1e/2019-09/daily/source_2019092500.json
2019092600,day1_24h,c00,A,4,8,562,23,23,539,0,0,8bd36ec7a71bd443b882ae409dfe110e44f906e098e1dcfb2bd92ad1da5559e8,117c372e4040e7851b709c65a2307154aab439a928ae09bb282798e9a7485c72,data/manifests/phase1e/2019-09/daily/source_2019092600.json
2019092600,day1_24h,c00,B,1,5,0,0,0,0,0,0,d60df45aa9634211ec3af4e56ec2072f1fad821840eb2260f79010521ff9693d,d60df45aa9634211ec3af4e56ec2072f1fad821840eb2260f79010521ff9693d,data/manifests/phase1e/2019-09/daily/source_2019092600.json
2019092600,day1_24h,p01,A,4,8,391,15,15,376,2,0,3473804eb797006f52399a46f7df17414dd971a4a309fbab5093116e34c01ce2,c7da0ff397ec7650b29a942eddbe0d646aca7ed6e3db1b8f353952204e4ec0cf,data/manifests/phase1e/2019-09/daily/source_2019092600.json
2019092600,day1_24h,p01,B,1,5,138,0,0,138,2,0,da388f470f6e6c829c0f012970a2c14d6f5723ac8c0463b3d058d97333799abb,7114c2a2a030f4e4a11fabf744cf52862b0f35b08dfb9af9c4bdcee7d09a0b78,data/manifests/phase1e/2019-09/daily/source_2019092600.json
2019092600,day1_24h,p02,A,4,8,0,0,0,0,0,0,e09a4ea8672134f160545d8feb3a9b1a35fd9715c19c83618f36c3e2700597cc,e09a4ea8672134f160545d8feb3a9b1a35fd9715c19c83618f36c3e2700597cc,data/manifests/phase1e/2019-09/daily/source_2019092600.json
2019092600,day1_24h,p02,B,1,5,0,0,0,0,0,0,34eecf31150e47b0f40a54a7d2882a609c3987d7f052924a14d7d6bcf63ddcc0,34eecf31150e47b0f40a54a7d2882a609c3987d7f052924a14d7d6bcf63ddcc0,data/manifests/phase1e/2019-09/daily/source_2019092600.json
2019092600,day1_24h,p03,A,4,8,70,0,0,70,1,0,46c4f67efb9c3cafa0f4a64f62d59cc605a705f384c8a1f3d3ad2fe5be980764,82dbc41d1b0bb7bc1e240f09cd4219d3fab5f94a3bace5ffd55a195b1ea66694,data/manifests/phase1e/2019-09/daily/source_2019092600.json
2019092600,day1_24h,p03,B,1,5,70,0,0,70,1,0,62b7f6470b128e3e4619c937a28c05d594710b1f8aa5084aa8c92fd3e5941d2c,86c4020a64e5dc0465d6a85b26db4bc20df1ebc982804e8eb7f7abcc9d0dc2d5,data/manifests/phase1e/2019-09/daily/source_2019092600.json
2019092600,day1_24h,p04,A,4,8,105,0,0,105,3,0,26d7c6624af9269b905b5cececefb18d1c88974afc5b16baf53152712af58b21,897ae74facc6816381f45fa973415d2bc168d385acf900c9e85c7d955ae706d8,data/manifests/phase1e/2019-09/daily/source_2019092600.json
2019092600,day1_24h,p04,B,1,5,105,0,0,105,3,0,64e4bf9c8019483c46d526d757ad9d5451baf4defc9879b37352d40d73818641,e1d825077df53dc821fe893d3ebfea65d4fe0ede8a4e25d33335e38010fae053,data/manifests/phase1e/2019-09/daily/source_2019092600.json
2019092600,day2_24h,c00,A,4,8,354,6,6,348,2,0,f27372206917e6a1624ec31930addea76c893eb97526ec3526314861a13caaac,567a80092dde655ba1bb55b7bfb55d9d9472fccccee22086497fb59598f6268f,data/manifests/phase1e/2019-09/daily/source_2019092600.json
2019092600,day2_24h,c00,B,1,5,159,3,3,156,2,0,cb3404b760204df9d4b626b925b584dcdf8e76cf8e529f4365ecf5dd68aa1f57,31da44dfa5278d26cc8e0e8f4d9b624f0c4052ee7d1a2438a0e7b94d7d752002,data/manifests/phase1e/2019-09/daily/source_2019092600.json
2019092600,day2_24h,p01,A,4,8,241,16,16,225,0,0,bbeace9cdeacc190b7f0fc1dd2540e538175cfdb47805aae3e313d57f908f300,408c0284c4d20a7c89e0c73d42ea1118e2f7b35d14b01a628fe951c41edf1a67,data/manifests/phase1e/2019-09/daily/source_2019092600.json
2019092600,day2_24h,p01,B,1,5,0,0,0,0,0,0,de89b9f1c062d62708fe246d0b50d88384d44630e48f1216a01ce58709d5a7a1,de89b9f1c062d62708fe246d0b50d88384d44630e48f1216a01ce58709d5a7a1,data/manifests/phase1e/2019-09/daily/source_2019092600.json
2019092600,day2_24h,p02,A,4,8,474,24,24,450,8,1,f39e2309c5594d47e671db4fb34cb2516fd7690550d556ed58c41cbff397915c,5caad411647a76252a725f54816b512bfdb39fec569a2e16567400383fc33bbc,data/manifests/phase1e/2019-09/daily/source_2019092600.json
2019092600,day2_24h,p02,B,1,5,145,3,3,142,8,1,21a4d0c28c71ccc4201c56515750048b56f7c5e9d9aacb1d23be938110eeb33b,7712429551279d9faf17fe11769dfd0923d56c170525c89f5ac7e7b07ed83727,data/manifests/phase1e/2019-09/daily/source_2019092600.json
2019092600,day2_24h,p03,A,4,8,606,19,19,587,0,0,00529aa718ad2293b48fdc15d12e876dd02be67b006f9022c69a728db1d0b342,38d21d90f5871704d3bd28619307d6b8113f3397fff0c9c74617c1bce16e8486,data/manifests/phase1e/2019-09/daily/source_2019092600.json
2019092600,day2_24h,p03,B,1,5,0,0,0,0,0,0,94dd0e09fa51c29b881ec51f6848bf2d7d8f4f258fc8f503fcacb1d17503dcda,94dd0e09fa51c29b881ec51f6848bf2d7d8f4f258fc8f503fcacb1d17503dcda,data/manifests/phase1e/2019-09/daily/source_2019092600.json
2019092600,day2_24h,p04,A,4,8,373,11,11,362,0,0,fa08e3b6947c2563ec6e3694830373c7b5100094cbccfca735240e0382edbb91,7287880410d29f72bb4889edb6b26838bf432be1d5f0d13f4926a543ab82dec3,data/manifests/phase1e/2019-09/daily/source_2019092600.json
2019092600,day2_24h,p04,B,1,5,0,0,0,0,0,0,b5df88b472f77e1e59e3c187d86378f7eecb280dfb5dcdef93825f1d22859448,b5df88b472f77e1e59e3c187d86378f7eecb280dfb5dcdef93825f1d22859448,data/manifests/phase1e/2019-09/daily/source_2019092600.json
2019092600,day3_24h,c00,A,4,8,1375,46,46,1329,91,3,ce7163f1696a8c265cc438a66dc38b5c41a9be3e25c00169ad0fd00f0574f1a3,8cd70c1b76c2266b7059cc3b36cf67e89564b19db7693270c17a039875cc6345,data/manifests/phase1e/2019-09/daily/source_2019092600.json
2019092600,day3_24h,c00,B,1,5,265,8,8,257,89,3,e3ab374b34a26593d10562a72ece0e2177c9963fc75bfd8a41d2b57232154a9a,18a8fa7e484ff15652b979a713b83c3136592469859aca4cfaabffa42ab65129,data/manifests/phase1e/2019-09/daily/source_2019092600.json
2019092600,day3_24h,p01,A,4,8,382,19,19,363,0,0,60c996449df55579e2e679483c7b48bcc25f96d4b68c5eeb0a885ffe717fe9a8,72098752545dcc748bfcd8ec5b3702c9400a2fa7e3801674a312d6307531324a,data/manifests/phase1e/2019-09/daily/source_2019092600.json
2019092600,day3_24h,p01,B,1,5,0,0,0,0,0,0,45332a4904050cab2b68a21df4af663e3489fdb55dbe5e926d200cb257ef9188,45332a4904050cab2b68a21df4af663e3489fdb55dbe5e926d200cb257ef9188,data/manifests/phase1e/2019-09/daily/source_2019092600.json
2019092600,day3_24h,p02,A,4,8,293,7,7,286,63,2,66f7ea133b73cf7f89d0a916ae39fd1c98152cf28926af0392e29cc179b36f20,9c5f765ae167a629cf57521f93995ecb20c0d318ec908ec532497b9bf0aaac02,data/manifests/phase1e/2019-09/daily/source_2019092600.json
2019092600,day3_24h,p02,B,1,5,293,7,7,286,63,2,1cfe2651412161508fb432a201e1ef4a39bed99626d8cb3de80c7882b7de72b7,04f3a76070b396010eec380d097e30eeb29c5c4ee117fadea033781cb7ecc909,data/manifests/phase1e/2019-09/daily/source_2019092600.json
2019092600,day3_24h,p03,A,4,8,766,26,26,740,0,0,580e5119a80b14092a9fed9351e9b45768bd16b70caaef7128d4d9fe07e0975a,915e40dfb29f4a4ed4b1947391a9c5e036d3c8edddddac455de9b09827f95251,data/manifests/phase1e/2019-09/daily/source_2019092600.json
2019092600,day3_24h,p03,B,1,5,0,0,0,0,0,0,101581104d1914a7840b6fd72ce5b01ef16f029e515e368f5fa64bb39392c2f7,101581104d1914a7840b6fd72ce5b01ef16f029e515e368f5fa64bb39392c2f7,data/manifests/phase1e/2019-09/daily/source_2019092600.json
2019092600,day3_24h,p04,A,4,8,0,0,0,0,0,0,7cd5092b266563d5ce0e44d210cec6608f5b1fbf574e162c6564ada1cd6ee310,7cd5092b266563d5ce0e44d210cec6608f5b1fbf574e162c6564ada1cd6ee310,data/manifests/phase1e/2019-09/daily/source_2019092600.json
2019092600,day3_24h,p04,B,1,5,0,0,0,0,0,0,a949a3baa6a46dc4ac996941ddd841b2ce35fbd7128becdc40cf350bc4bd5295,a949a3baa6a46dc4ac996941ddd841b2ce35fbd7128becdc40cf350bc4bd5295,data/manifests/phase1e/2019-09/daily/source_2019092600.json
2019092700,day1_24h,c00,A,4,8,599,20,20,579,0,0,a43c1b83007cd94da8edf0e4efb1a8f636aa7dfb35fcea227bfc64cab788ba1e,dc65177d27062edea8ce417259db33f5378f17664585753fe57a47f4a2418f5f,data/manifests/phase1e/2019-09/daily/source_2019092700.json
2019092700,day1_24h,c00,B,1,5,0,0,0,0,0,0,e461d32afbf07763353223c82bd50b4e06df2673630a67ad98505bddf0050d7c,e461d32afbf07763353223c82bd50b4e06df2673630a67ad98505bddf0050d7c,data/manifests/phase1e/2019-09/daily/source_2019092700.json
2019092700,day1_24h,p01,A,4,8,234,3,3,231,0,0,2ceda155602c095bad7c716957ba0e1a582a99f392748d3374104e51e242bd00,e122dae253123f84b37e261f9323a5a63a3e91fb8604c08b49e410051420a4a0,data/manifests/phase1e/2019-09/daily/source_2019092700.json
2019092700,day1_24h,p01,B,1,5,0,0,0,0,0,0,026af21e493c792f3ec90752ad37dacfafee62f2b6085a62bcd423efbbf858e7,026af21e493c792f3ec90752ad37dacfafee62f2b6085a62bcd423efbbf858e7,data/manifests/phase1e/2019-09/daily/source_2019092700.json
2019092700,day1_24h,p02,A,4,8,314,2,2,312,1,0,9922434d7521d56a1cb23fe0cc3f1f5bef53a80c4cf12811ac85e40841bb0ed2,f88cf26f9b3bf32ff6b7abe135899881d683ed8a5542a8efa1c24d99d657c257,data/manifests/phase1e/2019-09/daily/source_2019092700.json
2019092700,day1_24h,p02,B,1,5,142,0,0,142,1,0,8bb2ddea2bc5484acaac06bf320474e12d95cbb13b7673d04dec587d47ac4797,8381eff7ed42baf41a0d5e3174aeee3cd6fd00f32270e26520c3e1effbf6dfc9,data/manifests/phase1e/2019-09/daily/source_2019092700.json
2019092700,day1_24h,p03,A,4,8,109,0,0,109,10,0,78d40c0bccbf46394f8867d510857ac6eb1ebe37d6d04431123fe52f728da7be,e44770c81b04fa2255d91c4fe13865418019c458a847572e2a32f0b8441c361a,data/manifests/phase1e/2019-09/daily/source_2019092700.json
2019092700,day1_24h,p03,B,1,5,109,0,0,109,10,0,fdecc13a0b6953898770e66577b653187e3b9e34d8ccf248579e82416b111911,19557be5f738ec8ca1d13a1d8c2d5c025f4d04e9eaf081c10c85661bf86863b2,data/manifests/phase1e/2019-09/daily/source_2019092700.json
2019092700,day1_24h,p04,A,4,8,262,18,18,244,0,0,094e4432eaa26ff41c1952216d0ee571cb8f5505bbb46125e9c1414670ec8c7a,145d4f459ed3b11e1a31b2f051ac85215a54838ee57c62f33789a32d9624596b,data/manifests/phase1e/2019-09/daily/source_2019092700.json
2019092700,day1_24h,p04,B,1,5,0,0,0,0,0,0,390360dfd33aa2a9463bc1cd9049e2dc8ae068a30b34b8bfc9bf829f914eac89,390360dfd33aa2a9463bc1cd9049e2dc8ae068a30b34b8bfc9bf829f914eac89,data/manifests/phase1e/2019-09/daily/source_2019092700.json
2019092700,day2_24h,c00,A,4,8,689,15,15,674,0,0,c20293923e8f44f7538796347f4c3e3bc910396b4ff907e8ddba02011d0c1108,84283c01f7db92c9239e167729a37881e60dfda040e76a100a2e68d2891d8e41,data/manifests/phase1e/2019-09/daily/source_2019092700.json
2019092700,day2_24h,c00,B,1,5,0,0,0,0,0,0,9c45e30245d66ec7c02f40402f6f3a33eb58f24f8d4ec3745cf85044ab033c84,9c45e30245d66ec7c02f40402f6f3a33eb58f24f8d4ec3745cf85044ab033c84,data/manifests/phase1e/2019-09/daily/source_2019092700.json
2019092700,day2_24h,p01,A,4,8,349,12,12,337,45,2,715ed40bc65ba386800c28d032fa320d40d97049bcb1113f2989882b96790dea,533dc602aff7fce20ea5e8702172dae9eb3df03e7096ba3e22d217633508eb6b,data/manifests/phase1e/2019-09/daily/source_2019092700.json
2019092700,day2_24h,p01,B,1,5,246,6,6,240,45,2,ad4ecee6163f91f889840f20b5ada11bb5dc5e95127636aaf9f44caf197e936c,95872633287b9cf0f2a8ddeff63cda962d784b0078713a4a4e476518c6ee46aa,data/manifests/phase1e/2019-09/daily/source_2019092700.json
2019092700,day2_24h,p02,A,4,8,507,12,12,495,34,0,4c0e98e4fe10c87044b89308eba33c9eb7c312a7126f9d60f3ca285d073c2a7d,3167bfcbbf12f14241684cbd6be0d3faef136e09cbaa302f4e3056e16be92dd7,data/manifests/phase1e/2019-09/daily/source_2019092700.json
2019092700,day2_24h,p02,B,1,5,220,9,9,211,34,0,87b71378e3c54c99d2c546b182cd6dc08bbde72829136163906442028cbbeeb8,52f9229fdf0605f12cd831cb0e1a411690e3d1e808766bdfc81656910f4ba6ad,data/manifests/phase1e/2019-09/daily/source_2019092700.json
2019092700,day2_24h,p03,A,4,8,215,1,1,214,45,0,46ea858ac3e6f3c079a1464dafd3d5e1f9bb942f286df818dc850448a6d5a22a,4e474236a77e55e9ba069c06f9634d67062fd7feff2515e539804052bcdeeb08,data/manifests/phase1e/2019-09/daily/source_2019092700.json
2019092700,day2_24h,p03,B,1,5,215,1,1,214,45,0,9563561e97e2131db1bfd99929f3c547f109177da6d9190516d74ad0ee0e3cc7,a565028e3aa00a554c28c3631c3eab95bc8183395bee1c095a168bef57bee351,data/manifests/phase1e/2019-09/daily/source_2019092700.json
2019092700,day2_24h,p04,A,4,8,0,0,0,0,0,0,f6716e2cef9cbc5b9d3591aa16cc7f608eab76a429ae294d5e742f101f6a2c0f,f6716e2cef9cbc5b9d3591aa16cc7f608eab76a429ae294d5e742f101f6a2c0f,data/manifests/phase1e/2019-09/daily/source_2019092700.json
2019092700,day2_24h,p04,B,1,5,0,0,0,0,0,0,cf6cdc6720ea0a09dd6f4a336eabbd98daf105bf9ca7349e611beb8aaaa436b1,cf6cdc6720ea0a09dd6f4a336eabbd98daf105bf9ca7349e611beb8aaaa436b1,data/manifests/phase1e/2019-09/daily/source_2019092700.json
2019092700,day3_24h,c00,A,4,8,192,5,5,187,0,0,95eefabaa9028e0ebf56f65910c2ff889b772acc65dd6eceb1039b49dc1896ed,e447b10b8c6f45fcbcf87db3e7c74c6bccfa22464bf46ec1e5f993ada1e8c6a5,data/manifests/phase1e/2019-09/daily/source_2019092700.json
2019092700,day3_24h,c00,B,1,5,0,0,0,0,0,0,517fff91be949e2805028320e25df83f48f703106ee3051c4cd5ae1b76906d92,517fff91be949e2805028320e25df83f48f703106ee3051c4cd5ae1b76906d92,data/manifests/phase1e/2019-09/daily/source_2019092700.json
2019092700,day3_24h,p01,A,4,8,177,3,3,174,43,1,3288290d4d16c040a8f27c892dd5a36ef77c490d8f093f3aa0e3c3655811713d,e070f19684581bbbeca97a7bc414fcc5595f42b47caca015f67b2b19ae0d817f,data/manifests/phase1e/2019-09/daily/source_2019092700.json
2019092700,day3_24h,p01,B,1,5,177,3,3,174,43,1,a6564dd61d6fcb5cbe07a34fa2082ea40b4eb568484df02cf8a948de3bdc6e8f,e04259c7b1a49792a5c7fdbaa3217b1210369c44373647dd3a15c9849ea46e8e,data/manifests/phase1e/2019-09/daily/source_2019092700.json
2019092700,day3_24h,p02,A,4,8,361,15,15,346,0,0,963444427d188cceceaaedb126aa3cae9af47368fa907b9d7104cbc492dfb4c8,bca3328bd92a4d28d7bf3cf79bd9d471dfff49273d5d3b9a2716ea9af8d518b6,data/manifests/phase1e/2019-09/daily/source_2019092700.json
2019092700,day3_24h,p02,B,1,5,0,0,0,0,0,0,89d43f9365953aa848b9fddac9c493c084795cadf6cc741e38cf04d5c5d5ffa3,89d43f9365953aa848b9fddac9c493c084795cadf6cc741e38cf04d5c5d5ffa3,data/manifests/phase1e/2019-09/daily/source_2019092700.json
2019092700,day3_24h,p03,A,4,8,0,0,0,0,0,0,0601a76965c0025f4473870daf94ac9fc80551d7b1a24e1417cbb51bc82e6d79,0601a76965c0025f4473870daf94ac9fc80551d7b1a24e1417cbb51bc82e6d79,data/manifests/phase1e/2019-09/daily/source_2019092700.json
2019092700,day3_24h,p03,B,1,5,0,0,0,0,0,0,233d027df532fa2f910ee5f2459c56415c898d354d220022218bf2e70d216dc1,233d027df532fa2f910ee5f2459c56415c898d354d220022218bf2e70d216dc1,data/manifests/phase1e/2019-09/daily/source_2019092700.json
2019092700,day3_24h,p04,A,4,8,0,0,0,0,0,0,ac07562cbe271838a73540a6b4d51b51964030c8d4776f4d9a37ab56052e3424,ac07562cbe271838a73540a6b4d51b51964030c8d4776f4d9a37ab56052e3424,data/manifests/phase1e/2019-09/daily/source_2019092700.json
2019092700,day3_24h,p04,B,1,5,0,0,0,0,0,0,6a3f71430817c7e5cebe4c3c172defa107334505f84fefabe16b9345c707318e,6a3f71430817c7e5cebe4c3c172defa107334505f84fefabe16b9345c707318e,data/manifests/phase1e/2019-09/daily/source_2019092700.json
2019092800,day1_24h,c00,A,4,8,871,22,22,849,0,0,c54b2661bcc33c5f9da1b8b6de245f762ce7b37794acda9674507d7589f972af,c8d9ee0b3de8305cb3bbf7572361c2b99e7b12f88561bc783e61976619553cc2,data/manifests/phase1e/2019-09/daily/source_2019092800.json
2019092800,day1_24h,c00,B,1,5,0,0,0,0,0,0,8e7adcac3037d79fe68c7258322ca4f7310369b1dab526698dcad7bfd6e9275e,8e7adcac3037d79fe68c7258322ca4f7310369b1dab526698dcad7bfd6e9275e,data/manifests/phase1e/2019-09/daily/source_2019092800.json
2019092800,day1_24h,p01,A,4,8,329,11,11,318,7,0,a9cb6490b80a405bc9b51a9135c0253d91473061e829cc7f25c4b32ae6f36758,9e3b7aac44d6c8a7e7105c6372ebace0939510f02094aa37c53984476a9891bc,data/manifests/phase1e/2019-09/daily/source_2019092800.json
2019092800,day1_24h,p01,B,1,5,105,0,0,105,7,0,b8e7d3ac79cdb50e560a471b0bfce307eefb6b9856254b4be09d402abebddc99,4dcf0f9a75875b2ebb5dcb03e420a3d838b03f18122c4e70c1cc135599907b00,data/manifests/phase1e/2019-09/daily/source_2019092800.json
2019092800,day1_24h,p02,A,4,8,456,15,15,441,8,0,06f18e556d11c62c3b9eb5085636e3bd9d83ab1837d5b8b80c99e1dc83e27c76,5ebeb667f5ed9c9e9047aabbbcc0274fe2c43e909a4715224468081ba66a1d8d,data/manifests/phase1e/2019-09/daily/source_2019092800.json
2019092800,day1_24h,p02,B,1,5,106,0,0,106,8,0,0bd0b92e59ba0e2aa1a80d014cf896218c10395be1b4f3b7df2722fb78500932,f63e3c04da7f0ea9726ab3c182356304c0a33954b8774e2896b2a9e743a68821,data/manifests/phase1e/2019-09/daily/source_2019092800.json
2019092800,day1_24h,p03,A,4,8,597,18,18,579,23,0,1da530c00f647a1c7b7e9baf8f606f3cd4c5ac10b4167eb9c710fcc4e897a7d9,7d2f8c35d85840938f76784920a8001da40b56407c725e616aafb9776569bd62,data/manifests/phase1e/2019-09/daily/source_2019092800.json
2019092800,day1_24h,p03,B,1,5,239,0,0,239,23,0,0b6d5f1e91897e16a2e9cf597a56e1bec3816d17084aac767a9d3c63a0ab8812,79562ba8ce1f6e49af040155f697f2693bfec1e37ce334606cf298bd67841eb5,data/manifests/phase1e/2019-09/daily/source_2019092800.json
2019092800,day1_24h,p04,A,4,8,468,18,18,450,0,0,315c37b9b492e3ee9c7dcd1c93f1556e8bf3f0ea591b8631fcd08a4840fadb10,7ac013511e4c7df00393fd55c05f0a4aa21226d4f46cc77eb597ffa5d1b68e15,data/manifests/phase1e/2019-09/daily/source_2019092800.json
2019092800,day1_24h,p04,B,1,5,0,0,0,0,0,0,2733e5dd142832bab608dc69dfd1a77f8ca38ff6dee3f5a6b8e969e2627ce0b1,2733e5dd142832bab608dc69dfd1a77f8ca38ff6dee3f5a6b8e969e2627ce0b1,data/manifests/phase1e/2019-09/daily/source_2019092800.json
2019092800,day2_24h,c00,A,4,8,1035,37,37,998,69,0,8468039c75b509042d728de4df1fbc7019dc5cf3be28a91ccc135bdc63d8a8a1,0707a901519cfd132db422b37381954c2169e00145db3bba1e3a94fc0ff09ff2,data/manifests/phase1e/2019-09/daily/source_2019092800.json
2019092800,day2_24h,c00,B,1,5,287,8,8,279,69,0,7aaa4d5843729e01244657b773a06e14f5b2aa8ffa485237901cb1d00e48205c,346a8ce87d114209b0ddf8b878f78cc85791923db695ebee84c53cd0fdb291fb,data/manifests/phase1e/2019-09/daily/source_2019092800.json
2019092800,day2_24h,p01,A,4,8,0,0,0,0,0,0,bfea5dc60eadd45141b550953b2f849466daa4001e4a6d41fce8f9b8ff9971cd,bfea5dc60eadd45141b550953b2f849466daa4001e4a6d41fce8f9b8ff9971cd,data/manifests/phase1e/2019-09/daily/source_2019092800.json
2019092800,day2_24h,p01,B,1,5,0,0,0,0,0,0,c2381ad8ae6003f1634db981e60eca29984d77f16873ce3da85b7b784b72870b,c2381ad8ae6003f1634db981e60eca29984d77f16873ce3da85b7b784b72870b,data/manifests/phase1e/2019-09/daily/source_2019092800.json
2019092800,day2_24h,p02,A,4,8,0,0,0,0,0,0,0f5b7988d8988755dd20a6acfb3a21eca6a621ff4813a125c0c447bbdd1f8ea5,0f5b7988d8988755dd20a6acfb3a21eca6a621ff4813a125c0c447bbdd1f8ea5,data/manifests/phase1e/2019-09/daily/source_2019092800.json
2019092800,day2_24h,p02,B,1,5,0,0,0,0,0,0,5fc5b5adeb10c593182cbee6f75a88041e1617ae353d85f750095e1be8cf63ca,5fc5b5adeb10c593182cbee6f75a88041e1617ae353d85f750095e1be8cf63ca,data/manifests/phase1e/2019-09/daily/source_2019092800.json
2019092800,day2_24h,p03,A,4,8,0,0,0,0,0,0,cfc65096abead8a6308268488461d3e625c36ba82ede83be00004b067de0e726,cfc65096abead8a6308268488461d3e625c36ba82ede83be00004b067de0e726,data/manifests/phase1e/2019-09/daily/source_2019092800.json
2019092800,day2_24h,p03,B,1,5,0,0,0,0,0,0,f5ebf0768b01f3b317d2a9b5c3fda6b2ff9a4eb883077f17a836d2272cd5b61b,f5ebf0768b01f3b317d2a9b5c3fda6b2ff9a4eb883077f17a836d2272cd5b61b,data/manifests/phase1e/2019-09/daily/source_2019092800.json
2019092800,day2_24h,p04,A,4,8,281,16,16,265,35,0,cfe2eee26c5319ea81f6bd8a54f5e2d8f6c118d0eb09121173dcd13407df0bed,a655b4473c36cac2b91ca2745f6ad9f6eae9294a124734e97293196d872f3c41,data/manifests/phase1e/2019-09/daily/source_2019092800.json
2019092800,day2_24h,p04,B,1,5,281,16,16,265,35,0,aa3685b9f533e1bb9b1389e25faa9a136795c9e14ee9d491cb2452fcd27f70ad,9b7aae1ce482821f2ca93d533187cc987cdd056cd334b2b2f19684731ae7fe40,data/manifests/phase1e/2019-09/daily/source_2019092800.json
2019092800,day3_24h,c00,A,4,8,629,29,29,600,0,0,b09a362abc10d1ee1fe26edd4a56600fb98690d6877950e21e2509f7062b0e22,562ff44a0dc600dad242ca62cbba25413cce536027afc3e68d54f98fc635c0fd,data/manifests/phase1e/2019-09/daily/source_2019092800.json
2019092800,day3_24h,c00,B,1,5,0,0,0,0,0,0,0a2e4f78cc30cf2ca10e7fcec4c27c6411570f1c8bbf087168b810c49d613fad,0a2e4f78cc30cf2ca10e7fcec4c27c6411570f1c8bbf087168b810c49d613fad,data/manifests/phase1e/2019-09/daily/source_2019092800.json
2019092800,day3_24h,p01,A,4,8,837,49,49,788,1,0,03b1f909b89c2ac8508719e6565d1685581f69edf757b8e9317e1b999c9b0028,d73cd17c4ce5628a297d1d57fdbaaa2e9aeca6bfc517d04a6e0d06ecb17373d7,data/manifests/phase1e/2019-09/daily/source_2019092800.json
2019092800,day3_24h,p01,B,1,5,46,2,2,44,1,0,3eb29caf610d97480e4e3266bc2282ee4ff3274a36cdf0cf85830a17a07cd415,393bb3c756c7ab32ce8a9f2c50a15797c0f8e0a7e80748293af5a27e342e00fe,data/manifests/phase1e/2019-09/daily/source_2019092800.json
2019092800,day3_24h,p02,A,4,8,0,0,0,0,0,0,88661aa9b8dfc713cfa04c32ca376c487d13f8a525c1e3fd23521ef28a3bc76f,88661aa9b8dfc713cfa04c32ca376c487d13f8a525c1e3fd23521ef28a3bc76f,data/manifests/phase1e/2019-09/daily/source_2019092800.json
2019092800,day3_24h,p02,B,1,5,0,0,0,0,0,0,1f8c11267aff623986db0dc3b76d453ff10b5f0ac74201062e55c99ec8542426,1f8c11267aff623986db0dc3b76d453ff10b5f0ac74201062e55c99ec8542426,data/manifests/phase1e/2019-09/daily/source_2019092800.json
2019092800,day3_24h,p03,A,4,8,884,35,35,849,44,0,66d688e7c38c47778702c3c7946ebb9d82d8fd9b609f019f96cc83aae836fe3f,84c504fa9bc1c35b18bcfc943203e32652a21afb7f588287cd5f7931ebcddb81,data/manifests/phase1e/2019-09/daily/source_2019092800.json
2019092800,day3_24h,p03,B,1,5,324,12,12,312,44,0,42b1232373c9921ddf489a79b3d629255ffecad795427a281aa0d31003cd9ffa,37bcca64d9ebbeadf4c09e2fa1854d54d0521e03425fa991de1fd8f607ddbba0,data/manifests/phase1e/2019-09/daily/source_2019092800.json
2019092800,day3_24h,p04,A,4,8,379,11,11,368,0,0,f2c77d0e8e2b1e79e24a31b4b09f9d8a6ac89765f168754c73d224de34da7414,e9c4afbc5d0803a597e4e965ba52d6ef4f4748bb649d0f32254c5b8d0928e088,data/manifests/phase1e/2019-09/daily/source_2019092800.json
2019092800,day3_24h,p04,B,1,5,0,0,0,0,0,0,6dae821ec4463a21a24cf44d2465d0eab70fdab07a809299088730522608e022,6dae821ec4463a21a24cf44d2465d0eab70fdab07a809299088730522608e022,data/manifests/phase1e/2019-09/daily/source_2019092800.json
2019092900,day1_24h,c00,A,4,8,931,30,30,901,0,0,c42201366f1e4cf634ad8b285a3eb2bdba1df4e0ecb91f83314e4025a80e3a33,34d9d745240afee4f65dcebb4aee223b58163a8da8bdd73cfbe97625afcf4f5f,data/manifests/phase1e/2019-09/daily/source_2019092900.json
2019092900,day1_24h,c00,B,1,5,0,0,0,0,0,0,c8a3426ac9ea7c48965ffaeff7abee531a2aad82a8a1e6e9d50558b75310e286,c8a3426ac9ea7c48965ffaeff7abee531a2aad82a8a1e6e9d50558b75310e286,data/manifests/phase1e/2019-09/daily/source_2019092900.json
2019092900,day1_24h,p01,A,4,8,0,0,0,0,0,0,c50bfbba1538745ae52d4af7708ee0d357cddae4a8448d1f6c73524fa97deb11,c50bfbba1538745ae52d4af7708ee0d357cddae4a8448d1f6c73524fa97deb11,data/manifests/phase1e/2019-09/daily/source_2019092900.json
2019092900,day1_24h,p01,B,1,5,0,0,0,0,0,0,451e1fe71aa673aed031aa161f6b6fcf54ffb29203729dea50e856ac2bb7d304,451e1fe71aa673aed031aa161f6b6fcf54ffb29203729dea50e856ac2bb7d304,data/manifests/phase1e/2019-09/daily/source_2019092900.json
2019092900,day1_24h,p02,A,4,8,0,0,0,0,0,0,ef226ad3b8af5265373f567adf9d204fff5c574352b96609870198f12380084b,ef226ad3b8af5265373f567adf9d204fff5c574352b96609870198f12380084b,data/manifests/phase1e/2019-09/daily/source_2019092900.json
2019092900,day1_24h,p02,B,1,5,0,0,0,0,0,0,2529dfd9ad0665f0aec209f8f4d091e64b58a378d79ba6c25871f7c7d019aed4,2529dfd9ad0665f0aec209f8f4d091e64b58a378d79ba6c25871f7c7d019aed4,data/manifests/phase1e/2019-09/daily/source_2019092900.json
2019092900,day1_24h,p03,A,4,8,62,0,0,62,0,0,b4cb1d9c110049e91455a4e92c3bf3988f5fd3d184d2235a7a5cedf73fa00951,8efa7414666ef20df90486d9b8dba10a5756fc7a954be4441bdd9366992fe1ee,data/manifests/phase1e/2019-09/daily/source_2019092900.json
2019092900,day1_24h,p03,B,1,5,62,0,0,62,0,0,19e257fd8d6d6e20a91bc75b99f81516eb1213f1e6c74c93ea558f561aa03949,ba0bdfa7a192a669131d31a33d8231b05e373b486852fcfe8d1a7a9279c5e3e6,data/manifests/phase1e/2019-09/daily/source_2019092900.json
2019092900,day1_24h,p04,A,4,8,224,1,1,223,0,0,13c791242ccd6176aa613ad6640486188e51f4d9aeed5e311e94bdcbfbfdff70,8062e46dd1802d1a89cac89df56cc1d0d42442f05cd5812f5cde16fe9be5343d,data/manifests/phase1e/2019-09/daily/source_2019092900.json
2019092900,day1_24h,p04,B,1,5,0,0,0,0,0,0,8c2ee34eeaa5e54e445eed2e843b5de4e83d6485c43d87011110f1efa50d6c50,8c2ee34eeaa5e54e445eed2e843b5de4e83d6485c43d87011110f1efa50d6c50,data/manifests/phase1e/2019-09/daily/source_2019092900.json
2019092900,day2_24h,c00,A,4,8,1025,26,26,999,114,0,86c4803a3e232616bcdbbe3764fe57b82c98c8c0cc3fb8cbb023ccd265a454e0,f03ca699aa5f40c32ad38d8e20b6c20f6ad4c2fb47414c5c73d73092cbfc7a74,data/manifests/phase1e/2019-09/daily/source_2019092900.json
2019092900,day2_24h,c00,B,1,5,363,14,14,349,114,0,9db410892ac317c82ee84ddd66e9ee08ed25a63bad1317778f1ddc820904f810,61c714c1797159932ace8579153ca02138f0a853282a4d479806189e99b275fa,data/manifests/phase1e/2019-09/daily/source_2019092900.json
2019092900,day2_24h,p01,A,4,8,391,9,9,382,0,0,3d08dfb02215af8f7e1e623a0bc4c028f6185e3b80fc907a11316aa5e39666f7,31b5bfb1c23cdc58a02f7407b82a871c2f9a530c5279167565151501fd786ad6,data/manifests/phase1e/2019-09/daily/source_2019092900.json
2019092900,day2_24h,p01,B,1,5,0,0,0,0,0,0,51f61f94e5ef657e8f12221509d4f5520bfbdc2e01bb90f5609f40953bd6653e,51f61f94e5ef657e8f12221509d4f5520bfbdc2e01bb90f5609f40953bd6653e,data/manifests/phase1e/2019-09/daily/source_2019092900.json
2019092900,day2_24h,p02,A,4,8,507,10,10,497,0,0,a12178b725cf351fd29ec1a4d45a2f6278969552b8f41f22fc14b6784de30b9c,cd70c39dd515e509541f0624734b288b650319bf15726de584da5e6e9df59c84,data/manifests/phase1e/2019-09/daily/source_2019092900.json
2019092900,day2_24h,p02,B,1,5,0,0,0,0,0,0,17b1b60737899bec93763d5cc20531bfb4cee86eb00f69d1ed53c0a50d64c9eb,17b1b60737899bec93763d5cc20531bfb4cee86eb00f69d1ed53c0a50d64c9eb,data/manifests/phase1e/2019-09/daily/source_2019092900.json
2019092900,day2_24h,p03,A,4,8,0,0,0,0,0,0,3fa04fb310140301d81edeb9b8e3f13cf35494facfcc2962e4c4ce650156b975,3fa04fb310140301d81edeb9b8e3f13cf35494facfcc2962e4c4ce650156b975,data/manifests/phase1e/2019-09/daily/source_2019092900.json
2019092900,day2_24h,p03,B,1,5,0,0,0,0,0,0,ac0d228d5e3537b55e680768f0a5f0d0a72ec6a9e4dd709e03086d7e63d0d1f6,ac0d228d5e3537b55e680768f0a5f0d0a72ec6a9e4dd709e03086d7e63d0d1f6,data/manifests/phase1e/2019-09/daily/source_2019092900.json
2019092900,day2_24h,p04,A,4,8,0,0,0,0,0,0,2a1f002e3d91f3d740b55cff83ef7d12dfae08f385c62f2ab35993c3ab1576c6,2a1f002e3d91f3d740b55cff83ef7d12dfae08f385c62f2ab35993c3ab1576c6,data/manifests/phase1e/2019-09/daily/source_2019092900.json
2019092900,day2_24h,p04,B,1,5,0,0,0,0,0,0,e374f6477d97df2ecbd390fb9038a6ff3b94771e4e00856bf040df008ab0e9eb,e374f6477d97df2ecbd390fb9038a6ff3b94771e4e00856bf040df008ab0e9eb,data/manifests/phase1e/2019-09/daily/source_2019092900.json
2019092900,day3_24h,c00,A,4,8,1275,39,39,1236,94,2,56310fd80f832c195c75facf680aa123aee8d7f8acacc3ecf906aca22a4c3380,0d0b84960ab1d6dbd6afb081f2e24ec7838ea1fef314942f83c899ba1d7ec154,data/manifests/phase1e/2019-09/daily/source_2019092900.json
2019092900,day3_24h,c00,B,1,5,333,6,6,327,94,2,eabad2a56632f30aacdb6065e3b16c36e27f1c22d90595e0dd7df629f21cae32,a4ab565fca26f70824d496c751e07adb8dc8a90d862f6773a9047983ad4d1688,data/manifests/phase1e/2019-09/daily/source_2019092900.json
2019092900,day3_24h,p01,A,4,8,277,11,11,266,107,8,e74f8378b8aeb378f9d11cbb1189095e7d981ab720a1c01ab46e348f46bc608d,f26773ecbdfd444b25fbf8f2667c9d1ba98e5d2d43191c8a1ce7158041f830f9,data/manifests/phase1e/2019-09/daily/source_2019092900.json
2019092900,day3_24h,p01,B,1,5,277,11,11,266,107,8,b2f94e6c610411b4aea741fd94ebea88c2a7e97b6fb352894d5ce2747b19b4b9,97cb70681d9fd8c3a748270d0b1b4e160f40cbfec49dead2f82203418cb1d73e,data/manifests/phase1e/2019-09/daily/source_2019092900.json
2019092900,day3_24h,p02,A,4,8,432,20,20,412,0,0,ae1a597c1b91fcaefbc9942202d4f5eab3c2d0954cfb4499825c1b57b620c3c5,ab24fb56fd5715a643d03d81eb02b3cd10716c0e116969ba486f8b0902f630e7,data/manifests/phase1e/2019-09/daily/source_2019092900.json
2019092900,day3_24h,p02,B,1,5,0,0,0,0,0,0,b6c65533f2a892eed7eea852ce460f472ccf0aade75e032b9c9848bfc5c0435f,b6c65533f2a892eed7eea852ce460f472ccf0aade75e032b9c9848bfc5c0435f,data/manifests/phase1e/2019-09/daily/source_2019092900.json
2019092900,day3_24h,p03,A,4,8,0,0,0,0,0,0,590ab4c8de221e5c8b6adc5be28cfa8eb30c3f66f009e822a95c30610c46a62a,590ab4c8de221e5c8b6adc5be28cfa8eb30c3f66f009e822a95c30610c46a62a,data/manifests/phase1e/2019-09/daily/source_2019092900.json
2019092900,day3_24h,p03,B,1,5,0,0,0,0,0,0,6d5a2b3ebed2cac0071a2edcf21bf7b4d2ad1242ce849037a64a026ff031e893,6d5a2b3ebed2cac0071a2edcf21bf7b4d2ad1242ce849037a64a026ff031e893,data/manifests/phase1e/2019-09/daily/source_2019092900.json
2019092900,day3_24h,p04,A,4,8,0,0,0,0,0,0,903843c3890a157489493ab0b11625a503be0fdca9232724fcab5e6798c49e19,903843c3890a157489493ab0b11625a503be0fdca9232724fcab5e6798c49e19,data/manifests/phase1e/2019-09/daily/source_2019092900.json
2019092900,day3_24h,p04,B,1,5,0,0,0,0,0,0,fb782837952fee1af3b597a574fb4944cd0f7d17d00cb172633ee32d66a28d8d,fb782837952fee1af3b597a574fb4944cd0f7d17d00cb172633ee32d66a28d8d,data/manifests/phase1e/2019-09/daily/source_2019092900.json
2019093000,day1_24h,c00,A,4,8,0,0,0,0,0,0,6211a2bb23fa76ed35dddd434a62e1b14c2ffefe0c94c4f1dec8425bdd3256e1,6211a2bb23fa76ed35dddd434a62e1b14c2ffefe0c94c4f1dec8425bdd3256e1,data/manifests/phase1e/2019-09/daily/source_2019093000.json
2019093000,day1_24h,c00,B,1,5,0,0,0,0,0,0,c238b5baad11a10bfaaa3738a731084c8b3ae4e5f22407029ac7478f13134914,c238b5baad11a10bfaaa3738a731084c8b3ae4e5f22407029ac7478f13134914,data/manifests/phase1e/2019-09/daily/source_2019093000.json
2019093000,day1_24h,p01,A,4,8,453,32,32,421,84,8,2e3758ce6cd91c5ac2bee9529cee8316483ea020b55895cc53088db7011347c9,d727af022ddfd2c27abb4c05df25c65b4f68996f7c21d605624c06f1ffd0c865,data/manifests/phase1e/2019-09/daily/source_2019093000.json
2019093000,day1_24h,p01,B,1,5,453,32,32,421,84,8,665d03381bbbe21212ed0e946b0e72f89be32dbea451016841e7597823c98fb9,1c718d812173cc45cfb55404a6f465b81af48aea54f0f4e3e1fdac4fd625221f,data/manifests/phase1e/2019-09/daily/source_2019093000.json
2019093000,day1_24h,p02,A,4,8,0,0,0,0,0,0,1924711307fb19706c10b57466ab11adceac23acce0a0a8f247c0a12d956c2f4,1924711307fb19706c10b57466ab11adceac23acce0a0a8f247c0a12d956c2f4,data/manifests/phase1e/2019-09/daily/source_2019093000.json
2019093000,day1_24h,p02,B,1,5,0,0,0,0,0,0,fdc322b4880b51f79bc194ac8532c4fd8efa11f4bc5d77ddf2b02b6808148cac,fdc322b4880b51f79bc194ac8532c4fd8efa11f4bc5d77ddf2b02b6808148cac,data/manifests/phase1e/2019-09/daily/source_2019093000.json
2019093000,day1_24h,p03,A,4,8,377,20,20,357,102,4,e7a6baf263c15bd251147d85441d5809827eac15d46ef700b4dbc3246bfbdb95,a89e5ad9debe58581e886b99440359991317c4ec4f7f8124a1687d37a8dafbba,data/manifests/phase1e/2019-09/daily/source_2019093000.json
2019093000,day1_24h,p03,B,1,5,377,20,20,357,102,4,ef613535f4cf3c46d187997ead8e91581a6f7124a91da22d406323ff91410abc,baeaa64bc1c621d96fc6aabf35170389ca93095eabbb5c60d7b35d42485bef19,data/manifests/phase1e/2019-09/daily/source_2019093000.json
2019093000,day1_24h,p04,A,4,8,497,34,34,463,134,8,a55d61fb5cd66261e89067bd210e68e1e5a8b91a761cb97238b6561c6928590c,4bf948e4edb667325f714087c551e6070be084a4ea559e7b6dd7c24143e26b85,data/manifests/phase1e/2019-09/daily/source_2019093000.json
2019093000,day1_24h,p04,B,1,5,497,34,34,463,134,8,f1608965ea1f2fcb5ebaf01101366e916b7de1b6891af6e934e70ec135a970ef,39dbe30f2b25d214db77ad278ba1f4aa4f51a230e47d79cbf31bf098488f3828,data/manifests/phase1e/2019-09/daily/source_2019093000.json
2019093000,day2_24h,c00,A,4,8,1457,39,39,1418,143,4,4d402c5591bcdf0b5b652cab64dd03ecf0ae5c93c34563dd06b021d32adfc5a5,c7b14f461340192324b5847b1902a67980640940af73091daa8201d9ef204753,data/manifests/phase1e/2019-09/daily/source_2019093000.json
2019093000,day2_24h,c00,B,1,5,399,12,12,387,141,4,ce1a157663277e06f0ff8bea1b11063a5341693f7f73cf5971629afe874ed381,9fbf571a58deae6bf6c21f9a4ed9a5f256033f288d892e4f875e814cfb05e572,data/manifests/phase1e/2019-09/daily/source_2019093000.json
2019093000,day2_24h,p01,A,4,8,0,0,0,0,0,0,2e1bc210bf2139a1e40f05a6fb8cf5d34f9a74cc48cf19529049ebfcab482b2c,2e1bc210bf2139a1e40f05a6fb8cf5d34f9a74cc48cf19529049ebfcab482b2c,data/manifests/phase1e/2019-09/daily/source_2019093000.json
2019093000,day2_24h,p01,B,1,5,0,0,0,0,0,0,dd63fff7ed4e541d193129352d947de8e6f6e2957936a647cd516518b955369b,dd63fff7ed4e541d193129352d947de8e6f6e2957936a647cd516518b955369b,data/manifests/phase1e/2019-09/daily/source_2019093000.json
2019093000,day2_24h,p02,A,4,8,783,31,31,752,87,3,6c126544b5766363986929296efd452bbc29b010e05e704e296d740816d87227,16a540859042d3d42e10090a9a57b5378a268b1a8276a85d71003e797f865d3e,data/manifests/phase1e/2019-09/daily/source_2019093000.json
2019093000,day2_24h,p02,B,1,5,391,17,17,374,87,3,12d932b58906012a9861ab9f7f0ac90aabe4874043a0f0f6ba8e66f78c0cb07d,953705754b94c81518904659bff353c79152edc1ec96ae7e95d5f4648ffbe448,data/manifests/phase1e/2019-09/daily/source_2019093000.json
2019093000,day2_24h,p03,A,4,8,321,6,6,315,0,0,b27f281adfb266361780ba538d84203b36a6b835aea9597670a95388e73a64ca,0243866489166f39357062f8984fa30e635b9ac76023f9124db0cc1e8ee45994,data/manifests/phase1e/2019-09/daily/source_2019093000.json
2019093000,day2_24h,p03,B,1,5,0,0,0,0,0,0,aa8b375007c1206e0718c72f429cfde792dfa0e47e34e0f223438e8bed48d902,aa8b375007c1206e0718c72f429cfde792dfa0e47e34e0f223438e8bed48d902,data/manifests/phase1e/2019-09/daily/source_2019093000.json
2019093000,day2_24h,p04,A,4,8,673,15,15,658,117,5,fa7e36a1cfd572bec3c0b259bc517921470cf1046de097537e9bd6eebe153acc,944ebcce26518de94ddeaf1c079927acf200b9432d65d52751dab30de3c3a18a,data/manifests/phase1e/2019-09/daily/source_2019093000.json
2019093000,day2_24h,p04,B,1,5,305,10,10,295,117,5,94ca6459674e29bf0ca3e69ba0f3ead1c53a139d726e430412c325a2c51e4f45,aa056ba30a34bb698bc6a9907e84f0ed4ec7f14f8f327a00a3d755a52504b167,data/manifests/phase1e/2019-09/daily/source_2019093000.json
2019093000,day3_24h,c00,A,4,8,1015,35,35,980,104,1,4d9e0a08a4333151cc01a0d630f3779cfdefa016db4a89520d18166780767311,997cbbec48da353d0675f84e549e7dff622b0a690c086dfbb3cf822e0025231a,data/manifests/phase1e/2019-09/daily/source_2019093000.json
2019093000,day3_24h,c00,B,1,5,331,11,11,320,103,1,e6199bf46c97af53f84583607904ea404e0c33d7286a455b57551d2800bf0bf3,00b52935f4abf361e722a42597e83c570407c59a98f1027ab6471b44d5ffb8bf,data/manifests/phase1e/2019-09/daily/source_2019093000.json
2019093000,day3_24h,p01,A,4,8,340,21,21,319,84,4,a31ee0c9c1338a13cf308bbccfe1b7c4ec2c13bd57cd8f15275b4df883d97124,aa826830f08aba724f24f7d72aed9639bf66b0dda723a14f375152dd82b35620,data/manifests/phase1e/2019-09/daily/source_2019093000.json
2019093000,day3_24h,p01,B,1,5,340,21,21,319,84,4,ce1f6d20455fac1f72d147b27c3c57e75e31d1a1f5fbb27c7d43ace936c70839,8afeb45d66f050765e6564daa661ffc21538ee08f7ed81e083c291085b79cc69,data/manifests/phase1e/2019-09/daily/source_2019093000.json
2019093000,day3_24h,p02,A,4,8,408,27,27,381,0,0,f7fe93480ed65528ac98cab5ab66335bcd6306998e8f171570be9de7cd15175d,20a96d9929903a1178c3e3faf992c9e04fc87224ef8044914ad956b0dfc37498,data/manifests/phase1e/2019-09/daily/source_2019093000.json
2019093000,day3_24h,p02,B,1,5,0,0,0,0,0,0,fa03742712a54c315838afa383e4eaeddc90d8414659bf0956be3ba9ca7f56c0,fa03742712a54c315838afa383e4eaeddc90d8414659bf0956be3ba9ca7f56c0,data/manifests/phase1e/2019-09/daily/source_2019093000.json
2019093000,day3_24h,p03,A,4,8,349,7,7,342,0,0,7426d5b53c60587775e9db5ddbae6c2c4f3e27392867be81e358477b9db2caa1,7b657b82957869982938fff681b1da58336721bc361514a74fcccd9208090b43,data/manifests/phase1e/2019-09/daily/source_2019093000.json
2019093000,day3_24h,p03,B,1,5,0,0,0,0,0,0,d37a8f3f1f99173b21f5049f4a1ddb1335561b0819bf28adca152e21d2d73cbc,d37a8f3f1f99173b21f5049f4a1ddb1335561b0819bf28adca152e21d2d73cbc,data/manifests/phase1e/2019-09/daily/source_2019093000.json
2019093000,day3_24h,p04,A,4,8,740,27,27,713,0,0,d72f58f44efee2c3120b1b99e40eb3554f132a93d9609c7ef093d3fd03d9c0ba,a5cc9a9551bfedd62d5c997cd53b27b7947f2b176c4bc406fd87a3e44b9a852c,data/manifests/phase1e/2019-09/daily/source_2019093000.json
2019093000,day3_24h,p04,B,1,5,0,0,0,0,0,0,638c137781baa1ced8a7eee969ada2bca6b95faec4edc41cbdeb76db91a48f1c,638c137781baa1ced8a7eee969ada2bca6b95faec4edc41cbdeb76db91a48f1c,data/manifests/phase1e/2019-09/daily/source_2019093000.json
