initialization,product,valid_date,observed_max_mm,observed_heavy_cell_fraction,observed_very_heavy_cell_fraction,raw_gefs_control_rmse_mm,raw_gefs_control_bias_mm,CONTROL_MODEL_ELIGIBLE,FULL_ENSEMBLE_ELIGIBLE,quarantine_reason
2019-06-01T00:00:00+00:00,day1_24h,2019-06-02,26.69426918029785,0.0,0.0,,,False,False,ValueError: materially negative reconstructed precipitation for 9--12; ValueError: materially negative reconstructed precipitation for 9--12; ValueError: materially negative reconstructed precipitation for 15--18; ValueError: materially negative reconstructed precipitation for 15--18; ValueError: materially negative reconstructed precipitation for 15--18
2019-06-02T00:00:00+00:00,day1_24h,2019-06-03,59.3596076965332,0.0,0.0,,,False,False,ValueError: materially negative reconstructed precipitation for 15--18; ValueError: materially negative reconstructed precipitation for 21--24; ValueError: materially negative reconstructed precipitation for 21--24; ValueError: materially negative reconstructed precipitation for 9--12
2019-06-03T00:00:00+00:00,day1_24h,2019-06-04,41.30910110473633,0.0,0.0,,,False,False,ValueError: materially negative reconstructed precipitation for 9--12; ValueError: materially negative reconstructed precipitation for 9--12
2019-06-04T00:00:00+00:00,day1_24h,2019-06-05,66.128173828125,0.0007686395080707148,0.0,,,False,False,ValueError: materially negative reconstructed precipitation for 9--12; ValueError: materially negative reconstructed precipitation for 9--12; ValueError: materially negative reconstructed precipitation for 9--12; ValueError: materially negative reconstructed precipitation for 9--12
2019-06-05T00:00:00+00:00,day1_24h,2019-06-06,83.7791519165039,0.0007686395080707148,0.0,,,False,False,ValueError: materially negative reconstructed precipitation for 15--18; ValueError: materially negative reconstructed precipitation for 21--24
2019-06-06T00:00:00+00:00,day1_24h,2019-06-07,56.59150695800781,0.0,0.0,,,False,False,ValueError: materially negative reconstructed precipitation for 21--24; ValueError: materially negative reconstructed precipitation for 21--24
2019-06-07T00:00:00+00:00,day1_24h,2019-06-08,52.07280731201172,0.0,0.0,,,False,False,ValueError: materially negative reconstructed precipitation for 15--18; ValueError: materially negative reconstructed precipitation for 15--18
2019-06-08T00:00:00+00:00,day1_24h,2019-06-09,29.070924758911133,0.0,0.0,,,False,False,ValueError: materially negative reconstructed precipitation for 9--12; ValueError: materially negative reconstructed precipitation for 21--24; ValueError: materially negative reconstructed precipitation for 9--12; ValueError: materially negative reconstructed precipitation for 9--12
2019-06-09T00:00:00+00:00,day1_24h,2019-06-10,84.53436279296875,0.003843197540353574,0.0,,,False,False,ValueError: materially negative reconstructed precipitation for 15--18; ValueError: materially negative reconstructed precipitation for 15--18; ValueError: materially negative reconstructed precipitation for 9--12
2019-06-10T00:00:00+00:00,day1_24h,2019-06-11,72.9984359741211,0.0015372790161414297,0.0,,,False,False,ValueError: materially negative reconstructed precipitation for 15--18; ValueError: materially negative reconstructed precipitation for 9--12; ValueError: materially negative reconstructed precipitation for 21--24
2019-06-11T00:00:00+00:00,day1_24h,2019-06-12,112.48860168457031,0.0030745580322828594,0.0,7.233929634094238,1.8140541315078735,True,True,
2019-06-12T00:00:00+00:00,day1_24h,2019-06-13,135.8692626953125,0.015372790161414296,0.0023059185242121443,8.874838829040527,0.2107418179512024,True,False,ValueError: materially negative reconstructed precipitation for 21--24
2019-06-13T00:00:00+00:00,day1_24h,2019-06-14,151.83900451660156,0.01921598770176787,0.0015372790161414297,,,False,False,ValueError: materially negative reconstructed precipitation for 21--24; ValueError: materially negative reconstructed precipitation for 21--24; ValueError: materially negative reconstructed precipitation for 9--12
2019-06-14T00:00:00+00:00,day1_24h,2019-06-15,101.94660186767578,0.003843197540353574,0.0,7.329559326171875,-0.8682210445404053,True,False,ValueError: materially negative reconstructed precipitation for 21--24; ValueError: materially negative reconstructed precipitation for 9--12; ValueError: materially negative reconstructed precipitation for 15--18; ValueError: materially negative reconstructed precipitation for 15--18
2019-06-15T00:00:00+00:00,day1_24h,2019-06-16,35.834136962890625,0.0,0.0,4.745019912719727,0.4023062288761139,True,True,
2019-06-16T00:00:00+00:00,day1_24h,2019-06-17,25.179811477661133,0.0,0.0,,,False,False,ValueError: materially negative reconstructed precipitation for 21--24; ValueError: materially negative reconstructed precipitation for 15--18
2019-06-17T00:00:00+00:00,day1_24h,2019-06-18,55.770286560058594,0.0,0.0,,,False,False,ValueError: materially negative reconstructed precipitation for 15--18; ValueError: materially negative reconstructed precipitation for 9--12; ValueError: materially negative reconstructed precipitation for 15--18
2019-06-18T00:00:00+00:00,day1_24h,2019-06-19,68.5879898071289,0.0030745580322828594,0.0,,,False,False,ValueError: materially negative reconstructed precipitation for 9--12; ValueError: materially negative reconstructed precipitation for 9--12; ValueError: materially negative reconstructed precipitation for 15--18
2019-06-19T00:00:00+00:00,day1_24h,2019-06-20,228.24957275390625,0.01614142966948501,0.003843197540353574,,,False,False,ValueError: materially negative reconstructed precipitation for 9--12
2019-06-20T00:00:00+00:00,day1_24h,2019-06-21,92.73223876953125,0.0030745580322828594,0.0,,,False,False,ValueError: materially negative reconstructed precipitation for 9--12; ValueError: materially negative reconstructed precipitation for 21--24; ValueError: materially negative reconstructed precipitation for 15--18; ValueError: materially negative reconstructed precipitation for 21--24; ValueError: materially negative reconstructed precipitation for 9--12
2019-06-21T00:00:00+00:00,day1_24h,2019-06-22,140.81016540527344,0.010760953112990008,0.0023059185242121443,,,False,False,ValueError: materially negative reconstructed precipitation for 9--12; ValueError: materially negative reconstructed precipitation for 9--12; ValueError: materially negative reconstructed precipitation for 9--12; ValueError: materially negative reconstructed precipitation for 15--18
2019-06-22T00:00:00+00:00,day1_24h,2019-06-23,84.84105682373047,0.006149116064565719,0.0,,,False,False,ValueError: materially negative reconstructed precipitation for 9--12; ValueError: materially negative reconstructed precipitation for 15--18; ValueError: materially negative reconstructed precipitation for 9--12; ValueError: materially negative reconstructed precipitation for 9--12
2019-06-23T00:00:00+00:00,day1_24h,2019-06-24,98.64341735839844,0.009223674096848577,0.0,,,False,False,ValueError: materially negative reconstructed precipitation for 15--18; ValueError: materially negative reconstructed precipitation for 21--24; ValueError: materially negative reconstructed precipitation for 9--12; ValueError: materially negative reconstructed precipitation for 9--12; ValueError: materially negative reconstructed precipitation for 9--12
2019-06-24T00:00:00+00:00,day1_24h,2019-06-25,70.89567565917969,0.0023059185242121443,0.0,,,False,False,ValueError: materially negative reconstructed precipitation for 21--24; ValueError: materially negative reconstructed precipitation for 9--12; ValueError: materially negative reconstructed precipitation for 15--18; ValueError: materially negative reconstructed precipitation for 9--12
2019-06-25T00:00:00+00:00,day1_24h,2019-06-26,114.57269287109375,0.003843197540353574,0.0,,,False,False,ValueError: materially negative reconstructed precipitation for 15--18; ValueError: materially negative reconstructed precipitation for 9--12; ValueError: materially negative reconstructed precipitation for 9--12
2019-06-26T00:00:00+00:00,day1_24h,2019-06-27,135.44686889648438,0.011529592621060722,0.0030745580322828594,,,False,False,ValueError: materially negative reconstructed precipitation for 9--12; ValueError: materially negative reconstructed precipitation for 15--18; ValueError: materially negative reconstructed precipitation for 9--12; ValueError: materially negative reconstructed precipitation for 9--12
2019-06-27T00:00:00+00:00,day1_24h,2019-06-28,157.9206085205078,0.03766333589546503,0.007686395080707148,15.669207572937012,2.172027826309204,True,False,ValueError: materially negative reconstructed precipitation for 15--18; ValueError: materially negative reconstructed precipitation for 9--12; ValueError: materially negative reconstructed precipitation for 21--24
2019-06-28T00:00:00+00:00,day1_24h,2019-06-29,393.8091735839844,0.06379707916986933,0.03228285933897002,,,False,False,ValueError: materially negative reconstructed precipitation for 9--12; ValueError: materially negative reconstructed precipitation for 9--12; ValueError: materially negative reconstructed precipitation for 9--12
2019-06-29T00:00:00+00:00,day1_24h,2019-06-30,193.6158447265625,0.05764796310530361,0.02997694081475788,25.04104995727539,1.7935829162597656,True,False,ValueError: materially negative reconstructed precipitation for 15--18
2019-06-30T00:00:00+00:00,day1_24h,2019-07-01,325.3714294433594,0.03996925441967717,0.016910069177555727,,,False,False,ValueError: materially negative reconstructed precipitation for 9--12; ValueError: materially negative reconstructed precipitation for 21--24
2019-07-01T00:00:00+00:00,day1_24h,2019-07-02,331.5201721191406,0.03228285933897002,0.01921598770176787,,,False,False,ValueError: materially negative reconstructed precipitation for 21--24
2019-07-02T00:00:00+00:00,day1_24h,2019-07-03,92.95187377929688,0.010760953112990008,0.0,,,False,False,ValueError: materially negative reconstructed precipitation for 9--12; ValueError: materially negative reconstructed precipitation for 9--12; ValueError: materially negative reconstructed precipitation for 15--18
2019-07-03T00:00:00+00:00,day1_24h,2019-07-04,101.47708129882812,0.0007686395080707148,0.0,13.04035758972168,4.294775485992432,True,True,
2019-07-04T00:00:00+00:00,day1_24h,2019-07-05,127.19999694824219,0.008455034588777863,0.0007686395080707148,,,False,False,ValueError: materially negative reconstructed precipitation for 9--12; ValueError: materially negative reconstructed precipitation for 21--24; ValueError: materially negative reconstructed precipitation for 9--12; ValueError: materially negative reconstructed precipitation for 9--12
2019-07-05T00:00:00+00:00,day1_24h,2019-07-06,147.86448669433594,0.043812451960030745,0.003843197540353574,,,False,False,ValueError: materially negative reconstructed precipitation for 9--12; ValueError: materially negative reconstructed precipitation for 15--18
2019-07-06T00:00:00+00:00,day1_24h,2019-07-07,263.0617980957031,0.04996156802459646,0.018447348193697154,,,False,False,ValueError: materially negative reconstructed precipitation for 15--18
2019-07-07T00:00:00+00:00,day1_24h,2019-07-08,200.330322265625,0.02382782475019216,0.0030745580322828594,,,False,False,ValueError: materially negative reconstructed precipitation for 9--12; ValueError: materially negative reconstructed precipitation for 9--12; ValueError: materially negative reconstructed precipitation for 9--12
2019-07-08T00:00:00+00:00,day1_24h,2019-07-09,143.87918090820312,0.02843966179861645,0.007686395080707148,15.266532897949219,-1.5975908041000366,True,False,ValueError: materially negative reconstructed precipitation for 15--18
2019-07-09T00:00:00+00:00,day1_24h,2019-07-10,138.06211853027344,0.030745580322828592,0.003843197540353574,,,False,False,ValueError: materially negative reconstructed precipitation for 9--12; ValueError: materially negative reconstructed precipitation for 15--18; ValueError: materially negative reconstructed precipitation for 15--18; ValueError: materially negative reconstructed precipitation for 15--18
2019-07-10T00:00:00+00:00,day1_24h,2019-07-11,237.77615356445312,0.05764796310530361,0.014604150653343582,,,False,False,ValueError: materially negative reconstructed precipitation for 15--18; ValueError: materially negative reconstructed precipitation for 21--24; ValueError: materially negative reconstructed precipitation for 21--24; ValueError: materially negative reconstructed precipitation for 9--12; ValueError: materially negative reconstructed precipitation for 15--18
2019-07-11T00:00:00+00:00,day1_24h,2019-07-12,147.3971710205078,0.027671022290545733,0.006149116064565719,,,False,False,ValueError: materially negative reconstructed precipitation for 9--12; ValueError: materially negative reconstructed precipitation for 21--24; ValueError: materially negative reconstructed precipitation for 15--18
2019-07-12T00:00:00+00:00,day1_24h,2019-07-13,104.80204010009766,0.006149116064565719,0.0,,,False,False,ValueError: materially negative reconstructed precipitation for 9--12; ValueError: materially negative reconstructed precipitation for 9--12; ValueError: materially negative reconstructed precipitation for 9--12; ValueError: materially negative reconstructed precipitation for 15--18
2019-07-13T00:00:00+00:00,day1_24h,2019-07-14,82.88980102539062,0.0030745580322828594,0.0,,,False,False,ValueError: materially negative reconstructed precipitation for 21--24; ValueError: materially negative reconstructed precipitation for 15--18; ValueError: materially negative reconstructed precipitation for 9--12; ValueError: materially negative reconstructed precipitation for 9--12; ValueError: materially negative reconstructed precipitation for 9--12
2019-07-14T00:00:00+00:00,day1_24h,2019-07-15,125.94972229003906,0.01614142966948501,0.0023059185242121443,,,False,False,ValueError: materially negative reconstructed precipitation for 9--12; ValueError: materially negative reconstructed precipitation for 9--12; ValueError: materially negative reconstructed precipitation for 21--24; ValueError: materially negative reconstructed precipitation for 9--12
2019-07-15T00:00:00+00:00,day1_24h,2019-07-16,98.7817153930664,0.011529592621060722,0.0,,,False,False,ValueError: materially negative reconstructed precipitation for 15--18; ValueError: materially negative reconstructed precipitation for 15--18; ValueError: materially negative reconstructed precipitation for 21--24; ValueError: materially negative reconstructed precipitation for 21--24
2019-07-16T00:00:00+00:00,day1_24h,2019-07-17,167.49534606933594,0.006149116064565719,0.0015372790161414297,,,False,False,ValueError: materially negative reconstructed precipitation for 15--18; ValueError: materially negative reconstructed precipitation for 21--24; ValueError: materially negative reconstructed precipitation for 15--18
2019-07-17T00:00:00+00:00,day1_24h,2019-07-18,41.208351135253906,0.0,0.0,,,False,False,ValueError: materially negative reconstructed precipitation for 15--18; ValueError: materially negative reconstructed precipitation for 21--24; ValueError: materially negative reconstructed precipitation for 15--18
2019-07-18T00:00:00+00:00,day1_24h,2019-07-19,165.54103088378906,0.01921598770176787,0.003843197540353574,,,False,False,ValueError: materially negative reconstructed precipitation for 9--12; ValueError: materially negative reconstructed precipitation for 15--18; ValueError: materially negative reconstructed precipitation for 9--12
2019-07-19T00:00:00+00:00,day1_24h,2019-07-20,272.2645263671875,0.045349730976172176,0.007686395080707148,,,False,False,ValueError: materially negative reconstructed precipitation for 9--12; ValueError: materially negative reconstructed precipitation for 9--12; ValueError: materially negative reconstructed precipitation for 9--12
2019-07-20T00:00:00+00:00,day1_24h,2019-07-21,116.51204681396484,0.030745580322828592,0.0015372790161414297,,,False,False,ValueError: materially negative reconstructed precipitation for 9--12; ValueError: materially negative reconstructed precipitation for 9--12; ValueError: materially negative reconstructed precipitation for 15--18
2019-07-21T00:00:00+00:00,day1_24h,2019-07-22,159.3773193359375,0.026133743274404306,0.0030745580322828594,13.776155471801758,3.939847946166992,True,False,ValueError: materially negative reconstructed precipitation for 21--24; ValueError: materially negative reconstructed precipitation for 15--18
2019-07-22T00:00:00+00:00,day1_24h,2019-07-23,267.84674072265625,0.03996925441967717,0.015372790161414296,,,False,False,ValueError: materially negative reconstructed precipitation for 21--24; ValueError: materially negative reconstructed precipitation for 9--12; ValueError: materially negative reconstructed precipitation for 9--12; ValueError: materially negative reconstructed precipitation for 21--24; ValueError: materially negative reconstructed precipitation for 21--24
2019-07-23T00:00:00+00:00,day1_24h,2019-07-24,222.1275634765625,0.02843966179861645,0.0030745580322828594,,,False,False,ValueError: materially negative reconstructed precipitation for 15--18; ValueError: materially negative reconstructed precipitation for 15--18; ValueError: materially negative reconstructed precipitation for 21--24; ValueError: materially negative reconstructed precipitation for 21--24
2019-07-24T00:00:00+00:00,day1_24h,2019-07-25,182.00633239746094,0.04765564950038432,0.009992313604919293,,,False,False,ValueError: materially negative reconstructed precipitation for 15--18; ValueError: materially negative reconstructed precipitation for 9--12; ValueError: materially negative reconstructed precipitation for 15--18; ValueError: materially negative reconstructed precipitation for 15--18; ValueError: materially negative reconstructed precipitation for 21--24
2019-07-25T00:00:00+00:00,day1_24h,2019-07-26,147.6322479248047,0.03151421983089931,0.0007686395080707148,,,False,False,ValueError: materially negative reconstructed precipitation for 15--18; ValueError: materially negative reconstructed precipitation for 15--18; ValueError: materially negative reconstructed precipitation for 9--12
2019-07-26T00:00:00+00:00,day1_24h,2019-07-27,364.3852233886719,0.06610299769408147,0.027671022290545733,,,False,False,ValueError: materially negative reconstructed precipitation for 9--12; ValueError: materially negative reconstructed precipitation for 15--18; ValueError: materially negative reconstructed precipitation for 9--12; ValueError: materially negative reconstructed precipitation for 15--18
2019-07-27T00:00:00+00:00,day1_24h,2019-07-28,267.0084228515625,0.03689469638739431,0.010760953112990008,,,False,False,ValueError: materially negative reconstructed precipitation for 9--12; ValueError: materially negative reconstructed precipitation for 9--12; ValueError: materially negative reconstructed precipitation for 21--24; ValueError: materially negative reconstructed precipitation for 21--24
2019-07-28T00:00:00+00:00,day1_24h,2019-07-29,219.84202575683594,0.033820138355111454,0.006149116064565719,,,False,False,ValueError: materially negative reconstructed precipitation for 21--24; ValueError: materially negative reconstructed precipitation for 15--18; ValueError: materially negative reconstructed precipitation for 9--12
2019-07-29T00:00:00+00:00,day1_24h,2019-07-30,280.91461181640625,0.10453497309761722,0.03151421983089931,,,False,False,ValueError: materially negative reconstructed precipitation for 21--24; ValueError: materially negative reconstructed precipitation for 15--18; ValueError: materially negative reconstructed precipitation for 9--12; ValueError: materially negative reconstructed precipitation for 15--18
2019-07-30T00:00:00+00:00,day1_24h,2019-07-31,172.22874450683594,0.06917755572636433,0.012298232129131437,,,False,False,ValueError: materially negative reconstructed precipitation for 9--12; ValueError: materially negative reconstructed precipitation for 15--18; ValueError: materially negative reconstructed precipitation for 15--18
2019-07-31T00:00:00+00:00,day1_24h,2019-08-01,162.09869384765625,0.042275172943889314,0.006149116064565719,,,False,False,ValueError: materially negative reconstructed precipitation for 9--12; ValueError: materially negative reconstructed precipitation for 9--12; ValueError: materially negative reconstructed precipitation for 21--24
2019-08-01T00:00:00+00:00,day1_24h,2019-08-02,236.5991668701172,0.033820138355111454,0.007686395080707148,17.303295135498047,-3.4032654762268066,True,True,
2019-08-02T00:00:00+00:00,day1_24h,2019-08-03,293.1243591308594,0.10299769408147579,0.03766333589546503,34.245906829833984,-4.588204383850098,True,False,ValueError: materially negative reconstructed precipitation for 9--12; ValueError: materially negative reconstructed precipitation for 15--18
2019-08-03T00:00:00+00:00,day1_24h,2019-08-04,451.3998107910156,0.11299000768639508,0.05918524212144504,,,False,False,ValueError: materially negative reconstructed precipitation for 21--24; ValueError: materially negative reconstructed precipitation for 15--18
2019-08-04T00:00:00+00:00,day1_24h,2019-08-05,476.97259521484375,0.12144504227517294,0.053804765564950036,37.487770080566406,-2.221087694168091,True,False,ValueError: materially negative reconstructed precipitation for 9--12; ValueError: materially negative reconstructed precipitation for 15--18
2019-08-05T00:00:00+00:00,day1_24h,2019-08-06,317.8310546875,0.10299769408147579,0.05841660261337433,35.70877456665039,-5.995918273925781,True,False,ValueError: materially negative reconstructed precipitation for 15--18
2019-08-06T00:00:00+00:00,day1_24h,2019-08-07,267.45556640625,0.1337432744043044,0.045349730976172176,33.70169448852539,-3.1115379333496094,True,False,ValueError: materially negative reconstructed precipitation for 9--12
2019-08-07T00:00:00+00:00,day1_24h,2019-08-08,249.9145965576172,0.10607225211375865,0.043812451960030745,31.858707427978516,-4.36905574798584,True,True,
2019-08-08T00:00:00+00:00,day1_24h,2019-08-09,331.4232482910156,0.15372790161414296,0.08147578785549578,,,False,False,ValueError: materially negative reconstructed precipitation for 9--12; ValueError: materially negative reconstructed precipitation for 21--24
2019-08-09T00:00:00+00:00,day1_24h,2019-08-10,310.6883850097656,0.12221368178324366,0.05226748654880861,,,False,False,ValueError: materially negative reconstructed precipitation for 15--18; ValueError: materially negative reconstructed precipitation for 9--12; ValueError: materially negative reconstructed precipitation for 15--18
2019-08-10T00:00:00+00:00,day1_24h,2019-08-11,170.3697967529297,0.06302843966179862,0.014604150653343582,,,False,False,ValueError: materially negative reconstructed precipitation for 15--18; ValueError: materially negative reconstructed precipitation for 9--12; ValueError: materially negative reconstructed precipitation for 15--18
2019-08-11T00:00:00+00:00,day1_24h,2019-08-12,54.757286071777344,0.0,0.0,,,False,False,ValueError: materially negative reconstructed precipitation for 9--12; ValueError: materially negative reconstructed precipitation for 9--12; ValueError: materially negative reconstructed precipitation for 9--12; ValueError: materially negative reconstructed precipitation for 15--18
2019-08-12T00:00:00+00:00,day1_24h,2019-08-13,119.61044311523438,0.016910069177555727,0.0007686395080707148,13.931315422058105,5.195737361907959,True,False,ValueError: materially negative reconstructed precipitation for 15--18; ValueError: materially negative reconstructed precipitation for 21--24; ValueError: materially negative reconstructed precipitation for 21--24; ValueError: materially negative reconstructed precipitation for 21--24
2019-08-13T00:00:00+00:00,day1_24h,2019-08-14,140.4716339111328,0.03151421983089931,0.008455034588777863,,,False,False,ValueError: materially negative reconstructed precipitation for 9--12; ValueError: materially negative reconstructed precipitation for 9--12; ValueError: materially negative reconstructed precipitation for 9--12; ValueError: materially negative reconstructed precipitation for 9--12
2019-08-14T00:00:00+00:00,day1_24h,2019-08-15,203.71310424804688,0.026902382782475018,0.007686395080707148,,,False,False,ValueError: materially negative reconstructed precipitation for 9--12; ValueError: materially negative reconstructed precipitation for 9--12; ValueError: materially negative reconstructed precipitation for 9--12
2019-08-15T00:00:00+00:00,day1_24h,2019-08-16,94.97135162353516,0.003843197540353574,0.0,,,False,False,ValueError: materially negative reconstructed precipitation for 15--18; ValueError: materially negative reconstructed precipitation for 15--18; ValueError: materially negative reconstructed precipitation for 15--18
2019-08-16T00:00:00+00:00,day1_24h,2019-08-17,125.70968627929688,0.007686395080707148,0.0007686395080707148,,,False,False,ValueError: materially negative reconstructed precipitation for 15--18; ValueError: materially negative reconstructed precipitation for 21--24; ValueError: materially negative reconstructed precipitation for 15--18; ValueError: materially negative reconstructed precipitation for 15--18; ValueError: materially negative reconstructed precipitation for 9--12
2019-08-17T00:00:00+00:00,day1_24h,2019-08-18,117.46638488769531,0.0030745580322828594,0.0007686395080707148,,,False,False,ValueError: materially negative reconstructed precipitation for 15--18; ValueError: materially negative reconstructed precipitation for 9--12; ValueError: materially negative reconstructed precipitation for 9--12; ValueError: materially negative reconstructed precipitation for 9--12; ValueError: materially negative reconstructed precipitation for 15--18
2019-08-18T00:00:00+00:00,day1_24h,2019-08-19,104.52832794189453,0.006149116064565719,0.0,12.210247993469238,1.811537265777588,True,False,ValueError: materially negative reconstructed precipitation for 9--12; ValueError: materially negative reconstructed precipitation for 9--12; ValueError: materially negative reconstructed precipitation for 9--12; ValueError: materially negative reconstructed precipitation for 15--18
2019-08-19T00:00:00+00:00,day1_24h,2019-08-20,97.61551666259766,0.0030745580322828594,0.0,,,False,False,ValueError: materially negative reconstructed precipitation for 9--12; ValueError: materially negative reconstructed precipitation for 9--12; ValueError: materially negative reconstructed precipitation for 9--12; ValueError: materially negative reconstructed precipitation for 9--12; ValueError: materially negative reconstructed precipitation for 21--24
2019-08-20T00:00:00+00:00,day1_24h,2019-08-21,61.130043029785156,0.0,0.0,,,False,False,ValueError: materially negative reconstructed precipitation for 9--12; ValueError: materially negative reconstructed precipitation for 21--24; ValueError: materially negative reconstructed precipitation for 15--18; ValueError: materially negative reconstructed precipitation for 15--18
2019-08-21T00:00:00+00:00,day1_24h,2019-08-22,87.3914566040039,0.004611837048424289,0.0,,,False,False,ValueError: materially negative reconstructed precipitation for 9--12; ValueError: materially negative reconstructed precipitation for 9--12
2019-08-22T00:00:00+00:00,day1_24h,2019-08-23,85.7289047241211,0.009223674096848577,0.0,,,False,False,ValueError: materially negative reconstructed precipitation for 21--24; ValueError: materially negative reconstructed precipitation for 9--12; ValueError: materially negative reconstructed precipitation for 15--18
2019-08-23T00:00:00+00:00,day1_24h,2019-08-24,68.50159454345703,0.0023059185242121443,0.0,,,False,False,ValueError: materially negative reconstructed precipitation for 15--18; ValueError: materially negative reconstructed precipitation for 15--18; ValueError: materially negative reconstructed precipitation for 21--24
2019-08-24T00:00:00+00:00,day1_24h,2019-08-25,112.20134735107422,0.012298232129131437,0.0,,,False,False,ValueError: materially negative reconstructed precipitation for 15--18; ValueError: materially negative reconstructed precipitation for 15--18; ValueError: materially negative reconstructed precipitation for 21--24; ValueError: materially negative reconstructed precipitation for 15--18
2019-08-25T00:00:00+00:00,day1_24h,2019-08-26,104.82127380371094,0.010760953112990008,0.0,,,False,False,ValueError: materially negative reconstructed precipitation for 9--12; ValueError: materially negative reconstructed precipitation for 15--18; ValueError: materially negative reconstructed precipitation for 9--12; ValueError: materially negative reconstructed precipitation for 21--24
2019-08-26T00:00:00+00:00,day1_24h,2019-08-27,93.2520980834961,0.007686395080707148,0.0,,,False,False,ValueError: materially negative reconstructed precipitation for 15--18; ValueError: materially negative reconstructed precipitation for 21--24; ValueError: materially negative reconstructed precipitation for 15--18
2019-08-27T00:00:00+00:00,day1_24h,2019-08-28,66.20504760742188,0.0007686395080707148,0.0,,,False,False,ValueError: materially negative reconstructed precipitation for 9--12; ValueError: materially negative reconstructed precipitation for 9--12; ValueError: materially negative reconstructed precipitation for 9--12
2019-08-28T00:00:00+00:00,day1_24h,2019-08-29,59.349369049072266,0.0,0.0,6.893698692321777,2.3940494060516357,True,False,ValueError: materially negative reconstructed precipitation for 9--12; ValueError: materially negative reconstructed precipitation for 15--18
2019-08-29T00:00:00+00:00,day1_24h,2019-08-30,114.3659896850586,0.009223674096848577,0.0,,,False,False,ValueError: materially negative reconstructed precipitation for 15--18; ValueError: materially negative reconstructed precipitation for 21--24
2019-08-30T00:00:00+00:00,day1_24h,2019-08-31,132.07164001464844,0.009992313604919293,0.0023059185242121443,,,False,False,ValueError: materially negative reconstructed precipitation for 9--12; ValueError: materially negative reconstructed precipitation for 9--12; ValueError: materially negative reconstructed precipitation for 21--24; ValueError: materially negative reconstructed precipitation for 15--18
2019-08-31T00:00:00+00:00,day1_24h,2019-09-01,119.79582214355469,0.026902382782475018,0.0007686395080707148,,,False,False,ValueError: materially negative reconstructed precipitation for 9--12; ValueError: materially negative reconstructed precipitation for 9--12; ValueError: materially negative reconstructed precipitation for 9--12; ValueError: materially negative reconstructed precipitation for 9--12
2019-09-01T00:00:00+00:00,day1_24h,2019-09-02,115.79761505126953,0.034588777863182166,0.0007686395080707148,,,False,False,ValueError: materially negative reconstructed precipitation for 9--12; ValueError: materially negative reconstructed precipitation for 9--12; ValueError: materially negative reconstructed precipitation for 9--12
2019-09-02T00:00:00+00:00,day1_24h,2019-09-03,132.11866760253906,0.026902382782475018,0.005380476556495004,,,False,False,ValueError: materially negative reconstructed precipitation for 9--12
2019-09-03T00:00:00+00:00,day1_24h,2019-09-04,227.6058807373047,0.0415065334358186,0.014604150653343582,,,False,False,ValueError: materially negative reconstructed precipitation for 9--12; ValueError: materially negative reconstructed precipitation for 9--12
2019-09-04T00:00:00+00:00,day1_24h,2019-09-05,208.3598175048828,0.07840122982321292,0.024596464258262875,,,False,False,ValueError: materially negative reconstructed precipitation for 21--24; ValueError: materially negative reconstructed precipitation for 15--18; ValueError: materially negative reconstructed precipitation for 15--18
2019-09-05T00:00:00+00:00,day1_24h,2019-09-06,179.38650512695312,0.03843197540353574,0.007686395080707148,,,False,False,ValueError: materially negative reconstructed precipitation for 9--12; ValueError: materially negative reconstructed precipitation for 15--18
2019-09-06T00:00:00+00:00,day1_24h,2019-09-07,206.09622192382812,0.04688700999231361,0.007686395080707148,,,False,False,ValueError: materially negative reconstructed precipitation for 15--18; ValueError: materially negative reconstructed precipitation for 15--18; ValueError: materially negative reconstructed precipitation for 15--18
2019-09-07T00:00:00+00:00,day1_24h,2019-09-08,219.9084930419922,0.07609531129900077,0.0207532667179093,,,False,False,ValueError: materially negative reconstructed precipitation for 15--18; ValueError: materially negative reconstructed precipitation for 9--12; ValueError: materially negative reconstructed precipitation for 9--12
2019-09-08T00:00:00+00:00,day1_24h,2019-09-09,107.55560302734375,0.029208301306687164,0.0,14.647102355957031,0.978527843952179,True,False,ValueError: materially negative reconstructed precipitation for 9--12
2019-09-09T00:00:00+00:00,day1_24h,2019-09-10,256.11907958984375,0.018447348193697154,0.0023059185242121443,,,False,False,ValueError: materially negative reconstructed precipitation for 9--12; ValueError: materially negative reconstructed precipitation for 3--6; ValueError: materially negative reconstructed precipitation for 9--12; ValueError: materially negative reconstructed precipitation for 3--6; ValueError: materially negative reconstructed precipitation for 3--6
2019-09-10T00:00:00+00:00,day1_24h,2019-09-11,150.45960998535156,0.013835511145272867,0.0007686395080707148,,,False,False,ValueError: materially negative reconstructed precipitation for 15--18; ValueError: materially negative reconstructed precipitation for 15--18; ValueError: materially negative reconstructed precipitation for 3--6; ValueError: materially negative reconstructed precipitation for 3--6
2019-09-11T00:00:00+00:00,day1_24h,2019-09-12,109.43338775634766,0.015372790161414296,0.0,,,False,False,ValueError: materially negative reconstructed precipitation for 9--12; ValueError: materially negative reconstructed precipitation for 3--6; ValueError: materially negative reconstructed precipitation for 3--6; ValueError: materially negative reconstructed precipitation for 3--6; ValueError: materially negative reconstructed precipitation for 3--6
2019-09-12T00:00:00+00:00,day1_24h,2019-09-13,110.53950500488281,0.006149116064565719,0.0,,,False,False,ValueError: materially negative reconstructed precipitation for 9--12; ValueError: materially negative reconstructed precipitation for 9--12; ValueError: materially negative reconstructed precipitation for 15--18
2019-09-13T00:00:00+00:00,day1_24h,2019-09-14,152.0,0.006917755572636433,0.0007686395080707148,12.570598602294922,0.8239169716835022,True,False,ValueError: materially negative reconstructed precipitation for 9--12
2019-09-14T00:00:00+00:00,day1_24h,2019-09-15,216.40438842773438,0.014604150653343582,0.003843197540353574,,,False,False,ValueError: materially negative reconstructed precipitation for 21--24
2019-09-15T00:00:00+00:00,day1_24h,2019-09-16,136.85055541992188,0.011529592621060722,0.0023059185242121443,14.873659133911133,-1.6084988117218018,True,False,ValueError: materially negative reconstructed precipitation for 21--24
2019-09-16T00:00:00+00:00,day1_24h,2019-09-17,123.03447723388672,0.011529592621060722,0.0015372790161414297,,,False,False,ValueError: materially negative reconstructed precipitation for 15--18; ValueError: materially negative reconstructed precipitation for 21--24; ValueError: materially negative reconstructed precipitation for 15--18
2019-09-17T00:00:00+00:00,day1_24h,2019-09-18,202.33090209960938,0.018447348193697154,0.0015372790161414297,,,False,False,ValueError: materially negative reconstructed precipitation for 9--12; ValueError: materially negative reconstructed precipitation for 21--24
2019-09-18T00:00:00+00:00,day1_24h,2019-09-19,159.48736572265625,0.013066871637202153,0.003843197540353574,,,False,False,ValueError: materially negative reconstructed precipitation for 21--24; ValueError: materially negative reconstructed precipitation for 3--6; ValueError: materially negative reconstructed precipitation for 3--6; ValueError: materially negative reconstructed precipitation for 3--6
2019-09-19T00:00:00+00:00,day1_24h,2019-09-20,103.95855712890625,0.012298232129131437,0.0,16.55455780029297,3.0704452991485596,True,False,ValueError: materially negative reconstructed precipitation for 21--24
2019-09-20T00:00:00+00:00,day1_24h,2019-09-21,79.94253540039062,0.004611837048424289,0.0,,,False,False,ValueError: materially negative reconstructed precipitation for 9--12; ValueError: materially negative reconstructed precipitation for 9--12; ValueError: materially negative reconstructed precipitation for 9--12; ValueError: materially negative reconstructed precipitation for 21--24
2019-09-21T00:00:00+00:00,day1_24h,2019-09-22,94.29369354248047,0.0023059185242121443,0.0,,,False,False,ValueError: materially negative reconstructed precipitation for 21--24; ValueError: materially negative reconstructed precipitation for 21--24
2019-09-22T00:00:00+00:00,day1_24h,2019-09-23,92.3174819946289,0.005380476556495004,0.0,,,False,False,ValueError: materially negative reconstructed precipitation for 15--18; ValueError: materially negative reconstructed precipitation for 9--12; ValueError: materially negative reconstructed precipitation for 21--24; ValueError: materially negative reconstructed precipitation for 9--12
2019-09-23T00:00:00+00:00,day1_24h,2019-09-24,134.7505645751953,0.0207532667179093,0.0007686395080707148,22.43638038635254,2.149977684020996,True,False,ValueError: materially negative reconstructed precipitation for 9--12; ValueError: materially negative reconstructed precipitation for 15--18
2019-09-24T00:00:00+00:00,day1_24h,2019-09-25,112.65422058105469,0.035357417371252885,0.0,,,False,False,ValueError: materially negative reconstructed precipitation for 9--12; ValueError: materially negative reconstructed precipitation for 15--18; ValueError: materially negative reconstructed precipitation for 9--12
2019-09-25T00:00:00+00:00,day1_24h,2019-09-26,124.42750549316406,0.009992313604919293,0.0007686395080707148,,,False,False,ValueError: materially negative reconstructed precipitation for 9--12; ValueError: materially negative reconstructed precipitation for 9--12
2019-09-26T00:00:00+00:00,day1_24h,2019-09-27,101.00524139404297,0.005380476556495004,0.0,,,False,False,ValueError: materially negative reconstructed precipitation for 15--18; ValueError: materially negative reconstructed precipitation for 21--24
2019-09-27T00:00:00+00:00,day1_24h,2019-09-28,146.56764221191406,0.006149116064565719,0.0023059185242121443,,,False,False,ValueError: materially negative reconstructed precipitation for 15--18; ValueError: materially negative reconstructed precipitation for 9--12; ValueError: materially negative reconstructed precipitation for 9--12; ValueError: materially negative reconstructed precipitation for 15--18
2019-09-28T00:00:00+00:00,day1_24h,2019-09-29,96.33102416992188,0.003843197540353574,0.0,,,False,False,ValueError: materially negative reconstructed precipitation for 15--18; ValueError: materially negative reconstructed precipitation for 15--18; ValueError: materially negative reconstructed precipitation for 21--24; ValueError: materially negative reconstructed precipitation for 21--24; ValueError: materially negative reconstructed precipitation for 9--12
2019-09-29T00:00:00+00:00,day1_24h,2019-09-30,304.18707275390625,0.022290545734050732,0.006917755572636433,,,False,False,ValueError: materially negative reconstructed precipitation for 9--12; ValueError: materially negative reconstructed precipitation for 9--12
2019-09-30T00:00:00+00:00,day1_24h,2019-10-01,65.97267150878906,0.0007686395080707148,0.0,9.635260581970215,4.175688743591309,True,False,ValueError: materially negative reconstructed precipitation for 3--6; ValueError: materially negative reconstructed precipitation for 3--6; ValueError: materially negative reconstructed precipitation for 3--6
2019-06-01T00:00:00+00:00,day2_24h,2019-06-03,59.3596076965332,0.0,0.0,,,False,False,ValueError: materially negative reconstructed precipitation for 27--30; ValueError: materially negative reconstructed precipitation for 27--30; ValueError: materially negative reconstructed precipitation for 27--30; ValueError: materially negative reconstructed precipitation for 39--42
2019-06-02T00:00:00+00:00,day2_24h,2019-06-04,41.30910110473633,0.0,0.0,,,False,False,ValueError: materially negative reconstructed precipitation for 27--30; ValueError: materially negative reconstructed precipitation for 39--42; ValueError: materially negative reconstructed precipitation for 33--36; ValueError: materially negative reconstructed precipitation for 27--30; ValueError: materially negative reconstructed precipitation for 39--42
2019-06-03T00:00:00+00:00,day2_24h,2019-06-05,66.128173828125,0.0007686395080707148,0.0,,,False,False,ValueError: materially negative reconstructed precipitation for 27--30; ValueError: materially negative reconstructed precipitation for 33--36; ValueError: materially negative reconstructed precipitation for 33--36
2019-06-04T00:00:00+00:00,day2_24h,2019-06-06,83.7791519165039,0.0007686395080707148,0.0,,,False,False,ValueError: materially negative reconstructed precipitation for 27--30; ValueError: materially negative reconstructed precipitation for 27--30; ValueError: materially negative reconstructed precipitation for 27--30; ValueError: materially negative reconstructed precipitation for 33--36; ValueError: materially negative reconstructed precipitation for 33--36
2019-06-05T00:00:00+00:00,day2_24h,2019-06-07,56.59150695800781,0.0,0.0,,,False,False,ValueError: materially negative reconstructed precipitation for 45--48; ValueError: materially negative reconstructed precipitation for 39--42; ValueError: materially negative reconstructed precipitation for 27--30; ValueError: materially negative reconstructed precipitation for 33--36; ValueError: materially negative reconstructed precipitation for 45--48
2019-06-06T00:00:00+00:00,day2_24h,2019-06-08,52.07280731201172,0.0,0.0,,,False,False,ValueError: materially negative reconstructed precipitation for 45--48; ValueError: materially negative reconstructed precipitation for 39--42; ValueError: materially negative reconstructed precipitation for 45--48; ValueError: materially negative reconstructed precipitation for 39--42
2019-06-07T00:00:00+00:00,day2_24h,2019-06-09,29.070924758911133,0.0,0.0,,,False,False,ValueError: materially negative reconstructed precipitation for 27--30; ValueError: materially negative reconstructed precipitation for 33--36; ValueError: materially negative reconstructed precipitation for 33--36
2019-06-08T00:00:00+00:00,day2_24h,2019-06-10,84.53436279296875,0.003843197540353574,0.0,,,False,False,ValueError: materially negative reconstructed precipitation for 27--30; ValueError: materially negative reconstructed precipitation for 33--36; ValueError: materially negative reconstructed precipitation for 27--30
2019-06-09T00:00:00+00:00,day2_24h,2019-06-11,72.9984359741211,0.0015372790161414297,0.0,,,False,False,ValueError: materially negative reconstructed precipitation for 33--36; ValueError: materially negative reconstructed precipitation for 33--36; ValueError: materially negative reconstructed precipitation for 33--36; ValueError: materially negative reconstructed precipitation for 33--36
2019-06-10T00:00:00+00:00,day2_24h,2019-06-12,112.48860168457031,0.0030745580322828594,0.0,,,False,False,ValueError: materially negative reconstructed precipitation for 45--48; ValueError: materially negative reconstructed precipitation for 45--48; ValueError: materially negative reconstructed precipitation for 39--42
2019-06-11T00:00:00+00:00,day2_24h,2019-06-13,135.8692626953125,0.015372790161414296,0.0023059185242121443,10.19041633605957,0.9576288461685181,True,False,ValueError: materially negative reconstructed precipitation for 39--42
2019-06-12T00:00:00+00:00,day2_24h,2019-06-14,151.83900451660156,0.01921598770176787,0.0015372790161414297,,,False,False,ValueError: materially negative reconstructed precipitation for 39--42; ValueError: materially negative reconstructed precipitation for 33--36; ValueError: materially negative reconstructed precipitation for 39--42
2019-06-13T00:00:00+00:00,day2_24h,2019-06-15,101.94660186767578,0.003843197540353574,0.0,,,False,False,ValueError: materially negative reconstructed precipitation for 45--48; ValueError: materially negative reconstructed precipitation for 27--30; ValueError: materially negative reconstructed precipitation for 33--36
2019-06-14T00:00:00+00:00,day2_24h,2019-06-16,35.834136962890625,0.0,0.0,,,False,False,ValueError: materially negative reconstructed precipitation for 27--30; ValueError: materially negative reconstructed precipitation for 27--30; ValueError: materially negative reconstructed precipitation for 27--30
2019-06-15T00:00:00+00:00,day2_24h,2019-06-17,25.179811477661133,0.0,0.0,,,False,False,ValueError: materially negative reconstructed precipitation for 33--36; ValueError: materially negative reconstructed precipitation for 39--42; ValueError: materially negative reconstructed precipitation for 33--36; ValueError: materially negative reconstructed precipitation for 27--30
2019-06-16T00:00:00+00:00,day2_24h,2019-06-18,55.770286560058594,0.0,0.0,,,False,False,ValueError: materially negative reconstructed precipitation for 39--42; ValueError: materially negative reconstructed precipitation for 39--42; ValueError: materially negative reconstructed precipitation for 27--30; ValueError: materially negative reconstructed precipitation for 27--30
2019-06-17T00:00:00+00:00,day2_24h,2019-06-19,68.5879898071289,0.0030745580322828594,0.0,,,False,False,ValueError: materially negative reconstructed precipitation for 39--42; ValueError: materially negative reconstructed precipitation for 45--48; ValueError: materially negative reconstructed precipitation for 39--42
2019-06-18T00:00:00+00:00,day2_24h,2019-06-20,228.24957275390625,0.01614142966948501,0.003843197540353574,,,False,False,ValueError: materially negative reconstructed precipitation for 27--30; ValueError: materially negative reconstructed precipitation for 39--42; ValueError: materially negative reconstructed precipitation for 39--42; ValueError: materially negative reconstructed precipitation for 27--30; ValueError: materially negative reconstructed precipitation for 39--42
2019-06-19T00:00:00+00:00,day2_24h,2019-06-21,92.73223876953125,0.0030745580322828594,0.0,,,False,False,ValueError: materially negative reconstructed precipitation for 39--42; ValueError: materially negative reconstructed precipitation for 27--30; ValueError: materially negative reconstructed precipitation for 33--36
2019-06-20T00:00:00+00:00,day2_24h,2019-06-22,140.81016540527344,0.010760953112990008,0.0023059185242121443,,,False,False,ValueError: materially negative reconstructed precipitation for 33--36; ValueError: materially negative reconstructed precipitation for 33--36; ValueError: materially negative reconstructed precipitation for 27--30; ValueError: materially negative reconstructed precipitation for 33--36
2019-06-21T00:00:00+00:00,day2_24h,2019-06-23,84.84105682373047,0.006149116064565719,0.0,,,False,False,ValueError: materially negative reconstructed precipitation for 33--36; ValueError: materially negative reconstructed precipitation for 33--36; ValueError: materially negative reconstructed precipitation for 27--30; ValueError: materially negative reconstructed precipitation for 33--36; ValueError: materially negative reconstructed precipitation for 27--30
2019-06-22T00:00:00+00:00,day2_24h,2019-06-24,98.64341735839844,0.009223674096848577,0.0,,,False,False,ValueError: materially negative reconstructed precipitation for 27--30; ValueError: materially negative reconstructed precipitation for 27--30; ValueError: materially negative reconstructed precipitation for 45--48; ValueError: materially negative reconstructed precipitation for 27--30
2019-06-23T00:00:00+00:00,day2_24h,2019-06-25,70.89567565917969,0.0023059185242121443,0.0,,,False,False,ValueError: materially negative reconstructed precipitation for 27--30; ValueError: materially negative reconstructed precipitation for 27--30; ValueError: materially negative reconstructed precipitation for 39--42
2019-06-24T00:00:00+00:00,day2_24h,2019-06-26,114.57269287109375,0.003843197540353574,0.0,,,False,False,ValueError: materially negative reconstructed precipitation for 27--30; ValueError: materially negative reconstructed precipitation for 27--30; ValueError: materially negative reconstructed precipitation for 27--30; ValueError: materially negative reconstructed precipitation for 39--42; ValueError: materially negative reconstructed precipitation for 45--48
2019-06-25T00:00:00+00:00,day2_24h,2019-06-27,135.44686889648438,0.011529592621060722,0.0030745580322828594,,,False,False,ValueError: materially negative reconstructed precipitation for 27--30; ValueError: materially negative reconstructed precipitation for 27--30; ValueError: materially negative reconstructed precipitation for 39--42; ValueError: materially negative reconstructed precipitation for 39--42; ValueError: materially negative reconstructed precipitation for 27--30
2019-06-26T00:00:00+00:00,day2_24h,2019-06-28,157.9206085205078,0.03766333589546503,0.007686395080707148,,,False,False,ValueError: materially negative reconstructed precipitation for 27--30; ValueError: materially negative reconstructed precipitation for 33--36; ValueError: materially negative reconstructed precipitation for 39--42; ValueError: materially negative reconstructed precipitation for 27--30; ValueError: materially negative reconstructed precipitation for 27--30
2019-06-27T00:00:00+00:00,day2_24h,2019-06-29,393.8091735839844,0.06379707916986933,0.03228285933897002,,,False,False,ValueError: materially negative reconstructed precipitation for 33--36; ValueError: materially negative reconstructed precipitation for 33--36; ValueError: materially negative reconstructed precipitation for 27--30; ValueError: materially negative reconstructed precipitation for 27--30; ValueError: materially negative reconstructed precipitation for 33--36
2019-06-28T00:00:00+00:00,day2_24h,2019-06-30,193.6158447265625,0.05764796310530361,0.02997694081475788,31.050329208374023,6.309709072113037,True,False,ValueError: materially negative reconstructed precipitation for 27--30; ValueError: materially negative reconstructed precipitation for 45--48; ValueError: materially negative reconstructed precipitation for 39--42
2019-06-29T00:00:00+00:00,day2_24h,2019-07-01,325.3714294433594,0.03996925441967717,0.016910069177555727,24.570642471313477,-3.822460412979126,True,False,ValueError: materially negative reconstructed precipitation for 45--48; ValueError: materially negative reconstructed precipitation for 45--48
2019-06-30T00:00:00+00:00,day2_24h,2019-07-02,331.5201721191406,0.03228285933897002,0.01921598770176787,,,False,False,ValueError: materially negative reconstructed precipitation for 33--36; ValueError: materially negative reconstructed precipitation for 33--36; ValueError: materially negative reconstructed precipitation for 33--36; ValueError: materially negative reconstructed precipitation for 27--30; ValueError: materially negative reconstructed precipitation for 27--30
2019-07-01T00:00:00+00:00,day2_24h,2019-07-03,92.95187377929688,0.010760953112990008,0.0,,,False,False,ValueError: materially negative reconstructed precipitation for 33--36; ValueError: materially negative reconstructed precipitation for 33--36
2019-07-02T00:00:00+00:00,day2_24h,2019-07-04,101.47708129882812,0.0007686395080707148,0.0,,,False,False,ValueError: materially negative reconstructed precipitation for 45--48; ValueError: materially negative reconstructed precipitation for 27--30; ValueError: materially negative reconstructed precipitation for 27--30; ValueError: materially negative reconstructed precipitation for 39--42
2019-07-03T00:00:00+00:00,day2_24h,2019-07-05,127.19999694824219,0.008455034588777863,0.0007686395080707148,,,False,False,ValueError: materially negative reconstructed precipitation for 45--48; ValueError: materially negative reconstructed precipitation for 45--48; ValueError: materially negative reconstructed precipitation for 39--42
2019-07-04T00:00:00+00:00,day2_24h,2019-07-06,147.86448669433594,0.043812451960030745,0.003843197540353574,,,False,False,ValueError: materially negative reconstructed precipitation for 27--30; ValueError: materially negative reconstructed precipitation for 39--42
2019-07-05T00:00:00+00:00,day2_24h,2019-07-07,263.0617980957031,0.04996156802459646,0.018447348193697154,,,False,False,ValueError: materially negative reconstructed precipitation for 45--48; ValueError: materially negative reconstructed precipitation for 33--36
2019-07-06T00:00:00+00:00,day2_24h,2019-07-08,200.330322265625,0.02382782475019216,0.0030745580322828594,13.463117599487305,-0.24228717386722565,True,False,ValueError: materially negative reconstructed precipitation for 33--36; ValueError: materially negative reconstructed precipitation for 39--42; ValueError: materially negative reconstructed precipitation for 27--30
2019-07-07T00:00:00+00:00,day2_24h,2019-07-09,143.87918090820312,0.02843966179861645,0.007686395080707148,,,False,False,ValueError: materially negative reconstructed precipitation for 33--36; ValueError: materially negative reconstructed precipitation for 27--30; ValueError: materially negative reconstructed precipitation for 27--30
2019-07-08T00:00:00+00:00,day2_24h,2019-07-10,138.06211853027344,0.030745580322828592,0.003843197540353574,,,False,False,ValueError: materially negative reconstructed precipitation for 39--42; ValueError: materially negative reconstructed precipitation for 45--48; ValueError: materially negative reconstructed precipitation for 45--48
2019-07-09T00:00:00+00:00,day2_24h,2019-07-11,237.77615356445312,0.05764796310530361,0.014604150653343582,,,False,False,ValueError: materially negative reconstructed precipitation for 33--36; ValueError: materially negative reconstructed precipitation for 27--30; ValueError: materially negative reconstructed precipitation for 45--48; ValueError: materially negative reconstructed precipitation for 27--30; ValueError: materially negative reconstructed precipitation for 27--30
2019-07-10T00:00:00+00:00,day2_24h,2019-07-12,147.3971710205078,0.027671022290545733,0.006149116064565719,,,False,False,ValueError: materially negative reconstructed precipitation for 27--30; ValueError: materially negative reconstructed precipitation for 27--30; ValueError: materially negative reconstructed precipitation for 27--30; ValueError: materially negative reconstructed precipitation for 33--36; ValueError: materially negative reconstructed precipitation for 39--42
2019-07-11T00:00:00+00:00,day2_24h,2019-07-13,104.80204010009766,0.006149116064565719,0.0,,,False,False,ValueError: materially negative reconstructed precipitation for 27--30; ValueError: materially negative reconstructed precipitation for 27--30; ValueError: materially negative reconstructed precipitation for 27--30; ValueError: materially negative reconstructed precipitation for 45--48; ValueError: materially negative reconstructed precipitation for 33--36
2019-07-12T00:00:00+00:00,day2_24h,2019-07-14,82.88980102539062,0.0030745580322828594,0.0,,,False,False,ValueError: materially negative reconstructed precipitation for 27--30; ValueError: materially negative reconstructed precipitation for 33--36; ValueError: materially negative reconstructed precipitation for 27--30; ValueError: materially negative reconstructed precipitation for 33--36; ValueError: materially negative reconstructed precipitation for 33--36
2019-07-13T00:00:00+00:00,day2_24h,2019-07-15,125.94972229003906,0.01614142966948501,0.0023059185242121443,,,False,False,ValueError: materially negative reconstructed precipitation for 27--30; ValueError: materially negative reconstructed precipitation for 27--30; ValueError: materially negative reconstructed precipitation for 27--30; ValueError: materially negative reconstructed precipitation for 27--30; ValueError: materially negative reconstructed precipitation for 39--42
2019-07-14T00:00:00+00:00,day2_24h,2019-07-16,98.7817153930664,0.011529592621060722,0.0,,,False,False,ValueError: materially negative reconstructed precipitation for 33--36; ValueError: materially negative reconstructed precipitation for 33--36; ValueError: materially negative reconstructed precipitation for 45--48; ValueError: materially negative reconstructed precipitation for 27--30; ValueError: materially negative reconstructed precipitation for 27--30
2019-07-15T00:00:00+00:00,day2_24h,2019-07-17,167.49534606933594,0.006149116064565719,0.0015372790161414297,,,False,False,ValueError: materially negative reconstructed precipitation for 27--30; ValueError: materially negative reconstructed precipitation for 39--42; ValueError: materially negative reconstructed precipitation for 27--30
2019-07-16T00:00:00+00:00,day2_24h,2019-07-18,41.208351135253906,0.0,0.0,,,False,False,ValueError: materially negative reconstructed precipitation for 45--48; ValueError: materially negative reconstructed precipitation for 45--48
2019-07-17T00:00:00+00:00,day2_24h,2019-07-19,165.54103088378906,0.01921598770176787,0.003843197540353574,,,False,False,ValueError: materially negative reconstructed precipitation for 33--36; ValueError: materially negative reconstructed precipitation for 39--42; ValueError: materially negative reconstructed precipitation for 33--36; ValueError: materially negative reconstructed precipitation for 39--42
2019-07-18T00:00:00+00:00,day2_24h,2019-07-20,272.2645263671875,0.045349730976172176,0.007686395080707148,,,False,False,ValueError: materially negative reconstructed precipitation for 27--30; ValueError: materially negative reconstructed precipitation for 33--36
2019-07-19T00:00:00+00:00,day2_24h,2019-07-21,116.51204681396484,0.030745580322828592,0.0015372790161414297,,,False,False,ValueError: materially negative reconstructed precipitation for 27--30; ValueError: materially negative reconstructed precipitation for 27--30; ValueError: materially negative reconstructed precipitation for 33--36; ValueError: materially negative reconstructed precipitation for 39--42
2019-07-20T00:00:00+00:00,day2_24h,2019-07-22,159.3773193359375,0.026133743274404306,0.0030745580322828594,,,False,False,ValueError: materially negative reconstructed precipitation for 27--30; ValueError: materially negative reconstructed precipitation for 27--30; ValueError: materially negative reconstructed precipitation for 27--30; ValueError: materially negative reconstructed precipitation for 39--42
2019-07-21T00:00:00+00:00,day2_24h,2019-07-23,267.84674072265625,0.03996925441967717,0.015372790161414296,,,False,False,ValueError: materially negative reconstructed precipitation for 27--30; ValueError: materially negative reconstructed precipitation for 27--30
2019-07-22T00:00:00+00:00,day2_24h,2019-07-24,222.1275634765625,0.02843966179861645,0.0030745580322828594,,,False,False,ValueError: materially negative reconstructed precipitation for 27--30; ValueError: materially negative reconstructed precipitation for 39--42; ValueError: materially negative reconstructed precipitation for 45--48
2019-07-23T00:00:00+00:00,day2_24h,2019-07-25,182.00633239746094,0.04765564950038432,0.009992313604919293,,,False,False,ValueError: materially negative reconstructed precipitation for 45--48; ValueError: materially negative reconstructed precipitation for 39--42; ValueError: materially negative reconstructed precipitation for 33--36; ValueError: materially negative reconstructed precipitation for 33--36
2019-07-24T00:00:00+00:00,day2_24h,2019-07-26,147.6322479248047,0.03151421983089931,0.0007686395080707148,,,False,False,ValueError: materially negative reconstructed precipitation for 33--36; ValueError: materially negative reconstructed precipitation for 27--30; ValueError: materially negative reconstructed precipitation for 27--30
2019-07-25T00:00:00+00:00,day2_24h,2019-07-27,364.3852233886719,0.06610299769408147,0.027671022290545733,,,False,False,ValueError: materially negative reconstructed precipitation for 33--36; ValueError: materially negative reconstructed precipitation for 33--36; ValueError: materially negative reconstructed precipitation for 39--42; ValueError: materially negative reconstructed precipitation for 39--42
2019-07-26T00:00:00+00:00,day2_24h,2019-07-28,267.0084228515625,0.03689469638739431,0.010760953112990008,,,False,False,ValueError: materially negative reconstructed precipitation for 27--30; ValueError: materially negative reconstructed precipitation for 27--30; ValueError: materially negative reconstructed precipitation for 39--42
2019-07-27T00:00:00+00:00,day2_24h,2019-07-29,219.84202575683594,0.033820138355111454,0.006149116064565719,,,False,False,ValueError: materially negative reconstructed precipitation for 45--48; ValueError: materially negative reconstructed precipitation for 27--30; ValueError: materially negative reconstructed precipitation for 27--30; ValueError: materially negative reconstructed precipitation for 39--42; ValueError: materially negative reconstructed precipitation for 27--30
2019-07-28T00:00:00+00:00,day2_24h,2019-07-30,280.91461181640625,0.10453497309761722,0.03151421983089931,,,False,False,ValueError: materially negative reconstructed precipitation for 27--30; ValueError: materially negative reconstructed precipitation for 33--36; ValueError: materially negative reconstructed precipitation for 27--30; ValueError: materially negative reconstructed precipitation for 39--42; ValueError: materially negative reconstructed precipitation for 39--42
2019-07-29T00:00:00+00:00,day2_24h,2019-07-31,172.22874450683594,0.06917755572636433,0.012298232129131437,,,False,False,ValueError: materially negative reconstructed precipitation for 33--36; ValueError: materially negative reconstructed precipitation for 33--36; ValueError: materially negative reconstructed precipitation for 33--36
2019-07-30T00:00:00+00:00,day2_24h,2019-08-01,162.09869384765625,0.042275172943889314,0.006149116064565719,16.780372619628906,-1.2933533191680908,True,False,ValueError: materially negative reconstructed precipitation for 39--42; ValueError: materially negative reconstructed precipitation for 39--42
2019-07-31T00:00:00+00:00,day2_24h,2019-08-02,236.5991668701172,0.033820138355111454,0.007686395080707148,,,False,False,ValueError: materially negative reconstructed precipitation for 33--36; ValueError: materially negative reconstructed precipitation for 33--36; ValueError: materially negative reconstructed precipitation for 45--48
2019-08-01T00:00:00+00:00,day2_24h,2019-08-03,293.1243591308594,0.10299769408147579,0.03766333589546503,,,False,False,ValueError: materially negative reconstructed precipitation for 45--48; ValueError: materially negative reconstructed precipitation for 27--30; ValueError: materially negative reconstructed precipitation for 33--36
2019-08-02T00:00:00+00:00,day2_24h,2019-08-04,451.3998107910156,0.11299000768639508,0.05918524212144504,,,False,False,ValueError: materially negative reconstructed precipitation for 39--42; ValueError: materially negative reconstructed precipitation for 39--42; ValueError: materially negative reconstructed precipitation for 27--30
2019-08-03T00:00:00+00:00,day2_24h,2019-08-05,476.97259521484375,0.12144504227517294,0.053804765564950036,,,False,False,ValueError: materially negative reconstructed precipitation for 45--48; ValueError: materially negative reconstructed precipitation for 39--42
2019-08-04T00:00:00+00:00,day2_24h,2019-08-06,317.8310546875,0.10299769408147579,0.05841660261337433,34.937110900878906,-11.634196281433105,True,False,ValueError: materially negative reconstructed precipitation for 39--42; ValueError: materially negative reconstructed precipitation for 45--48; ValueError: materially negative reconstructed precipitation for 27--30; ValueError: materially negative reconstructed precipitation for 33--36
2019-08-05T00:00:00+00:00,day2_24h,2019-08-07,267.45556640625,0.1337432744043044,0.045349730976172176,32.44524383544922,-7.821677207946777,True,True,
2019-08-06T00:00:00+00:00,day2_24h,2019-08-08,249.9145965576172,0.10607225211375865,0.043812451960030745,,,False,False,ValueError: materially negative reconstructed precipitation for 39--42; ValueError: materially negative reconstructed precipitation for 33--36
2019-08-07T00:00:00+00:00,day2_24h,2019-08-09,331.4232482910156,0.15372790161414296,0.08147578785549578,49.48923110961914,-3.478466033935547,True,True,
2019-08-08T00:00:00+00:00,day2_24h,2019-08-10,310.6883850097656,0.12221368178324366,0.05226748654880861,40.04270935058594,-8.08204174041748,True,False,ValueError: materially negative reconstructed precipitation for 27--30; ValueError: materially negative reconstructed precipitation for 27--30
2019-08-09T00:00:00+00:00,day2_24h,2019-08-11,170.3697967529297,0.06302843966179862,0.014604150653343582,,,False,False,ValueError: materially negative reconstructed precipitation for 39--42; ValueError: materially negative reconstructed precipitation for 27--30; ValueError: materially negative reconstructed precipitation for 33--36; ValueError: materially negative reconstructed precipitation for 27--30; ValueError: materially negative reconstructed precipitation for 27--30
2019-08-10T00:00:00+00:00,day2_24h,2019-08-12,54.757286071777344,0.0,0.0,,,False,False,ValueError: materially negative reconstructed precipitation for 33--36; ValueError: materially negative reconstructed precipitation for 27--30; ValueError: materially negative reconstructed precipitation for 27--30; ValueError: materially negative reconstructed precipitation for 39--42; ValueError: materially negative reconstructed precipitation for 45--48
2019-08-11T00:00:00+00:00,day2_24h,2019-08-13,119.61044311523438,0.016910069177555727,0.0007686395080707148,,,False,False,ValueError: materially negative reconstructed precipitation for 27--30; ValueError: materially negative reconstructed precipitation for 39--42; ValueError: materially negative reconstructed precipitation for 39--42
2019-08-12T00:00:00+00:00,day2_24h,2019-08-14,140.4716339111328,0.03151421983089931,0.008455034588777863,,,False,False,ValueError: materially negative reconstructed precipitation for 39--42; ValueError: materially negative reconstructed precipitation for 45--48; ValueError: materially negative reconstructed precipitation for 39--42; ValueError: materially negative reconstructed precipitation for 39--42
2019-08-13T00:00:00+00:00,day2_24h,2019-08-15,203.71310424804688,0.026902382782475018,0.007686395080707148,,,False,False,ValueError: materially negative reconstructed precipitation for 33--36; ValueError: materially negative reconstructed precipitation for 39--42; ValueError: materially negative reconstructed precipitation for 27--30
2019-08-14T00:00:00+00:00,day2_24h,2019-08-16,94.97135162353516,0.003843197540353574,0.0,,,False,False,ValueError: materially negative reconstructed precipitation for 39--42; ValueError: materially negative reconstructed precipitation for 27--30; ValueError: materially negative reconstructed precipitation for 27--30; ValueError: materially negative reconstructed precipitation for 39--42; ValueError: materially negative reconstructed precipitation for 45--48
2019-08-15T00:00:00+00:00,day2_24h,2019-08-17,125.70968627929688,0.007686395080707148,0.0007686395080707148,,,False,False,ValueError: materially negative reconstructed precipitation for 27--30; ValueError: materially negative reconstructed precipitation for 39--42; ValueError: materially negative reconstructed precipitation for 45--48; ValueError: materially negative reconstructed precipitation for 27--30; ValueError: materially negative reconstructed precipitation for 27--30
2019-08-16T00:00:00+00:00,day2_24h,2019-08-18,117.46638488769531,0.0030745580322828594,0.0007686395080707148,,,False,False,ValueError: materially negative reconstructed precipitation for 27--30; ValueError: materially negative reconstructed precipitation for 45--48; ValueError: materially negative reconstructed precipitation for 33--36; ValueError: materially negative reconstructed precipitation for 39--42; ValueError: materially negative reconstructed precipitation for 33--36
2019-08-17T00:00:00+00:00,day2_24h,2019-08-19,104.52832794189453,0.006149116064565719,0.0,,,False,False,ValueError: materially negative reconstructed precipitation for 27--30; ValueError: materially negative reconstructed precipitation for 33--36; ValueError: materially negative reconstructed precipitation for 39--42; ValueError: materially negative reconstructed precipitation for 33--36; ValueError: materially negative reconstructed precipitation for 45--48
2019-08-18T00:00:00+00:00,day2_24h,2019-08-20,97.61551666259766,0.0030745580322828594,0.0,,,False,False,ValueError: materially negative reconstructed precipitation for 27--30; ValueError: materially negative reconstructed precipitation for 39--42; ValueError: materially negative reconstructed precipitation for 27--30; ValueError: materially negative reconstructed precipitation for 27--30; ValueError: materially negative reconstructed precipitation for 33--36
2019-08-19T00:00:00+00:00,day2_24h,2019-08-21,61.130043029785156,0.0,0.0,,,False,False,ValueError: materially negative reconstructed precipitation for 27--30; ValueError: materially negative reconstructed precipitation for 27--30; ValueError: materially negative reconstructed precipitation for 27--30; ValueError: materially negative reconstructed precipitation for 39--42
2019-08-20T00:00:00+00:00,day2_24h,2019-08-22,87.3914566040039,0.004611837048424289,0.0,,,False,False,ValueError: materially negative reconstructed precipitation for 27--30; ValueError: materially negative reconstructed precipitation for 27--30; ValueError: materially negative reconstructed precipitation for 45--48; ValueError: materially negative reconstructed precipitation for 39--42
2019-08-21T00:00:00+00:00,day2_24h,2019-08-23,85.7289047241211,0.009223674096848577,0.0,,,False,False,ValueError: materially negative reconstructed precipitation for 27--30; ValueError: materially negative reconstructed precipitation for 39--42; ValueError: materially negative reconstructed precipitation for 27--30
2019-08-22T00:00:00+00:00,day2_24h,2019-08-24,68.50159454345703,0.0023059185242121443,0.0,,,False,False,ValueError: materially negative reconstructed precipitation for 33--36; ValueError: materially negative reconstructed precipitation for 27--30; ValueError: materially negative reconstructed precipitation for 33--36
2019-08-23T00:00:00+00:00,day2_24h,2019-08-25,112.20134735107422,0.012298232129131437,0.0,,,False,False,ValueError: materially negative reconstructed precipitation for 39--42; ValueError: materially negative reconstructed precipitation for 33--36; ValueError: materially negative reconstructed precipitation for 27--30; ValueError: materially negative reconstructed precipitation for 39--42
2019-08-24T00:00:00+00:00,day2_24h,2019-08-26,104.82127380371094,0.010760953112990008,0.0,,,False,False,ValueError: materially negative reconstructed precipitation for 27--30; ValueError: materially negative reconstructed precipitation for 45--48; ValueError: materially negative reconstructed precipitation for 33--36; ValueError: materially negative reconstructed precipitation for 27--30; ValueError: materially negative reconstructed precipitation for 27--30
2019-08-25T00:00:00+00:00,day2_24h,2019-08-27,93.2520980834961,0.007686395080707148,0.0,,,False,False,ValueError: materially negative reconstructed precipitation for 27--30; ValueError: materially negative reconstructed precipitation for 39--42; ValueError: materially negative reconstructed precipitation for 45--48; ValueError: materially negative reconstructed precipitation for 39--42
2019-08-26T00:00:00+00:00,day2_24h,2019-08-28,66.20504760742188,0.0007686395080707148,0.0,,,False,False,ValueError: materially negative reconstructed precipitation for 27--30; ValueError: materially negative reconstructed precipitation for 27--30; ValueError: materially negative reconstructed precipitation for 33--36; ValueError: materially negative reconstructed precipitation for 27--30; ValueError: materially negative reconstructed precipitation for 27--30
2019-08-27T00:00:00+00:00,day2_24h,2019-08-29,59.349369049072266,0.0,0.0,,,False,False,ValueError: materially negative reconstructed precipitation for 33--36; ValueError: materially negative reconstructed precipitation for 27--30; ValueError: materially negative reconstructed precipitation for 33--36; ValueError: materially negative reconstructed precipitation for 39--42; ValueError: materially negative reconstructed precipitation for 33--36
2019-08-28T00:00:00+00:00,day2_24h,2019-08-30,114.3659896850586,0.009223674096848577,0.0,,,False,False,ValueError: materially negative reconstructed precipitation for 33--36; ValueError: materially negative reconstructed precipitation for 45--48; ValueError: materially negative reconstructed precipitation for 33--36; ValueError: materially negative reconstructed precipitation for 27--30; ValueError: materially negative reconstructed precipitation for 33--36
2019-08-29T00:00:00+00:00,day2_24h,2019-08-31,132.07164001464844,0.009992313604919293,0.0023059185242121443,,,False,False,ValueError: materially negative reconstructed precipitation for 39--42; ValueError: materially negative reconstructed precipitation for 27--30; ValueError: materially negative reconstructed precipitation for 27--30; ValueError: materially negative reconstructed precipitation for 39--42
2019-08-30T00:00:00+00:00,day2_24h,2019-09-01,119.79582214355469,0.026902382782475018,0.0007686395080707148,,,False,False,ValueError: materially negative reconstructed precipitation for 27--30; ValueError: materially negative reconstructed precipitation for 33--36; ValueError: materially negative reconstructed precipitation for 39--42
2019-08-31T00:00:00+00:00,day2_24h,2019-09-02,115.79761505126953,0.034588777863182166,0.0007686395080707148,,,False,False,ValueError: materially negative reconstructed precipitation for 27--30; ValueError: materially negative reconstructed precipitation for 27--30; ValueError: materially negative reconstructed precipitation for 39--42; ValueError: materially negative reconstructed precipitation for 27--30
2019-09-01T00:00:00+00:00,day2_24h,2019-09-03,132.11866760253906,0.026902382782475018,0.005380476556495004,,,False,False,ValueError: materially negative reconstructed precipitation for 33--36; ValueError: materially negative reconstructed precipitation for 33--36; ValueError: materially negative reconstructed precipitation for 27--30
2019-09-02T00:00:00+00:00,day2_24h,2019-09-04,227.6058807373047,0.0415065334358186,0.014604150653343582,22.593347549438477,-2.920271873474121,True,False,ValueError: materially negative reconstructed precipitation for 45--48; ValueError: materially negative reconstructed precipitation for 27--30
2019-09-03T00:00:00+00:00,day2_24h,2019-09-05,208.3598175048828,0.07840122982321292,0.024596464258262875,23.85582733154297,0.6947240233421326,True,False,ValueError: materially negative reconstructed precipitation for 27--30; ValueError: materially negative reconstructed precipitation for 45--48
2019-09-04T00:00:00+00:00,day2_24h,2019-09-06,179.38650512695312,0.03843197540353574,0.007686395080707148,,,False,False,ValueError: materially negative reconstructed precipitation for 39--42; ValueError: materially negative reconstructed precipitation for 39--42; ValueError: materially negative reconstructed precipitation for 27--30
2019-09-05T00:00:00+00:00,day2_24h,2019-09-07,206.09622192382812,0.04688700999231361,0.007686395080707148,,,False,False,ValueError: materially negative reconstructed precipitation for 33--36; ValueError: materially negative reconstructed precipitation for 33--36; ValueError: materially negative reconstructed precipitation for 27--30; ValueError: materially negative reconstructed precipitation for 27--30
2019-09-06T00:00:00+00:00,day2_24h,2019-09-08,219.9084930419922,0.07609531129900077,0.0207532667179093,,,False,False,ValueError: materially negative reconstructed precipitation for 39--42; ValueError: materially negative reconstructed precipitation for 45--48; ValueError: materially negative reconstructed precipitation for 39--42
2019-09-07T00:00:00+00:00,day2_24h,2019-09-09,107.55560302734375,0.029208301306687164,0.0,,,False,False,ValueError: materially negative reconstructed precipitation for 33--36; ValueError: materially negative reconstructed precipitation for 27--30; ValueError: materially negative reconstructed precipitation for 33--36; ValueError: materially negative reconstructed precipitation for 39--42
2019-09-08T00:00:00+00:00,day2_24h,2019-09-10,256.11907958984375,0.018447348193697154,0.0023059185242121443,,,False,False,ValueError: materially negative reconstructed precipitation for 33--36; ValueError: materially negative reconstructed precipitation for 33--36; ValueError: materially negative reconstructed precipitation for 33--36
2019-09-09T00:00:00+00:00,day2_24h,2019-09-11,150.45960998535156,0.013835511145272867,0.0007686395080707148,,,False,False,ValueError: materially negative reconstructed precipitation for 33--36; ValueError: materially negative reconstructed precipitation for 45--48; ValueError: materially negative reconstructed precipitation for 39--42; ValueError: materially negative reconstructed precipitation for 27--30
2019-09-10T00:00:00+00:00,day2_24h,2019-09-12,109.43338775634766,0.015372790161414296,0.0,,,False,False,ValueError: materially negative reconstructed precipitation for 27--30; ValueError: materially negative reconstructed precipitation for 45--48; ValueError: materially negative reconstructed precipitation for 27--30; ValueError: materially negative reconstructed precipitation for 33--36
2019-09-11T00:00:00+00:00,day2_24h,2019-09-13,110.53950500488281,0.006149116064565719,0.0,,,False,False,ValueError: materially negative reconstructed precipitation for 33--36; ValueError: materially negative reconstructed precipitation for 27--30; ValueError: materially negative reconstructed precipitation for 39--42
2019-09-12T00:00:00+00:00,day2_24h,2019-09-14,152.0,0.006917755572636433,0.0007686395080707148,,,False,False,ValueError: materially negative reconstructed precipitation for 27--30; ValueError: materially negative reconstructed precipitation for 27--30
2019-09-13T00:00:00+00:00,day2_24h,2019-09-15,216.40438842773438,0.014604150653343582,0.003843197540353574,16.25416374206543,-2.889188051223755,True,False,ValueError: materially negative reconstructed precipitation for 33--36
2019-09-14T00:00:00+00:00,day2_24h,2019-09-16,136.85055541992188,0.011529592621060722,0.0023059185242121443,,,False,False,ValueError: materially negative reconstructed precipitation for 33--36; ValueError: materially negative reconstructed precipitation for 33--36
2019-09-15T00:00:00+00:00,day2_24h,2019-09-17,123.03447723388672,0.011529592621060722,0.0015372790161414297,18.725709915161133,3.9997966289520264,True,True,
2019-09-16T00:00:00+00:00,day2_24h,2019-09-18,202.33090209960938,0.018447348193697154,0.0015372790161414297,18.151647567749023,-2.0091402530670166,True,False,ValueError: materially negative reconstructed precipitation for 39--42; ValueError: materially negative reconstructed precipitation for 33--36
2019-09-17T00:00:00+00:00,day2_24h,2019-09-19,159.48736572265625,0.013066871637202153,0.003843197540353574,20.074159622192383,-1.6733585596084595,True,False,ValueError: materially negative reconstructed precipitation for 33--36
2019-09-18T00:00:00+00:00,day2_24h,2019-09-20,103.95855712890625,0.012298232129131437,0.0,,,False,False,ValueError: materially negative reconstructed precipitation for 39--42; ValueError: materially negative reconstructed precipitation for 33--36
2019-09-19T00:00:00+00:00,day2_24h,2019-09-21,79.94253540039062,0.004611837048424289,0.0,,,False,False,ValueError: materially negative reconstructed precipitation for 27--30; ValueError: materially negative reconstructed precipitation for 27--30; ValueError: materially negative reconstructed precipitation for 45--48; ValueError: materially negative reconstructed precipitation for 33--36
2019-09-20T00:00:00+00:00,day2_24h,2019-09-22,94.29369354248047,0.0023059185242121443,0.0,,,False,False,ValueError: materially negative reconstructed precipitation for 27--30; ValueError: materially negative reconstructed precipitation for 39--42; ValueError: materially negative reconstructed precipitation for 27--30; ValueError: materially negative reconstructed precipitation for 33--36
2019-09-21T00:00:00+00:00,day2_24h,2019-09-23,92.3174819946289,0.005380476556495004,0.0,,,False,False,ValueError: materially negative reconstructed precipitation for 33--36; ValueError: materially negative reconstructed precipitation for 45--48; ValueError: materially negative reconstructed precipitation for 27--30; ValueError: materially negative reconstructed precipitation for 33--36; ValueError: materially negative reconstructed precipitation for 45--48
2019-09-22T00:00:00+00:00,day2_24h,2019-09-24,134.7505645751953,0.0207532667179093,0.0007686395080707148,,,False,False,ValueError: materially negative reconstructed precipitation for 27--30; ValueError: materially negative reconstructed precipitation for 45--48
2019-09-23T00:00:00+00:00,day2_24h,2019-09-25,112.65422058105469,0.035357417371252885,0.0,21.805391311645508,1.0666395425796509,True,False,ValueError: materially negative reconstructed precipitation for 33--36; ValueError: materially negative reconstructed precipitation for 39--42; ValueError: materially negative reconstructed precipitation for 27--30; ValueError: materially negative reconstructed precipitation for 33--36
2019-09-24T00:00:00+00:00,day2_24h,2019-09-26,124.42750549316406,0.009992313604919293,0.0007686395080707148,,,False,False,ValueError: materially negative reconstructed precipitation for 27--30; ValueError: materially negative reconstructed precipitation for 33--36; ValueError: materially negative reconstructed precipitation for 27--30
2019-09-25T00:00:00+00:00,day2_24h,2019-09-27,101.00524139404297,0.005380476556495004,0.0,,,False,False,ValueError: materially negative reconstructed precipitation for 27--30; ValueError: materially negative reconstructed precipitation for 33--36; ValueError: materially negative reconstructed precipitation for 27--30; ValueError: materially negative reconstructed precipitation for 45--48
2019-09-26T00:00:00+00:00,day2_24h,2019-09-28,146.56764221191406,0.006149116064565719,0.0023059185242121443,,,False,False,ValueError: materially negative reconstructed precipitation for 27--30; ValueError: materially negative reconstructed precipitation for 45--48; ValueError: materially negative reconstructed precipitation for 27--30; ValueError: materially negative reconstructed precipitation for 39--42; ValueError: materially negative reconstructed precipitation for 39--42
2019-09-27T00:00:00+00:00,day2_24h,2019-09-29,96.33102416992188,0.003843197540353574,0.0,,,False,False,ValueError: materially negative reconstructed precipitation for 33--36; ValueError: materially negative reconstructed precipitation for 27--30; ValueError: materially negative reconstructed precipitation for 27--30; ValueError: materially negative reconstructed precipitation for 27--30
2019-09-28T00:00:00+00:00,day2_24h,2019-09-30,304.18707275390625,0.022290545734050732,0.006917755572636433,,,False,False,ValueError: materially negative reconstructed precipitation for 27--30; ValueError: materially negative reconstructed precipitation for 27--30
2019-09-29T00:00:00+00:00,day2_24h,2019-10-01,65.97267150878906,0.0007686395080707148,0.0,,,False,False,ValueError: materially negative reconstructed precipitation for 27--30; ValueError: materially negative reconstructed precipitation for 33--36; ValueError: materially negative reconstructed precipitation for 33--36
2019-09-30T00:00:00+00:00,day2_24h,2019-10-02,105.13666534423828,0.0023059185242121443,0.0,,,False,False,ValueError: materially negative reconstructed precipitation for 27--30; ValueError: materially negative reconstructed precipitation for 27--30; ValueError: materially negative reconstructed precipitation for 45--48; ValueError: materially negative reconstructed precipitation for 27--30
2019-06-01T00:00:00+00:00,day3_24h,2019-06-04,41.30910110473633,0.0,0.0,,,False,False,ValueError: materially negative reconstructed precipitation for 51--54; ValueError: materially negative reconstructed precipitation for 51--54; ValueError: materially negative reconstructed precipitation for 51--54
2019-06-02T00:00:00+00:00,day3_24h,2019-06-05,66.128173828125,0.0007686395080707148,0.0,,,False,False,ValueError: materially negative reconstructed precipitation for 51--54; ValueError: materially negative reconstructed precipitation for 51--54; ValueError: materially negative reconstructed precipitation for 51--54; ValueError: materially negative reconstructed precipitation for 51--54
2019-06-03T00:00:00+00:00,day3_24h,2019-06-06,83.7791519165039,0.0007686395080707148,0.0,,,False,False,ValueError: materially negative reconstructed precipitation for 51--54; ValueError: materially negative reconstructed precipitation for 57--60; ValueError: materially negative reconstructed precipitation for 69--72
2019-06-04T00:00:00+00:00,day3_24h,2019-06-07,56.59150695800781,0.0,0.0,,,False,False,ValueError: materially negative reconstructed precipitation for 51--54; ValueError: materially negative reconstructed precipitation for 69--72; ValueError: materially negative reconstructed precipitation for 57--60; ValueError: materially negative reconstructed precipitation for 51--54
2019-06-05T00:00:00+00:00,day3_24h,2019-06-08,52.07280731201172,0.0,0.0,,,False,False,ValueError: materially negative reconstructed precipitation for 63--66; ValueError: materially negative reconstructed precipitation for 57--60; ValueError: materially negative reconstructed precipitation for 69--72; ValueError: materially negative reconstructed precipitation for 63--66
2019-06-06T00:00:00+00:00,day3_24h,2019-06-09,29.070924758911133,0.0,0.0,,,False,False,ValueError: materially negative reconstructed precipitation for 63--66; ValueError: materially negative reconstructed precipitation for 69--72; ValueError: materially negative reconstructed precipitation for 57--60; ValueError: materially negative reconstructed precipitation for 57--60; ValueError: materially negative reconstructed precipitation for 51--54
2019-06-07T00:00:00+00:00,day3_24h,2019-06-10,84.53436279296875,0.003843197540353574,0.0,,,False,False,ValueError: materially negative reconstructed precipitation for 63--66; ValueError: materially negative reconstructed precipitation for 51--54; ValueError: materially negative reconstructed precipitation for 51--54
2019-06-08T00:00:00+00:00,day3_24h,2019-06-11,72.9984359741211,0.0015372790161414297,0.0,,,False,False,ValueError: materially negative reconstructed precipitation for 51--54; ValueError: materially negative reconstructed precipitation for 63--66; ValueError: materially negative reconstructed precipitation for 51--54; ValueError: materially negative reconstructed precipitation for 57--60
2019-06-09T00:00:00+00:00,day3_24h,2019-06-12,112.48860168457031,0.0030745580322828594,0.0,,,False,False,ValueError: materially negative reconstructed precipitation for 57--60; ValueError: materially negative reconstructed precipitation for 69--72; ValueError: materially negative reconstructed precipitation for 57--60
2019-06-10T00:00:00+00:00,day3_24h,2019-06-13,135.8692626953125,0.015372790161414296,0.0023059185242121443,,,False,False,ValueError: materially negative reconstructed precipitation for 57--60; ValueError: materially negative reconstructed precipitation for 63--66; ValueError: materially negative reconstructed precipitation for 51--54
2019-06-11T00:00:00+00:00,day3_24h,2019-06-14,151.83900451660156,0.01921598770176787,0.0015372790161414297,,,False,False,ValueError: materially negative reconstructed precipitation for 63--66; ValueError: materially negative reconstructed precipitation for 63--66; ValueError: materially negative reconstructed precipitation for 69--72; ValueError: materially negative reconstructed precipitation for 57--60; ValueError: materially negative reconstructed precipitation for 63--66
2019-06-12T00:00:00+00:00,day3_24h,2019-06-15,101.94660186767578,0.003843197540353574,0.0,,,False,False,ValueError: materially negative reconstructed precipitation for 51--54; ValueError: materially negative reconstructed precipitation for 63--66; ValueError: materially negative reconstructed precipitation for 51--54; ValueError: materially negative reconstructed precipitation for 51--54; ValueError: materially negative reconstructed precipitation for 57--60
2019-06-13T00:00:00+00:00,day3_24h,2019-06-16,35.834136962890625,0.0,0.0,,,False,False,ValueError: materially negative reconstructed precipitation for 63--66; ValueError: materially negative reconstructed precipitation for 51--54; ValueError: materially negative reconstructed precipitation for 57--60
2019-06-14T00:00:00+00:00,day3_24h,2019-06-17,25.179811477661133,0.0,0.0,,,False,False,ValueError: materially negative reconstructed precipitation for 57--60; ValueError: materially negative reconstructed precipitation for 51--54; ValueError: materially negative reconstructed precipitation for 57--60; ValueError: materially negative reconstructed precipitation for 51--54
2019-06-15T00:00:00+00:00,day3_24h,2019-06-18,55.770286560058594,0.0,0.0,,,False,False,ValueError: materially negative reconstructed precipitation for 51--54; ValueError: materially negative reconstructed precipitation for 51--54; ValueError: materially negative reconstructed precipitation for 63--66; ValueError: materially negative reconstructed precipitation for 57--60; ValueError: materially negative reconstructed precipitation for 51--54
2019-06-16T00:00:00+00:00,day3_24h,2019-06-19,68.5879898071289,0.0030745580322828594,0.0,,,False,False,ValueError: materially negative reconstructed precipitation for 51--54; ValueError: materially negative reconstructed precipitation for 63--66; ValueError: materially negative reconstructed precipitation for 51--54; ValueError: materially negative reconstructed precipitation for 57--60; ValueError: materially negative reconstructed precipitation for 63--66
2019-06-17T00:00:00+00:00,day3_24h,2019-06-20,228.24957275390625,0.01614142966948501,0.003843197540353574,,,False,False,ValueError: materially negative reconstructed precipitation for 51--54; ValueError: materially negative reconstructed precipitation for 51--54; ValueError: materially negative reconstructed precipitation for 57--60; ValueError: materially negative reconstructed precipitation for 51--54
2019-06-18T00:00:00+00:00,day3_24h,2019-06-21,92.73223876953125,0.0030745580322828594,0.0,,,False,False,ValueError: materially negative reconstructed precipitation for 57--60; ValueError: materially negative reconstructed precipitation for 57--60; ValueError: materially negative reconstructed precipitation for 57--60; ValueError: materially negative reconstructed precipitation for 63--66; ValueError: materially negative reconstructed precipitation for 57--60
2019-06-19T00:00:00+00:00,day3_24h,2019-06-22,140.81016540527344,0.010760953112990008,0.0023059185242121443,,,False,False,ValueError: materially negative reconstructed precipitation for 63--66; ValueError: materially negative reconstructed precipitation for 69--72; ValueError: materially negative reconstructed precipitation for 51--54; ValueError: materially negative reconstructed precipitation for 51--54
2019-06-20T00:00:00+00:00,day3_24h,2019-06-23,84.84105682373047,0.006149116064565719,0.0,,,False,False,ValueError: materially negative reconstructed precipitation for 51--54; ValueError: materially negative reconstructed precipitation for 63--66; ValueError: materially negative reconstructed precipitation for 57--60; ValueError: materially negative reconstructed precipitation for 57--60
2019-06-21T00:00:00+00:00,day3_24h,2019-06-24,98.64341735839844,0.009223674096848577,0.0,,,False,False,ValueError: materially negative reconstructed precipitation for 57--60; ValueError: materially negative reconstructed precipitation for 51--54; ValueError: materially negative reconstructed precipitation for 57--60; ValueError: materially negative reconstructed precipitation for 63--66
2019-06-22T00:00:00+00:00,day3_24h,2019-06-25,70.89567565917969,0.0023059185242121443,0.0,,,False,False,ValueError: materially negative reconstructed precipitation for 51--54; ValueError: materially negative reconstructed precipitation for 69--72; ValueError: materially negative reconstructed precipitation for 63--66; ValueError: materially negative reconstructed precipitation for 51--54
2019-06-23T00:00:00+00:00,day3_24h,2019-06-26,114.57269287109375,0.003843197540353574,0.0,,,False,False,ValueError: materially negative reconstructed precipitation for 57--60; ValueError: materially negative reconstructed precipitation for 51--54; ValueError: materially negative reconstructed precipitation for 63--66; ValueError: materially negative reconstructed precipitation for 51--54; ValueError: materially negative reconstructed precipitation for 51--54
2019-06-24T00:00:00+00:00,day3_24h,2019-06-27,135.44686889648438,0.011529592621060722,0.0030745580322828594,,,False,False,ValueError: materially negative reconstructed precipitation for 57--60; ValueError: materially negative reconstructed precipitation for 57--60; ValueError: materially negative reconstructed precipitation for 51--54; ValueError: materially negative reconstructed precipitation for 57--60
2019-06-25T00:00:00+00:00,day3_24h,2019-06-28,157.9206085205078,0.03766333589546503,0.007686395080707148,,,False,False,ValueError: materially negative reconstructed precipitation for 51--54; ValueError: materially negative reconstructed precipitation for 57--60; ValueError: materially negative reconstructed precipitation for 51--54; ValueError: materially negative reconstructed precipitation for 51--54; ValueError: materially negative reconstructed precipitation for 69--72
2019-06-26T00:00:00+00:00,day3_24h,2019-06-29,393.8091735839844,0.06379707916986933,0.03228285933897002,,,False,False,ValueError: materially negative reconstructed precipitation for 51--54; ValueError: materially negative reconstructed precipitation for 57--60; ValueError: materially negative reconstructed precipitation for 57--60; ValueError: materially negative reconstructed precipitation for 57--60
2019-06-27T00:00:00+00:00,day3_24h,2019-06-30,193.6158447265625,0.05764796310530361,0.02997694081475788,23.940778732299805,-4.333011627197266,True,False,ValueError: materially negative reconstructed precipitation for 51--54
2019-06-28T00:00:00+00:00,day3_24h,2019-07-01,325.3714294433594,0.03996925441967717,0.016910069177555727,,,False,False,ValueError: materially negative reconstructed precipitation for 51--54; ValueError: materially negative reconstructed precipitation for 57--60; ValueError: materially negative reconstructed precipitation for 51--54
2019-06-29T00:00:00+00:00,day3_24h,2019-07-02,331.5201721191406,0.03228285933897002,0.01921598770176787,,,False,False,ValueError: materially negative reconstructed precipitation for 51--54; ValueError: materially negative reconstructed precipitation for 51--54; ValueError: materially negative reconstructed precipitation for 57--60
2019-06-30T00:00:00+00:00,day3_24h,2019-07-03,92.95187377929688,0.010760953112990008,0.0,14.533186912536621,3.0329105854034424,True,False,ValueError: materially negative reconstructed precipitation for 51--54; ValueError: materially negative reconstructed precipitation for 57--60; ValueError: materially negative reconstructed precipitation for 57--60
2019-07-01T00:00:00+00:00,day3_24h,2019-07-04,101.47708129882812,0.0007686395080707148,0.0,,,False,False,ValueError: materially negative reconstructed precipitation for 51--54; ValueError: materially negative reconstructed precipitation for 63--66; ValueError: materially negative reconstructed precipitation for 57--60
2019-07-02T00:00:00+00:00,day3_24h,2019-07-05,127.19999694824219,0.008455034588777863,0.0007686395080707148,,,False,False,ValueError: materially negative reconstructed precipitation for 57--60; ValueError: materially negative reconstructed precipitation for 51--54; ValueError: materially negative reconstructed precipitation for 57--60
2019-07-03T00:00:00+00:00,day3_24h,2019-07-06,147.86448669433594,0.043812451960030745,0.003843197540353574,,,False,False,ValueError: materially negative reconstructed precipitation for 51--54; ValueError: materially negative reconstructed precipitation for 63--66; ValueError: materially negative reconstructed precipitation for 63--66; ValueError: materially negative reconstructed precipitation for 57--60
2019-07-04T00:00:00+00:00,day3_24h,2019-07-07,263.0617980957031,0.04996156802459646,0.018447348193697154,,,False,False,ValueError: materially negative reconstructed precipitation for 57--60; ValueError: materially negative reconstructed precipitation for 51--54; ValueError: materially negative reconstructed precipitation for 69--72; ValueError: materially negative reconstructed precipitation for 57--60
2019-07-05T00:00:00+00:00,day3_24h,2019-07-08,200.330322265625,0.02382782475019216,0.0030745580322828594,,,False,False,ValueError: materially negative reconstructed precipitation for 69--72; ValueError: materially negative reconstructed precipitation for 57--60; ValueError: materially negative reconstructed precipitation for 51--54; ValueError: materially negative reconstructed precipitation for 57--60; ValueError: materially negative reconstructed precipitation for 57--60
2019-07-06T00:00:00+00:00,day3_24h,2019-07-09,143.87918090820312,0.02843966179861645,0.007686395080707148,,,False,False,ValueError: materially negative reconstructed precipitation for 51--54; ValueError: materially negative reconstructed precipitation for 51--54; ValueError: materially negative reconstructed precipitation for 51--54
2019-07-07T00:00:00+00:00,day3_24h,2019-07-10,138.06211853027344,0.030745580322828592,0.003843197540353574,,,False,False,ValueError: materially negative reconstructed precipitation for 57--60; ValueError: materially negative reconstructed precipitation for 69--72; ValueError: materially negative reconstructed precipitation for 69--72; ValueError: materially negative reconstructed precipitation for 57--60
2019-07-08T00:00:00+00:00,day3_24h,2019-07-11,237.77615356445312,0.05764796310530361,0.014604150653343582,,,False,False,ValueError: materially negative reconstructed precipitation for 57--60; ValueError: materially negative reconstructed precipitation for 51--54; ValueError: materially negative reconstructed precipitation for 51--54; ValueError: materially negative reconstructed precipitation for 57--60; ValueError: materially negative reconstructed precipitation for 51--54
2019-07-09T00:00:00+00:00,day3_24h,2019-07-12,147.3971710205078,0.027671022290545733,0.006149116064565719,,,False,False,ValueError: materially negative reconstructed precipitation for 51--54; ValueError: materially negative reconstructed precipitation for 51--54; ValueError: materially negative reconstructed precipitation for 51--54; ValueError: materially negative reconstructed precipitation for 51--54; ValueError: materially negative reconstructed precipitation for 51--54
2019-07-10T00:00:00+00:00,day3_24h,2019-07-13,104.80204010009766,0.006149116064565719,0.0,,,False,False,ValueError: materially negative reconstructed precipitation for 51--54; ValueError: materially negative reconstructed precipitation for 69--72; ValueError: materially negative reconstructed precipitation for 57--60; ValueError: materially negative reconstructed precipitation for 51--54; ValueError: materially negative reconstructed precipitation for 57--60
2019-07-11T00:00:00+00:00,day3_24h,2019-07-14,82.88980102539062,0.0030745580322828594,0.0,8.54842472076416,-0.2191765010356903,True,False,ValueError: materially negative reconstructed precipitation for 63--66; ValueError: materially negative reconstructed precipitation for 63--66
2019-07-12T00:00:00+00:00,day3_24h,2019-07-15,125.94972229003906,0.01614142966948501,0.0023059185242121443,,,False,False,ValueError: materially negative reconstructed precipitation for 51--54; ValueError: materially negative reconstructed precipitation for 57--60; ValueError: materially negative reconstructed precipitation for 63--66; ValueError: materially negative reconstructed precipitation for 57--60
2019-07-13T00:00:00+00:00,day3_24h,2019-07-16,98.7817153930664,0.011529592621060722,0.0,,,False,False,ValueError: materially negative reconstructed precipitation for 51--54; ValueError: materially negative reconstructed precipitation for 69--72; ValueError: materially negative reconstructed precipitation for 51--54; ValueError: materially negative reconstructed precipitation for 51--54; ValueError: materially negative reconstructed precipitation for 51--54
2019-07-14T00:00:00+00:00,day3_24h,2019-07-17,167.49534606933594,0.006149116064565719,0.0015372790161414297,,,False,False,ValueError: materially negative reconstructed precipitation for 57--60; ValueError: materially negative reconstructed precipitation for 63--66; ValueError: materially negative reconstructed precipitation for 63--66; ValueError: materially negative reconstructed precipitation for 51--54; ValueError: materially negative reconstructed precipitation for 57--60
2019-07-15T00:00:00+00:00,day3_24h,2019-07-18,41.208351135253906,0.0,0.0,8.3466796875,2.2732131481170654,True,False,ValueError: materially negative reconstructed precipitation for 51--54; ValueError: materially negative reconstructed precipitation for 57--60
2019-07-16T00:00:00+00:00,day3_24h,2019-07-19,165.54103088378906,0.01921598770176787,0.003843197540353574,,,False,False,ValueError: materially negative reconstructed precipitation for 63--66; ValueError: materially negative reconstructed precipitation for 51--54; ValueError: materially negative reconstructed precipitation for 63--66; ValueError: materially negative reconstructed precipitation for 63--66
2019-07-17T00:00:00+00:00,day3_24h,2019-07-20,272.2645263671875,0.045349730976172176,0.007686395080707148,,,False,False,ValueError: materially negative reconstructed precipitation for 57--60; ValueError: materially negative reconstructed precipitation for 57--60
2019-07-18T00:00:00+00:00,day3_24h,2019-07-21,116.51204681396484,0.030745580322828592,0.0015372790161414297,,,False,False,ValueError: materially negative reconstructed precipitation for 51--54; ValueError: materially negative reconstructed precipitation for 63--66; ValueError: materially negative reconstructed precipitation for 63--66; ValueError: materially negative reconstructed precipitation for 63--66; ValueError: materially negative reconstructed precipitation for 57--60
2019-07-19T00:00:00+00:00,day3_24h,2019-07-22,159.3773193359375,0.026133743274404306,0.0030745580322828594,,,False,False,ValueError: materially negative reconstructed precipitation for 51--54; ValueError: materially negative reconstructed precipitation for 57--60; ValueError: materially negative reconstructed precipitation for 69--72; ValueError: materially negative reconstructed precipitation for 51--54; ValueError: materially negative reconstructed precipitation for 51--54
2019-07-20T00:00:00+00:00,day3_24h,2019-07-23,267.84674072265625,0.03996925441967717,0.015372790161414296,,,False,False,ValueError: materially negative reconstructed precipitation for 51--54; ValueError: materially negative reconstructed precipitation for 63--66; ValueError: materially negative reconstructed precipitation for 57--60; ValueError: materially negative reconstructed precipitation for 57--60
2019-07-21T00:00:00+00:00,day3_24h,2019-07-24,222.1275634765625,0.02843966179861645,0.0030745580322828594,,,False,False,ValueError: materially negative reconstructed precipitation for 51--54; ValueError: materially negative reconstructed precipitation for 69--72; ValueError: materially negative reconstructed precipitation for 57--60; ValueError: materially negative reconstructed precipitation for 51--54
2019-07-22T00:00:00+00:00,day3_24h,2019-07-25,182.00633239746094,0.04765564950038432,0.009992313604919293,,,False,False,ValueError: materially negative reconstructed precipitation for 63--66; ValueError: materially negative reconstructed precipitation for 69--72; ValueError: materially negative reconstructed precipitation for 57--60
2019-07-23T00:00:00+00:00,day3_24h,2019-07-26,147.6322479248047,0.03151421983089931,0.0007686395080707148,,,False,False,ValueError: materially negative reconstructed precipitation for 57--60; ValueError: materially negative reconstructed precipitation for 57--60; ValueError: materially negative reconstructed precipitation for 57--60; ValueError: materially negative reconstructed precipitation for 51--54
2019-07-24T00:00:00+00:00,day3_24h,2019-07-27,364.3852233886719,0.06610299769408147,0.027671022290545733,,,False,False,ValueError: materially negative reconstructed precipitation for 51--54; ValueError: materially negative reconstructed precipitation for 63--66; ValueError: materially negative reconstructed precipitation for 57--60; ValueError: materially negative reconstructed precipitation for 57--60
2019-07-25T00:00:00+00:00,day3_24h,2019-07-28,267.0084228515625,0.03689469638739431,0.010760953112990008,,,False,False,ValueError: materially negative reconstructed precipitation for 51--54; ValueError: materially negative reconstructed precipitation for 51--54; ValueError: materially negative reconstructed precipitation for 51--54; ValueError: materially negative reconstructed precipitation for 51--54; ValueError: materially negative reconstructed precipitation for 57--60
2019-07-26T00:00:00+00:00,day3_24h,2019-07-29,219.84202575683594,0.033820138355111454,0.006149116064565719,,,False,False,ValueError: materially negative reconstructed precipitation for 51--54; ValueError: materially negative reconstructed precipitation for 57--60; ValueError: materially negative reconstructed precipitation for 51--54; ValueError: materially negative reconstructed precipitation for 57--60
2019-07-27T00:00:00+00:00,day3_24h,2019-07-30,280.91461181640625,0.10453497309761722,0.03151421983089931,,,False,False,ValueError: materially negative reconstructed precipitation for 51--54; ValueError: materially negative reconstructed precipitation for 51--54; ValueError: materially negative reconstructed precipitation for 63--66; ValueError: materially negative reconstructed precipitation for 63--66
2019-07-28T00:00:00+00:00,day3_24h,2019-07-31,172.22874450683594,0.06917755572636433,0.012298232129131437,,,False,False,ValueError: materially negative reconstructed precipitation for 51--54; ValueError: materially negative reconstructed precipitation for 63--66; ValueError: materially negative reconstructed precipitation for 51--54; ValueError: materially negative reconstructed precipitation for 63--66; ValueError: materially negative reconstructed precipitation for 57--60
2019-07-29T00:00:00+00:00,day3_24h,2019-08-01,162.09869384765625,0.042275172943889314,0.006149116064565719,,,False,False,ValueError: materially negative reconstructed precipitation for 51--54; ValueError: materially negative reconstructed precipitation for 63--66; ValueError: materially negative reconstructed precipitation for 51--54
2019-07-30T00:00:00+00:00,day3_24h,2019-08-02,236.5991668701172,0.033820138355111454,0.007686395080707148,,,False,False,ValueError: materially negative reconstructed precipitation for 69--72; ValueError: materially negative reconstructed precipitation for 63--66; ValueError: materially negative reconstructed precipitation for 51--54
2019-07-31T00:00:00+00:00,day3_24h,2019-08-03,293.1243591308594,0.10299769408147579,0.03766333589546503,,,False,False,ValueError: materially negative reconstructed precipitation for 57--60; ValueError: materially negative reconstructed precipitation for 69--72; ValueError: materially negative reconstructed precipitation for 63--66
2019-08-01T00:00:00+00:00,day3_24h,2019-08-04,451.3998107910156,0.11299000768639508,0.05918524212144504,,,False,False,ValueError: materially negative reconstructed precipitation for 57--60; ValueError: materially negative reconstructed precipitation for 57--60
2019-08-02T00:00:00+00:00,day3_24h,2019-08-05,476.97259521484375,0.12144504227517294,0.053804765564950036,41.74338150024414,-3.7338855266571045,True,False,ValueError: materially negative reconstructed precipitation for 63--66; ValueError: materially negative reconstructed precipitation for 57--60; ValueError: materially negative reconstructed precipitation for 51--54; ValueError: materially negative reconstructed precipitation for 63--66
2019-08-03T00:00:00+00:00,day3_24h,2019-08-06,317.8310546875,0.10299769408147579,0.05841660261337433,,,False,False,ValueError: materially negative reconstructed precipitation for 63--66; ValueError: materially negative reconstructed precipitation for 63--66; ValueError: materially negative reconstructed precipitation for 51--54; ValueError: materially negative reconstructed precipitation for 51--54; ValueError: materially negative reconstructed precipitation for 57--60
2019-08-04T00:00:00+00:00,day3_24h,2019-08-07,267.45556640625,0.1337432744043044,0.045349730976172176,33.11555862426758,-10.558194160461426,True,False,ValueError: materially negative reconstructed precipitation for 51--54; ValueError: materially negative reconstructed precipitation for 51--54
2019-08-05T00:00:00+00:00,day3_24h,2019-08-08,249.9145965576172,0.10607225211375865,0.043812451960030745,32.95843505859375,-4.9330363273620605,True,False,ValueError: materially negative reconstructed precipitation for 57--60
2019-08-06T00:00:00+00:00,day3_24h,2019-08-09,331.4232482910156,0.15372790161414296,0.08147578785549578,,,False,False,ValueError: materially negative reconstructed precipitation for 51--54; ValueError: materially negative reconstructed precipitation for 51--54; ValueError: materially negative reconstructed precipitation for 51--54
2019-08-07T00:00:00+00:00,day3_24h,2019-08-10,310.6883850097656,0.12221368178324366,0.05226748654880861,40.23261642456055,-2.168652296066284,True,False,ValueError: materially negative reconstructed precipitation for 57--60
2019-08-08T00:00:00+00:00,day3_24h,2019-08-11,170.3697967529297,0.06302843966179862,0.014604150653343582,,,False,False,ValueError: materially negative reconstructed precipitation for 51--54; ValueError: materially negative reconstructed precipitation for 57--60; ValueError: materially negative reconstructed precipitation for 63--66
2019-08-09T00:00:00+00:00,day3_24h,2019-08-12,54.757286071777344,0.0,0.0,,,False,False,ValueError: materially negative reconstructed precipitation for 63--66; ValueError: materially negative reconstructed precipitation for 51--54; ValueError: materially negative reconstructed precipitation for 63--66; ValueError: materially negative reconstructed precipitation for 51--54; ValueError: materially negative reconstructed precipitation for 57--60
2019-08-10T00:00:00+00:00,day3_24h,2019-08-13,119.61044311523438,0.016910069177555727,0.0007686395080707148,,,False,False,ValueError: materially negative reconstructed precipitation for 51--54; ValueError: materially negative reconstructed precipitation for 51--54
2019-08-11T00:00:00+00:00,day3_24h,2019-08-14,140.4716339111328,0.03151421983089931,0.008455034588777863,,,False,False,ValueError: materially negative reconstructed precipitation for 51--54; ValueError: materially negative reconstructed precipitation for 63--66; ValueError: materially negative reconstructed precipitation for 57--60; ValueError: materially negative reconstructed precipitation for 51--54
2019-08-12T00:00:00+00:00,day3_24h,2019-08-15,203.71310424804688,0.026902382782475018,0.007686395080707148,,,False,False,ValueError: materially negative reconstructed precipitation for 51--54; ValueError: materially negative reconstructed precipitation for 69--72; ValueError: materially negative reconstructed precipitation for 51--54; ValueError: materially negative reconstructed precipitation for 63--66
2019-08-13T00:00:00+00:00,day3_24h,2019-08-16,94.97135162353516,0.003843197540353574,0.0,,,False,False,ValueError: materially negative reconstructed precipitation for 63--66; ValueError: materially negative reconstructed precipitation for 51--54; ValueError: materially negative reconstructed precipitation for 51--54
2019-08-14T00:00:00+00:00,day3_24h,2019-08-17,125.70968627929688,0.007686395080707148,0.0007686395080707148,,,False,False,ValueError: materially negative reconstructed precipitation for 51--54; ValueError: materially negative reconstructed precipitation for 63--66; ValueError: materially negative reconstructed precipitation for 57--60; ValueError: materially negative reconstructed precipitation for 57--60; ValueError: materially negative reconstructed precipitation for 57--60
2019-08-15T00:00:00+00:00,day3_24h,2019-08-18,117.46638488769531,0.0030745580322828594,0.0007686395080707148,,,False,False,ValueError: materially negative reconstructed precipitation for 51--54; ValueError: materially negative reconstructed precipitation for 57--60; ValueError: materially negative reconstructed precipitation for 57--60; ValueError: materially negative reconstructed precipitation for 51--54; ValueError: materially negative reconstructed precipitation for 57--60
2019-08-16T00:00:00+00:00,day3_24h,2019-08-19,104.52832794189453,0.006149116064565719,0.0,,,False,False,ValueError: materially negative reconstructed precipitation for 51--54; ValueError: materially negative reconstructed precipitation for 57--60; ValueError: materially negative reconstructed precipitation for 57--60; ValueError: materially negative reconstructed precipitation for 57--60; ValueError: materially negative reconstructed precipitation for 51--54
2019-08-17T00:00:00+00:00,day3_24h,2019-08-20,97.61551666259766,0.0030745580322828594,0.0,,,False,False,ValueError: materially negative reconstructed precipitation for 51--54; ValueError: materially negative reconstructed precipitation for 57--60; ValueError: materially negative reconstructed precipitation for 51--54; ValueError: materially negative reconstructed precipitation for 51--54; ValueError: materially negative reconstructed precipitation for 63--66
2019-08-18T00:00:00+00:00,day3_24h,2019-08-21,61.130043029785156,0.0,0.0,,,False,False,ValueError: materially negative reconstructed precipitation for 51--54; ValueError: materially negative reconstructed precipitation for 57--60; ValueError: materially negative reconstructed precipitation for 51--54; ValueError: materially negative reconstructed precipitation for 51--54; ValueError: materially negative reconstructed precipitation for 57--60
2019-08-19T00:00:00+00:00,day3_24h,2019-08-22,87.3914566040039,0.004611837048424289,0.0,,,False,False,ValueError: materially negative reconstructed precipitation for 51--54; ValueError: materially negative reconstructed precipitation for 63--66; ValueError: materially negative reconstructed precipitation for 51--54; ValueError: materially negative reconstructed precipitation for 51--54
2019-08-20T00:00:00+00:00,day3_24h,2019-08-23,85.7289047241211,0.009223674096848577,0.0,,,False,False,ValueError: materially negative reconstructed precipitation for 57--60; ValueError: materially negative reconstructed precipitation for 63--66; ValueError: materially negative reconstructed precipitation for 51--54; ValueError: materially negative reconstructed precipitation for 63--66; ValueError: materially negative reconstructed precipitation for 51--54
2019-08-21T00:00:00+00:00,day3_24h,2019-08-24,68.50159454345703,0.0023059185242121443,0.0,,,False,False,ValueError: materially negative reconstructed precipitation for 63--66
2019-08-22T00:00:00+00:00,day3_24h,2019-08-25,112.20134735107422,0.012298232129131437,0.0,,,False,False,ValueError: materially negative reconstructed precipitation for 63--66; ValueError: materially negative reconstructed precipitation for 57--60
2019-08-23T00:00:00+00:00,day3_24h,2019-08-26,104.82127380371094,0.010760953112990008,0.0,,,False,False,ValueError: materially negative reconstructed precipitation for 51--54; ValueError: materially negative reconstructed precipitation for 57--60; ValueError: materially negative reconstructed precipitation for 51--54; ValueError: materially negative reconstructed precipitation for 51--54
2019-08-24T00:00:00+00:00,day3_24h,2019-08-27,93.2520980834961,0.007686395080707148,0.0,,,False,False,ValueError: materially negative reconstructed precipitation for 57--60; ValueError: materially negative reconstructed precipitation for 57--60; ValueError: materially negative reconstructed precipitation for 51--54; ValueError: materially negative reconstructed precipitation for 57--60; ValueError: materially negative reconstructed precipitation for 63--66
2019-08-25T00:00:00+00:00,day3_24h,2019-08-28,66.20504760742188,0.0007686395080707148,0.0,,,False,False,ValueError: materially negative reconstructed precipitation for 51--54; ValueError: materially negative reconstructed precipitation for 57--60; ValueError: materially negative reconstructed precipitation for 57--60; ValueError: materially negative reconstructed precipitation for 57--60
2019-08-26T00:00:00+00:00,day3_24h,2019-08-29,59.349369049072266,0.0,0.0,,,False,False,ValueError: materially negative reconstructed precipitation for 63--66; ValueError: materially negative reconstructed precipitation for 57--60; ValueError: materially negative reconstructed precipitation for 63--66
2019-08-27T00:00:00+00:00,day3_24h,2019-08-30,114.3659896850586,0.009223674096848577,0.0,,,False,False,ValueError: materially negative reconstructed precipitation for 57--60; ValueError: materially negative reconstructed precipitation for 69--72; ValueError: materially negative reconstructed precipitation for 63--66
2019-08-28T00:00:00+00:00,day3_24h,2019-08-31,132.07164001464844,0.009992313604919293,0.0023059185242121443,,,False,False,ValueError: materially negative reconstructed precipitation for 51--54; ValueError: materially negative reconstructed precipitation for 57--60; ValueError: materially negative reconstructed precipitation for 57--60; ValueError: materially negative reconstructed precipitation for 63--66; ValueError: materially negative reconstructed precipitation for 57--60
2019-08-29T00:00:00+00:00,day3_24h,2019-09-01,119.79582214355469,0.026902382782475018,0.0007686395080707148,,,False,False,ValueError: materially negative reconstructed precipitation for 57--60; ValueError: materially negative reconstructed precipitation for 69--72; ValueError: materially negative reconstructed precipitation for 63--66; ValueError: materially negative reconstructed precipitation for 63--66
2019-08-30T00:00:00+00:00,day3_24h,2019-09-02,115.79761505126953,0.034588777863182166,0.0007686395080707148,,,False,False,ValueError: materially negative reconstructed precipitation for 51--54; ValueError: materially negative reconstructed precipitation for 63--66; ValueError: materially negative reconstructed precipitation for 63--66; ValueError: materially negative reconstructed precipitation for 57--60
2019-08-31T00:00:00+00:00,day3_24h,2019-09-03,132.11866760253906,0.026902382782475018,0.005380476556495004,14.71568775177002,-1.3815405368804932,True,False,ValueError: materially negative reconstructed precipitation for 51--54
2019-09-01T00:00:00+00:00,day3_24h,2019-09-04,227.6058807373047,0.0415065334358186,0.014604150653343582,,,False,False,ValueError: materially negative reconstructed precipitation for 51--54; ValueError: materially negative reconstructed precipitation for 69--72
2019-09-02T00:00:00+00:00,day3_24h,2019-09-05,208.3598175048828,0.07840122982321292,0.024596464258262875,24.63621711730957,-9.693216323852539,True,False,ValueError: materially negative reconstructed precipitation for 63--66
2019-09-03T00:00:00+00:00,day3_24h,2019-09-06,179.38650512695312,0.03843197540353574,0.007686395080707148,,,False,False,ValueError: materially negative reconstructed precipitation for 57--60; ValueError: materially negative reconstructed precipitation for 57--60; ValueError: materially negative reconstructed precipitation for 51--54
2019-09-04T00:00:00+00:00,day3_24h,2019-09-07,206.09622192382812,0.04688700999231361,0.007686395080707148,,,False,False,ValueError: materially negative reconstructed precipitation for 63--66; ValueError: materially negative reconstructed precipitation for 57--60; ValueError: materially negative reconstructed precipitation for 63--66
2019-09-05T00:00:00+00:00,day3_24h,2019-09-08,219.9084930419922,0.07609531129900077,0.0207532667179093,,,False,False,ValueError: materially negative reconstructed precipitation for 57--60; ValueError: materially negative reconstructed precipitation for 63--66
2019-09-06T00:00:00+00:00,day3_24h,2019-09-09,107.55560302734375,0.029208301306687164,0.0,,,False,False,ValueError: materially negative reconstructed precipitation for 63--66; ValueError: materially negative reconstructed precipitation for 57--60; ValueError: materially negative reconstructed precipitation for 57--60
2019-09-07T00:00:00+00:00,day3_24h,2019-09-10,256.11907958984375,0.018447348193697154,0.0023059185242121443,,,False,False,ValueError: materially negative reconstructed precipitation for 51--54; ValueError: materially negative reconstructed precipitation for 57--60; ValueError: materially negative reconstructed precipitation for 57--60; ValueError: materially negative reconstructed precipitation for 63--66
2019-09-08T00:00:00+00:00,day3_24h,2019-09-11,150.45960998535156,0.013835511145272867,0.0007686395080707148,,,False,False,ValueError: materially negative reconstructed precipitation for 51--54; ValueError: materially negative reconstructed precipitation for 51--54
2019-09-09T00:00:00+00:00,day3_24h,2019-09-12,109.43338775634766,0.015372790161414296,0.0,,,False,False,ValueError: materially negative reconstructed precipitation for 57--60; ValueError: materially negative reconstructed precipitation for 63--66; ValueError: materially negative reconstructed precipitation for 57--60
2019-09-10T00:00:00+00:00,day3_24h,2019-09-13,110.53950500488281,0.006149116064565719,0.0,,,False,False,ValueError: materially negative reconstructed precipitation for 57--60; ValueError: materially negative reconstructed precipitation for 69--72; ValueError: materially negative reconstructed precipitation for 51--54
2019-09-11T00:00:00+00:00,day3_24h,2019-09-14,152.0,0.006917755572636433,0.0007686395080707148,,,False,False,ValueError: materially negative reconstructed precipitation for 57--60; ValueError: materially negative reconstructed precipitation for 57--60; ValueError: materially negative reconstructed precipitation for 51--54; ValueError: materially negative reconstructed precipitation for 51--54
2019-09-12T00:00:00+00:00,day3_24h,2019-09-15,216.40438842773438,0.014604150653343582,0.003843197540353574,,,False,False,ValueError: materially negative reconstructed precipitation for 51--54; ValueError: materially negative reconstructed precipitation for 57--60; ValueError: materially negative reconstructed precipitation for 69--72
2019-09-13T00:00:00+00:00,day3_24h,2019-09-16,136.85055541992188,0.011529592621060722,0.0023059185242121443,,,False,False,ValueError: materially negative reconstructed precipitation for 63--66
2019-09-14T00:00:00+00:00,day3_24h,2019-09-17,123.03447723388672,0.011529592621060722,0.0015372790161414297,14.237992286682129,-0.9921407699584961,True,True,
2019-09-15T00:00:00+00:00,day3_24h,2019-09-18,202.33090209960938,0.018447348193697154,0.0015372790161414297,,,False,False,ValueError: materially negative reconstructed precipitation for 51--54; ValueError: materially negative reconstructed precipitation for 51--54; ValueError: materially negative reconstructed precipitation for 57--60
2019-09-16T00:00:00+00:00,day3_24h,2019-09-19,159.48736572265625,0.013066871637202153,0.003843197540353574,,,False,False,ValueError: materially negative reconstructed precipitation for 69--72; ValueError: materially negative reconstructed precipitation for 57--60; ValueError: materially negative reconstructed precipitation for 69--72
2019-09-17T00:00:00+00:00,day3_24h,2019-09-20,103.95855712890625,0.012298232129131437,0.0,19.256540298461914,-2.321899175643921,True,False,ValueError: materially negative reconstructed precipitation for 51--54
2019-09-18T00:00:00+00:00,day3_24h,2019-09-21,79.94253540039062,0.004611837048424289,0.0,,,False,False,ValueError: materially negative reconstructed precipitation for 51--54; ValueError: materially negative reconstructed precipitation for 63--66; ValueError: materially negative reconstructed precipitation for 51--54
2019-09-19T00:00:00+00:00,day3_24h,2019-09-22,94.29369354248047,0.0023059185242121443,0.0,,,False,False,ValueError: materially negative reconstructed precipitation for 51--54; ValueError: materially negative reconstructed precipitation for 57--60; ValueError: materially negative reconstructed precipitation for 63--66; ValueError: materially negative reconstructed precipitation for 57--60; ValueError: materially negative reconstructed precipitation for 51--54
2019-09-20T00:00:00+00:00,day3_24h,2019-09-23,92.3174819946289,0.005380476556495004,0.0,,,False,False,ValueError: materially negative reconstructed precipitation for 51--54; ValueError: materially negative reconstructed precipitation for 51--54
2019-09-21T00:00:00+00:00,day3_24h,2019-09-24,134.7505645751953,0.0207532667179093,0.0007686395080707148,,,False,False,ValueError: materially negative reconstructed precipitation for 51--54; ValueError: materially negative reconstructed precipitation for 57--60
2019-09-22T00:00:00+00:00,day3_24h,2019-09-25,112.65422058105469,0.035357417371252885,0.0,,,False,False,ValueError: materially negative reconstructed precipitation for 51--54; ValueError: materially negative reconstructed precipitation for 57--60; ValueError: materially negative reconstructed precipitation for 51--54; ValueError: materially negative reconstructed precipitation for 57--60; ValueError: materially negative reconstructed precipitation for 51--54
2019-09-23T00:00:00+00:00,day3_24h,2019-09-26,124.42750549316406,0.009992313604919293,0.0007686395080707148,,,False,False,ValueError: materially negative reconstructed precipitation for 57--60; ValueError: materially negative reconstructed precipitation for 51--54
2019-09-24T00:00:00+00:00,day3_24h,2019-09-27,101.00524139404297,0.005380476556495004,0.0,,,False,False,ValueError: materially negative reconstructed precipitation for 51--54; ValueError: materially negative reconstructed precipitation for 51--54; ValueError: materially negative reconstructed precipitation for 57--60; ValueError: materially negative reconstructed precipitation for 51--54
2019-09-25T00:00:00+00:00,day3_24h,2019-09-28,146.56764221191406,0.006149116064565719,0.0023059185242121443,,,False,False,ValueError: materially negative reconstructed precipitation for 57--60; ValueError: materially negative reconstructed precipitation for 57--60; ValueError: materially negative reconstructed precipitation for 51--54; ValueError: materially negative reconstructed precipitation for 57--60; ValueError: materially negative reconstructed precipitation for 57--60
2019-09-26T00:00:00+00:00,day3_24h,2019-09-29,96.33102416992188,0.003843197540353574,0.0,,,False,False,ValueError: materially negative reconstructed precipitation for 51--54; ValueError: materially negative reconstructed precipitation for 69--72; ValueError: materially negative reconstructed precipitation for 51--54; ValueError: materially negative reconstructed precipitation for 57--60
2019-09-27T00:00:00+00:00,day3_24h,2019-09-30,304.18707275390625,0.022290545734050732,0.006917755572636433,,,False,False,ValueError: materially negative reconstructed precipitation for 57--60; ValueError: materially negative reconstructed precipitation for 51--54; ValueError: materially negative reconstructed precipitation for 63--66
2019-09-28T00:00:00+00:00,day3_24h,2019-10-01,65.97267150878906,0.0007686395080707148,0.0,,,False,False,ValueError: materially negative reconstructed precipitation for 63--66; ValueError: materially negative reconstructed precipitation for 51--54; ValueError: materially negative reconstructed precipitation for 51--54; ValueError: materially negative reconstructed precipitation for 63--66
2019-09-29T00:00:00+00:00,day3_24h,2019-10-02,105.13666534423828,0.0023059185242121443,0.0,,,False,False,ValueError: materially negative reconstructed precipitation for 51--54; ValueError: materially negative reconstructed precipitation for 51--54; ValueError: materially negative reconstructed precipitation for 69--72
2019-09-30T00:00:00+00:00,day3_24h,2019-10-03,65.64830017089844,0.0007686395080707148,0.0,,,False,False,ValueError: materially negative reconstructed precipitation for 51--54; ValueError: materially negative reconstructed precipitation for 51--54; ValueError: materially negative reconstructed precipitation for 63--66; ValueError: materially negative reconstructed precipitation for 69--72; ValueError: materially negative reconstructed precipitation for 63--66
