initialization,product,valid_date,SOURCE_VALID,PAIR_VALID,CONTROL_MODEL_ELIGIBLE,FULL_ENSEMBLE_ELIGIBLE,REGIME_ELIGIBLE,EXTREME_EVENT_ELIGIBLE,FSS_ELIGIBLE,REJECTED,quarantine_reason,source_manifest
2019-06-01T00:00:00+00:00,day1_24h,2019-06-02,True,False,False,False,True,False,False,False,ValueError: materially negative reconstructed precipitation for 9--12; ValueError: materially negative reconstructed precipitation for 9--12; ValueError: materially negative reconstructed precipitation for 15--18; ValueError: materially negative reconstructed precipitation for 15--18; ValueError: materially negative reconstructed precipitation for 15--18,data/manifests/phase1e/2019-06/daily/source_2019060100.json
2019-06-01T00:00:00+00:00,day2_24h,2019-06-03,True,False,False,False,True,False,False,False,ValueError: materially negative reconstructed precipitation for 27--30; ValueError: materially negative reconstructed precipitation for 27--30; ValueError: materially negative reconstructed precipitation for 27--30; ValueError: materially negative reconstructed precipitation for 39--42,data/manifests/phase1e/2019-06/daily/source_2019060100.json
2019-06-01T00:00:00+00:00,day3_24h,2019-06-04,True,False,False,False,True,False,False,False,ValueError: materially negative reconstructed precipitation for 51--54; ValueError: materially negative reconstructed precipitation for 51--54; ValueError: materially negative reconstructed precipitation for 51--54,data/manifests/phase1e/2019-06/daily/source_2019060100.json
2019-06-02T00:00:00+00:00,day1_24h,2019-06-03,True,False,False,False,True,False,False,False,ValueError: materially negative reconstructed precipitation for 15--18; ValueError: materially negative reconstructed precipitation for 21--24; ValueError: materially negative reconstructed precipitation for 21--24; ValueError: materially negative reconstructed precipitation for 9--12,data/manifests/phase1e/2019-06/daily/source_2019060200.json
2019-06-02T00:00:00+00:00,day2_24h,2019-06-04,True,False,False,False,True,False,False,False,ValueError: materially negative reconstructed precipitation for 27--30; ValueError: materially negative reconstructed precipitation for 39--42; ValueError: materially negative reconstructed precipitation for 33--36; ValueError: materially negative reconstructed precipitation for 27--30; ValueError: materially negative reconstructed precipitation for 39--42,data/manifests/phase1e/2019-06/daily/source_2019060200.json
2019-06-02T00:00:00+00:00,day3_24h,2019-06-05,True,False,False,False,True,False,False,False,ValueError: materially negative reconstructed precipitation for 51--54; ValueError: materially negative reconstructed precipitation for 51--54; ValueError: materially negative reconstructed precipitation for 51--54; ValueError: materially negative reconstructed precipitation for 51--54,data/manifests/phase1e/2019-06/daily/source_2019060200.json
2019-06-03T00:00:00+00:00,day1_24h,2019-06-04,True,False,False,False,True,False,False,False,ValueError: materially negative reconstructed precipitation for 9--12; ValueError: materially negative reconstructed precipitation for 9--12,data/manifests/phase1e/2019-06/daily/source_2019060300.json
2019-06-03T00:00:00+00:00,day2_24h,2019-06-05,True,False,False,False,True,False,False,False,ValueError: materially negative reconstructed precipitation for 27--30; ValueError: materially negative reconstructed precipitation for 33--36; ValueError: materially negative reconstructed precipitation for 33--36,data/manifests/phase1e/2019-06/daily/source_2019060300.json
2019-06-03T00:00:00+00:00,day3_24h,2019-06-06,True,False,False,False,True,False,False,False,ValueError: materially negative reconstructed precipitation for 51--54; ValueError: materially negative reconstructed precipitation for 57--60; ValueError: materially negative reconstructed precipitation for 69--72,data/manifests/phase1e/2019-06/daily/source_2019060300.json
2019-06-04T00:00:00+00:00,day1_24h,2019-06-05,True,False,False,False,True,False,False,False,ValueError: materially negative reconstructed precipitation for 9--12; ValueError: materially negative reconstructed precipitation for 9--12; ValueError: materially negative reconstructed precipitation for 9--12; ValueError: materially negative reconstructed precipitation for 9--12,data/manifests/phase1e/2019-06/daily/source_2019060400.json
2019-06-04T00:00:00+00:00,day2_24h,2019-06-06,True,False,False,False,True,False,False,False,ValueError: materially negative reconstructed precipitation for 27--30; ValueError: materially negative reconstructed precipitation for 27--30; ValueError: materially negative reconstructed precipitation for 27--30; ValueError: materially negative reconstructed precipitation for 33--36; ValueError: materially negative reconstructed precipitation for 33--36,data/manifests/phase1e/2019-06/daily/source_2019060400.json
2019-06-04T00:00:00+00:00,day3_24h,2019-06-07,True,False,False,False,True,False,False,False,ValueError: materially negative reconstructed precipitation for 51--54; ValueError: materially negative reconstructed precipitation for 69--72; ValueError: materially negative reconstructed precipitation for 57--60; ValueError: materially negative reconstructed precipitation for 51--54,data/manifests/phase1e/2019-06/daily/source_2019060400.json
2019-06-05T00:00:00+00:00,day1_24h,2019-06-06,True,False,False,False,True,False,False,False,ValueError: materially negative reconstructed precipitation for 15--18; ValueError: materially negative reconstructed precipitation for 21--24,data/manifests/phase1e/2019-06/daily/source_2019060500.json
2019-06-05T00:00:00+00:00,day2_24h,2019-06-07,True,False,False,False,True,False,False,False,ValueError: materially negative reconstructed precipitation for 45--48; ValueError: materially negative reconstructed precipitation for 39--42; ValueError: materially negative reconstructed precipitation for 27--30; ValueError: materially negative reconstructed precipitation for 33--36; ValueError: materially negative reconstructed precipitation for 45--48,data/manifests/phase1e/2019-06/daily/source_2019060500.json
2019-06-05T00:00:00+00:00,day3_24h,2019-06-08,True,False,False,False,True,False,False,False,ValueError: materially negative reconstructed precipitation for 63--66; ValueError: materially negative reconstructed precipitation for 57--60; ValueError: materially negative reconstructed precipitation for 69--72; ValueError: materially negative reconstructed precipitation for 63--66,data/manifests/phase1e/2019-06/daily/source_2019060500.json
2019-06-06T00:00:00+00:00,day1_24h,2019-06-07,True,False,False,False,True,False,False,False,ValueError: materially negative reconstructed precipitation for 21--24; ValueError: materially negative reconstructed precipitation for 21--24,data/manifests/phase1e/2019-06/daily/source_2019060600.json
2019-06-06T00:00:00+00:00,day2_24h,2019-06-08,True,False,False,False,True,False,False,False,ValueError: materially negative reconstructed precipitation for 45--48; ValueError: materially negative reconstructed precipitation for 39--42; ValueError: materially negative reconstructed precipitation for 45--48; ValueError: materially negative reconstructed precipitation for 39--42,data/manifests/phase1e/2019-06/daily/source_2019060600.json
2019-06-06T00:00:00+00:00,day3_24h,2019-06-09,True,False,False,False,True,False,False,False,ValueError: materially negative reconstructed precipitation for 63--66; ValueError: materially negative reconstructed precipitation for 69--72; ValueError: materially negative reconstructed precipitation for 57--60; ValueError: materially negative reconstructed precipitation for 57--60; ValueError: materially negative reconstructed precipitation for 51--54,data/manifests/phase1e/2019-06/daily/source_2019060600.json
2019-06-07T00:00:00+00:00,day1_24h,2019-06-08,True,False,False,False,True,False,False,False,ValueError: materially negative reconstructed precipitation for 15--18; ValueError: materially negative reconstructed precipitation for 15--18,data/manifests/phase1e/2019-06/daily/source_2019060700.json
2019-06-07T00:00:00+00:00,day2_24h,2019-06-09,True,False,False,False,True,False,False,False,ValueError: materially negative reconstructed precipitation for 27--30; ValueError: materially negative reconstructed precipitation for 33--36; ValueError: materially negative reconstructed precipitation for 33--36,data/manifests/phase1e/2019-06/daily/source_2019060700.json
2019-06-07T00:00:00+00:00,day3_24h,2019-06-10,True,False,False,False,True,False,False,False,ValueError: materially negative reconstructed precipitation for 63--66; ValueError: materially negative reconstructed precipitation for 51--54; ValueError: materially negative reconstructed precipitation for 51--54,data/manifests/phase1e/2019-06/daily/source_2019060700.json
2019-06-08T00:00:00+00:00,day1_24h,2019-06-09,True,False,False,False,True,False,False,False,ValueError: materially negative reconstructed precipitation for 9--12; ValueError: materially negative reconstructed precipitation for 21--24; ValueError: materially negative reconstructed precipitation for 9--12; ValueError: materially negative reconstructed precipitation for 9--12,data/manifests/phase1e/2019-06/daily/source_2019060800.json
2019-06-08T00:00:00+00:00,day2_24h,2019-06-10,True,False,False,False,True,False,False,False,ValueError: materially negative reconstructed precipitation for 27--30; ValueError: materially negative reconstructed precipitation for 33--36; ValueError: materially negative reconstructed precipitation for 27--30,data/manifests/phase1e/2019-06/daily/source_2019060800.json
2019-06-08T00:00:00+00:00,day3_24h,2019-06-11,True,False,False,False,True,False,False,False,ValueError: materially negative reconstructed precipitation for 51--54; ValueError: materially negative reconstructed precipitation for 63--66; ValueError: materially negative reconstructed precipitation for 51--54; ValueError: materially negative reconstructed precipitation for 57--60,data/manifests/phase1e/2019-06/daily/source_2019060800.json
2019-06-09T00:00:00+00:00,day1_24h,2019-06-10,True,False,False,False,True,False,False,False,ValueError: materially negative reconstructed precipitation for 15--18; ValueError: materially negative reconstructed precipitation for 15--18; ValueError: materially negative reconstructed precipitation for 9--12,data/manifests/phase1e/2019-06/daily/source_2019060900.json
2019-06-09T00:00:00+00:00,day2_24h,2019-06-11,True,False,False,False,True,False,False,False,ValueError: materially negative reconstructed precipitation for 33--36; ValueError: materially negative reconstructed precipitation for 33--36; ValueError: materially negative reconstructed precipitation for 33--36; ValueError: materially negative reconstructed precipitation for 33--36,data/manifests/phase1e/2019-06/daily/source_2019060900.json
2019-06-09T00:00:00+00:00,day3_24h,2019-06-12,True,False,False,False,True,False,False,False,ValueError: materially negative reconstructed precipitation for 57--60; ValueError: materially negative reconstructed precipitation for 69--72; ValueError: materially negative reconstructed precipitation for 57--60,data/manifests/phase1e/2019-06/daily/source_2019060900.json
2019-06-10T00:00:00+00:00,day1_24h,2019-06-11,True,False,False,False,True,False,False,False,ValueError: materially negative reconstructed precipitation for 15--18; ValueError: materially negative reconstructed precipitation for 9--12; ValueError: materially negative reconstructed precipitation for 21--24,data/manifests/phase1e/2019-06/daily/source_2019061000.json
2019-06-10T00:00:00+00:00,day2_24h,2019-06-12,True,False,False,False,True,False,False,False,ValueError: materially negative reconstructed precipitation for 45--48; ValueError: materially negative reconstructed precipitation for 45--48; ValueError: materially negative reconstructed precipitation for 39--42,data/manifests/phase1e/2019-06/daily/source_2019061000.json
2019-06-10T00:00:00+00:00,day3_24h,2019-06-13,True,False,False,False,True,False,False,False,ValueError: materially negative reconstructed precipitation for 57--60; ValueError: materially negative reconstructed precipitation for 63--66; ValueError: materially negative reconstructed precipitation for 51--54,data/manifests/phase1e/2019-06/daily/source_2019061000.json
2019-06-11T00:00:00+00:00,day1_24h,2019-06-12,True,True,True,True,True,True,True,False,,data/manifests/phase1e/2019-06/daily/source_2019061100.json
2019-06-11T00:00:00+00:00,day2_24h,2019-06-13,True,True,True,False,True,True,True,False,ValueError: materially negative reconstructed precipitation for 39--42,data/manifests/phase1e/2019-06/daily/source_2019061100.json
2019-06-11T00:00:00+00:00,day3_24h,2019-06-14,True,False,False,False,True,False,False,False,ValueError: materially negative reconstructed precipitation for 63--66; ValueError: materially negative reconstructed precipitation for 63--66; ValueError: materially negative reconstructed precipitation for 69--72; ValueError: materially negative reconstructed precipitation for 57--60; ValueError: materially negative reconstructed precipitation for 63--66,data/manifests/phase1e/2019-06/daily/source_2019061100.json
2019-06-12T00:00:00+00:00,day1_24h,2019-06-13,True,True,True,False,True,True,True,False,ValueError: materially negative reconstructed precipitation for 21--24,data/manifests/phase1e/2019-06/daily/source_2019061200.json
2019-06-12T00:00:00+00:00,day2_24h,2019-06-14,True,False,False,False,True,False,False,False,ValueError: materially negative reconstructed precipitation for 39--42; ValueError: materially negative reconstructed precipitation for 33--36; ValueError: materially negative reconstructed precipitation for 39--42,data/manifests/phase1e/2019-06/daily/source_2019061200.json
2019-06-12T00:00:00+00:00,day3_24h,2019-06-15,True,False,False,False,True,False,False,False,ValueError: materially negative reconstructed precipitation for 51--54; ValueError: materially negative reconstructed precipitation for 63--66; ValueError: materially negative reconstructed precipitation for 51--54; ValueError: materially negative reconstructed precipitation for 51--54; ValueError: materially negative reconstructed precipitation for 57--60,data/manifests/phase1e/2019-06/daily/source_2019061200.json
2019-06-13T00:00:00+00:00,day1_24h,2019-06-14,True,False,False,False,True,False,False,False,ValueError: materially negative reconstructed precipitation for 21--24; ValueError: materially negative reconstructed precipitation for 21--24; ValueError: materially negative reconstructed precipitation for 9--12,data/manifests/phase1e/2019-06/daily/source_2019061300.json
2019-06-13T00:00:00+00:00,day2_24h,2019-06-15,True,False,False,False,True,False,False,False,ValueError: materially negative reconstructed precipitation for 45--48; ValueError: materially negative reconstructed precipitation for 27--30; ValueError: materially negative reconstructed precipitation for 33--36,data/manifests/phase1e/2019-06/daily/source_2019061300.json
2019-06-13T00:00:00+00:00,day3_24h,2019-06-16,True,False,False,False,True,False,False,False,ValueError: materially negative reconstructed precipitation for 63--66; ValueError: materially negative reconstructed precipitation for 51--54; ValueError: materially negative reconstructed precipitation for 57--60,data/manifests/phase1e/2019-06/daily/source_2019061300.json
2019-06-14T00:00:00+00:00,day1_24h,2019-06-15,True,True,True,False,True,True,True,False,ValueError: materially negative reconstructed precipitation for 21--24; ValueError: materially negative reconstructed precipitation for 9--12; ValueError: materially negative reconstructed precipitation for 15--18; ValueError: materially negative reconstructed precipitation for 15--18,data/manifests/phase1e/2019-06/daily/source_2019061400.json
2019-06-14T00:00:00+00:00,day2_24h,2019-06-16,True,False,False,False,True,False,False,False,ValueError: materially negative reconstructed precipitation for 27--30; ValueError: materially negative reconstructed precipitation for 27--30; ValueError: materially negative reconstructed precipitation for 27--30,data/manifests/phase1e/2019-06/daily/source_2019061400.json
2019-06-14T00:00:00+00:00,day3_24h,2019-06-17,True,False,False,False,True,False,False,False,ValueError: materially negative reconstructed precipitation for 57--60; ValueError: materially negative reconstructed precipitation for 51--54; ValueError: materially negative reconstructed precipitation for 57--60; ValueError: materially negative reconstructed precipitation for 51--54,data/manifests/phase1e/2019-06/daily/source_2019061400.json
2019-06-15T00:00:00+00:00,day1_24h,2019-06-16,True,True,True,True,True,True,True,False,,data/manifests/phase1e/2019-06/daily/source_2019061500.json
2019-06-15T00:00:00+00:00,day2_24h,2019-06-17,True,False,False,False,True,False,False,False,ValueError: materially negative reconstructed precipitation for 33--36; ValueError: materially negative reconstructed precipitation for 39--42; ValueError: materially negative reconstructed precipitation for 33--36; ValueError: materially negative reconstructed precipitation for 27--30,data/manifests/phase1e/2019-06/daily/source_2019061500.json
2019-06-15T00:00:00+00:00,day3_24h,2019-06-18,True,False,False,False,True,False,False,False,ValueError: materially negative reconstructed precipitation for 51--54; ValueError: materially negative reconstructed precipitation for 51--54; ValueError: materially negative reconstructed precipitation for 63--66; ValueError: materially negative reconstructed precipitation for 57--60; ValueError: materially negative reconstructed precipitation for 51--54,data/manifests/phase1e/2019-06/daily/source_2019061500.json
2019-06-16T00:00:00+00:00,day1_24h,2019-06-17,True,False,False,False,True,False,False,False,ValueError: materially negative reconstructed precipitation for 21--24; ValueError: materially negative reconstructed precipitation for 15--18,data/manifests/phase1e/2019-06/daily/source_2019061600.json
2019-06-16T00:00:00+00:00,day2_24h,2019-06-18,True,False,False,False,True,False,False,False,ValueError: materially negative reconstructed precipitation for 39--42; ValueError: materially negative reconstructed precipitation for 39--42; ValueError: materially negative reconstructed precipitation for 27--30; ValueError: materially negative reconstructed precipitation for 27--30,data/manifests/phase1e/2019-06/daily/source_2019061600.json
2019-06-16T00:00:00+00:00,day3_24h,2019-06-19,True,False,False,False,True,False,False,False,ValueError: materially negative reconstructed precipitation for 51--54; ValueError: materially negative reconstructed precipitation for 63--66; ValueError: materially negative reconstructed precipitation for 51--54; ValueError: materially negative reconstructed precipitation for 57--60; ValueError: materially negative reconstructed precipitation for 63--66,data/manifests/phase1e/2019-06/daily/source_2019061600.json
2019-06-17T00:00:00+00:00,day1_24h,2019-06-18,True,False,False,False,True,False,False,False,ValueError: materially negative reconstructed precipitation for 15--18; ValueError: materially negative reconstructed precipitation for 9--12; ValueError: materially negative reconstructed precipitation for 15--18,data/manifests/phase1e/2019-06/daily/source_2019061700.json
2019-06-17T00:00:00+00:00,day2_24h,2019-06-19,True,False,False,False,True,False,False,False,ValueError: materially negative reconstructed precipitation for 39--42; ValueError: materially negative reconstructed precipitation for 45--48; ValueError: materially negative reconstructed precipitation for 39--42,data/manifests/phase1e/2019-06/daily/source_2019061700.json
2019-06-17T00:00:00+00:00,day3_24h,2019-06-20,True,False,False,False,True,False,False,False,ValueError: materially negative reconstructed precipitation for 51--54; ValueError: materially negative reconstructed precipitation for 51--54; ValueError: materially negative reconstructed precipitation for 57--60; ValueError: materially negative reconstructed precipitation for 51--54,data/manifests/phase1e/2019-06/daily/source_2019061700.json
2019-06-18T00:00:00+00:00,day1_24h,2019-06-19,True,False,False,False,True,False,False,False,ValueError: materially negative reconstructed precipitation for 9--12; ValueError: materially negative reconstructed precipitation for 9--12; ValueError: materially negative reconstructed precipitation for 15--18,data/manifests/phase1e/2019-06/daily/source_2019061800.json
2019-06-18T00:00:00+00:00,day2_24h,2019-06-20,True,False,False,False,True,False,False,False,ValueError: materially negative reconstructed precipitation for 27--30; ValueError: materially negative reconstructed precipitation for 39--42; ValueError: materially negative reconstructed precipitation for 39--42; ValueError: materially negative reconstructed precipitation for 27--30; ValueError: materially negative reconstructed precipitation for 39--42,data/manifests/phase1e/2019-06/daily/source_2019061800.json
2019-06-18T00:00:00+00:00,day3_24h,2019-06-21,True,False,False,False,True,False,False,False,ValueError: materially negative reconstructed precipitation for 57--60; ValueError: materially negative reconstructed precipitation for 57--60; ValueError: materially negative reconstructed precipitation for 57--60; ValueError: materially negative reconstructed precipitation for 63--66; ValueError: materially negative reconstructed precipitation for 57--60,data/manifests/phase1e/2019-06/daily/source_2019061800.json
2019-06-19T00:00:00+00:00,day1_24h,2019-06-20,True,False,False,False,True,False,False,False,ValueError: materially negative reconstructed precipitation for 9--12,data/manifests/phase1e/2019-06/daily/source_2019061900.json
2019-06-19T00:00:00+00:00,day2_24h,2019-06-21,True,False,False,False,True,False,False,False,ValueError: materially negative reconstructed precipitation for 39--42; ValueError: materially negative reconstructed precipitation for 27--30; ValueError: materially negative reconstructed precipitation for 33--36,data/manifests/phase1e/2019-06/daily/source_2019061900.json
2019-06-19T00:00:00+00:00,day3_24h,2019-06-22,True,False,False,False,True,False,False,False,ValueError: materially negative reconstructed precipitation for 63--66; ValueError: materially negative reconstructed precipitation for 69--72; ValueError: materially negative reconstructed precipitation for 51--54; ValueError: materially negative reconstructed precipitation for 51--54,data/manifests/phase1e/2019-06/daily/source_2019061900.json
2019-06-20T00:00:00+00:00,day1_24h,2019-06-21,True,False,False,False,True,False,False,False,ValueError: materially negative reconstructed precipitation for 9--12; ValueError: materially negative reconstructed precipitation for 21--24; ValueError: materially negative reconstructed precipitation for 15--18; ValueError: materially negative reconstructed precipitation for 21--24; ValueError: materially negative reconstructed precipitation for 9--12,data/manifests/phase1e/2019-06/daily/source_2019062000.json
2019-06-20T00:00:00+00:00,day2_24h,2019-06-22,True,False,False,False,True,False,False,False,ValueError: materially negative reconstructed precipitation for 33--36; ValueError: materially negative reconstructed precipitation for 33--36; ValueError: materially negative reconstructed precipitation for 27--30; ValueError: materially negative reconstructed precipitation for 33--36,data/manifests/phase1e/2019-06/daily/source_2019062000.json
2019-06-20T00:00:00+00:00,day3_24h,2019-06-23,True,False,False,False,True,False,False,False,ValueError: materially negative reconstructed precipitation for 51--54; ValueError: materially negative reconstructed precipitation for 63--66; ValueError: materially negative reconstructed precipitation for 57--60; ValueError: materially negative reconstructed precipitation for 57--60,data/manifests/phase1e/2019-06/daily/source_2019062000.json
2019-06-21T00:00:00+00:00,day1_24h,2019-06-22,True,False,False,False,True,False,False,False,ValueError: materially negative reconstructed precipitation for 9--12; ValueError: materially negative reconstructed precipitation for 9--12; ValueError: materially negative reconstructed precipitation for 9--12; ValueError: materially negative reconstructed precipitation for 15--18,data/manifests/phase1e/2019-06/daily/source_2019062100.json
2019-06-21T00:00:00+00:00,day2_24h,2019-06-23,True,False,False,False,True,False,False,False,ValueError: materially negative reconstructed precipitation for 33--36; ValueError: materially negative reconstructed precipitation for 33--36; ValueError: materially negative reconstructed precipitation for 27--30; ValueError: materially negative reconstructed precipitation for 33--36; ValueError: materially negative reconstructed precipitation for 27--30,data/manifests/phase1e/2019-06/daily/source_2019062100.json
2019-06-21T00:00:00+00:00,day3_24h,2019-06-24,True,False,False,False,True,False,False,False,ValueError: materially negative reconstructed precipitation for 57--60; ValueError: materially negative reconstructed precipitation for 51--54; ValueError: materially negative reconstructed precipitation for 57--60; ValueError: materially negative reconstructed precipitation for 63--66,data/manifests/phase1e/2019-06/daily/source_2019062100.json
2019-06-22T00:00:00+00:00,day1_24h,2019-06-23,True,False,False,False,True,False,False,False,ValueError: materially negative reconstructed precipitation for 9--12; ValueError: materially negative reconstructed precipitation for 15--18; ValueError: materially negative reconstructed precipitation for 9--12; ValueError: materially negative reconstructed precipitation for 9--12,data/manifests/phase1e/2019-06/daily/source_2019062200.json
2019-06-22T00:00:00+00:00,day2_24h,2019-06-24,True,False,False,False,True,False,False,False,ValueError: materially negative reconstructed precipitation for 27--30; ValueError: materially negative reconstructed precipitation for 27--30; ValueError: materially negative reconstructed precipitation for 45--48; ValueError: materially negative reconstructed precipitation for 27--30,data/manifests/phase1e/2019-06/daily/source_2019062200.json
2019-06-22T00:00:00+00:00,day3_24h,2019-06-25,True,False,False,False,True,False,False,False,ValueError: materially negative reconstructed precipitation for 51--54; ValueError: materially negative reconstructed precipitation for 69--72; ValueError: materially negative reconstructed precipitation for 63--66; ValueError: materially negative reconstructed precipitation for 51--54,data/manifests/phase1e/2019-06/daily/source_2019062200.json
2019-06-23T00:00:00+00:00,day1_24h,2019-06-24,True,False,False,False,True,False,False,False,ValueError: materially negative reconstructed precipitation for 15--18; ValueError: materially negative reconstructed precipitation for 21--24; ValueError: materially negative reconstructed precipitation for 9--12; ValueError: materially negative reconstructed precipitation for 9--12; ValueError: materially negative reconstructed precipitation for 9--12,data/manifests/phase1e/2019-06/daily/source_2019062300.json
2019-06-23T00:00:00+00:00,day2_24h,2019-06-25,True,False,False,False,True,False,False,False,ValueError: materially negative reconstructed precipitation for 27--30; ValueError: materially negative reconstructed precipitation for 27--30; ValueError: materially negative reconstructed precipitation for 39--42,data/manifests/phase1e/2019-06/daily/source_2019062300.json
2019-06-23T00:00:00+00:00,day3_24h,2019-06-26,True,False,False,False,True,False,False,False,ValueError: materially negative reconstructed precipitation for 57--60; ValueError: materially negative reconstructed precipitation for 51--54; ValueError: materially negative reconstructed precipitation for 63--66; ValueError: materially negative reconstructed precipitation for 51--54; ValueError: materially negative reconstructed precipitation for 51--54,data/manifests/phase1e/2019-06/daily/source_2019062300.json
2019-06-24T00:00:00+00:00,day1_24h,2019-06-25,True,False,False,False,True,False,False,False,ValueError: materially negative reconstructed precipitation for 21--24; ValueError: materially negative reconstructed precipitation for 9--12; ValueError: materially negative reconstructed precipitation for 15--18; ValueError: materially negative reconstructed precipitation for 9--12,data/manifests/phase1e/2019-06/daily/source_2019062400.json
2019-06-24T00:00:00+00:00,day2_24h,2019-06-26,True,False,False,False,True,False,False,False,ValueError: materially negative reconstructed precipitation for 27--30; ValueError: materially negative reconstructed precipitation for 27--30; ValueError: materially negative reconstructed precipitation for 27--30; ValueError: materially negative reconstructed precipitation for 39--42; ValueError: materially negative reconstructed precipitation for 45--48,data/manifests/phase1e/2019-06/daily/source_2019062400.json
2019-06-24T00:00:00+00:00,day3_24h,2019-06-27,True,False,False,False,True,False,False,False,ValueError: materially negative reconstructed precipitation for 57--60; ValueError: materially negative reconstructed precipitation for 57--60; ValueError: materially negative reconstructed precipitation for 51--54; ValueError: materially negative reconstructed precipitation for 57--60,data/manifests/phase1e/2019-06/daily/source_2019062400.json
2019-06-25T00:00:00+00:00,day1_24h,2019-06-26,True,False,False,False,True,False,False,False,ValueError: materially negative reconstructed precipitation for 15--18; ValueError: materially negative reconstructed precipitation for 9--12; ValueError: materially negative reconstructed precipitation for 9--12,data/manifests/phase1e/2019-06/daily/source_2019062500.json
2019-06-25T00:00:00+00:00,day2_24h,2019-06-27,True,False,False,False,True,False,False,False,ValueError: materially negative reconstructed precipitation for 27--30; ValueError: materially negative reconstructed precipitation for 27--30; ValueError: materially negative reconstructed precipitation for 39--42; ValueError: materially negative reconstructed precipitation for 39--42; ValueError: materially negative reconstructed precipitation for 27--30,data/manifests/phase1e/2019-06/daily/source_2019062500.json
2019-06-25T00:00:00+00:00,day3_24h,2019-06-28,True,False,False,False,True,False,False,False,ValueError: materially negative reconstructed precipitation for 51--54; ValueError: materially negative reconstructed precipitation for 57--60; ValueError: materially negative reconstructed precipitation for 51--54; ValueError: materially negative reconstructed precipitation for 51--54; ValueError: materially negative reconstructed precipitation for 69--72,data/manifests/phase1e/2019-06/daily/source_2019062500.json
2019-06-26T00:00:00+00:00,day1_24h,2019-06-27,True,False,False,False,True,False,False,False,ValueError: materially negative reconstructed precipitation for 9--12; ValueError: materially negative reconstructed precipitation for 15--18; ValueError: materially negative reconstructed precipitation for 9--12; ValueError: materially negative reconstructed precipitation for 9--12,data/manifests/phase1e/2019-06/daily/source_2019062600.json
2019-06-26T00:00:00+00:00,day2_24h,2019-06-28,True,False,False,False,True,False,False,False,ValueError: materially negative reconstructed precipitation for 27--30; ValueError: materially negative reconstructed precipitation for 33--36; ValueError: materially negative reconstructed precipitation for 39--42; ValueError: materially negative reconstructed precipitation for 27--30; ValueError: materially negative reconstructed precipitation for 27--30,data/manifests/phase1e/2019-06/daily/source_2019062600.json
2019-06-26T00:00:00+00:00,day3_24h,2019-06-29,True,False,False,False,True,False,False,False,ValueError: materially negative reconstructed precipitation for 51--54; ValueError: materially negative reconstructed precipitation for 57--60; ValueError: materially negative reconstructed precipitation for 57--60; ValueError: materially negative reconstructed precipitation for 57--60,data/manifests/phase1e/2019-06/daily/source_2019062600.json
2019-06-27T00:00:00+00:00,day1_24h,2019-06-28,True,True,True,False,True,True,True,False,ValueError: materially negative reconstructed precipitation for 15--18; ValueError: materially negative reconstructed precipitation for 9--12; ValueError: materially negative reconstructed precipitation for 21--24,data/manifests/phase1e/2019-06/daily/source_2019062700.json
2019-06-27T00:00:00+00:00,day2_24h,2019-06-29,True,False,False,False,True,False,False,False,ValueError: materially negative reconstructed precipitation for 33--36; ValueError: materially negative reconstructed precipitation for 33--36; ValueError: materially negative reconstructed precipitation for 27--30; ValueError: materially negative reconstructed precipitation for 27--30; ValueError: materially negative reconstructed precipitation for 33--36,data/manifests/phase1e/2019-06/daily/source_2019062700.json
2019-06-27T00:00:00+00:00,day3_24h,2019-06-30,True,True,True,False,True,True,True,False,ValueError: materially negative reconstructed precipitation for 51--54,data/manifests/phase1e/2019-06/daily/source_2019062700.json
2019-06-28T00:00:00+00:00,day1_24h,2019-06-29,True,False,False,False,True,False,False,False,ValueError: materially negative reconstructed precipitation for 9--12; ValueError: materially negative reconstructed precipitation for 9--12; ValueError: materially negative reconstructed precipitation for 9--12,data/manifests/phase1e/2019-06/daily/source_2019062800.json
2019-06-28T00:00:00+00:00,day2_24h,2019-06-30,True,True,True,False,True,True,True,False,ValueError: materially negative reconstructed precipitation for 27--30; ValueError: materially negative reconstructed precipitation for 45--48; ValueError: materially negative reconstructed precipitation for 39--42,data/manifests/phase1e/2019-06/daily/source_2019062800.json
2019-06-28T00:00:00+00:00,day3_24h,2019-07-01,True,False,False,False,True,False,False,False,ValueError: materially negative reconstructed precipitation for 51--54; ValueError: materially negative reconstructed precipitation for 57--60; ValueError: materially negative reconstructed precipitation for 51--54,data/manifests/phase1e/2019-06/daily/source_2019062800.json
2019-06-29T00:00:00+00:00,day1_24h,2019-06-30,True,True,True,False,True,True,True,False,ValueError: materially negative reconstructed precipitation for 15--18,data/manifests/phase1e/2019-06/daily/source_2019062900.json
2019-06-29T00:00:00+00:00,day2_24h,2019-07-01,True,True,True,False,True,True,True,False,ValueError: materially negative reconstructed precipitation for 45--48; ValueError: materially negative reconstructed precipitation for 45--48,data/manifests/phase1e/2019-06/daily/source_2019062900.json
2019-06-29T00:00:00+00:00,day3_24h,2019-07-02,True,False,False,False,True,False,False,False,ValueError: materially negative reconstructed precipitation for 51--54; ValueError: materially negative reconstructed precipitation for 51--54; ValueError: materially negative reconstructed precipitation for 57--60,data/manifests/phase1e/2019-06/daily/source_2019062900.json
2019-06-30T00:00:00+00:00,day1_24h,2019-07-01,True,False,False,False,True,False,False,False,ValueError: materially negative reconstructed precipitation for 9--12; ValueError: materially negative reconstructed precipitation for 21--24,data/manifests/phase1e/2019-06/daily/source_2019063000.json
2019-06-30T00:00:00+00:00,day2_24h,2019-07-02,True,False,False,False,True,False,False,False,ValueError: materially negative reconstructed precipitation for 33--36; ValueError: materially negative reconstructed precipitation for 33--36; ValueError: materially negative reconstructed precipitation for 33--36; ValueError: materially negative reconstructed precipitation for 27--30; ValueError: materially negative reconstructed precipitation for 27--30,data/manifests/phase1e/2019-06/daily/source_2019063000.json
2019-06-30T00:00:00+00:00,day3_24h,2019-07-03,True,True,True,False,True,True,True,False,ValueError: materially negative reconstructed precipitation for 51--54; ValueError: materially negative reconstructed precipitation for 57--60; ValueError: materially negative reconstructed precipitation for 57--60,data/manifests/phase1e/2019-06/daily/source_2019063000.json
2019-07-01T00:00:00+00:00,day1_24h,2019-07-02,True,False,False,False,True,False,False,False,ValueError: materially negative reconstructed precipitation for 21--24,data/manifests/phase1e/2019-07/daily/source_2019070100.json
2019-07-01T00:00:00+00:00,day2_24h,2019-07-03,True,False,False,False,True,False,False,False,ValueError: materially negative reconstructed precipitation for 33--36; ValueError: materially negative reconstructed precipitation for 33--36,data/manifests/phase1e/2019-07/daily/source_2019070100.json
2019-07-01T00:00:00+00:00,day3_24h,2019-07-04,True,False,False,False,True,False,False,False,ValueError: materially negative reconstructed precipitation for 51--54; ValueError: materially negative reconstructed precipitation for 63--66; ValueError: materially negative reconstructed precipitation for 57--60,data/manifests/phase1e/2019-07/daily/source_2019070100.json
2019-07-02T00:00:00+00:00,day1_24h,2019-07-03,True,False,False,False,True,False,False,False,ValueError: materially negative reconstructed precipitation for 9--12; ValueError: materially negative reconstructed precipitation for 9--12; ValueError: materially negative reconstructed precipitation for 15--18,data/manifests/phase1e/2019-07/daily/source_2019070200.json
2019-07-02T00:00:00+00:00,day2_24h,2019-07-04,True,False,False,False,True,False,False,False,ValueError: materially negative reconstructed precipitation for 45--48; ValueError: materially negative reconstructed precipitation for 27--30; ValueError: materially negative reconstructed precipitation for 27--30; ValueError: materially negative reconstructed precipitation for 39--42,data/manifests/phase1e/2019-07/daily/source_2019070200.json
2019-07-02T00:00:00+00:00,day3_24h,2019-07-05,True,False,False,False,True,False,False,False,ValueError: materially negative reconstructed precipitation for 57--60; ValueError: materially negative reconstructed precipitation for 51--54; ValueError: materially negative reconstructed precipitation for 57--60,data/manifests/phase1e/2019-07/daily/source_2019070200.json
2019-07-03T00:00:00+00:00,day1_24h,2019-07-04,True,True,True,True,True,True,True,False,,data/manifests/phase1e/2019-07/daily/source_2019070300.json
2019-07-03T00:00:00+00:00,day2_24h,2019-07-05,True,False,False,False,True,False,False,False,ValueError: materially negative reconstructed precipitation for 45--48; ValueError: materially negative reconstructed precipitation for 45--48; ValueError: materially negative reconstructed precipitation for 39--42,data/manifests/phase1e/2019-07/daily/source_2019070300.json
2019-07-03T00:00:00+00:00,day3_24h,2019-07-06,True,False,False,False,True,False,False,False,ValueError: materially negative reconstructed precipitation for 51--54; ValueError: materially negative reconstructed precipitation for 63--66; ValueError: materially negative reconstructed precipitation for 63--66; ValueError: materially negative reconstructed precipitation for 57--60,data/manifests/phase1e/2019-07/daily/source_2019070300.json
2019-07-04T00:00:00+00:00,day1_24h,2019-07-05,True,False,False,False,True,False,False,False,ValueError: materially negative reconstructed precipitation for 9--12; ValueError: materially negative reconstructed precipitation for 21--24; ValueError: materially negative reconstructed precipitation for 9--12; ValueError: materially negative reconstructed precipitation for 9--12,data/manifests/phase1e/2019-07/daily/source_2019070400.json
2019-07-04T00:00:00+00:00,day2_24h,2019-07-06,True,False,False,False,True,False,False,False,ValueError: materially negative reconstructed precipitation for 27--30; ValueError: materially negative reconstructed precipitation for 39--42,data/manifests/phase1e/2019-07/daily/source_2019070400.json
2019-07-04T00:00:00+00:00,day3_24h,2019-07-07,True,False,False,False,True,False,False,False,ValueError: materially negative reconstructed precipitation for 57--60; ValueError: materially negative reconstructed precipitation for 51--54; ValueError: materially negative reconstructed precipitation for 69--72; ValueError: materially negative reconstructed precipitation for 57--60,data/manifests/phase1e/2019-07/daily/source_2019070400.json
2019-07-05T00:00:00+00:00,day1_24h,2019-07-06,True,False,False,False,True,False,False,False,ValueError: materially negative reconstructed precipitation for 9--12; ValueError: materially negative reconstructed precipitation for 15--18,data/manifests/phase1e/2019-07/daily/source_2019070500.json
2019-07-05T00:00:00+00:00,day2_24h,2019-07-07,True,False,False,False,True,False,False,False,ValueError: materially negative reconstructed precipitation for 45--48; ValueError: materially negative reconstructed precipitation for 33--36,data/manifests/phase1e/2019-07/daily/source_2019070500.json
2019-07-05T00:00:00+00:00,day3_24h,2019-07-08,True,False,False,False,True,False,False,False,ValueError: materially negative reconstructed precipitation for 69--72; ValueError: materially negative reconstructed precipitation for 57--60; ValueError: materially negative reconstructed precipitation for 51--54; ValueError: materially negative reconstructed precipitation for 57--60; ValueError: materially negative reconstructed precipitation for 57--60,data/manifests/phase1e/2019-07/daily/source_2019070500.json
2019-07-06T00:00:00+00:00,day1_24h,2019-07-07,True,False,False,False,True,False,False,False,ValueError: materially negative reconstructed precipitation for 15--18,data/manifests/phase1e/2019-07/daily/source_2019070600.json
2019-07-06T00:00:00+00:00,day2_24h,2019-07-08,True,True,True,False,True,True,True,False,ValueError: materially negative reconstructed precipitation for 33--36; ValueError: materially negative reconstructed precipitation for 39--42; ValueError: materially negative reconstructed precipitation for 27--30,data/manifests/phase1e/2019-07/daily/source_2019070600.json
2019-07-06T00:00:00+00:00,day3_24h,2019-07-09,True,False,False,False,True,False,False,False,ValueError: materially negative reconstructed precipitation for 51--54; ValueError: materially negative reconstructed precipitation for 51--54; ValueError: materially negative reconstructed precipitation for 51--54,data/manifests/phase1e/2019-07/daily/source_2019070600.json
2019-07-07T00:00:00+00:00,day1_24h,2019-07-08,True,False,False,False,True,False,False,False,ValueError: materially negative reconstructed precipitation for 9--12; ValueError: materially negative reconstructed precipitation for 9--12; ValueError: materially negative reconstructed precipitation for 9--12,data/manifests/phase1e/2019-07/daily/source_2019070700.json
2019-07-07T00:00:00+00:00,day2_24h,2019-07-09,True,False,False,False,True,False,False,False,ValueError: materially negative reconstructed precipitation for 33--36; ValueError: materially negative reconstructed precipitation for 27--30; ValueError: materially negative reconstructed precipitation for 27--30,data/manifests/phase1e/2019-07/daily/source_2019070700.json
2019-07-07T00:00:00+00:00,day3_24h,2019-07-10,True,False,False,False,True,False,False,False,ValueError: materially negative reconstructed precipitation for 57--60; ValueError: materially negative reconstructed precipitation for 69--72; ValueError: materially negative reconstructed precipitation for 69--72; ValueError: materially negative reconstructed precipitation for 57--60,data/manifests/phase1e/2019-07/daily/source_2019070700.json
2019-07-08T00:00:00+00:00,day1_24h,2019-07-09,True,True,True,False,True,True,True,False,ValueError: materially negative reconstructed precipitation for 15--18,data/manifests/phase1e/2019-07/daily/source_2019070800.json
2019-07-08T00:00:00+00:00,day2_24h,2019-07-10,True,False,False,False,True,False,False,False,ValueError: materially negative reconstructed precipitation for 39--42; ValueError: materially negative reconstructed precipitation for 45--48; ValueError: materially negative reconstructed precipitation for 45--48,data/manifests/phase1e/2019-07/daily/source_2019070800.json
2019-07-08T00:00:00+00:00,day3_24h,2019-07-11,True,False,False,False,True,False,False,False,ValueError: materially negative reconstructed precipitation for 57--60; ValueError: materially negative reconstructed precipitation for 51--54; ValueError: materially negative reconstructed precipitation for 51--54; ValueError: materially negative reconstructed precipitation for 57--60; ValueError: materially negative reconstructed precipitation for 51--54,data/manifests/phase1e/2019-07/daily/source_2019070800.json
2019-07-09T00:00:00+00:00,day1_24h,2019-07-10,True,False,False,False,True,False,False,False,ValueError: materially negative reconstructed precipitation for 9--12; ValueError: materially negative reconstructed precipitation for 15--18; ValueError: materially negative reconstructed precipitation for 15--18; ValueError: materially negative reconstructed precipitation for 15--18,data/manifests/phase1e/2019-07/daily/source_2019070900.json
2019-07-09T00:00:00+00:00,day2_24h,2019-07-11,True,False,False,False,True,False,False,False,ValueError: materially negative reconstructed precipitation for 33--36; ValueError: materially negative reconstructed precipitation for 27--30; ValueError: materially negative reconstructed precipitation for 45--48; ValueError: materially negative reconstructed precipitation for 27--30; ValueError: materially negative reconstructed precipitation for 27--30,data/manifests/phase1e/2019-07/daily/source_2019070900.json
2019-07-09T00:00:00+00:00,day3_24h,2019-07-12,True,False,False,False,True,False,False,False,ValueError: materially negative reconstructed precipitation for 51--54; ValueError: materially negative reconstructed precipitation for 51--54; ValueError: materially negative reconstructed precipitation for 51--54; ValueError: materially negative reconstructed precipitation for 51--54; ValueError: materially negative reconstructed precipitation for 51--54,data/manifests/phase1e/2019-07/daily/source_2019070900.json
2019-07-10T00:00:00+00:00,day1_24h,2019-07-11,True,False,False,False,True,False,False,False,ValueError: materially negative reconstructed precipitation for 15--18; ValueError: materially negative reconstructed precipitation for 21--24; ValueError: materially negative reconstructed precipitation for 21--24; ValueError: materially negative reconstructed precipitation for 9--12; ValueError: materially negative reconstructed precipitation for 15--18,data/manifests/phase1e/2019-07/daily/source_2019071000.json
2019-07-10T00:00:00+00:00,day2_24h,2019-07-12,True,False,False,False,True,False,False,False,ValueError: materially negative reconstructed precipitation for 27--30; ValueError: materially negative reconstructed precipitation for 27--30; ValueError: materially negative reconstructed precipitation for 27--30; ValueError: materially negative reconstructed precipitation for 33--36; ValueError: materially negative reconstructed precipitation for 39--42,data/manifests/phase1e/2019-07/daily/source_2019071000.json
2019-07-10T00:00:00+00:00,day3_24h,2019-07-13,True,False,False,False,True,False,False,False,ValueError: materially negative reconstructed precipitation for 51--54; ValueError: materially negative reconstructed precipitation for 69--72; ValueError: materially negative reconstructed precipitation for 57--60; ValueError: materially negative reconstructed precipitation for 51--54; ValueError: materially negative reconstructed precipitation for 57--60,data/manifests/phase1e/2019-07/daily/source_2019071000.json
2019-07-11T00:00:00+00:00,day1_24h,2019-07-12,True,False,False,False,True,False,False,False,ValueError: materially negative reconstructed precipitation for 9--12; ValueError: materially negative reconstructed precipitation for 21--24; ValueError: materially negative reconstructed precipitation for 15--18,data/manifests/phase1e/2019-07/daily/source_2019071100.json
2019-07-11T00:00:00+00:00,day2_24h,2019-07-13,True,False,False,False,True,False,False,False,ValueError: materially negative reconstructed precipitation for 27--30; ValueError: materially negative reconstructed precipitation for 27--30; ValueError: materially negative reconstructed precipitation for 27--30; ValueError: materially negative reconstructed precipitation for 45--48; ValueError: materially negative reconstructed precipitation for 33--36,data/manifests/phase1e/2019-07/daily/source_2019071100.json
2019-07-11T00:00:00+00:00,day3_24h,2019-07-14,True,True,True,False,True,True,True,False,ValueError: materially negative reconstructed precipitation for 63--66; ValueError: materially negative reconstructed precipitation for 63--66,data/manifests/phase1e/2019-07/daily/source_2019071100.json
2019-07-12T00:00:00+00:00,day1_24h,2019-07-13,True,False,False,False,True,False,False,False,ValueError: materially negative reconstructed precipitation for 9--12; ValueError: materially negative reconstructed precipitation for 9--12; ValueError: materially negative reconstructed precipitation for 9--12; ValueError: materially negative reconstructed precipitation for 15--18,data/manifests/phase1e/2019-07/daily/source_2019071200.json
2019-07-12T00:00:00+00:00,day2_24h,2019-07-14,True,False,False,False,True,False,False,False,ValueError: materially negative reconstructed precipitation for 27--30; ValueError: materially negative reconstructed precipitation for 33--36; ValueError: materially negative reconstructed precipitation for 27--30; ValueError: materially negative reconstructed precipitation for 33--36; ValueError: materially negative reconstructed precipitation for 33--36,data/manifests/phase1e/2019-07/daily/source_2019071200.json
2019-07-12T00:00:00+00:00,day3_24h,2019-07-15,True,False,False,False,True,False,False,False,ValueError: materially negative reconstructed precipitation for 51--54; ValueError: materially negative reconstructed precipitation for 57--60; ValueError: materially negative reconstructed precipitation for 63--66; ValueError: materially negative reconstructed precipitation for 57--60,data/manifests/phase1e/2019-07/daily/source_2019071200.json
2019-07-13T00:00:00+00:00,day1_24h,2019-07-14,True,False,False,False,True,False,False,False,ValueError: materially negative reconstructed precipitation for 21--24; ValueError: materially negative reconstructed precipitation for 15--18; ValueError: materially negative reconstructed precipitation for 9--12; ValueError: materially negative reconstructed precipitation for 9--12; ValueError: materially negative reconstructed precipitation for 9--12,data/manifests/phase1e/2019-07/daily/source_2019071300.json
2019-07-13T00:00:00+00:00,day2_24h,2019-07-15,True,False,False,False,True,False,False,False,ValueError: materially negative reconstructed precipitation for 27--30; ValueError: materially negative reconstructed precipitation for 27--30; ValueError: materially negative reconstructed precipitation for 27--30; ValueError: materially negative reconstructed precipitation for 27--30; ValueError: materially negative reconstructed precipitation for 39--42,data/manifests/phase1e/2019-07/daily/source_2019071300.json
2019-07-13T00:00:00+00:00,day3_24h,2019-07-16,True,False,False,False,True,False,False,False,ValueError: materially negative reconstructed precipitation for 51--54; ValueError: materially negative reconstructed precipitation for 69--72; ValueError: materially negative reconstructed precipitation for 51--54; ValueError: materially negative reconstructed precipitation for 51--54; ValueError: materially negative reconstructed precipitation for 51--54,data/manifests/phase1e/2019-07/daily/source_2019071300.json
2019-07-14T00:00:00+00:00,day1_24h,2019-07-15,True,False,False,False,True,False,False,False,ValueError: materially negative reconstructed precipitation for 9--12; ValueError: materially negative reconstructed precipitation for 9--12; ValueError: materially negative reconstructed precipitation for 21--24; ValueError: materially negative reconstructed precipitation for 9--12,data/manifests/phase1e/2019-07/daily/source_2019071400.json
2019-07-14T00:00:00+00:00,day2_24h,2019-07-16,True,False,False,False,True,False,False,False,ValueError: materially negative reconstructed precipitation for 33--36; ValueError: materially negative reconstructed precipitation for 33--36; ValueError: materially negative reconstructed precipitation for 45--48; ValueError: materially negative reconstructed precipitation for 27--30; ValueError: materially negative reconstructed precipitation for 27--30,data/manifests/phase1e/2019-07/daily/source_2019071400.json
2019-07-14T00:00:00+00:00,day3_24h,2019-07-17,True,False,False,False,True,False,False,False,ValueError: materially negative reconstructed precipitation for 57--60; ValueError: materially negative reconstructed precipitation for 63--66; ValueError: materially negative reconstructed precipitation for 63--66; ValueError: materially negative reconstructed precipitation for 51--54; ValueError: materially negative reconstructed precipitation for 57--60,data/manifests/phase1e/2019-07/daily/source_2019071400.json
2019-07-15T00:00:00+00:00,day1_24h,2019-07-16,True,False,False,False,True,False,False,False,ValueError: materially negative reconstructed precipitation for 15--18; ValueError: materially negative reconstructed precipitation for 15--18; ValueError: materially negative reconstructed precipitation for 21--24; ValueError: materially negative reconstructed precipitation for 21--24,data/manifests/phase1e/2019-07/daily/source_2019071500.json
2019-07-15T00:00:00+00:00,day2_24h,2019-07-17,True,False,False,False,True,False,False,False,ValueError: materially negative reconstructed precipitation for 27--30; ValueError: materially negative reconstructed precipitation for 39--42; ValueError: materially negative reconstructed precipitation for 27--30,data/manifests/phase1e/2019-07/daily/source_2019071500.json
2019-07-15T00:00:00+00:00,day3_24h,2019-07-18,True,True,True,False,True,True,True,False,ValueError: materially negative reconstructed precipitation for 51--54; ValueError: materially negative reconstructed precipitation for 57--60,data/manifests/phase1e/2019-07/daily/source_2019071500.json
2019-07-16T00:00:00+00:00,day1_24h,2019-07-17,True,False,False,False,True,False,False,False,ValueError: materially negative reconstructed precipitation for 15--18; ValueError: materially negative reconstructed precipitation for 21--24; ValueError: materially negative reconstructed precipitation for 15--18,data/manifests/phase1e/2019-07/daily/source_2019071600.json
2019-07-16T00:00:00+00:00,day2_24h,2019-07-18,True,False,False,False,True,False,False,False,ValueError: materially negative reconstructed precipitation for 45--48; ValueError: materially negative reconstructed precipitation for 45--48,data/manifests/phase1e/2019-07/daily/source_2019071600.json
2019-07-16T00:00:00+00:00,day3_24h,2019-07-19,True,False,False,False,True,False,False,False,ValueError: materially negative reconstructed precipitation for 63--66; ValueError: materially negative reconstructed precipitation for 51--54; ValueError: materially negative reconstructed precipitation for 63--66; ValueError: materially negative reconstructed precipitation for 63--66,data/manifests/phase1e/2019-07/daily/source_2019071600.json
2019-07-17T00:00:00+00:00,day1_24h,2019-07-18,True,False,False,False,True,False,False,False,ValueError: materially negative reconstructed precipitation for 15--18; ValueError: materially negative reconstructed precipitation for 21--24; ValueError: materially negative reconstructed precipitation for 15--18,data/manifests/phase1e/2019-07/daily/source_2019071700.json
2019-07-17T00:00:00+00:00,day2_24h,2019-07-19,True,False,False,False,True,False,False,False,ValueError: materially negative reconstructed precipitation for 33--36; ValueError: materially negative reconstructed precipitation for 39--42; ValueError: materially negative reconstructed precipitation for 33--36; ValueError: materially negative reconstructed precipitation for 39--42,data/manifests/phase1e/2019-07/daily/source_2019071700.json
2019-07-17T00:00:00+00:00,day3_24h,2019-07-20,True,False,False,False,True,False,False,False,ValueError: materially negative reconstructed precipitation for 57--60; ValueError: materially negative reconstructed precipitation for 57--60,data/manifests/phase1e/2019-07/daily/source_2019071700.json
2019-07-18T00:00:00+00:00,day1_24h,2019-07-19,True,False,False,False,True,False,False,False,ValueError: materially negative reconstructed precipitation for 9--12; ValueError: materially negative reconstructed precipitation for 15--18; ValueError: materially negative reconstructed precipitation for 9--12,data/manifests/phase1e/2019-07/daily/source_2019071800.json
2019-07-18T00:00:00+00:00,day2_24h,2019-07-20,True,False,False,False,True,False,False,False,ValueError: materially negative reconstructed precipitation for 27--30; ValueError: materially negative reconstructed precipitation for 33--36,data/manifests/phase1e/2019-07/daily/source_2019071800.json
2019-07-18T00:00:00+00:00,day3_24h,2019-07-21,True,False,False,False,True,False,False,False,ValueError: materially negative reconstructed precipitation for 51--54; ValueError: materially negative reconstructed precipitation for 63--66; ValueError: materially negative reconstructed precipitation for 63--66; ValueError: materially negative reconstructed precipitation for 63--66; ValueError: materially negative reconstructed precipitation for 57--60,data/manifests/phase1e/2019-07/daily/source_2019071800.json
2019-07-19T00:00:00+00:00,day1_24h,2019-07-20,True,False,False,False,True,False,False,False,ValueError: materially negative reconstructed precipitation for 9--12; ValueError: materially negative reconstructed precipitation for 9--12; ValueError: materially negative reconstructed precipitation for 9--12,data/manifests/phase1e/2019-07/daily/source_2019071900.json
2019-07-19T00:00:00+00:00,day2_24h,2019-07-21,True,False,False,False,True,False,False,False,ValueError: materially negative reconstructed precipitation for 27--30; ValueError: materially negative reconstructed precipitation for 27--30; ValueError: materially negative reconstructed precipitation for 33--36; ValueError: materially negative reconstructed precipitation for 39--42,data/manifests/phase1e/2019-07/daily/source_2019071900.json
2019-07-19T00:00:00+00:00,day3_24h,2019-07-22,True,False,False,False,True,False,False,False,ValueError: materially negative reconstructed precipitation for 51--54; ValueError: materially negative reconstructed precipitation for 57--60; ValueError: materially negative reconstructed precipitation for 69--72; ValueError: materially negative reconstructed precipitation for 51--54; ValueError: materially negative reconstructed precipitation for 51--54,data/manifests/phase1e/2019-07/daily/source_2019071900.json
2019-07-20T00:00:00+00:00,day1_24h,2019-07-21,True,False,False,False,True,False,False,False,ValueError: materially negative reconstructed precipitation for 9--12; ValueError: materially negative reconstructed precipitation for 9--12; ValueError: materially negative reconstructed precipitation for 15--18,data/manifests/phase1e/2019-07/daily/source_2019072000.json
2019-07-20T00:00:00+00:00,day2_24h,2019-07-22,True,False,False,False,True,False,False,False,ValueError: materially negative reconstructed precipitation for 27--30; ValueError: materially negative reconstructed precipitation for 27--30; ValueError: materially negative reconstructed precipitation for 27--30; ValueError: materially negative reconstructed precipitation for 39--42,data/manifests/phase1e/2019-07/daily/source_2019072000.json
2019-07-20T00:00:00+00:00,day3_24h,2019-07-23,True,False,False,False,True,False,False,False,ValueError: materially negative reconstructed precipitation for 51--54; ValueError: materially negative reconstructed precipitation for 63--66; ValueError: materially negative reconstructed precipitation for 57--60; ValueError: materially negative reconstructed precipitation for 57--60,data/manifests/phase1e/2019-07/daily/source_2019072000.json
2019-07-21T00:00:00+00:00,day1_24h,2019-07-22,True,True,True,False,True,True,True,False,ValueError: materially negative reconstructed precipitation for 21--24; ValueError: materially negative reconstructed precipitation for 15--18,data/manifests/phase1e/2019-07/daily/source_2019072100.json
2019-07-21T00:00:00+00:00,day2_24h,2019-07-23,True,False,False,False,True,False,False,False,ValueError: materially negative reconstructed precipitation for 27--30; ValueError: materially negative reconstructed precipitation for 27--30,data/manifests/phase1e/2019-07/daily/source_2019072100.json
2019-07-21T00:00:00+00:00,day3_24h,2019-07-24,True,False,False,False,True,False,False,False,ValueError: materially negative reconstructed precipitation for 51--54; ValueError: materially negative reconstructed precipitation for 69--72; ValueError: materially negative reconstructed precipitation for 57--60; ValueError: materially negative reconstructed precipitation for 51--54,data/manifests/phase1e/2019-07/daily/source_2019072100.json
2019-07-22T00:00:00+00:00,day1_24h,2019-07-23,True,False,False,False,True,False,False,False,ValueError: materially negative reconstructed precipitation for 21--24; ValueError: materially negative reconstructed precipitation for 9--12; ValueError: materially negative reconstructed precipitation for 9--12; ValueError: materially negative reconstructed precipitation for 21--24; ValueError: materially negative reconstructed precipitation for 21--24,data/manifests/phase1e/2019-07/daily/source_2019072200.json
2019-07-22T00:00:00+00:00,day2_24h,2019-07-24,True,False,False,False,True,False,False,False,ValueError: materially negative reconstructed precipitation for 27--30; ValueError: materially negative reconstructed precipitation for 39--42; ValueError: materially negative reconstructed precipitation for 45--48,data/manifests/phase1e/2019-07/daily/source_2019072200.json
2019-07-22T00:00:00+00:00,day3_24h,2019-07-25,True,False,False,False,True,False,False,False,ValueError: materially negative reconstructed precipitation for 63--66; ValueError: materially negative reconstructed precipitation for 69--72; ValueError: materially negative reconstructed precipitation for 57--60,data/manifests/phase1e/2019-07/daily/source_2019072200.json
2019-07-23T00:00:00+00:00,day1_24h,2019-07-24,True,False,False,False,True,False,False,False,ValueError: materially negative reconstructed precipitation for 15--18; ValueError: materially negative reconstructed precipitation for 15--18; ValueError: materially negative reconstructed precipitation for 21--24; ValueError: materially negative reconstructed precipitation for 21--24,data/manifests/phase1e/2019-07/daily/source_2019072300.json
2019-07-23T00:00:00+00:00,day2_24h,2019-07-25,True,False,False,False,True,False,False,False,ValueError: materially negative reconstructed precipitation for 45--48; ValueError: materially negative reconstructed precipitation for 39--42; ValueError: materially negative reconstructed precipitation for 33--36; ValueError: materially negative reconstructed precipitation for 33--36,data/manifests/phase1e/2019-07/daily/source_2019072300.json
2019-07-23T00:00:00+00:00,day3_24h,2019-07-26,True,False,False,False,True,False,False,False,ValueError: materially negative reconstructed precipitation for 57--60; ValueError: materially negative reconstructed precipitation for 57--60; ValueError: materially negative reconstructed precipitation for 57--60; ValueError: materially negative reconstructed precipitation for 51--54,data/manifests/phase1e/2019-07/daily/source_2019072300.json
2019-07-24T00:00:00+00:00,day1_24h,2019-07-25,True,False,False,False,True,False,False,False,ValueError: materially negative reconstructed precipitation for 15--18; ValueError: materially negative reconstructed precipitation for 9--12; ValueError: materially negative reconstructed precipitation for 15--18; ValueError: materially negative reconstructed precipitation for 15--18; ValueError: materially negative reconstructed precipitation for 21--24,data/manifests/phase1e/2019-07/daily/source_2019072400.json
2019-07-24T00:00:00+00:00,day2_24h,2019-07-26,True,False,False,False,True,False,False,False,ValueError: materially negative reconstructed precipitation for 33--36; ValueError: materially negative reconstructed precipitation for 27--30; ValueError: materially negative reconstructed precipitation for 27--30,data/manifests/phase1e/2019-07/daily/source_2019072400.json
2019-07-24T00:00:00+00:00,day3_24h,2019-07-27,True,False,False,False,True,False,False,False,ValueError: materially negative reconstructed precipitation for 51--54; ValueError: materially negative reconstructed precipitation for 63--66; ValueError: materially negative reconstructed precipitation for 57--60; ValueError: materially negative reconstructed precipitation for 57--60,data/manifests/phase1e/2019-07/daily/source_2019072400.json
2019-07-25T00:00:00+00:00,day1_24h,2019-07-26,True,False,False,False,True,False,False,False,ValueError: materially negative reconstructed precipitation for 15--18; ValueError: materially negative reconstructed precipitation for 15--18; ValueError: materially negative reconstructed precipitation for 9--12,data/manifests/phase1e/2019-07/daily/source_2019072500.json
2019-07-25T00:00:00+00:00,day2_24h,2019-07-27,True,False,False,False,True,False,False,False,ValueError: materially negative reconstructed precipitation for 33--36; ValueError: materially negative reconstructed precipitation for 33--36; ValueError: materially negative reconstructed precipitation for 39--42; ValueError: materially negative reconstructed precipitation for 39--42,data/manifests/phase1e/2019-07/daily/source_2019072500.json
2019-07-25T00:00:00+00:00,day3_24h,2019-07-28,True,False,False,False,True,False,False,False,ValueError: materially negative reconstructed precipitation for 51--54; ValueError: materially negative reconstructed precipitation for 51--54; ValueError: materially negative reconstructed precipitation for 51--54; ValueError: materially negative reconstructed precipitation for 51--54; ValueError: materially negative reconstructed precipitation for 57--60,data/manifests/phase1e/2019-07/daily/source_2019072500.json
2019-07-26T00:00:00+00:00,day1_24h,2019-07-27,True,False,False,False,True,False,False,False,ValueError: materially negative reconstructed precipitation for 9--12; ValueError: materially negative reconstructed precipitation for 15--18; ValueError: materially negative reconstructed precipitation for 9--12; ValueError: materially negative reconstructed precipitation for 15--18,data/manifests/phase1e/2019-07/daily/source_2019072600.json
2019-07-26T00:00:00+00:00,day2_24h,2019-07-28,True,False,False,False,True,False,False,False,ValueError: materially negative reconstructed precipitation for 27--30; ValueError: materially negative reconstructed precipitation for 27--30; ValueError: materially negative reconstructed precipitation for 39--42,data/manifests/phase1e/2019-07/daily/source_2019072600.json
2019-07-26T00:00:00+00:00,day3_24h,2019-07-29,True,False,False,False,True,False,False,False,ValueError: materially negative reconstructed precipitation for 51--54; ValueError: materially negative reconstructed precipitation for 57--60; ValueError: materially negative reconstructed precipitation for 51--54; ValueError: materially negative reconstructed precipitation for 57--60,data/manifests/phase1e/2019-07/daily/source_2019072600.json
2019-07-27T00:00:00+00:00,day1_24h,2019-07-28,True,False,False,False,True,False,False,False,ValueError: materially negative reconstructed precipitation for 9--12; ValueError: materially negative reconstructed precipitation for 9--12; ValueError: materially negative reconstructed precipitation for 21--24; ValueError: materially negative reconstructed precipitation for 21--24,data/manifests/phase1e/2019-07/daily/source_2019072700.json
2019-07-27T00:00:00+00:00,day2_24h,2019-07-29,True,False,False,False,True,False,False,False,ValueError: materially negative reconstructed precipitation for 45--48; ValueError: materially negative reconstructed precipitation for 27--30; ValueError: materially negative reconstructed precipitation for 27--30; ValueError: materially negative reconstructed precipitation for 39--42; ValueError: materially negative reconstructed precipitation for 27--30,data/manifests/phase1e/2019-07/daily/source_2019072700.json
2019-07-27T00:00:00+00:00,day3_24h,2019-07-30,True,False,False,False,True,False,False,False,ValueError: materially negative reconstructed precipitation for 51--54; ValueError: materially negative reconstructed precipitation for 51--54; ValueError: materially negative reconstructed precipitation for 63--66; ValueError: materially negative reconstructed precipitation for 63--66,data/manifests/phase1e/2019-07/daily/source_2019072700.json
2019-07-28T00:00:00+00:00,day1_24h,2019-07-29,True,False,False,False,True,False,False,False,ValueError: materially negative reconstructed precipitation for 21--24; ValueError: materially negative reconstructed precipitation for 15--18; ValueError: materially negative reconstructed precipitation for 9--12,data/manifests/phase1e/2019-07/daily/source_2019072800.json
2019-07-28T00:00:00+00:00,day2_24h,2019-07-30,True,False,False,False,True,False,False,False,ValueError: materially negative reconstructed precipitation for 27--30; ValueError: materially negative reconstructed precipitation for 33--36; ValueError: materially negative reconstructed precipitation for 27--30; ValueError: materially negative reconstructed precipitation for 39--42; ValueError: materially negative reconstructed precipitation for 39--42,data/manifests/phase1e/2019-07/daily/source_2019072800.json
2019-07-28T00:00:00+00:00,day3_24h,2019-07-31,True,False,False,False,True,False,False,False,ValueError: materially negative reconstructed precipitation for 51--54; ValueError: materially negative reconstructed precipitation for 63--66; ValueError: materially negative reconstructed precipitation for 51--54; ValueError: materially negative reconstructed precipitation for 63--66; ValueError: materially negative reconstructed precipitation for 57--60,data/manifests/phase1e/2019-07/daily/source_2019072800.json
2019-07-29T00:00:00+00:00,day1_24h,2019-07-30,True,False,False,False,True,False,False,False,ValueError: materially negative reconstructed precipitation for 21--24; ValueError: materially negative reconstructed precipitation for 15--18; ValueError: materially negative reconstructed precipitation for 9--12; ValueError: materially negative reconstructed precipitation for 15--18,data/manifests/phase1e/2019-07/daily/source_2019072900.json
2019-07-29T00:00:00+00:00,day2_24h,2019-07-31,True,False,False,False,True,False,False,False,ValueError: materially negative reconstructed precipitation for 33--36; ValueError: materially negative reconstructed precipitation for 33--36; ValueError: materially negative reconstructed precipitation for 33--36,data/manifests/phase1e/2019-07/daily/source_2019072900.json
2019-07-29T00:00:00+00:00,day3_24h,2019-08-01,True,False,False,False,True,False,False,False,ValueError: materially negative reconstructed precipitation for 51--54; ValueError: materially negative reconstructed precipitation for 63--66; ValueError: materially negative reconstructed precipitation for 51--54,data/manifests/phase1e/2019-07/daily/source_2019072900.json
2019-07-30T00:00:00+00:00,day1_24h,2019-07-31,True,False,False,False,True,False,False,False,ValueError: materially negative reconstructed precipitation for 9--12; ValueError: materially negative reconstructed precipitation for 15--18; ValueError: materially negative reconstructed precipitation for 15--18,data/manifests/phase1e/2019-07/daily/source_2019073000.json
2019-07-30T00:00:00+00:00,day2_24h,2019-08-01,True,True,True,False,True,True,True,False,ValueError: materially negative reconstructed precipitation for 39--42; ValueError: materially negative reconstructed precipitation for 39--42,data/manifests/phase1e/2019-07/daily/source_2019073000.json
2019-07-30T00:00:00+00:00,day3_24h,2019-08-02,True,False,False,False,True,False,False,False,ValueError: materially negative reconstructed precipitation for 69--72; ValueError: materially negative reconstructed precipitation for 63--66; ValueError: materially negative reconstructed precipitation for 51--54,data/manifests/phase1e/2019-07/daily/source_2019073000.json
2019-07-31T00:00:00+00:00,day1_24h,2019-08-01,True,False,False,False,True,False,False,False,ValueError: materially negative reconstructed precipitation for 9--12; ValueError: materially negative reconstructed precipitation for 9--12; ValueError: materially negative reconstructed precipitation for 21--24,data/manifests/phase1e/2019-07/daily/source_2019073100.json
2019-07-31T00:00:00+00:00,day2_24h,2019-08-02,True,False,False,False,True,False,False,False,ValueError: materially negative reconstructed precipitation for 33--36; ValueError: materially negative reconstructed precipitation for 33--36; ValueError: materially negative reconstructed precipitation for 45--48,data/manifests/phase1e/2019-07/daily/source_2019073100.json
2019-07-31T00:00:00+00:00,day3_24h,2019-08-03,True,False,False,False,True,False,False,False,ValueError: materially negative reconstructed precipitation for 57--60; ValueError: materially negative reconstructed precipitation for 69--72; ValueError: materially negative reconstructed precipitation for 63--66,data/manifests/phase1e/2019-07/daily/source_2019073100.json
2019-08-01T00:00:00+00:00,day1_24h,2019-08-02,True,True,True,True,True,True,True,False,,data/manifests/phase1e/2019-08/daily/source_2019080100.json
2019-08-01T00:00:00+00:00,day2_24h,2019-08-03,True,False,False,False,True,False,False,False,ValueError: materially negative reconstructed precipitation for 45--48; ValueError: materially negative reconstructed precipitation for 27--30; ValueError: materially negative reconstructed precipitation for 33--36,data/manifests/phase1e/2019-08/daily/source_2019080100.json
2019-08-01T00:00:00+00:00,day3_24h,2019-08-04,True,False,False,False,True,False,False,False,ValueError: materially negative reconstructed precipitation for 57--60; ValueError: materially negative reconstructed precipitation for 57--60,data/manifests/phase1e/2019-08/daily/source_2019080100.json
2019-08-02T00:00:00+00:00,day1_24h,2019-08-03,True,True,True,False,True,True,True,False,ValueError: materially negative reconstructed precipitation for 9--12; ValueError: materially negative reconstructed precipitation for 15--18,data/manifests/phase1e/2019-08/daily/source_2019080200.json
2019-08-02T00:00:00+00:00,day2_24h,2019-08-04,True,False,False,False,True,False,False,False,ValueError: materially negative reconstructed precipitation for 39--42; ValueError: materially negative reconstructed precipitation for 39--42; ValueError: materially negative reconstructed precipitation for 27--30,data/manifests/phase1e/2019-08/daily/source_2019080200.json
2019-08-02T00:00:00+00:00,day3_24h,2019-08-05,True,True,True,False,True,True,True,False,ValueError: materially negative reconstructed precipitation for 63--66; ValueError: materially negative reconstructed precipitation for 57--60; ValueError: materially negative reconstructed precipitation for 51--54; ValueError: materially negative reconstructed precipitation for 63--66,data/manifests/phase1e/2019-08/daily/source_2019080200.json
2019-08-03T00:00:00+00:00,day1_24h,2019-08-04,True,False,False,False,True,False,False,False,ValueError: materially negative reconstructed precipitation for 21--24; ValueError: materially negative reconstructed precipitation for 15--18,data/manifests/phase1e/2019-08/daily/source_2019080300.json
2019-08-03T00:00:00+00:00,day2_24h,2019-08-05,True,False,False,False,True,False,False,False,ValueError: materially negative reconstructed precipitation for 45--48; ValueError: materially negative reconstructed precipitation for 39--42,data/manifests/phase1e/2019-08/daily/source_2019080300.json
2019-08-03T00:00:00+00:00,day3_24h,2019-08-06,True,False,False,False,True,False,False,False,ValueError: materially negative reconstructed precipitation for 63--66; ValueError: materially negative reconstructed precipitation for 63--66; ValueError: materially negative reconstructed precipitation for 51--54; ValueError: materially negative reconstructed precipitation for 51--54; ValueError: materially negative reconstructed precipitation for 57--60,data/manifests/phase1e/2019-08/daily/source_2019080300.json
2019-08-04T00:00:00+00:00,day1_24h,2019-08-05,True,True,True,False,True,True,True,False,ValueError: materially negative reconstructed precipitation for 9--12; ValueError: materially negative reconstructed precipitation for 15--18,data/manifests/phase1e/2019-08/daily/source_2019080400.json
2019-08-04T00:00:00+00:00,day2_24h,2019-08-06,True,True,True,False,True,True,True,False,ValueError: materially negative reconstructed precipitation for 39--42; ValueError: materially negative reconstructed precipitation for 45--48; ValueError: materially negative reconstructed precipitation for 27--30; ValueError: materially negative reconstructed precipitation for 33--36,data/manifests/phase1e/2019-08/daily/source_2019080400.json
2019-08-04T00:00:00+00:00,day3_24h,2019-08-07,True,True,True,False,True,True,True,False,ValueError: materially negative reconstructed precipitation for 51--54; ValueError: materially negative reconstructed precipitation for 51--54,data/manifests/phase1e/2019-08/daily/source_2019080400.json
2019-08-05T00:00:00+00:00,day1_24h,2019-08-06,True,True,True,False,True,True,True,False,ValueError: materially negative reconstructed precipitation for 15--18,data/manifests/phase1e/2019-08/daily/source_2019080500.json
2019-08-05T00:00:00+00:00,day2_24h,2019-08-07,True,True,True,True,True,True,True,False,,data/manifests/phase1e/2019-08/daily/source_2019080500.json
2019-08-05T00:00:00+00:00,day3_24h,2019-08-08,True,True,True,False,True,True,True,False,ValueError: materially negative reconstructed precipitation for 57--60,data/manifests/phase1e/2019-08/daily/source_2019080500.json
2019-08-06T00:00:00+00:00,day1_24h,2019-08-07,True,True,True,False,True,True,True,False,ValueError: materially negative reconstructed precipitation for 9--12,data/manifests/phase1e/2019-08/daily/source_2019080600.json
2019-08-06T00:00:00+00:00,day2_24h,2019-08-08,True,False,False,False,True,False,False,False,ValueError: materially negative reconstructed precipitation for 39--42; ValueError: materially negative reconstructed precipitation for 33--36,data/manifests/phase1e/2019-08/daily/source_2019080600.json
2019-08-06T00:00:00+00:00,day3_24h,2019-08-09,True,False,False,False,True,False,False,False,ValueError: materially negative reconstructed precipitation for 51--54; ValueError: materially negative reconstructed precipitation for 51--54; ValueError: materially negative reconstructed precipitation for 51--54,data/manifests/phase1e/2019-08/daily/source_2019080600.json
2019-08-07T00:00:00+00:00,day1_24h,2019-08-08,True,True,True,True,True,True,True,False,,data/manifests/phase1e/2019-08/daily/source_2019080700.json
2019-08-07T00:00:00+00:00,day2_24h,2019-08-09,True,True,True,True,True,True,True,False,,data/manifests/phase1e/2019-08/daily/source_2019080700.json
2019-08-07T00:00:00+00:00,day3_24h,2019-08-10,True,True,True,False,True,True,True,False,ValueError: materially negative reconstructed precipitation for 57--60,data/manifests/phase1e/2019-08/daily/source_2019080700.json
2019-08-08T00:00:00+00:00,day1_24h,2019-08-09,True,False,False,False,True,False,False,False,ValueError: materially negative reconstructed precipitation for 9--12; ValueError: materially negative reconstructed precipitation for 21--24,data/manifests/phase1e/2019-08/daily/source_2019080800.json
2019-08-08T00:00:00+00:00,day2_24h,2019-08-10,True,True,True,False,True,True,True,False,ValueError: materially negative reconstructed precipitation for 27--30; ValueError: materially negative reconstructed precipitation for 27--30,data/manifests/phase1e/2019-08/daily/source_2019080800.json
2019-08-08T00:00:00+00:00,day3_24h,2019-08-11,True,False,False,False,True,False,False,False,ValueError: materially negative reconstructed precipitation for 51--54; ValueError: materially negative reconstructed precipitation for 57--60; ValueError: materially negative reconstructed precipitation for 63--66,data/manifests/phase1e/2019-08/daily/source_2019080800.json
2019-08-09T00:00:00+00:00,day1_24h,2019-08-10,True,False,False,False,True,False,False,False,ValueError: materially negative reconstructed precipitation for 15--18; ValueError: materially negative reconstructed precipitation for 9--12; ValueError: materially negative reconstructed precipitation for 15--18,data/manifests/phase1e/2019-08/daily/source_2019080900.json
2019-08-09T00:00:00+00:00,day2_24h,2019-08-11,True,False,False,False,True,False,False,False,ValueError: materially negative reconstructed precipitation for 39--42; ValueError: materially negative reconstructed precipitation for 27--30; ValueError: materially negative reconstructed precipitation for 33--36; ValueError: materially negative reconstructed precipitation for 27--30; ValueError: materially negative reconstructed precipitation for 27--30,data/manifests/phase1e/2019-08/daily/source_2019080900.json
2019-08-09T00:00:00+00:00,day3_24h,2019-08-12,True,False,False,False,True,False,False,False,ValueError: materially negative reconstructed precipitation for 63--66; ValueError: materially negative reconstructed precipitation for 51--54; ValueError: materially negative reconstructed precipitation for 63--66; ValueError: materially negative reconstructed precipitation for 51--54; ValueError: materially negative reconstructed precipitation for 57--60,data/manifests/phase1e/2019-08/daily/source_2019080900.json
2019-08-10T00:00:00+00:00,day1_24h,2019-08-11,True,False,False,False,True,False,False,False,ValueError: materially negative reconstructed precipitation for 15--18; ValueError: materially negative reconstructed precipitation for 9--12; ValueError: materially negative reconstructed precipitation for 15--18,data/manifests/phase1e/2019-08/daily/source_2019081000.json
2019-08-10T00:00:00+00:00,day2_24h,2019-08-12,True,False,False,False,True,False,False,False,ValueError: materially negative reconstructed precipitation for 33--36; ValueError: materially negative reconstructed precipitation for 27--30; ValueError: materially negative reconstructed precipitation for 27--30; ValueError: materially negative reconstructed precipitation for 39--42; ValueError: materially negative reconstructed precipitation for 45--48,data/manifests/phase1e/2019-08/daily/source_2019081000.json
2019-08-10T00:00:00+00:00,day3_24h,2019-08-13,True,False,False,False,True,False,False,False,ValueError: materially negative reconstructed precipitation for 51--54; ValueError: materially negative reconstructed precipitation for 51--54,data/manifests/phase1e/2019-08/daily/source_2019081000.json
2019-08-11T00:00:00+00:00,day1_24h,2019-08-12,True,False,False,False,True,False,False,False,ValueError: materially negative reconstructed precipitation for 9--12; ValueError: materially negative reconstructed precipitation for 9--12; ValueError: materially negative reconstructed precipitation for 9--12; ValueError: materially negative reconstructed precipitation for 15--18,data/manifests/phase1e/2019-08/daily/source_2019081100.json
2019-08-11T00:00:00+00:00,day2_24h,2019-08-13,True,False,False,False,True,False,False,False,ValueError: materially negative reconstructed precipitation for 27--30; ValueError: materially negative reconstructed precipitation for 39--42; ValueError: materially negative reconstructed precipitation for 39--42,data/manifests/phase1e/2019-08/daily/source_2019081100.json
2019-08-11T00:00:00+00:00,day3_24h,2019-08-14,True,False,False,False,True,False,False,False,ValueError: materially negative reconstructed precipitation for 51--54; ValueError: materially negative reconstructed precipitation for 63--66; ValueError: materially negative reconstructed precipitation for 57--60; ValueError: materially negative reconstructed precipitation for 51--54,data/manifests/phase1e/2019-08/daily/source_2019081100.json
2019-08-12T00:00:00+00:00,day1_24h,2019-08-13,True,True,True,False,True,True,True,False,ValueError: materially negative reconstructed precipitation for 15--18; ValueError: materially negative reconstructed precipitation for 21--24; ValueError: materially negative reconstructed precipitation for 21--24; ValueError: materially negative reconstructed precipitation for 21--24,data/manifests/phase1e/2019-08/daily/source_2019081200.json
2019-08-12T00:00:00+00:00,day2_24h,2019-08-14,True,False,False,False,True,False,False,False,ValueError: materially negative reconstructed precipitation for 39--42; ValueError: materially negative reconstructed precipitation for 45--48; ValueError: materially negative reconstructed precipitation for 39--42; ValueError: materially negative reconstructed precipitation for 39--42,data/manifests/phase1e/2019-08/daily/source_2019081200.json
2019-08-12T00:00:00+00:00,day3_24h,2019-08-15,True,False,False,False,True,False,False,False,ValueError: materially negative reconstructed precipitation for 51--54; ValueError: materially negative reconstructed precipitation for 69--72; ValueError: materially negative reconstructed precipitation for 51--54; ValueError: materially negative reconstructed precipitation for 63--66,data/manifests/phase1e/2019-08/daily/source_2019081200.json
2019-08-13T00:00:00+00:00,day1_24h,2019-08-14,True,False,False,False,True,False,False,False,ValueError: materially negative reconstructed precipitation for 9--12; ValueError: materially negative reconstructed precipitation for 9--12; ValueError: materially negative reconstructed precipitation for 9--12; ValueError: materially negative reconstructed precipitation for 9--12,data/manifests/phase1e/2019-08/daily/source_2019081300.json
2019-08-13T00:00:00+00:00,day2_24h,2019-08-15,True,False,False,False,True,False,False,False,ValueError: materially negative reconstructed precipitation for 33--36; ValueError: materially negative reconstructed precipitation for 39--42; ValueError: materially negative reconstructed precipitation for 27--30,data/manifests/phase1e/2019-08/daily/source_2019081300.json
2019-08-13T00:00:00+00:00,day3_24h,2019-08-16,True,False,False,False,True,False,False,False,ValueError: materially negative reconstructed precipitation for 63--66; ValueError: materially negative reconstructed precipitation for 51--54; ValueError: materially negative reconstructed precipitation for 51--54,data/manifests/phase1e/2019-08/daily/source_2019081300.json
2019-08-14T00:00:00+00:00,day1_24h,2019-08-15,True,False,False,False,True,False,False,False,ValueError: materially negative reconstructed precipitation for 9--12; ValueError: materially negative reconstructed precipitation for 9--12; ValueError: materially negative reconstructed precipitation for 9--12,data/manifests/phase1e/2019-08/daily/source_2019081400.json
2019-08-14T00:00:00+00:00,day2_24h,2019-08-16,True,False,False,False,True,False,False,False,ValueError: materially negative reconstructed precipitation for 39--42; ValueError: materially negative reconstructed precipitation for 27--30; ValueError: materially negative reconstructed precipitation for 27--30; ValueError: materially negative reconstructed precipitation for 39--42; ValueError: materially negative reconstructed precipitation for 45--48,data/manifests/phase1e/2019-08/daily/source_2019081400.json
2019-08-14T00:00:00+00:00,day3_24h,2019-08-17,True,False,False,False,True,False,False,False,ValueError: materially negative reconstructed precipitation for 51--54; ValueError: materially negative reconstructed precipitation for 63--66; ValueError: materially negative reconstructed precipitation for 57--60; ValueError: materially negative reconstructed precipitation for 57--60; ValueError: materially negative reconstructed precipitation for 57--60,data/manifests/phase1e/2019-08/daily/source_2019081400.json
2019-08-15T00:00:00+00:00,day1_24h,2019-08-16,True,False,False,False,True,False,False,False,ValueError: materially negative reconstructed precipitation for 15--18; ValueError: materially negative reconstructed precipitation for 15--18; ValueError: materially negative reconstructed precipitation for 15--18,data/manifests/phase1e/2019-08/daily/source_2019081500.json
2019-08-15T00:00:00+00:00,day2_24h,2019-08-17,True,False,False,False,True,False,False,False,ValueError: materially negative reconstructed precipitation for 27--30; ValueError: materially negative reconstructed precipitation for 39--42; ValueError: materially negative reconstructed precipitation for 45--48; ValueError: materially negative reconstructed precipitation for 27--30; ValueError: materially negative reconstructed precipitation for 27--30,data/manifests/phase1e/2019-08/daily/source_2019081500.json
2019-08-15T00:00:00+00:00,day3_24h,2019-08-18,True,False,False,False,True,False,False,False,ValueError: materially negative reconstructed precipitation for 51--54; ValueError: materially negative reconstructed precipitation for 57--60; ValueError: materially negative reconstructed precipitation for 57--60; ValueError: materially negative reconstructed precipitation for 51--54; ValueError: materially negative reconstructed precipitation for 57--60,data/manifests/phase1e/2019-08/daily/source_2019081500.json
2019-08-16T00:00:00+00:00,day1_24h,2019-08-17,True,False,False,False,True,False,False,False,ValueError: materially negative reconstructed precipitation for 15--18; ValueError: materially negative reconstructed precipitation for 21--24; ValueError: materially negative reconstructed precipitation for 15--18; ValueError: materially negative reconstructed precipitation for 15--18; ValueError: materially negative reconstructed precipitation for 9--12,data/manifests/phase1e/2019-08/daily/source_2019081600.json
2019-08-16T00:00:00+00:00,day2_24h,2019-08-18,True,False,False,False,True,False,False,False,ValueError: materially negative reconstructed precipitation for 27--30; ValueError: materially negative reconstructed precipitation for 45--48; ValueError: materially negative reconstructed precipitation for 33--36; ValueError: materially negative reconstructed precipitation for 39--42; ValueError: materially negative reconstructed precipitation for 33--36,data/manifests/phase1e/2019-08/daily/source_2019081600.json
2019-08-16T00:00:00+00:00,day3_24h,2019-08-19,True,False,False,False,True,False,False,False,ValueError: materially negative reconstructed precipitation for 51--54; ValueError: materially negative reconstructed precipitation for 57--60; ValueError: materially negative reconstructed precipitation for 57--60; ValueError: materially negative reconstructed precipitation for 57--60; ValueError: materially negative reconstructed precipitation for 51--54,data/manifests/phase1e/2019-08/daily/source_2019081600.json
2019-08-17T00:00:00+00:00,day1_24h,2019-08-18,True,False,False,False,True,False,False,False,ValueError: materially negative reconstructed precipitation for 15--18; ValueError: materially negative reconstructed precipitation for 9--12; ValueError: materially negative reconstructed precipitation for 9--12; ValueError: materially negative reconstructed precipitation for 9--12; ValueError: materially negative reconstructed precipitation for 15--18,data/manifests/phase1e/2019-08/daily/source_2019081700.json
2019-08-17T00:00:00+00:00,day2_24h,2019-08-19,True,False,False,False,True,False,False,False,ValueError: materially negative reconstructed precipitation for 27--30; ValueError: materially negative reconstructed precipitation for 33--36; ValueError: materially negative reconstructed precipitation for 39--42; ValueError: materially negative reconstructed precipitation for 33--36; ValueError: materially negative reconstructed precipitation for 45--48,data/manifests/phase1e/2019-08/daily/source_2019081700.json
2019-08-17T00:00:00+00:00,day3_24h,2019-08-20,True,False,False,False,True,False,False,False,ValueError: materially negative reconstructed precipitation for 51--54; ValueError: materially negative reconstructed precipitation for 57--60; ValueError: materially negative reconstructed precipitation for 51--54; ValueError: materially negative reconstructed precipitation for 51--54; ValueError: materially negative reconstructed precipitation for 63--66,data/manifests/phase1e/2019-08/daily/source_2019081700.json
2019-08-18T00:00:00+00:00,day1_24h,2019-08-19,True,True,True,False,True,True,True,False,ValueError: materially negative reconstructed precipitation for 9--12; ValueError: materially negative reconstructed precipitation for 9--12; ValueError: materially negative reconstructed precipitation for 9--12; ValueError: materially negative reconstructed precipitation for 15--18,data/manifests/phase1e/2019-08/daily/source_2019081800.json
2019-08-18T00:00:00+00:00,day2_24h,2019-08-20,True,False,False,False,True,False,False,False,ValueError: materially negative reconstructed precipitation for 27--30; ValueError: materially negative reconstructed precipitation for 39--42; ValueError: materially negative reconstructed precipitation for 27--30; ValueError: materially negative reconstructed precipitation for 27--30; ValueError: materially negative reconstructed precipitation for 33--36,data/manifests/phase1e/2019-08/daily/source_2019081800.json
2019-08-18T00:00:00+00:00,day3_24h,2019-08-21,True,False,False,False,True,False,False,False,ValueError: materially negative reconstructed precipitation for 51--54; ValueError: materially negative reconstructed precipitation for 57--60; ValueError: materially negative reconstructed precipitation for 51--54; ValueError: materially negative reconstructed precipitation for 51--54; ValueError: materially negative reconstructed precipitation for 57--60,data/manifests/phase1e/2019-08/daily/source_2019081800.json
2019-08-19T00:00:00+00:00,day1_24h,2019-08-20,True,False,False,False,True,False,False,False,ValueError: materially negative reconstructed precipitation for 9--12; ValueError: materially negative reconstructed precipitation for 9--12; ValueError: materially negative reconstructed precipitation for 9--12; ValueError: materially negative reconstructed precipitation for 9--12; ValueError: materially negative reconstructed precipitation for 21--24,data/manifests/phase1e/2019-08/daily/source_2019081900.json
2019-08-19T00:00:00+00:00,day2_24h,2019-08-21,True,False,False,False,True,False,False,False,ValueError: materially negative reconstructed precipitation for 27--30; ValueError: materially negative reconstructed precipitation for 27--30; ValueError: materially negative reconstructed precipitation for 27--30; ValueError: materially negative reconstructed precipitation for 39--42,data/manifests/phase1e/2019-08/daily/source_2019081900.json
2019-08-19T00:00:00+00:00,day3_24h,2019-08-22,True,False,False,False,True,False,False,False,ValueError: materially negative reconstructed precipitation for 51--54; ValueError: materially negative reconstructed precipitation for 63--66; ValueError: materially negative reconstructed precipitation for 51--54; ValueError: materially negative reconstructed precipitation for 51--54,data/manifests/phase1e/2019-08/daily/source_2019081900.json
2019-08-20T00:00:00+00:00,day1_24h,2019-08-21,True,False,False,False,True,False,False,False,ValueError: materially negative reconstructed precipitation for 9--12; ValueError: materially negative reconstructed precipitation for 21--24; ValueError: materially negative reconstructed precipitation for 15--18; ValueError: materially negative reconstructed precipitation for 15--18,data/manifests/phase1e/2019-08/daily/source_2019082000.json
2019-08-20T00:00:00+00:00,day2_24h,2019-08-22,True,False,False,False,True,False,False,False,ValueError: materially negative reconstructed precipitation for 27--30; ValueError: materially negative reconstructed precipitation for 27--30; ValueError: materially negative reconstructed precipitation for 45--48; ValueError: materially negative reconstructed precipitation for 39--42,data/manifests/phase1e/2019-08/daily/source_2019082000.json
2019-08-20T00:00:00+00:00,day3_24h,2019-08-23,True,False,False,False,True,False,False,False,ValueError: materially negative reconstructed precipitation for 57--60; ValueError: materially negative reconstructed precipitation for 63--66; ValueError: materially negative reconstructed precipitation for 51--54; ValueError: materially negative reconstructed precipitation for 63--66; ValueError: materially negative reconstructed precipitation for 51--54,data/manifests/phase1e/2019-08/daily/source_2019082000.json
2019-08-21T00:00:00+00:00,day1_24h,2019-08-22,True,False,False,False,True,False,False,False,ValueError: materially negative reconstructed precipitation for 9--12; ValueError: materially negative reconstructed precipitation for 9--12,data/manifests/phase1e/2019-08/daily/source_2019082100.json
2019-08-21T00:00:00+00:00,day2_24h,2019-08-23,True,False,False,False,True,False,False,False,ValueError: materially negative reconstructed precipitation for 27--30; ValueError: materially negative reconstructed precipitation for 39--42; ValueError: materially negative reconstructed precipitation for 27--30,data/manifests/phase1e/2019-08/daily/source_2019082100.json
2019-08-21T00:00:00+00:00,day3_24h,2019-08-24,True,False,False,False,True,False,False,False,ValueError: materially negative reconstructed precipitation for 63--66,data/manifests/phase1e/2019-08/daily/source_2019082100.json
2019-08-22T00:00:00+00:00,day1_24h,2019-08-23,True,False,False,False,True,False,False,False,ValueError: materially negative reconstructed precipitation for 21--24; ValueError: materially negative reconstructed precipitation for 9--12; ValueError: materially negative reconstructed precipitation for 15--18,data/manifests/phase1e/2019-08/daily/source_2019082200.json
2019-08-22T00:00:00+00:00,day2_24h,2019-08-24,True,False,False,False,True,False,False,False,ValueError: materially negative reconstructed precipitation for 33--36; ValueError: materially negative reconstructed precipitation for 27--30; ValueError: materially negative reconstructed precipitation for 33--36,data/manifests/phase1e/2019-08/daily/source_2019082200.json
2019-08-22T00:00:00+00:00,day3_24h,2019-08-25,True,False,False,False,True,False,False,False,ValueError: materially negative reconstructed precipitation for 63--66; ValueError: materially negative reconstructed precipitation for 57--60,data/manifests/phase1e/2019-08/daily/source_2019082200.json
2019-08-23T00:00:00+00:00,day1_24h,2019-08-24,True,False,False,False,True,False,False,False,ValueError: materially negative reconstructed precipitation for 15--18; ValueError: materially negative reconstructed precipitation for 15--18; ValueError: materially negative reconstructed precipitation for 21--24,data/manifests/phase1e/2019-08/daily/source_2019082300.json
2019-08-23T00:00:00+00:00,day2_24h,2019-08-25,True,False,False,False,True,False,False,False,ValueError: materially negative reconstructed precipitation for 39--42; ValueError: materially negative reconstructed precipitation for 33--36; ValueError: materially negative reconstructed precipitation for 27--30; ValueError: materially negative reconstructed precipitation for 39--42,data/manifests/phase1e/2019-08/daily/source_2019082300.json
2019-08-23T00:00:00+00:00,day3_24h,2019-08-26,True,False,False,False,True,False,False,False,ValueError: materially negative reconstructed precipitation for 51--54; ValueError: materially negative reconstructed precipitation for 57--60; ValueError: materially negative reconstructed precipitation for 51--54; ValueError: materially negative reconstructed precipitation for 51--54,data/manifests/phase1e/2019-08/daily/source_2019082300.json
2019-08-24T00:00:00+00:00,day1_24h,2019-08-25,True,False,False,False,True,False,False,False,ValueError: materially negative reconstructed precipitation for 15--18; ValueError: materially negative reconstructed precipitation for 15--18; ValueError: materially negative reconstructed precipitation for 21--24; ValueError: materially negative reconstructed precipitation for 15--18,data/manifests/phase1e/2019-08/daily/source_2019082400.json
2019-08-24T00:00:00+00:00,day2_24h,2019-08-26,True,False,False,False,True,False,False,False,ValueError: materially negative reconstructed precipitation for 27--30; ValueError: materially negative reconstructed precipitation for 45--48; ValueError: materially negative reconstructed precipitation for 33--36; ValueError: materially negative reconstructed precipitation for 27--30; ValueError: materially negative reconstructed precipitation for 27--30,data/manifests/phase1e/2019-08/daily/source_2019082400.json
2019-08-24T00:00:00+00:00,day3_24h,2019-08-27,True,False,False,False,True,False,False,False,ValueError: materially negative reconstructed precipitation for 57--60; ValueError: materially negative reconstructed precipitation for 57--60; ValueError: materially negative reconstructed precipitation for 51--54; ValueError: materially negative reconstructed precipitation for 57--60; ValueError: materially negative reconstructed precipitation for 63--66,data/manifests/phase1e/2019-08/daily/source_2019082400.json
2019-08-25T00:00:00+00:00,day1_24h,2019-08-26,True,False,False,False,True,False,False,False,ValueError: materially negative reconstructed precipitation for 9--12; ValueError: materially negative reconstructed precipitation for 15--18; ValueError: materially negative reconstructed precipitation for 9--12; ValueError: materially negative reconstructed precipitation for 21--24,data/manifests/phase1e/2019-08/daily/source_2019082500.json
2019-08-25T00:00:00+00:00,day2_24h,2019-08-27,True,False,False,False,True,False,False,False,ValueError: materially negative reconstructed precipitation for 27--30; ValueError: materially negative reconstructed precipitation for 39--42; ValueError: materially negative reconstructed precipitation for 45--48; ValueError: materially negative reconstructed precipitation for 39--42,data/manifests/phase1e/2019-08/daily/source_2019082500.json
2019-08-25T00:00:00+00:00,day3_24h,2019-08-28,True,False,False,False,True,False,False,False,ValueError: materially negative reconstructed precipitation for 51--54; ValueError: materially negative reconstructed precipitation for 57--60; ValueError: materially negative reconstructed precipitation for 57--60; ValueError: materially negative reconstructed precipitation for 57--60,data/manifests/phase1e/2019-08/daily/source_2019082500.json
2019-08-26T00:00:00+00:00,day1_24h,2019-08-27,True,False,False,False,True,False,False,False,ValueError: materially negative reconstructed precipitation for 15--18; ValueError: materially negative reconstructed precipitation for 21--24; ValueError: materially negative reconstructed precipitation for 15--18,data/manifests/phase1e/2019-08/daily/source_2019082600.json
2019-08-26T00:00:00+00:00,day2_24h,2019-08-28,True,False,False,False,True,False,False,False,ValueError: materially negative reconstructed precipitation for 27--30; ValueError: materially negative reconstructed precipitation for 27--30; ValueError: materially negative reconstructed precipitation for 33--36; ValueError: materially negative reconstructed precipitation for 27--30; ValueError: materially negative reconstructed precipitation for 27--30,data/manifests/phase1e/2019-08/daily/source_2019082600.json
2019-08-26T00:00:00+00:00,day3_24h,2019-08-29,True,False,False,False,True,False,False,False,ValueError: materially negative reconstructed precipitation for 63--66; ValueError: materially negative reconstructed precipitation for 57--60; ValueError: materially negative reconstructed precipitation for 63--66,data/manifests/phase1e/2019-08/daily/source_2019082600.json
2019-08-27T00:00:00+00:00,day1_24h,2019-08-28,True,False,False,False,True,False,False,False,ValueError: materially negative reconstructed precipitation for 9--12; ValueError: materially negative reconstructed precipitation for 9--12; ValueError: materially negative reconstructed precipitation for 9--12,data/manifests/phase1e/2019-08/daily/source_2019082700.json
2019-08-27T00:00:00+00:00,day2_24h,2019-08-29,True,False,False,False,True,False,False,False,ValueError: materially negative reconstructed precipitation for 33--36; ValueError: materially negative reconstructed precipitation for 27--30; ValueError: materially negative reconstructed precipitation for 33--36; ValueError: materially negative reconstructed precipitation for 39--42; ValueError: materially negative reconstructed precipitation for 33--36,data/manifests/phase1e/2019-08/daily/source_2019082700.json
2019-08-27T00:00:00+00:00,day3_24h,2019-08-30,True,False,False,False,True,False,False,False,ValueError: materially negative reconstructed precipitation for 57--60; ValueError: materially negative reconstructed precipitation for 69--72; ValueError: materially negative reconstructed precipitation for 63--66,data/manifests/phase1e/2019-08/daily/source_2019082700.json
2019-08-28T00:00:00+00:00,day1_24h,2019-08-29,True,True,True,False,True,True,True,False,ValueError: materially negative reconstructed precipitation for 9--12; ValueError: materially negative reconstructed precipitation for 15--18,data/manifests/phase1e/2019-08/daily/source_2019082800.json
2019-08-28T00:00:00+00:00,day2_24h,2019-08-30,True,False,False,False,True,False,False,False,ValueError: materially negative reconstructed precipitation for 33--36; ValueError: materially negative reconstructed precipitation for 45--48; ValueError: materially negative reconstructed precipitation for 33--36; ValueError: materially negative reconstructed precipitation for 27--30; ValueError: materially negative reconstructed precipitation for 33--36,data/manifests/phase1e/2019-08/daily/source_2019082800.json
2019-08-28T00:00:00+00:00,day3_24h,2019-08-31,True,False,False,False,True,False,False,False,ValueError: materially negative reconstructed precipitation for 51--54; ValueError: materially negative reconstructed precipitation for 57--60; ValueError: materially negative reconstructed precipitation for 57--60; ValueError: materially negative reconstructed precipitation for 63--66; ValueError: materially negative reconstructed precipitation for 57--60,data/manifests/phase1e/2019-08/daily/source_2019082800.json
2019-08-29T00:00:00+00:00,day1_24h,2019-08-30,True,False,False,False,True,False,False,False,ValueError: materially negative reconstructed precipitation for 15--18; ValueError: materially negative reconstructed precipitation for 21--24,data/manifests/phase1e/2019-08/daily/source_2019082900.json
2019-08-29T00:00:00+00:00,day2_24h,2019-08-31,True,False,False,False,True,False,False,False,ValueError: materially negative reconstructed precipitation for 39--42; ValueError: materially negative reconstructed precipitation for 27--30; ValueError: materially negative reconstructed precipitation for 27--30; ValueError: materially negative reconstructed precipitation for 39--42,data/manifests/phase1e/2019-08/daily/source_2019082900.json
2019-08-29T00:00:00+00:00,day3_24h,2019-09-01,True,False,False,False,True,False,False,False,ValueError: materially negative reconstructed precipitation for 57--60; ValueError: materially negative reconstructed precipitation for 69--72; ValueError: materially negative reconstructed precipitation for 63--66; ValueError: materially negative reconstructed precipitation for 63--66,data/manifests/phase1e/2019-08/daily/source_2019082900.json
2019-08-30T00:00:00+00:00,day1_24h,2019-08-31,True,False,False,False,True,False,False,False,ValueError: materially negative reconstructed precipitation for 9--12; ValueError: materially negative reconstructed precipitation for 9--12; ValueError: materially negative reconstructed precipitation for 21--24; ValueError: materially negative reconstructed precipitation for 15--18,data/manifests/phase1e/2019-08/daily/source_2019083000.json
2019-08-30T00:00:00+00:00,day2_24h,2019-09-01,True,False,False,False,True,False,False,False,ValueError: materially negative reconstructed precipitation for 27--30; ValueError: materially negative reconstructed precipitation for 33--36; ValueError: materially negative reconstructed precipitation for 39--42,data/manifests/phase1e/2019-08/daily/source_2019083000.json
2019-08-30T00:00:00+00:00,day3_24h,2019-09-02,True,False,False,False,True,False,False,False,ValueError: materially negative reconstructed precipitation for 51--54; ValueError: materially negative reconstructed precipitation for 63--66; ValueError: materially negative reconstructed precipitation for 63--66; ValueError: materially negative reconstructed precipitation for 57--60,data/manifests/phase1e/2019-08/daily/source_2019083000.json
2019-08-31T00:00:00+00:00,day1_24h,2019-09-01,True,False,False,False,True,False,False,False,ValueError: materially negative reconstructed precipitation for 9--12; ValueError: materially negative reconstructed precipitation for 9--12; ValueError: materially negative reconstructed precipitation for 9--12; ValueError: materially negative reconstructed precipitation for 9--12,data/manifests/phase1e/2019-08/daily/source_2019083100.json
2019-08-31T00:00:00+00:00,day2_24h,2019-09-02,True,False,False,False,True,False,False,False,ValueError: materially negative reconstructed precipitation for 27--30; ValueError: materially negative reconstructed precipitation for 27--30; ValueError: materially negative reconstructed precipitation for 39--42; ValueError: materially negative reconstructed precipitation for 27--30,data/manifests/phase1e/2019-08/daily/source_2019083100.json
2019-08-31T00:00:00+00:00,day3_24h,2019-09-03,True,True,True,False,True,True,True,False,ValueError: materially negative reconstructed precipitation for 51--54,data/manifests/phase1e/2019-08/daily/source_2019083100.json
2019-09-01T00:00:00+00:00,day1_24h,2019-09-02,True,False,False,False,True,False,False,False,ValueError: materially negative reconstructed precipitation for 9--12; ValueError: materially negative reconstructed precipitation for 9--12; ValueError: materially negative reconstructed precipitation for 9--12,data/manifests/phase1e/2019-09/daily/source_2019090100.json
2019-09-01T00:00:00+00:00,day2_24h,2019-09-03,True,False,False,False,True,False,False,False,ValueError: materially negative reconstructed precipitation for 33--36; ValueError: materially negative reconstructed precipitation for 33--36; ValueError: materially negative reconstructed precipitation for 27--30,data/manifests/phase1e/2019-09/daily/source_2019090100.json
2019-09-01T00:00:00+00:00,day3_24h,2019-09-04,True,False,False,False,True,False,False,False,ValueError: materially negative reconstructed precipitation for 51--54; ValueError: materially negative reconstructed precipitation for 69--72,data/manifests/phase1e/2019-09/daily/source_2019090100.json
2019-09-02T00:00:00+00:00,day1_24h,2019-09-03,True,False,False,False,True,False,False,False,ValueError: materially negative reconstructed precipitation for 9--12,data/manifests/phase1e/2019-09/daily/source_2019090200.json
2019-09-02T00:00:00+00:00,day2_24h,2019-09-04,True,True,True,False,True,True,True,False,ValueError: materially negative reconstructed precipitation for 45--48; ValueError: materially negative reconstructed precipitation for 27--30,data/manifests/phase1e/2019-09/daily/source_2019090200.json
2019-09-02T00:00:00+00:00,day3_24h,2019-09-05,True,True,True,False,True,True,True,False,ValueError: materially negative reconstructed precipitation for 63--66,data/manifests/phase1e/2019-09/daily/source_2019090200.json
2019-09-03T00:00:00+00:00,day1_24h,2019-09-04,True,False,False,False,True,False,False,False,ValueError: materially negative reconstructed precipitation for 9--12; ValueError: materially negative reconstructed precipitation for 9--12,data/manifests/phase1e/2019-09/daily/source_2019090300.json
2019-09-03T00:00:00+00:00,day2_24h,2019-09-05,True,True,True,False,True,True,True,False,ValueError: materially negative reconstructed precipitation for 27--30; ValueError: materially negative reconstructed precipitation for 45--48,data/manifests/phase1e/2019-09/daily/source_2019090300.json
2019-09-03T00:00:00+00:00,day3_24h,2019-09-06,True,False,False,False,True,False,False,False,ValueError: materially negative reconstructed precipitation for 57--60; ValueError: materially negative reconstructed precipitation for 57--60; ValueError: materially negative reconstructed precipitation for 51--54,data/manifests/phase1e/2019-09/daily/source_2019090300.json
2019-09-04T00:00:00+00:00,day1_24h,2019-09-05,True,False,False,False,True,False,False,False,ValueError: materially negative reconstructed precipitation for 21--24; ValueError: materially negative reconstructed precipitation for 15--18; ValueError: materially negative reconstructed precipitation for 15--18,data/manifests/phase1e/2019-09/daily/source_2019090400.json
2019-09-04T00:00:00+00:00,day2_24h,2019-09-06,True,False,False,False,True,False,False,False,ValueError: materially negative reconstructed precipitation for 39--42; ValueError: materially negative reconstructed precipitation for 39--42; ValueError: materially negative reconstructed precipitation for 27--30,data/manifests/phase1e/2019-09/daily/source_2019090400.json
2019-09-04T00:00:00+00:00,day3_24h,2019-09-07,True,False,False,False,True,False,False,False,ValueError: materially negative reconstructed precipitation for 63--66; ValueError: materially negative reconstructed precipitation for 57--60; ValueError: materially negative reconstructed precipitation for 63--66,data/manifests/phase1e/2019-09/daily/source_2019090400.json
2019-09-05T00:00:00+00:00,day1_24h,2019-09-06,True,False,False,False,True,False,False,False,ValueError: materially negative reconstructed precipitation for 9--12; ValueError: materially negative reconstructed precipitation for 15--18,data/manifests/phase1e/2019-09/daily/source_2019090500.json
2019-09-05T00:00:00+00:00,day2_24h,2019-09-07,True,False,False,False,True,False,False,False,ValueError: materially negative reconstructed precipitation for 33--36; ValueError: materially negative reconstructed precipitation for 33--36; ValueError: materially negative reconstructed precipitation for 27--30; ValueError: materially negative reconstructed precipitation for 27--30,data/manifests/phase1e/2019-09/daily/source_2019090500.json
2019-09-05T00:00:00+00:00,day3_24h,2019-09-08,True,False,False,False,True,False,False,False,ValueError: materially negative reconstructed precipitation for 57--60; ValueError: materially negative reconstructed precipitation for 63--66,data/manifests/phase1e/2019-09/daily/source_2019090500.json
2019-09-06T00:00:00+00:00,day1_24h,2019-09-07,True,False,False,False,True,False,False,False,ValueError: materially negative reconstructed precipitation for 15--18; ValueError: materially negative reconstructed precipitation for 15--18; ValueError: materially negative reconstructed precipitation for 15--18,data/manifests/phase1e/2019-09/daily/source_2019090600.json
2019-09-06T00:00:00+00:00,day2_24h,2019-09-08,True,False,False,False,True,False,False,False,ValueError: materially negative reconstructed precipitation for 39--42; ValueError: materially negative reconstructed precipitation for 45--48; ValueError: materially negative reconstructed precipitation for 39--42,data/manifests/phase1e/2019-09/daily/source_2019090600.json
2019-09-06T00:00:00+00:00,day3_24h,2019-09-09,True,False,False,False,True,False,False,False,ValueError: materially negative reconstructed precipitation for 63--66; ValueError: materially negative reconstructed precipitation for 57--60; ValueError: materially negative reconstructed precipitation for 57--60,data/manifests/phase1e/2019-09/daily/source_2019090600.json
2019-09-07T00:00:00+00:00,day1_24h,2019-09-08,True,False,False,False,True,False,False,False,ValueError: materially negative reconstructed precipitation for 15--18; ValueError: materially negative reconstructed precipitation for 9--12; ValueError: materially negative reconstructed precipitation for 9--12,data/manifests/phase1e/2019-09/daily/source_2019090700.json
2019-09-07T00:00:00+00:00,day2_24h,2019-09-09,True,False,False,False,True,False,False,False,ValueError: materially negative reconstructed precipitation for 33--36; ValueError: materially negative reconstructed precipitation for 27--30; ValueError: materially negative reconstructed precipitation for 33--36; ValueError: materially negative reconstructed precipitation for 39--42,data/manifests/phase1e/2019-09/daily/source_2019090700.json
2019-09-07T00:00:00+00:00,day3_24h,2019-09-10,True,False,False,False,True,False,False,False,ValueError: materially negative reconstructed precipitation for 51--54; ValueError: materially negative reconstructed precipitation for 57--60; ValueError: materially negative reconstructed precipitation for 57--60; ValueError: materially negative reconstructed precipitation for 63--66,data/manifests/phase1e/2019-09/daily/source_2019090700.json
2019-09-08T00:00:00+00:00,day1_24h,2019-09-09,True,True,True,False,True,True,True,False,ValueError: materially negative reconstructed precipitation for 9--12,data/manifests/phase1e/2019-09/daily/source_2019090800.json
2019-09-08T00:00:00+00:00,day2_24h,2019-09-10,True,False,False,False,True,False,False,False,ValueError: materially negative reconstructed precipitation for 33--36; ValueError: materially negative reconstructed precipitation for 33--36; ValueError: materially negative reconstructed precipitation for 33--36,data/manifests/phase1e/2019-09/daily/source_2019090800.json
2019-09-08T00:00:00+00:00,day3_24h,2019-09-11,True,False,False,False,True,False,False,False,ValueError: materially negative reconstructed precipitation for 51--54; ValueError: materially negative reconstructed precipitation for 51--54,data/manifests/phase1e/2019-09/daily/source_2019090800.json
2019-09-09T00:00:00+00:00,day1_24h,2019-09-10,True,False,False,False,True,False,False,False,ValueError: materially negative reconstructed precipitation for 9--12; ValueError: materially negative reconstructed precipitation for 3--6; ValueError: materially negative reconstructed precipitation for 9--12; ValueError: materially negative reconstructed precipitation for 3--6; ValueError: materially negative reconstructed precipitation for 3--6,data/manifests/phase1e/2019-09/daily/source_2019090900.json
2019-09-09T00:00:00+00:00,day2_24h,2019-09-11,True,False,False,False,True,False,False,False,ValueError: materially negative reconstructed precipitation for 33--36; ValueError: materially negative reconstructed precipitation for 45--48; ValueError: materially negative reconstructed precipitation for 39--42; ValueError: materially negative reconstructed precipitation for 27--30,data/manifests/phase1e/2019-09/daily/source_2019090900.json
2019-09-09T00:00:00+00:00,day3_24h,2019-09-12,True,False,False,False,True,False,False,False,ValueError: materially negative reconstructed precipitation for 57--60; ValueError: materially negative reconstructed precipitation for 63--66; ValueError: materially negative reconstructed precipitation for 57--60,data/manifests/phase1e/2019-09/daily/source_2019090900.json
2019-09-10T00:00:00+00:00,day1_24h,2019-09-11,True,False,False,False,True,False,False,False,ValueError: materially negative reconstructed precipitation for 15--18; ValueError: materially negative reconstructed precipitation for 15--18; ValueError: materially negative reconstructed precipitation for 3--6; ValueError: materially negative reconstructed precipitation for 3--6,data/manifests/phase1e/2019-09/daily/source_2019091000.json
2019-09-10T00:00:00+00:00,day2_24h,2019-09-12,True,False,False,False,True,False,False,False,ValueError: materially negative reconstructed precipitation for 27--30; ValueError: materially negative reconstructed precipitation for 45--48; ValueError: materially negative reconstructed precipitation for 27--30; ValueError: materially negative reconstructed precipitation for 33--36,data/manifests/phase1e/2019-09/daily/source_2019091000.json
2019-09-10T00:00:00+00:00,day3_24h,2019-09-13,True,False,False,False,True,False,False,False,ValueError: materially negative reconstructed precipitation for 57--60; ValueError: materially negative reconstructed precipitation for 69--72; ValueError: materially negative reconstructed precipitation for 51--54,data/manifests/phase1e/2019-09/daily/source_2019091000.json
2019-09-11T00:00:00+00:00,day1_24h,2019-09-12,True,False,False,False,True,False,False,False,ValueError: materially negative reconstructed precipitation for 9--12; ValueError: materially negative reconstructed precipitation for 3--6; ValueError: materially negative reconstructed precipitation for 3--6; ValueError: materially negative reconstructed precipitation for 3--6; ValueError: materially negative reconstructed precipitation for 3--6,data/manifests/phase1e/2019-09/daily/source_2019091100.json
2019-09-11T00:00:00+00:00,day2_24h,2019-09-13,True,False,False,False,True,False,False,False,ValueError: materially negative reconstructed precipitation for 33--36; ValueError: materially negative reconstructed precipitation for 27--30; ValueError: materially negative reconstructed precipitation for 39--42,data/manifests/phase1e/2019-09/daily/source_2019091100.json
2019-09-11T00:00:00+00:00,day3_24h,2019-09-14,True,False,False,False,True,False,False,False,ValueError: materially negative reconstructed precipitation for 57--60; ValueError: materially negative reconstructed precipitation for 57--60; ValueError: materially negative reconstructed precipitation for 51--54; ValueError: materially negative reconstructed precipitation for 51--54,data/manifests/phase1e/2019-09/daily/source_2019091100.json
2019-09-12T00:00:00+00:00,day1_24h,2019-09-13,True,False,False,False,True,False,False,False,ValueError: materially negative reconstructed precipitation for 9--12; ValueError: materially negative reconstructed precipitation for 9--12; ValueError: materially negative reconstructed precipitation for 15--18,data/manifests/phase1e/2019-09/daily/source_2019091200.json
2019-09-12T00:00:00+00:00,day2_24h,2019-09-14,True,False,False,False,True,False,False,False,ValueError: materially negative reconstructed precipitation for 27--30; ValueError: materially negative reconstructed precipitation for 27--30,data/manifests/phase1e/2019-09/daily/source_2019091200.json
2019-09-12T00:00:00+00:00,day3_24h,2019-09-15,True,False,False,False,True,False,False,False,ValueError: materially negative reconstructed precipitation for 51--54; ValueError: materially negative reconstructed precipitation for 57--60; ValueError: materially negative reconstructed precipitation for 69--72,data/manifests/phase1e/2019-09/daily/source_2019091200.json
2019-09-13T00:00:00+00:00,day1_24h,2019-09-14,True,True,True,False,True,True,True,False,ValueError: materially negative reconstructed precipitation for 9--12,data/manifests/phase1e/2019-09/daily/source_2019091300.json
2019-09-13T00:00:00+00:00,day2_24h,2019-09-15,True,True,True,False,True,True,True,False,ValueError: materially negative reconstructed precipitation for 33--36,data/manifests/phase1e/2019-09/daily/source_2019091300.json
2019-09-13T00:00:00+00:00,day3_24h,2019-09-16,True,False,False,False,True,False,False,False,ValueError: materially negative reconstructed precipitation for 63--66,data/manifests/phase1e/2019-09/daily/source_2019091300.json
2019-09-14T00:00:00+00:00,day1_24h,2019-09-15,True,False,False,False,True,False,False,False,ValueError: materially negative reconstructed precipitation for 21--24,data/manifests/phase1e/2019-09/daily/source_2019091400.json
2019-09-14T00:00:00+00:00,day2_24h,2019-09-16,True,False,False,False,True,False,False,False,ValueError: materially negative reconstructed precipitation for 33--36; ValueError: materially negative reconstructed precipitation for 33--36,data/manifests/phase1e/2019-09/daily/source_2019091400.json
2019-09-14T00:00:00+00:00,day3_24h,2019-09-17,True,True,True,True,True,True,True,False,,data/manifests/phase1e/2019-09/daily/source_2019091400.json
2019-09-15T00:00:00+00:00,day1_24h,2019-09-16,True,True,True,False,True,True,True,False,ValueError: materially negative reconstructed precipitation for 21--24,data/manifests/phase1e/2019-09/daily/source_2019091500.json
2019-09-15T00:00:00+00:00,day2_24h,2019-09-17,True,True,True,True,True,True,True,False,,data/manifests/phase1e/2019-09/daily/source_2019091500.json
2019-09-15T00:00:00+00:00,day3_24h,2019-09-18,True,False,False,False,True,False,False,False,ValueError: materially negative reconstructed precipitation for 51--54; ValueError: materially negative reconstructed precipitation for 51--54; ValueError: materially negative reconstructed precipitation for 57--60,data/manifests/phase1e/2019-09/daily/source_2019091500.json
2019-09-16T00:00:00+00:00,day1_24h,2019-09-17,True,False,False,False,True,False,False,False,ValueError: materially negative reconstructed precipitation for 15--18; ValueError: materially negative reconstructed precipitation for 21--24; ValueError: materially negative reconstructed precipitation for 15--18,data/manifests/phase1e/2019-09/daily/source_2019091600.json
2019-09-16T00:00:00+00:00,day2_24h,2019-09-18,True,True,True,False,True,True,True,False,ValueError: materially negative reconstructed precipitation for 39--42; ValueError: materially negative reconstructed precipitation for 33--36,data/manifests/phase1e/2019-09/daily/source_2019091600.json
2019-09-16T00:00:00+00:00,day3_24h,2019-09-19,True,False,False,False,True,False,False,False,ValueError: materially negative reconstructed precipitation for 69--72; ValueError: materially negative reconstructed precipitation for 57--60; ValueError: materially negative reconstructed precipitation for 69--72,data/manifests/phase1e/2019-09/daily/source_2019091600.json
2019-09-17T00:00:00+00:00,day1_24h,2019-09-18,True,False,False,False,True,False,False,False,ValueError: materially negative reconstructed precipitation for 9--12; ValueError: materially negative reconstructed precipitation for 21--24,data/manifests/phase1e/2019-09/daily/source_2019091700.json
2019-09-17T00:00:00+00:00,day2_24h,2019-09-19,True,True,True,False,True,True,True,False,ValueError: materially negative reconstructed precipitation for 33--36,data/manifests/phase1e/2019-09/daily/source_2019091700.json
2019-09-17T00:00:00+00:00,day3_24h,2019-09-20,True,True,True,False,True,True,True,False,ValueError: materially negative reconstructed precipitation for 51--54,data/manifests/phase1e/2019-09/daily/source_2019091700.json
2019-09-18T00:00:00+00:00,day1_24h,2019-09-19,True,False,False,False,True,False,False,False,ValueError: materially negative reconstructed precipitation for 21--24; ValueError: materially negative reconstructed precipitation for 3--6; ValueError: materially negative reconstructed precipitation for 3--6; ValueError: materially negative reconstructed precipitation for 3--6,data/manifests/phase1e/2019-09/daily/source_2019091800.json
2019-09-18T00:00:00+00:00,day2_24h,2019-09-20,True,False,False,False,True,False,False,False,ValueError: materially negative reconstructed precipitation for 39--42; ValueError: materially negative reconstructed precipitation for 33--36,data/manifests/phase1e/2019-09/daily/source_2019091800.json
2019-09-18T00:00:00+00:00,day3_24h,2019-09-21,True,False,False,False,True,False,False,False,ValueError: materially negative reconstructed precipitation for 51--54; ValueError: materially negative reconstructed precipitation for 63--66; ValueError: materially negative reconstructed precipitation for 51--54,data/manifests/phase1e/2019-09/daily/source_2019091800.json
2019-09-19T00:00:00+00:00,day1_24h,2019-09-20,True,True,True,False,True,True,True,False,ValueError: materially negative reconstructed precipitation for 21--24,data/manifests/phase1e/2019-09/daily/source_2019091900.json
2019-09-19T00:00:00+00:00,day2_24h,2019-09-21,True,False,False,False,True,False,False,False,ValueError: materially negative reconstructed precipitation for 27--30; ValueError: materially negative reconstructed precipitation for 27--30; ValueError: materially negative reconstructed precipitation for 45--48; ValueError: materially negative reconstructed precipitation for 33--36,data/manifests/phase1e/2019-09/daily/source_2019091900.json
2019-09-19T00:00:00+00:00,day3_24h,2019-09-22,True,False,False,False,True,False,False,False,ValueError: materially negative reconstructed precipitation for 51--54; ValueError: materially negative reconstructed precipitation for 57--60; ValueError: materially negative reconstructed precipitation for 63--66; ValueError: materially negative reconstructed precipitation for 57--60; ValueError: materially negative reconstructed precipitation for 51--54,data/manifests/phase1e/2019-09/daily/source_2019091900.json
2019-09-20T00:00:00+00:00,day1_24h,2019-09-21,True,False,False,False,True,False,False,False,ValueError: materially negative reconstructed precipitation for 9--12; ValueError: materially negative reconstructed precipitation for 9--12; ValueError: materially negative reconstructed precipitation for 9--12; ValueError: materially negative reconstructed precipitation for 21--24,data/manifests/phase1e/2019-09/daily/source_2019092000.json
2019-09-20T00:00:00+00:00,day2_24h,2019-09-22,True,False,False,False,True,False,False,False,ValueError: materially negative reconstructed precipitation for 27--30; ValueError: materially negative reconstructed precipitation for 39--42; ValueError: materially negative reconstructed precipitation for 27--30; ValueError: materially negative reconstructed precipitation for 33--36,data/manifests/phase1e/2019-09/daily/source_2019092000.json
2019-09-20T00:00:00+00:00,day3_24h,2019-09-23,True,False,False,False,True,False,False,False,ValueError: materially negative reconstructed precipitation for 51--54; ValueError: materially negative reconstructed precipitation for 51--54,data/manifests/phase1e/2019-09/daily/source_2019092000.json
2019-09-21T00:00:00+00:00,day1_24h,2019-09-22,True,False,False,False,True,False,False,False,ValueError: materially negative reconstructed precipitation for 21--24; ValueError: materially negative reconstructed precipitation for 21--24,data/manifests/phase1e/2019-09/daily/source_2019092100.json
2019-09-21T00:00:00+00:00,day2_24h,2019-09-23,True,False,False,False,True,False,False,False,ValueError: materially negative reconstructed precipitation for 33--36; ValueError: materially negative reconstructed precipitation for 45--48; ValueError: materially negative reconstructed precipitation for 27--30; ValueError: materially negative reconstructed precipitation for 33--36; ValueError: materially negative reconstructed precipitation for 45--48,data/manifests/phase1e/2019-09/daily/source_2019092100.json
2019-09-21T00:00:00+00:00,day3_24h,2019-09-24,True,False,False,False,True,False,False,False,ValueError: materially negative reconstructed precipitation for 51--54; ValueError: materially negative reconstructed precipitation for 57--60,data/manifests/phase1e/2019-09/daily/source_2019092100.json
2019-09-22T00:00:00+00:00,day1_24h,2019-09-23,True,False,False,False,True,False,False,False,ValueError: materially negative reconstructed precipitation for 15--18; ValueError: materially negative reconstructed precipitation for 9--12; ValueError: materially negative reconstructed precipitation for 21--24; ValueError: materially negative reconstructed precipitation for 9--12,data/manifests/phase1e/2019-09/daily/source_2019092200.json
2019-09-22T00:00:00+00:00,day2_24h,2019-09-24,True,False,False,False,True,False,False,False,ValueError: materially negative reconstructed precipitation for 27--30; ValueError: materially negative reconstructed precipitation for 45--48,data/manifests/phase1e/2019-09/daily/source_2019092200.json
2019-09-22T00:00:00+00:00,day3_24h,2019-09-25,True,False,False,False,True,False,False,False,ValueError: materially negative reconstructed precipitation for 51--54; ValueError: materially negative reconstructed precipitation for 57--60; ValueError: materially negative reconstructed precipitation for 51--54; ValueError: materially negative reconstructed precipitation for 57--60; ValueError: materially negative reconstructed precipitation for 51--54,data/manifests/phase1e/2019-09/daily/source_2019092200.json
2019-09-23T00:00:00+00:00,day1_24h,2019-09-24,True,True,True,False,True,True,True,False,ValueError: materially negative reconstructed precipitation for 9--12; ValueError: materially negative reconstructed precipitation for 15--18,data/manifests/phase1e/2019-09/daily/source_2019092300.json
2019-09-23T00:00:00+00:00,day2_24h,2019-09-25,True,True,True,False,True,True,True,False,ValueError: materially negative reconstructed precipitation for 33--36; ValueError: materially negative reconstructed precipitation for 39--42; ValueError: materially negative reconstructed precipitation for 27--30; ValueError: materially negative reconstructed precipitation for 33--36,data/manifests/phase1e/2019-09/daily/source_2019092300.json
2019-09-23T00:00:00+00:00,day3_24h,2019-09-26,True,False,False,False,True,False,False,False,ValueError: materially negative reconstructed precipitation for 57--60; ValueError: materially negative reconstructed precipitation for 51--54,data/manifests/phase1e/2019-09/daily/source_2019092300.json
2019-09-24T00:00:00+00:00,day1_24h,2019-09-25,True,False,False,False,True,False,False,False,ValueError: materially negative reconstructed precipitation for 9--12; ValueError: materially negative reconstructed precipitation for 15--18; ValueError: materially negative reconstructed precipitation for 9--12,data/manifests/phase1e/2019-09/daily/source_2019092400.json
2019-09-24T00:00:00+00:00,day2_24h,2019-09-26,True,False,False,False,True,False,False,False,ValueError: materially negative reconstructed precipitation for 27--30; ValueError: materially negative reconstructed precipitation for 33--36; ValueError: materially negative reconstructed precipitation for 27--30,data/manifests/phase1e/2019-09/daily/source_2019092400.json
2019-09-24T00:00:00+00:00,day3_24h,2019-09-27,True,False,False,False,True,False,False,False,ValueError: materially negative reconstructed precipitation for 51--54; ValueError: materially negative reconstructed precipitation for 51--54; ValueError: materially negative reconstructed precipitation for 57--60; ValueError: materially negative reconstructed precipitation for 51--54,data/manifests/phase1e/2019-09/daily/source_2019092400.json
2019-09-25T00:00:00+00:00,day1_24h,2019-09-26,True,False,False,False,True,False,False,False,ValueError: materially negative reconstructed precipitation for 9--12; ValueError: materially negative reconstructed precipitation for 9--12,data/manifests/phase1e/2019-09/daily/source_2019092500.json
2019-09-25T00:00:00+00:00,day2_24h,2019-09-27,True,False,False,False,True,False,False,False,ValueError: materially negative reconstructed precipitation for 27--30; ValueError: materially negative reconstructed precipitation for 33--36; ValueError: materially negative reconstructed precipitation for 27--30; ValueError: materially negative reconstructed precipitation for 45--48,data/manifests/phase1e/2019-09/daily/source_2019092500.json
2019-09-25T00:00:00+00:00,day3_24h,2019-09-28,True,False,False,False,True,False,False,False,ValueError: materially negative reconstructed precipitation for 57--60; ValueError: materially negative reconstructed precipitation for 57--60; ValueError: materially negative reconstructed precipitation for 51--54; ValueError: materially negative reconstructed precipitation for 57--60; ValueError: materially negative reconstructed precipitation for 57--60,data/manifests/phase1e/2019-09/daily/source_2019092500.json
2019-09-26T00:00:00+00:00,day1_24h,2019-09-27,True,False,False,False,True,False,False,False,ValueError: materially negative reconstructed precipitation for 15--18; ValueError: materially negative reconstructed precipitation for 21--24,data/manifests/phase1e/2019-09/daily/source_2019092600.json
2019-09-26T00:00:00+00:00,day2_24h,2019-09-28,True,False,False,False,True,False,False,False,ValueError: materially negative reconstructed precipitation for 27--30; ValueError: materially negative reconstructed precipitation for 45--48; ValueError: materially negative reconstructed precipitation for 27--30; ValueError: materially negative reconstructed precipitation for 39--42; ValueError: materially negative reconstructed precipitation for 39--42,data/manifests/phase1e/2019-09/daily/source_2019092600.json
2019-09-26T00:00:00+00:00,day3_24h,2019-09-29,True,False,False,False,True,False,False,False,ValueError: materially negative reconstructed precipitation for 51--54; ValueError: materially negative reconstructed precipitation for 69--72; ValueError: materially negative reconstructed precipitation for 51--54; ValueError: materially negative reconstructed precipitation for 57--60,data/manifests/phase1e/2019-09/daily/source_2019092600.json
2019-09-27T00:00:00+00:00,day1_24h,2019-09-28,True,False,False,False,True,False,False,False,ValueError: materially negative reconstructed precipitation for 15--18; ValueError: materially negative reconstructed precipitation for 9--12; ValueError: materially negative reconstructed precipitation for 9--12; ValueError: materially negative reconstructed precipitation for 15--18,data/manifests/phase1e/2019-09/daily/source_2019092700.json
2019-09-27T00:00:00+00:00,day2_24h,2019-09-29,True,False,False,False,True,False,False,False,ValueError: materially negative reconstructed precipitation for 33--36; ValueError: materially negative reconstructed precipitation for 27--30; ValueError: materially negative reconstructed precipitation for 27--30; ValueError: materially negative reconstructed precipitation for 27--30,data/manifests/phase1e/2019-09/daily/source_2019092700.json
2019-09-27T00:00:00+00:00,day3_24h,2019-09-30,True,False,False,False,True,False,False,False,ValueError: materially negative reconstructed precipitation for 57--60; ValueError: materially negative reconstructed precipitation for 51--54; ValueError: materially negative reconstructed precipitation for 63--66,data/manifests/phase1e/2019-09/daily/source_2019092700.json
2019-09-28T00:00:00+00:00,day1_24h,2019-09-29,True,False,False,False,True,False,False,False,ValueError: materially negative reconstructed precipitation for 15--18; ValueError: materially negative reconstructed precipitation for 15--18; ValueError: materially negative reconstructed precipitation for 21--24; ValueError: materially negative reconstructed precipitation for 21--24; ValueError: materially negative reconstructed precipitation for 9--12,data/manifests/phase1e/2019-09/daily/source_2019092800.json
2019-09-28T00:00:00+00:00,day2_24h,2019-09-30,True,False,False,False,True,False,False,False,ValueError: materially negative reconstructed precipitation for 27--30; ValueError: materially negative reconstructed precipitation for 27--30,data/manifests/phase1e/2019-09/daily/source_2019092800.json
2019-09-28T00:00:00+00:00,day3_24h,2019-10-01,True,False,False,False,True,False,False,False,ValueError: materially negative reconstructed precipitation for 63--66; ValueError: materially negative reconstructed precipitation for 51--54; ValueError: materially negative reconstructed precipitation for 51--54; ValueError: materially negative reconstructed precipitation for 63--66,data/manifests/phase1e/2019-09/daily/source_2019092800.json
2019-09-29T00:00:00+00:00,day1_24h,2019-09-30,True,False,False,False,True,False,False,False,ValueError: materially negative reconstructed precipitation for 9--12; ValueError: materially negative reconstructed precipitation for 9--12,data/manifests/phase1e/2019-09/daily/source_2019092900.json
2019-09-29T00:00:00+00:00,day2_24h,2019-10-01,True,False,False,False,True,False,False,False,ValueError: materially negative reconstructed precipitation for 27--30; ValueError: materially negative reconstructed precipitation for 33--36; ValueError: materially negative reconstructed precipitation for 33--36,data/manifests/phase1e/2019-09/daily/source_2019092900.json
2019-09-29T00:00:00+00:00,day3_24h,2019-10-02,True,False,False,False,True,False,False,False,ValueError: materially negative reconstructed precipitation for 51--54; ValueError: materially negative reconstructed precipitation for 51--54; ValueError: materially negative reconstructed precipitation for 69--72,data/manifests/phase1e/2019-09/daily/source_2019092900.json
2019-09-30T00:00:00+00:00,day1_24h,2019-10-01,True,True,True,False,True,True,True,False,ValueError: materially negative reconstructed precipitation for 3--6; ValueError: materially negative reconstructed precipitation for 3--6; ValueError: materially negative reconstructed precipitation for 3--6,data/manifests/phase1e/2019-09/daily/source_2019093000.json
2019-09-30T00:00:00+00:00,day2_24h,2019-10-02,True,False,False,False,True,False,False,False,ValueError: materially negative reconstructed precipitation for 27--30; ValueError: materially negative reconstructed precipitation for 27--30; ValueError: materially negative reconstructed precipitation for 45--48; ValueError: materially negative reconstructed precipitation for 27--30,data/manifests/phase1e/2019-09/daily/source_2019093000.json
2019-09-30T00:00:00+00:00,day3_24h,2019-10-03,True,False,False,False,True,False,False,False,ValueError: materially negative reconstructed precipitation for 51--54; ValueError: materially negative reconstructed precipitation for 51--54; ValueError: materially negative reconstructed precipitation for 63--66; ValueError: materially negative reconstructed precipitation for 69--72; ValueError: materially negative reconstructed precipitation for 63--66,data/manifests/phase1e/2019-09/daily/source_2019093000.json
