year,initialization,product,lead_hours,pwat_area_mean,q700_area_mean,u850_area_mean,v850_area_mean,wind_speed_area_mean,moisture_transport_area_mean,mslp_area_mean,mslp_minimum,mslp_range,z500_area_mean,relative_vorticity_area_mean,relative_vorticity_p90,prototype_regime_id,prototype_regime,low_depression_score,active_monsoon_score,predicted_regime_id,predicted_regime,probability_active,probability_break_weak,probability_low_depression
2017,2017-06-01T00:00:00+00:00,day1_24h,24,42.367866421609186,0.006416258269444954,5.697410188982739,1.1658974079366573,7.355397403035497,337.2205263123943,100470.0733428828,99518.03125,2848.796875,5857.565439465726,5.802519416103955e-06,4.637449242563721e-05,1,BREAK_WEAK_MONSOON,0.13174341233765613,-1.2484104621202492,1,BREAK_WEAK_MONSOON,0.001174977294024018,0.9988140234187474,1.0999287228676166e-05
2017,2017-06-01T00:00:00+00:00,day2_24h,48,44.51618124297247,0.006737152433882128,6.3533681239449145,2.13063340224823,8.520849096187012,390.50987819883187,100556.79129525344,99573.3828125,2933.2734375,5862.649781048482,4.77825344934577e-06,5.427934566835748e-05,2,LOW_DEPRESSION_INFLUENCED,0.6800444615550026,-0.6772675021484558,2,LOW_DEPRESSION_INFLUENCED,0.04980055688956244,0.28971214403263756,0.6604872990778
2017,2017-06-01T00:00:00+00:00,day3_24h,72,45.189367511190355,0.006792468975956725,7.1876136659651255,0.8874143746218933,8.938556172983793,410.0431911557258,100528.63304161595,99537.1796875,3086.078125,5861.285606081915,4.208680397227334e-06,5.033371369485119e-05,2,LOW_DEPRESSION_INFLUENCED,0.7486734170704196,-0.5032456844764435,2,LOW_DEPRESSION_INFLUENCED,0.0330559731860548,0.02721187966780382,0.9397321471461413
2017,2017-06-02T00:00:00+00:00,day1_24h,24,44.15477335486972,0.006652450313040677,6.723878267283964,1.8428609831572476,8.719386938869711,404.2748887271992,100542.16287999965,99538.2890625,2584.0,5861.35344994098,5.234698014140269e-06,5.254480458133074e-05,1,BREAK_WEAK_MONSOON,0.2580098823045902,-0.685103110810184,1,BREAK_WEAK_MONSOON,0.04883410877848689,0.9493617172301972,0.0018041739913158856
2017,2017-06-02T00:00:00+00:00,day2_24h,48,45.44358668526365,0.006812786435393311,7.285032654392972,0.991200149795614,9.05862336294156,417.62262079434527,100505.73278116295,99495.7890625,3136.3203125,5859.344905863756,4.3613650008661415e-06,5.2701862091081894e-05,2,LOW_DEPRESSION_INFLUENCED,0.9411799068631344,-0.4420252194190205,2,LOW_DEPRESSION_INFLUENCED,0.003907540081597225,0.001342886294534419,0.9947495736238683
2017,2017-06-02T00:00:00+00:00,day3_24h,72,46.34426872715029,0.007239170953764365,6.873062944408715,1.2196459279681329,9.14737614778761,431.5478055050846,100527.2215495647,99473.6484375,2902.078125,5862.79446358181,3.24964457271291e-06,5.0086676838345524e-05,2,LOW_DEPRESSION_INFLUENCED,0.6934512586903074,-0.15620122696975453,2,LOW_DEPRESSION_INFLUENCED,0.03319591272970245,0.0066507062311803675,0.9601533810391173
2017,2017-06-03T00:00:00+00:00,day1_24h,24,44.8435866380128,0.006661100234660912,7.579248601075637,0.558864068132365,9.203392732169164,421.0437451935109,100524.12861406834,99473.2734375,3080.4765625,5861.137771856718,3.532837713805015e-06,4.9204789876002745e-05,2,LOW_DEPRESSION_INFLUENCED,0.7083859763325951,-0.526104232483734,2,LOW_DEPRESSION_INFLUENCED,0.035129851149850906,0.043299694585544,0.921570454264605
2017,2017-06-03T00:00:00+00:00,day2_24h,48,46.40397752904072,0.007162601053126375,7.133005317128877,1.0718730236501044,9.18622117498405,437.4448840680306,100529.37823310205,99382.09375,2783.6796875,5862.490975925333,3.433476899877554e-06,4.8679999532624514e-05,1,BREAK_WEAK_MONSOON,0.581965289477736,-0.163422124926041,2,LOW_DEPRESSION_INFLUENCED,0.18513414395275515,0.06005844007727273,0.7548074159699721
2017,2017-06-03T00:00:00+00:00,day3_24h,72,47.73059006197126,0.007390663866548125,6.61758794266741,1.0388377573419003,9.196368399042816,447.03280493163686,100585.22904470567,99511.859375,2753.28125,5863.293573690737,2.751232634288376e-06,5.453783611418261e-05,2,LOW_DEPRESSION_INFLUENCED,0.8194386781454329,0.059882220819581285,2,LOW_DEPRESSION_INFLUENCED,0.018452492916397556,0.0006174105122983076,0.980930096571304
2017,2017-06-04T00:00:00+00:00,day1_24h,24,45.82128683062204,0.007005718940441934,7.233915100592204,0.795320570556453,9.324746994367667,444.01439254100535,100537.44568737221,99494.7578125,2643.0390625,5862.810292693514,3.1653574494122064e-06,5.57358607089846e-05,2,LOW_DEPRESSION_INFLUENCED,0.6114492565988012,-0.24184686556959586,2,LOW_DEPRESSION_INFLUENCED,0.13245862546993872,0.05048829737293517,0.817053077157126
2017,2017-06-04T00:00:00+00:00,day2_24h,48,47.626601647078246,0.0073507885511920525,6.4434644064317315,0.6793000301211086,9.122667408492186,445.4640320875972,100590.48808801277,99540.796875,2778.5625,5862.81622255817,2.7325391850709194e-06,5.3610684756973776e-05,2,LOW_DEPRESSION_INFLUENCED,0.7799592812153878,0.02270894094967283,2,LOW_DEPRESSION_INFLUENCED,0.03516288617682578,0.001408897485398832,0.9634282163377755
2017,2017-06-04T00:00:00+00:00,day3_24h,72,48.66765737875311,0.007547061550944417,6.2363959307991745,0.8636104449961179,8.9323098489668,446.9362295613073,100639.21925506389,99621.984375,2807.203125,5859.09329292387,2.1596274230803933e-06,5.498390207918531e-05,2,LOW_DEPRESSION_INFLUENCED,0.8999098296792714,0.16636089237227586,2,LOW_DEPRESSION_INFLUENCED,0.011201706059891094,0.00010128161122364092,0.9886970123288852
2017,2017-06-05T00:00:00+00:00,day1_24h,24,46.993050772091884,0.007059281731638804,6.521814245061021,0.6706673296128403,9.335216088869828,446.66967437483305,100576.17072072187,99542.8203125,2950.1953125,5861.258049177362,2.7535288488852367e-06,5.306279763690333e-05,2,LOW_DEPRESSION_INFLUENCED,0.8724748747855847,-0.11589444045397196,2,LOW_DEPRESSION_INFLUENCED,0.009985411859290678,0.0007598727318212097,0.9892547154088882
2017,2017-06-05T00:00:00+00:00,day2_24h,48,48.04798116902463,0.007319678763574503,6.512101616880379,1.2890046239364867,9.212933711131678,454.4310184526742,100683.36413687185,99605.921875,2858.0,5860.433584496691,2.465586088912006e-06,5.505068148704309e-05,2,LOW_DEPRESSION_INFLUENCED,0.9110043358125453,0.07688211284194817,2,LOW_DEPRESSION_INFLUENCED,0.009723486966192607,0.00017696814115374682,0.9900995448926537
2017,2017-06-05T00:00:00+00:00,day3_24h,72,48.27340052821983,0.0074368255515299825,6.343542508939081,0.28337727916839645,8.638024367404322,435.68122914457285,100609.49529161533,99791.125,2191.0,5853.529117743397,3.1734017561530178e-06,5.199190930813149e-05,0,ACTIVE_MONSOON,0.034337918894018195,0.027860748472401692,0,ACTIVE_MONSOON,0.9006365576551482,0.09901767672684149,0.00034576561801025505
2017,2017-06-06T00:00:00+00:00,day1_24h,24,47.780160353510475,0.007201126830774646,6.888231606528426,0.927007029542279,9.506371126480849,464.46804378428766,100614.30849371852,99574.0,2727.203125,5855.348333706064,1.8842333221511264e-06,5.4595833303484993e-05,2,LOW_DEPRESSION_INFLUENCED,0.761545451557361,0.06700735951278605,2,LOW_DEPRESSION_INFLUENCED,0.047800373652258116,0.0014554461917772744,0.9507441801559647
2017,2017-06-06T00:00:00+00:00,day2_24h,48,48.18670943749678,0.007264955416694869,6.928987843644094,0.34801206089823955,9.245051667343361,473.05934852590036,100559.2237480261,99790.0390625,2124.3984375,5849.2344410847845,3.642230928072917e-06,5.1987096559922515e-05,0,ACTIVE_MONSOON,-0.03787805037300131,0.11254091746209328,0,ACTIVE_MONSOON,0.933801400664704,0.06609516301213983,0.00010343632315611896
2017,2017-06-06T00:00:00+00:00,day3_24h,72,48.380284786254556,0.007439239400518842,6.927834861638412,0.549736599818843,8.948416550984298,461.9564835623696,100441.12150160746,99583.8671875,2254.6015625,5842.5126308180415,4.138854403276846e-06,5.1520692336224607e-05,0,ACTIVE_MONSOON,0.2158219972825238,0.13547951700269895,0,ACTIVE_MONSOON,0.9563328029843702,0.04123048153787227,0.0024367154777575374
2017,2017-06-07T00:00:00+00:00,day1_24h,24,48.051428194242725,0.007374880738414345,6.51688975288685,0.28345297425101923,8.67112721998212,439.6421588339294,100549.58872946638,99773.625,2132.3984375,5848.464789627055,2.879403458175425e-06,5.052817505821993e-05,0,ACTIVE_MONSOON,-0.09027506066168865,-0.002077761311756877,0,ACTIVE_MONSOON,0.8330263571944496,0.1668844068585383,8.923594701221922e-05
2017,2017-06-07T00:00:00+00:00,day2_24h,48,47.97392287619921,0.007412262512066206,6.750421551420138,0.6265084279550591,8.600959173063874,442.5085129683848,100449.01799813216,99644.1875,2300.203125,5842.929909086043,3.552350626650797e-06,4.905247294124889e-05,0,ACTIVE_MONSOON,0.08902463085638497,0.003868013377072269,0,ACTIVE_MONSOON,0.876799763728976,0.12221511664025592,0.0009851196307681018
2017,2017-06-07T00:00:00+00:00,day3_24h,72,47.80331351315884,0.007423317060885455,8.061867152372647,1.6259045053614316,9.92917689438043,511.23141043740515,100435.84880053622,99468.3671875,2322.6015625,5843.5074482723885,4.407914257064915e-06,5.096016314787118e-05,0,ACTIVE_MONSOON,0.2838961572747892,0.3145152735705556,0,ACTIVE_MONSOON,0.9619525002748771,0.018597310298980554,0.019450189426142364
2017,2017-06-08T00:00:00+00:00,day1_24h,24,47.71345973100661,0.007368687440861311,6.735919988356295,0.5113947072185361,8.911918196282778,453.5671017521555,100462.62345681443,99754.8046875,2353.8046875,5842.931670886946,4.218260369841388e-06,4.841175245288898e-05,0,ACTIVE_MONSOON,0.025084225561162292,0.028729061036192546,0,ACTIVE_MONSOON,0.9136947116629774,0.08593567955695224,0.0003696087800701734
2017,2017-06-08T00:00:00+00:00,day2_24h,48,47.297185019158356,0.007237989596395354,7.998457455037361,1.287977991357032,10.180980897902,516.2760309036787,100471.41985995525,99524.140625,2357.59375,5846.327162536371,4.744845551382874e-06,5.1929206545901595e-05,0,ACTIVE_MONSOON,0.2807583808822078,0.24200951212615973,0,ACTIVE_MONSOON,0.9614470016141197,0.02455257868102843,0.014000419704851916
2017,2017-06-08T00:00:00+00:00,day3_24h,72,47.02490581054015,0.007263474336169212,8.199331541605932,1.8164101747465367,10.144177616733957,517.1179456625213,100440.68933857523,99463.109375,2526.59375,5850.200239923424,4.4552473645391335e-06,5.3300015829359275e-05,0,ACTIVE_MONSOON,0.5179582385916576,0.22669309466252993,0,ACTIVE_MONSOON,0.504047901095728,0.01092715767486111,0.48502494122941087
2017,2017-06-09T00:00:00+00:00,day1_24h,24,47.136192041959156,0.00727769359313783,7.529121290295544,1.3321768609403777,9.576620989191952,482.8039453060549,100463.41489262786,99499.828125,2480.59375,5842.9204422819,4.618298416322796e-06,4.941808494999062e-05,0,ACTIVE_MONSOON,0.3014912977686139,0.09355263473483824,0,ACTIVE_MONSOON,0.9219695269513403,0.059498343501671144,0.018532129546988546
2017,2017-06-09T00:00:00+00:00,day2_24h,48,46.720813332737016,0.007221022006617191,8.315958154511849,1.3134003443431608,10.288065946738044,521.6567554839967,100455.95664298747,99422.859375,2652.203125,5847.585944303205,3.916512492725547e-06,5.1074933055731297e-05,0,ACTIVE_MONSOON,0.5508951739829633,0.21281349194871954,2,LOW_DEPRESSION_INFLUENCED,0.34943000108416106,0.0069973530245881314,0.6435726458912508
2017,2017-06-09T00:00:00+00:00,day3_24h,72,46.67942897569503,0.0071586413669493506,8.375258047744772,0.9776164131353476,10.283773637532025,518.3169151604014,100412.34405452874,99265.7265625,2678.3984375,5849.969803944864,4.159460368083579e-06,5.764274376514813e-05,2,LOW_DEPRESSION_INFLUENCED,0.9378162369944059,0.1766925434579604,2,LOW_DEPRESSION_INFLUENCED,0.006419777260505807,7.469664910114134e-05,0.993505526090393
2017,2017-06-10T00:00:00+00:00,day1_24h,24,45.87288339786199,0.007008814323617768,8.280911769647007,1.4663854261228775,10.763094923302768,540.6305214319838,100421.072436418,99414.5078125,2627.0,5842.825867615374,4.269849727769052e-06,5.526452368544679e-05,2,LOW_DEPRESSION_INFLUENCED,0.6308580158535284,0.1604244531939124,2,LOW_DEPRESSION_INFLUENCED,0.17663421879252938,0.004847564671248505,0.818518216536222
2017,2017-06-10T00:00:00+00:00,day2_24h,48,46.05308218708275,0.0070548296775334585,8.385937749939341,1.0143957416981852,10.692124276273693,540.3490908601545,100410.25947114456,99145.359375,2742.0,5846.9342995024135,3.7834303991415565e-06,5.701510464917509e-05,2,LOW_DEPRESSION_INFLUENCED,0.9977656134772084,0.1840804594614154,2,LOW_DEPRESSION_INFLUENCED,0.001940872202419994,3.107374390467859e-05,0.9980280540536753
2017,2017-06-10T00:00:00+00:00,day3_24h,72,44.7399016220042,0.006743353246514166,7.807529942096185,1.019900715924321,9.702055865922526,462.3767126358647,100373.26299981863,99270.1015625,2280.6015625,5849.2454789963895,3.6273652141887367e-06,4.9905667607962474e-05,1,BREAK_WEAK_MONSOON,0.06841848790226834,-0.3471171694674744,1,BREAK_WEAK_MONSOON,0.1304720229317014,0.868762149345058,0.0007658277232405369
2017,2017-06-11T00:00:00+00:00,day1_24h,24,45.02747414848323,0.006829306923158477,8.205227866589947,1.3105742479631017,10.41510793217005,520.8141047484468,100365.0498089286,99001.953125,2763.1953125,5841.961181694577,4.099246409932776e-06,5.330752062161496e-05,2,LOW_DEPRESSION_INFLUENCED,0.8721016910329118,-0.06891338629752045,2,LOW_DEPRESSION_INFLUENCED,0.009034299178897677,0.001736569720103215,0.989229131100999
2017,2017-06-11T00:00:00+00:00,day2_24h,48,44.0835884420076,0.006566632253148892,7.700572753556674,0.945560357115443,9.567433062536562,456.11232390586673,100368.49547837536,99200.9453125,2469.796875,5846.667047263496,4.249086142375971e-06,5.303619663124099e-05,1,BREAK_WEAK_MONSOON,0.370025778432912,-0.5025084782695001,1,BREAK_WEAK_MONSOON,0.11150750694246599,0.870771985735723,0.017720507321811053
2017,2017-06-11T00:00:00+00:00,day3_24h,72,44.685643194889124,0.006574025347322025,6.546037327097018,1.7624145468584134,8.536936900159882,405.8909932832125,100471.27311616098,99548.375,2280.203125,5856.665266120428,3.2737612434885356e-06,4.5730499851155215e-05,1,BREAK_WEAK_MONSOON,-0.2794623621177839,-0.6911851725182768,1,BREAK_WEAK_MONSOON,0.006827843107722904,0.9931714950870201,6.618052568876072e-07
2017,2017-06-12T00:00:00+00:00,day1_24h,24,43.199877918009506,0.006474476854481133,7.262507386947333,0.817486008086329,8.929012971583687,417.8408091278284,100377.551876725,99266.625,2458.0,5845.868335341021,3.677610122219668e-06,5.424177791194855e-05,1,BREAK_WEAK_MONSOON,0.2928899974003569,-0.7782569202846035,1,BREAK_WEAK_MONSOON,0.01839203076106104,0.9797226199823631,0.0018853492565759995
2017,2017-06-12T00:00:00+00:00,day2_24h,48,43.68082377166045,0.0064225626715485075,6.27357968374117,1.6890038035311612,8.167449803156986,380.53343488663916,100460.053152909,99520.9921875,2494.234375,5855.6526261386,3.929244166358188e-06,4.724478735417335e-05,1,BREAK_WEAK_MONSOON,-0.07410154617168485,-0.9378093332618676,1,BREAK_WEAK_MONSOON,0.002711781829030494,0.9972849820784813,3.2360924881088138e-06
2017,2017-06-12T00:00:00+00:00,day3_24h,72,45.78675529286228,0.006654978206748121,6.586908354046565,1.5380419860493635,8.30085792950532,403.265412641103,100568.73573420715,99583.328125,2399.1953125,5861.4630451215235,1.895385365570742e-06,4.3777163878887685e-05,1,BREAK_WEAK_MONSOON,-0.17192581622396755,-0.603031810415237,1,BREAK_WEAK_MONSOON,0.018018926709343793,0.9819730188424622,8.054448193910099e-06
2017,2017-06-13T00:00:00+00:00,day1_24h,24,42.86886108570635,0.006195812703772012,6.0346031772721584,1.7579128750943518,7.894094731748783,361.92557369494665,100491.08072906597,99505.453125,2517.2734375,5855.939740384248,3.0654212653206683e-06,4.465738332252554e-05,1,BREAK_WEAK_MONSOON,-0.21439281504307656,-1.1709722924866846,1,BREAK_WEAK_MONSOON,0.00029287635553013514,0.9997070078733584,1.1577111142617457e-07
2017,2017-06-13T00:00:00+00:00,day2_24h,48,45.34249762311119,0.0065727949241643924,6.166592057180631,1.7361909078417967,8.086284536043808,392.56979548473936,100609.37063615723,99694.4609375,2382.8046875,5863.350520897404,1.2226187699386935e-06,4.5347829665389767e-05,1,BREAK_WEAK_MONSOON,-0.23051352019014215,-0.7233544718473032,1,BREAK_WEAK_MONSOON,0.006617658948953275,0.9933796625341603,2.6785168865042357e-06
2017,2017-06-13T00:00:00+00:00,day3_24h,72,45.69263769438682,0.0065358840518561345,6.3109824573802245,1.1713883142142063,8.218059605563305,391.46000646248984,100486.12544982921,99047.1484375,2936.3984375,5855.20322911334,2.2906331268026288e-06,5.2701874676470436e-05,2,LOW_DEPRESSION_INFLUENCED,1.0449913739394072,-0.6947641285655034,2,LOW_DEPRESSION_INFLUENCED,0.0014861893611374194,0.014788396672313043,0.9837254139665496
2017,2017-06-14T00:00:00+00:00,day1_24h,24,44.74627659321071,0.006418541229335731,6.3878890039997565,1.9533613082355015,8.368228693104033,396.904098485098,100609.27744136227,99606.8203125,2428.3984375,5861.163012990465,2.775783858193768e-07,4.084483561744015e-05,1,BREAK_WEAK_MONSOON,-0.36350833998208665,-0.7888855098629498,1,BREAK_WEAK_MONSOON,0.0018101681686759769,0.998189471434219,3.603971048604832e-07
2017,2017-06-14T00:00:00+00:00,day2_24h,48,45.47303746293996,0.006477611343439792,6.4879643936984195,0.9303710231795771,8.262259712461827,391.1163500620191,100508.913423682,99126.46875,2892.6015625,5853.42551704855,1.8102132606443823e-06,5.340469106916593e-05,2,LOW_DEPRESSION_INFLUENCED,0.9627479135022122,-0.7313018352929634,2,LOW_DEPRESSION_INFLUENCED,0.0035624240645133467,0.04153431043679433,0.9549032654986922
2017,2017-06-14T00:00:00+00:00,day3_24h,72,45.68926953136919,0.0066277261052420915,6.751357258029872,0.7776767852922379,8.179009976511916,384.5148840361815,100542.9923748048,99540.15625,2365.765625,5859.507807003791,1.561757610883566e-06,4.758089877184778e-05,1,BREAK_WEAK_MONSOON,-0.03155808890295703,-0.6791899309137673,1,BREAK_WEAK_MONSOON,0.020928248484427783,0.9790336138125614,3.813770301085448e-05
2017,2017-06-15T00:00:00+00:00,day1_24h,24,45.14910167337886,0.006477552178869464,6.702073311154668,1.0581193820385009,8.52103607148734,407.3013295826429,100507.74474830399,99133.234375,2762.8046875,5854.546067907755,1.6238235262938796e-06,4.99977255851857e-05,2,LOW_DEPRESSION_INFLUENCED,0.6656256211517697,-0.6895854962063599,1,BREAK_WEAK_MONSOON,0.027003491530470502,0.6534207730942347,0.31957573537529477
2017,2017-06-15T00:00:00+00:00,day2_24h,48,45.30249497398858,0.006586256755176774,7.550634128478271,0.9181595552375796,8.733000963296782,407.71286141331086,100514.50195302171,99389.5390625,2415.796875,5856.351936615606,2.0226406966522807e-06,4.658672184742597e-05,1,BREAK_WEAK_MONSOON,0.038960589535764645,-0.6063439806116413,1,BREAK_WEAK_MONSOON,0.03380557327533946,0.966037880232954,0.00015654649170648497
2017,2017-06-15T00:00:00+00:00,day3_24h,72,45.63184044233105,0.006740480167873332,7.611729649932887,0.7042468318173083,8.580850977702635,403.1471509245193,100406.80370936143,99353.0234375,2233.9140625,5853.212692510986,2.2422304179056455e-06,4.5696215991703965e-05,1,BREAK_WEAK_MONSOON,-0.12585211204845256,-0.5472760362856968,1,BREAK_WEAK_MONSOON,0.0322328047518423,0.9677496697137977,1.752553435993355e-05
2017,2017-06-16T00:00:00+00:00,day1_24h,24,44.33821750792412,0.006215567653023597,7.63710081866069,0.9194303828206387,8.84144328604652,405.51108028137776,100497.92992194623,99335.65625,2318.40625,5853.059624946208,1.737448957409789e-06,4.82642107815909e-05,1,BREAK_WEAK_MONSOON,-0.03534996203141272,-0.8244596576952631,1,BREAK_WEAK_MONSOON,0.005063978642852655,0.9949273594171811,8.661939966164283e-06
2017,2017-06-16T00:00:00+00:00,day2_24h,48,44.735966083675955,0.00644322477233528,7.318310293107409,0.4270248951091646,8.463412007038274,389.476917574926,100432.42284844897,99384.7890625,2381.1171875,5851.652607953142,2.5361365376916566e-06,4.5104939797139314e-05,1,BREAK_WEAK_MONSOON,-0.09948816373295769,-0.7846819110018045,1,BREAK_WEAK_MONSOON,0.009180742565792101,0.9908144022607237,4.855173484331124e-06
2017,2017-06-16T00:00:00+00:00,day3_24h,72,46.03271961226511,0.006855857136503452,7.824365070095234,0.6923820539447674,9.000986138925887,425.9177867010422,100357.02496370238,99299.9296875,2312.8046875,5847.42798095167,2.4398252929165407e-06,4.582991664730171e-05,1,BREAK_WEAK_MONSOON,0.023599075967534383,-0.36462072135023627,1,BREAK_WEAK_MONSOON,0.14247984757096982,0.8570899473246817,0.00043020510434838217
2017,2017-06-17T00:00:00+00:00,day1_24h,24,44.2935200546558,0.006356661597017491,7.005874958407161,0.35208800720330563,8.036858993862749,363.8868643283172,100452.39818553725,99434.4765625,2179.6796875,5852.465456317335,1.9600257315962745e-06,4.4673723470764224e-05,1,BREAK_WEAK_MONSOON,-0.3828432708299408,-0.9665253804176996,1,BREAK_WEAK_MONSOON,0.0012031387218799248,0.9987968392958614,2.198225885224299e-08
2017,2017-06-17T00:00:00+00:00,day2_24h,48,45.438534465805354,0.006700771679010556,7.2970768645293465,1.0390697235818345,8.597558083387772,401.17471002358366,100392.81196210823,99198.671875,2527.1953125,5848.247451487827,2.891202243821407e-06,4.62343998372586e-05,1,BREAK_WEAK_MONSOON,0.26447571578164364,-0.5813825314822223,1,BREAK_WEAK_MONSOON,0.05106588307217159,0.9465132409249125,0.002420876002915737
2017,2017-06-17T00:00:00+00:00,day3_24h,72,46.333984860935324,0.006889639026486178,8.185311012763291,1.480836036770244,9.340943724424125,446.71954820608465,100370.27087996097,99244.1796875,2257.7578125,5845.364994537204,2.6314391505547476e-06,4.8653444508400015e-05,1,BREAK_WEAK_MONSOON,0.14394062714530698,-0.23697466084512767,1,BREAK_WEAK_MONSOON,0.27665342408610083,0.7200784907533149,0.0032680851605842148
2017,2017-06-18T00:00:00+00:00,day1_24h,24,44.53561705805333,0.006501612446804407,7.395183786174337,0.8819971495726948,8.648775901042132,397.3587766749474,100372.78015778569,99311.015625,2305.0,5845.202771645003,2.723778426940968e-06,4.463610172995271e-05,1,BREAK_WEAK_MONSOON,-0.16405178957483046,-0.7373773731740518,1,BREAK_WEAK_MONSOON,0.0074645053206875995,0.9925333953105834,2.0993687290287963e-06
2017,2017-06-18T00:00:00+00:00,day2_24h,48,45.52717496922365,0.006646590796081986,8.323256511192277,1.2105472156111374,9.574658488588035,448.5532078889522,100372.16504893321,99042.9375,2496.0,5843.444451304693,2.9919571006081054e-06,5.1624796184509956e-05,1,BREAK_WEAK_MONSOON,0.5571146412086344,-0.36678093963525904,1,BREAK_WEAK_MONSOON,0.19906016970175786,0.5267765215513595,0.27416330874688266
2017,2017-06-18T00:00:00+00:00,day3_24h,72,45.75573701565608,0.00675032162748029,8.400731003000669,1.1027121073832968,9.48919819198084,447.6468741534769,100338.6730350733,99288.1484375,2350.0,5843.152224504384,2.461802391419293e-06,4.350122373583264e-05,1,BREAK_WEAK_MONSOON,-0.05008833600693881,-0.3195016492161527,1,BREAK_WEAK_MONSOON,0.14804758334197798,0.8517025076826396,0.00024990897538238984
2017,2017-06-19T00:00:00+00:00,day1_24h,24,45.29703427860472,0.0065403156889815295,8.447638775600806,1.3498897659345312,9.595320724434396,447.70670436935114,100366.75176018878,99015.15625,2383.6875,5844.512799413276,3.327194728264498e-06,4.676169991542274e-05,1,BREAK_WEAK_MONSOON,0.24740104778114097,-0.42724922045946273,1,BREAK_WEAK_MONSOON,0.08599516075082307,0.9118137093676237,0.0021911298815532124
2017,2017-06-19T00:00:00+00:00,day2_24h,48,45.728707581064434,0.006635042862818901,8.616121121799937,1.0400434219941932,9.609037779198832,452.8044015215898,100363.45485173681,99030.078125,2439.6015625,5844.035174715318,2.3942156125109504e-06,4.369245504471061e-05,1,BREAK_WEAK_MONSOON,0.20438314717081751,-0.34074139493373,1,BREAK_WEAK_MONSOON,0.13967878749907503,0.8566445900755315,0.00367662242539341
2017,2017-06-19T00:00:00+00:00,day3_24h,72,46.57082199418598,0.006861776821924693,8.369864177003983,1.2297800627578612,9.572751372814388,464.9989098235511,100410.36550384088,99452.75,2011.0,5847.569217043641,1.9747262372231683e-06,4.285742118275412e-05,1,BREAK_WEAK_MONSOON,-0.44429675989039763,-0.1582705834800453,1,BREAK_WEAK_MONSOON,0.16144701618123183,0.8385513090419595,1.6747768086359443e-06
2017,2017-06-20T00:00:00+00:00,day1_24h,24,44.85506506663279,0.006412333969481443,8.70242653776394,1.2418772146821273,9.717324915927108,452.00522147699627,100376.33730044276,99067.7734375,2371.6015625,5843.178868506464,2.904240367620259e-06,4.5077616554224175e-05,1,BREAK_WEAK_MONSOON,0.09756094143316096,-0.48969594074476497,1,BREAK_WEAK_MONSOON,0.046245332996365865,0.9534893488802119,0.0002653181234223084
2017,2017-06-20T00:00:00+00:00,day2_24h,48,45.68064689810289,0.006634476915262662,8.867495265885085,1.1139245156012785,9.91698684797701,471.30600919593854,100444.52622535203,99441.421875,2235.8046875,5847.246450129867,2.247459540882242e-06,4.1785146736443614e-05,1,BREAK_WEAK_MONSOON,-0.3338289614768227,-0.26491091536583994,1,BREAK_WEAK_MONSOON,0.14249836304826036,0.8574946880211894,6.948930550171459e-06
2017,2017-06-20T00:00:00+00:00,day3_24h,72,47.06624529400653,0.007072232112867463,8.367795896570733,0.8263000631198382,9.506142770036558,459.4699062489274,100443.09145141422,99329.078125,2472.3203125,5847.270510073498,2.1006006747983755e-06,4.286206724588613e-05,0,ACTIVE_MONSOON,0.12778031624840508,-0.054581764657900635,0,ACTIVE_MONSOON,0.6814114376211281,0.31095210537280576,0.0076364570060660645
2017,2017-06-21T00:00:00+00:00,day1_24h,24,44.93468501448172,0.0064816937978292785,8.909399502335873,1.1171840085675295,9.964991006977515,464.9805520534293,100441.01081823402,99444.3203125,1935.1953125,5844.640168679694,2.009921838753792e-06,4.0227449153026715e-05,1,BREAK_WEAK_MONSOON,-0.7565225889715156,-0.39553372641373935,1,BREAK_WEAK_MONSOON,0.018071334377526633,0.9819286610509489,4.571524534195518e-09
2017,2017-06-21T00:00:00+00:00,day2_24h,48,46.287986533791745,0.0068212045295607026,8.400940507620296,0.9464998126676741,9.699589278278955,460.69797828651923,100504.25879295566,99281.3984375,2490.2421875,5847.595526892846,2.097103171495693e-06,4.232662799957241e-05,1,BREAK_WEAK_MONSOON,0.08861052918700146,-0.19157242579236816,1,BREAK_WEAK_MONSOON,0.38567510588366094,0.6119960597353229,0.002328834381016069
2017,2017-06-21T00:00:00+00:00,day3_24h,72,47.394760352591895,0.007221867100925014,8.464423545243202,0.4303084891110642,9.962080948878745,486.56183413310293,100346.00764942353,99452.03125,2107.6015625,5839.571793250632,2.8101191035523654e-06,4.769654910173211e-05,0,ACTIVE_MONSOON,-0.08382002031502185,0.1497607006361904,0,ACTIVE_MONSOON,0.8837794763381388,0.11591421105529603,0.00030631260656504487
2017,2017-06-22T00:00:00+00:00,day1_24h,24,45.24239877994544,0.006603180828976212,8.523564195589687,0.9775553180599902,9.657250118463725,448.8329671038397,100473.78879072308,99338.8984375,2379.8046875,5845.04991043767,2.6823478117778507e-06,4.3238773017951064e-05,1,BREAK_WEAK_MONSOON,-0.10579635291763399,-0.396656798037779,1,BREAK_WEAK_MONSOON,0.10822697128999147,0.8917219679701519,5.1060739856600825e-05
2017,2017-06-22T00:00:00+00:00,day2_24h,48,46.871115717917036,0.00709906653740853,9.22263946349292,0.11735869467656475,10.330133912136544,498.2187699308307,100374.23441154325,99418.671875,2199.203125,5838.0355233140135,2.43685701933256e-06,4.4703111484842214e-05,0,ACTIVE_MONSOON,-0.13808349262718866,0.12990099909400277,0,ACTIVE_MONSOON,0.8777634505115619,0.1220155161166615,0.000221033371776558
2017,2017-06-22T00:00:00+00:00,day3_24h,72,47.746177766827564,0.007368488005018206,8.740879479985335,0.4783226060716939,10.380875956730684,507.5625200083498,100261.95501939408,99180.2890625,2453.796875,5838.129259608205,3.2694138756852903e-06,4.9123354175990074e-05,0,ACTIVE_MONSOON,0.5131190577115401,0.336518483041756,0,ACTIVE_MONSOON,0.5724665003272336,0.007349399150759211,0.4201841005220073
2017,2017-06-23T00:00:00+00:00,day1_24h,24,46.457813092678585,0.0069519891279114145,8.994468477363112,0.21879490551637348,10.076911865966622,483.21322912117404,100353.27979726576,99386.21875,2313.7578125,5836.457086917973,3.0527478076924307e-06,4.407528262702926e-05,0,ACTIVE_MONSOON,-0.06511281381466058,-0.027996919184659505,0,ACTIVE_MONSOON,0.7558700699746568,0.2437991667632686,0.0003307632620744462
2017,2017-06-23T00:00:00+00:00,day2_24h,48,47.6509783636636,0.007341409232254007,9.190880525814848,0.5420330070782573,10.73524834587907,525.5656048772503,100226.13284457308,99114.984375,2572.8046875,5833.476892818881,3.627573279319929e-06,5.281988006418576e-05,2,LOW_DEPRESSION_INFLUENCED,0.8129964326218948,0.40265098077727135,2,LOW_DEPRESSION_INFLUENCED,0.03705042406861888,0.00012696819996998605,0.962822607731411
2017,2017-06-23T00:00:00+00:00,day3_24h,72,48.977394560392085,0.00762571572900005,8.275909653769865,1.1848450870705187,10.235028717010312,514.8422628809114,100309.28604192147,99284.5234375,2550.5546875,5846.063147831528,3.741770030897884e-06,4.972044667369978e-05,2,LOW_DEPRESSION_INFLUENCED,0.6699907058687652,0.5386797608067805,2,LOW_DEPRESSION_INFLUENCED,0.1667520716462992,0.00038358596943273627,0.8328643423842681
2017,2017-06-24T00:00:00+00:00,day1_24h,24,46.94860361687036,0.007193412327366709,8.892554648275157,0.32960019609828145,10.677418187926094,516.3939866392298,100223.2162226058,99073.09375,2667.359375,5831.763948405197,4.058811539257474e-06,5.217196683448903e-05,2,LOW_DEPRESSION_INFLUENCED,0.8473122914710862,0.2579009358230219,2,LOW_DEPRESSION_INFLUENCED,0.03203301213211165,0.0002679729100416618,0.9676990149578467
2017,2017-06-24T00:00:00+00:00,day2_24h,48,48.7096030187446,0.007558777118062915,8.214805316212775,1.194495659735561,10.493482983391832,523.7542656235231,100328.06998120555,99363.203125,2550.875,5845.095735480057,3.340741960308789e-06,4.99523562880217e-05,2,LOW_DEPRESSION_INFLUENCED,0.6083920961736481,0.5423034037567289,2,LOW_DEPRESSION_INFLUENCED,0.23228673044543544,0.00059023082202626,0.7671230387325383
2017,2017-06-24T00:00:00+00:00,day3_24h,72,50.40795796110227,0.008088582782941446,8.508914863756305,1.0495596253736295,10.838771602855823,552.8363097850215,100359.67177294081,99418.234375,2351.6015625,5847.376172675192,3.770735661988619e-06,5.2803266317026675e-05,2,LOW_DEPRESSION_INFLUENCED,0.6352622193889007,1.001511608488487,2,LOW_DEPRESSION_INFLUENCED,0.31268744355300215,2.4796075302825977e-05,0.687287760371695
2017,2017-06-25T00:00:00+00:00,day1_24h,24,47.59169209511497,0.007223141203579086,8.062370216101906,1.1421825350251005,10.703475932011735,525.1048062233233,100288.6646164323,99352.1328125,2571.6796875,5842.474230654177,4.031398209703587e-06,5.148845929952692e-05,0,ACTIVE_MONSOON,0.6050785347136182,0.3459490547416503,2,LOW_DEPRESSION_INFLUENCED,0.29672941056379293,0.002972460048929755,0.7002981293872773
2017,2017-06-25T00:00:00+00:00,day2_24h,48,49.68226586831204,0.007818659889386254,8.627725735500043,1.322358433124628,11.308558512897696,570.5754675331141,100361.68686292143,99296.6875,2492.9609375,5845.490375815218,3.934510711161356e-06,5.893675333352041e-05,2,LOW_DEPRESSION_INFLUENCED,1.038645330016108,0.933058738837985,2,LOW_DEPRESSION_INFLUENCED,0.0032427893054657584,2.1100962263933217e-07,0.9967569996849117
2017,2017-06-25T00:00:00+00:00,day3_24h,72,51.220834697526804,0.008125804741441405,9.375035255478481,1.5271401935051523,12.08575109808687,626.7976330222265,100367.16586735759,99248.890625,2451.796875,5840.555710595012,2.9996488484285582e-06,5.693023335525954e-05,2,LOW_DEPRESSION_INFLUENCED,1.0745439771505576,1.4058961727224002,2,LOW_DEPRESSION_INFLUENCED,0.0016702262350195773,5.1385379085504805e-09,0.9983297686264425
2017,2017-06-26T00:00:00+00:00,day1_24h,24,49.57619977114521,0.007729468501379119,8.673303437678962,1.2524701883955252,10.87266635931793,544.5492173941212,100378.59728064113,99248.171875,2628.4765625,5845.149564251496,4.102991454466823e-06,5.276616300788225e-05,2,LOW_DEPRESSION_INFLUENCED,0.9427595672668323,0.7760233910710398,2,LOW_DEPRESSION_INFLUENCED,0.013558041932377913,2.7969989949433622e-06,0.9864391610686271
2017,2017-06-26T00:00:00+00:00,day2_24h,48,50.98617701484973,0.008051321164953506,9.392137365159256,1.1386557961107822,11.893625098855829,612.7792410309635,100393.84689282266,99362.625,2418.796875,5841.9557237695835,3.5658744232173606e-06,5.7588822288799306e-05,2,LOW_DEPRESSION_INFLUENCED,0.9784161400800695,1.3014350771764214,2,LOW_DEPRESSION_INFLUENCED,0.010067660177293337,4.276136599718455e-08,0.9899322970613406
2017,2017-06-26T00:00:00+00:00,day3_24h,72,50.96473012367132,0.007896832989610641,9.150180170912446,1.295799386111303,11.434703562622072,589.1134506804037,100366.25002601843,99315.2578125,2258.796875,5841.333408262194,2.2813064384943775e-06,5.211063640078178e-05,2,LOW_DEPRESSION_INFLUENCED,0.6264191896742748,1.1280283522876329,2,LOW_DEPRESSION_INFLUENCED,0.31231393012650505,1.8694301178192707e-05,0.6876673755723167
2017,2017-06-27T00:00:00+00:00,day1_24h,24,50.51841512574222,0.007926702315561071,9.358572049659394,1.2397314518231213,11.985067263028215,614.1356160590964,100368.6441393266,99361.78125,2454.203125,5838.230038523563,4.021519770827807e-06,5.9654227498589366e-05,2,LOW_DEPRESSION_INFLUENCED,1.0586835987662182,1.2277494675698268,2,LOW_DEPRESSION_INFLUENCED,0.004811316642562961,2.5576188517407426e-08,0.9951886577812484
2017,2017-06-27T00:00:00+00:00,day2_24h,48,50.83755332717061,0.007908623364981918,9.103608468432022,1.3480900600949464,11.269380550369188,576.9628165285278,100383.83519265622,99286.5,2293.203125,5841.575422426821,2.310113063562199e-06,5.303549927341467e-05,2,LOW_DEPRESSION_INFLUENCED,0.7051397033975504,1.0741605290956588,2,LOW_DEPRESSION_INFLUENCED,0.1512855746570877,1.0679519490891607e-05,0.8487037458234215
2017,2017-06-27T00:00:00+00:00,day3_24h,72,51.61732519774675,0.008103382413921993,9.404804372958708,1.4827210175173144,11.077551204050414,576.9326642423975,100242.59030440456,99267.375,2037.0,5831.630512692987,2.4246589130231865e-06,4.6804103232489175e-05,0,ACTIVE_MONSOON,0.27705141081594775,1.1919197090590055,0,ACTIVE_MONSOON,0.9783411145884277,9.441274628281048e-05,0.02156447266528938
2017,2017-06-28T00:00:00+00:00,day1_24h,24,49.90696390433998,0.007620345698544166,8.731219729005478,0.8265464241803032,10.833244228799622,547.9862955463697,100363.33958009152,99390.7734375,2621.3984375,5842.75702057428,2.4460332315297902e-06,5.166926581379728e-05,2,LOW_DEPRESSION_INFLUENCED,0.8299055063048616,0.7631681638333687,2,LOW_DEPRESSION_INFLUENCED,0.027064962232751684,6.191578780666098e-06,0.9729288461884676
2017,2017-06-28T00:00:00+00:00,day2_24h,48,50.671997930381316,0.00783853257348997,9.422171724107809,1.7877113992553042,10.945427546202644,563.7724854943151,100245.09123494069,99275.484375,2112.796875,5832.984555390481,2.6756721030174414e-06,4.8407774698126164e-05,0,ACTIVE_MONSOON,0.33295768167553197,0.9625086260044127,0,ACTIVE_MONSOON,0.945828974846227,0.0003773747932708122,0.05379365036050222
2017,2017-06-28T00:00:00+00:00,day3_24h,72,51.33847294936613,0.008005413087425296,10.010692181399738,2.0692607441330786,11.878920160604602,619.0686508809634,100244.15657893108,99048.0703125,2248.0,5829.857278315309,3.0382847537013486e-06,5.188414152686564e-05,2,LOW_DEPRESSION_INFLUENCED,0.8042556038033537,1.3248480613077125,2,LOW_DEPRESSION_INFLUENCED,0.06483305860815891,1.1251969687588264e-06,0.9351658161948723
2017,2017-06-29T00:00:00+00:00,day1_24h,24,49.575406948941136,0.007597620535829533,9.219429825731833,1.7347183592170046,10.880930246508905,552.6274935068043,100236.02805029867,99289.359375,1984.796875,5831.266478026649,3.1936794029071677e-06,5.073213612659544e-05,0,ACTIVE_MONSOON,0.20156973291957664,0.7429653330892407,0,ACTIVE_MONSOON,0.9898169456127408,0.0024304172251369657,0.007752637162122152
2017,2017-06-29T00:00:00+00:00,day2_24h,48,50.33613209609117,0.007826772616866554,10.192553841720466,1.8100486062388748,11.755909949535315,603.6635410289716,100287.52365372238,99190.9296875,2195.5234375,5831.031157815655,3.0953467846783977e-06,5.506994717892028e-05,2,LOW_DEPRESSION_INFLUENCED,0.7095439371931933,1.1208860487032903,2,LOW_DEPRESSION_INFLUENCED,0.17116795209892718,8.311790226938871e-06,0.8288237361108458
2017,2017-06-29T00:00:00+00:00,day3_24h,72,50.29728159788073,0.007806367785768217,9.734809611694256,1.6514642396914494,11.46994859966841,591.442751814775,100356.84457742846,99044.9921875,2276.3984375,5837.206953325579,2.941491325742506e-06,5.529921090688339e-05,2,LOW_DEPRESSION_INFLUENCED,0.8861012053936309,1.0463558072298844,2,LOW_DEPRESSION_INFLUENCED,0.027569477301556095,2.2511816214730826e-06,0.9724282715168223
2017,2017-06-30T00:00:00+00:00,day1_24h,24,49.429723055777316,0.0076426567824650965,10.319288494289513,1.7177032158009322,11.935367278036487,608.0982673559674,100289.58314507536,99087.4296875,2330.3984375,5831.679290556318,3.0346159018686515e-06,5.483922349380712e-05,2,LOW_DEPRESSION_INFLUENCED,0.8218630765241954,1.0051070186666071,2,LOW_DEPRESSION_INFLUENCED,0.03182722959847329,3.2574456208512328e-06,0.9681695129559059
2017,2017-06-30T00:00:00+00:00,day2_24h,48,49.09219062345286,0.007533645803929177,10.030592684853783,1.1331025034147353,11.543459385449378,586.335114050394,100351.63898066473,99001.328125,2257.59375,5835.424290424468,2.7134911374177006e-06,5.292943115783455e-05,2,LOW_DEPRESSION_INFLUENCED,0.69831804430488,0.8360364423071031,2,LOW_DEPRESSION_INFLUENCED,0.1887921652375798,9.672804653839976e-05,0.8111111067158817
2017,2017-06-30T00:00:00+00:00,day3_24h,72,48.456737951549776,0.0071567162201727225,9.593974738439497,1.7409368608842042,11.339816045439251,565.9869254408284,100442.3273907443,99044.109375,2458.1953125,5843.7490056059605,2.4392326785755365e-06,5.1568819363476304e-05,2,LOW_DEPRESSION_INFLUENCED,0.7607540291532359,0.5630429085862736,2,LOW_DEPRESSION_INFLUENCED,0.06423224499012971,0.00024030142689586577,0.9355274535829744
2017,2017-07-01T00:00:00+00:00,day1_24h,24,48.540519207666435,0.007312670027058771,10.130239537300605,1.1213699459821833,11.655093368585094,586.3083640584313,100303.98688091985,98936.5234375,2384.6015625,5833.275062126664,3.633949907467725e-06,5.2542453922575254e-05,2,LOW_DEPRESSION_INFLUENCED,0.8019613495668623,0.7167125173897049,2,LOW_DEPRESSION_INFLUENCED,0.09193688940877427,7.6173127397025e-05,0.9079869374638287
2017,2017-07-01T00:00:00+00:00,day2_24h,48,47.89561437390592,0.007058442461781949,9.673242796940114,1.5917396252971185,11.13879093762101,552.4113774677862,100422.60945667143,99056.8828125,2336.796875,5842.950529664876,2.505537111029998e-06,4.80346375708044e-05,0,ACTIVE_MONSOON,0.44323915677352443,0.4218832032976815,0,ACTIVE_MONSOON,0.7556862086992588,0.015551145673476333,0.22876264562726473
2017,2017-07-01T00:00:00+00:00,day3_24h,72,47.19743829890383,0.006937470870265966,9.873581835907915,1.5639018912577387,11.435043938473067,556.5521840643681,100452.66935525683,99049.578125,2148.6015625,5844.311183841401,1.129121699398095e-06,4.9829357716940664e-05,0,ACTIVE_MONSOON,0.2775224579954859,0.36238454681822313,0,ACTIVE_MONSOON,0.848663133403308,0.06127375276153481,0.09006311383515711
2017,2017-07-02T00:00:00+00:00,day1_24h,24,48.41624123242324,0.0072518715797517674,8.89950595610002,1.5350447350937866,10.41070244917578,521.7568365650384,100396.55611330894,99089.8515625,2369.3984375,5841.4387439035645,2.5015537019627037e-06,4.8921206711161454e-05,0,ACTIVE_MONSOON,0.5340683848252806,0.3817140931823002,0,ACTIVE_MONSOON,0.5701442347494444,0.010947338591173032,0.4189084266593826
2017,2017-07-02T00:00:00+00:00,day2_24h,48,47.81142150452066,0.007093031473529303,9.863171504470424,1.3225831081484452,11.195749889027887,552.2731826379006,100462.57375162868,98974.21875,2300.203125,5844.375172346145,6.314263985509381e-07,4.624036692912585e-05,0,ACTIVE_MONSOON,0.3789285562582535,0.4353831409218895,0,ACTIVE_MONSOON,0.6804567710551204,0.023850847395635234,0.2956923815492444
2017,2017-07-02T00:00:00+00:00,day3_24h,72,46.99614672636101,0.006879498566029243,9.695458142083632,1.1925976832739291,11.264971866293216,540.6548266731683,100440.07300275171,98907.765625,2532.40625,5842.436558922739,1.5943800747166535e-06,5.2552405695215494e-05,2,LOW_DEPRESSION_INFLUENCED,0.8370821766753959,0.26578520174813536,2,LOW_DEPRESSION_INFLUENCED,0.013718951438513339,0.00038821620312863136,0.9858928323583581
2017,2017-07-03T00:00:00+00:00,day1_24h,24,47.35200897530971,0.00692446726590858,9.668786132481832,1.1171015466481857,10.969145276930373,537.9491033202025,100445.81016573308,99004.765625,2320.3984375,5843.461775926436,1.455038352077274e-06,4.4123585100158046e-05,0,ACTIVE_MONSOON,0.2555641003391494,0.27001827224989744,0,ACTIVE_MONSOON,0.8620822549247588,0.09502938997133528,0.04288835510390597
2017,2017-07-03T00:00:00+00:00,day2_24h,48,46.961245088114595,0.00694025943524266,9.90194592256701,1.1967539375301268,11.40093351435476,546.981066487104,100466.45664799765,98892.6171875,2525.203125,5844.367487762077,2.0488102009463564e-06,4.7595601423837565e-05,2,LOW_DEPRESSION_INFLUENCED,0.6352817444895867,0.3181178028996614,2,LOW_DEPRESSION_INFLUENCED,0.15312149269002825,0.00501241064258478,0.841866096667387
2017,2017-07-03T00:00:00+00:00,day3_24h,72,47.29361592214355,0.00691998347495028,8.884346588318651,1.383228932531089,10.563112727714566,510.0523578202697,100542.811521484,99149.078125,2550.0,5849.366246054753,2.955603288159884e-06,4.8730620180314624e-05,0,ACTIVE_MONSOON,0.573550187507868,0.14999121431207924,0,ACTIVE_MONSOON,0.5006533966001624,0.030700645678808466,0.4686459577210291
2017,2017-07-04T00:00:00+00:00,day1_24h,24,46.558983217290574,0.006777466466841134,10.104012728914372,1.1553470522451232,11.56880877944292,552.1289618960076,100444.65059178042,98910.5859375,2412.6015625,5842.964812495051,2.3352659881013303e-06,4.8075398377556295e-05,0,ACTIVE_MONSOON,0.4993742431048668,0.25286978687255696,0,ACTIVE_MONSOON,0.5387676228230219,0.0364888216949368,0.42474355548204135
2017,2017-07-04T00:00:00+00:00,day2_24h,48,46.93972868650774,0.006799008960963921,9.23368913404017,0.9166490664470884,10.700191278297792,509.9572928750207,100523.92067442702,99080.09375,2614.796875,5846.793310532294,2.8880014352075294e-06,4.7181634651688964e-05,0,ACTIVE_MONSOON,0.5879137549697698,0.08969631726176316,0,ACTIVE_MONSOON,0.48194404551247916,0.0372934347206095,0.48076251976691126
2017,2017-07-04T00:00:00+00:00,day3_24h,72,48.125646309101306,0.0070328624226032,8.349388970127874,1.6322152789703346,9.89328186634956,484.71510785811194,100498.27507039168,99337.765625,2212.59375,5842.9819924098065,2.804238151281308e-06,4.8808978198336484e-05,0,ACTIVE_MONSOON,0.19662689773224723,0.12311120601641694,0,ACTIVE_MONSOON,0.8714542108176899,0.12481571849155618,0.003730070690753948
2017,2017-07-05T00:00:00+00:00,day1_24h,24,47.03215292197112,0.006847949071912209,9.303211386829672,0.8917237976135239,10.882185613841722,521.7696898561718,100489.87443646738,99039.890625,2539.796875,5844.4410009998555,3.7663337268253904e-06,4.91250525361039e-05,2,LOW_DEPRESSION_INFLUENCED,0.6258317952222737,0.16601189944840428,0,ACTIVE_MONSOON,0.5451183788898062,0.02212218379762636,0.4327594373125675
2017,2017-07-05T00:00:00+00:00,day2_24h,48,48.311202480981045,0.0070600476181548,8.65552604821479,1.6386573884512963,10.24248643510242,505.696241779491,100441.82459862555,99270.5390625,2376.0,5838.285632108678,3.039601965558823e-06,5.084344959417527e-05,0,ACTIVE_MONSOON,0.49723786700816414,0.24008111891226816,0,ACTIVE_MONSOON,0.8306351324227005,0.023978147392781177,0.1453867201845184
2017,2017-07-05T00:00:00+00:00,day3_24h,72,49.89493900346038,0.007624241868198861,8.292144487923249,1.2614488360911276,9.60999953181953,487.5051560991931,100545.82207317199,99471.203125,2198.3984375,5847.047700526477,1.4672918689159374e-06,4.4364877302381014e-05,0,ACTIVE_MONSOON,0.06630551680584945,0.4748531453162308,0,ACTIVE_MONSOON,0.9849438999352788,0.013215754421092775,0.0018403456436284465
2017,2017-07-06T00:00:00+00:00,day1_24h,24,47.3492033616579,0.006862805749350394,8.466429095548083,1.301342491947368,9.996237823927988,483.88509657613434,100440.09774488423,99394.7890625,2221.7578125,5838.301017535538,3.317638798288985e-06,5.19682511127473e-05,0,ACTIVE_MONSOON,0.23374653848776544,0.0023218120924791696,0,ACTIVE_MONSOON,0.8363798505988052,0.15905191791164752,0.004568231489547445
2017,2017-07-06T00:00:00+00:00,day2_24h,48,49.39102201357796,0.007493462894014602,8.62150208478321,0.9179652566283355,9.838286141489315,495.24344765155536,100550.13549093826,99574.984375,2148.203125,5845.724794743746,1.7237146099406496e-06,4.43164942274456e-05,0,ACTIVE_MONSOON,-0.09163824251606739,0.4271773999828056,0,ACTIVE_MONSOON,0.9831185385789881,0.01666132163260169,0.00022013978841015327
2017,2017-07-06T00:00:00+00:00,day3_24h,72,50.59691344930767,0.007898831624064356,7.7846204123357605,1.325307540771313,8.965486709953035,461.0420493463091,100500.56410012972,99504.5390625,2189.6015625,5848.668137671175,2.600961257058555e-06,4.169859690664e-05,0,ACTIVE_MONSOON,-0.012957092050850993,0.5017273026732756,0,ACTIVE_MONSOON,0.989026774670208,0.010597805536949343,0.00037541979284255365
2017,2017-07-07T00:00:00+00:00,day1_24h,24,48.52067651300612,0.007326109661103441,8.193437641166328,0.49175745945072274,9.618006057010184,470.9809510350411,100550.42434857752,99549.203125,2127.515625,5845.518682923574,2.2031188539535785e-06,4.3181746542508224e-05,0,ACTIVE_MONSOON,-0.21441547016581727,0.20662797408089384,0,ACTIVE_MONSOON,0.9101622862900944,0.08980945905164608,2.8254658259436377e-05
2017,2017-07-07T00:00:00+00:00,day2_24h,48,49.89691380745491,0.007759815510182291,8.20457978951448,1.414643594038246,9.534229365287542,487.9320797646515,100546.07173335913,99462.921875,2431.515625,5849.557490860804,2.5955108170264877e-06,4.413702094959032e-05,0,ACTIVE_MONSOON,0.291580963485016,0.5200632355090885,0,ACTIVE_MONSOON,0.968844280468058,0.004290969749714899,0.026864749782227137
2017,2017-07-07T00:00:00+00:00,day3_24h,72,50.64824022308599,0.007910793710334301,7.637063732634636,1.7807158315616085,8.774617509920635,451.92188126481955,100560.59377826331,99294.578125,2751.5234375,5855.33304332184,2.4589089498264183e-06,4.078885862739167e-05,2,LOW_DEPRESSION_INFLUENCED,0.6377314612278658,0.46636606221665544,2,LOW_DEPRESSION_INFLUENCED,0.2817079859263872,0.0011846988294862818,0.7171073152441265
2017,2017-07-08T00:00:00+00:00,day1_24h,24,49.781755264320054,0.00773448728477032,8.29177929529656,1.4965390107009544,9.745928150972196,495.26983654854956,100544.2571512952,99497.7421875,2234.5546875,5848.700013716021,2.3408570716350893e-06,4.373412683146403e-05,0,ACTIVE_MONSOON,0.05028258467716963,0.543449121059794,0,ACTIVE_MONSOON,0.9904379197008868,0.008034374081354002,0.001527706217759131
2017,2017-07-08T00:00:00+00:00,day2_24h,48,50.53368526261461,0.007892762961761961,8.111214019061514,1.2963087309696995,9.382347921746176,485.9332480759593,100566.74823315853,99351.8203125,2350.1953125,5855.661982226593,2.9894009127705044e-06,4.159609959046235e-05,0,ACTIVE_MONSOON,0.23070750376479954,0.6020883466696683,0,ACTIVE_MONSOON,0.9884062279496425,0.00398696710601082,0.0076068049443466694
2017,2017-07-08T00:00:00+00:00,day3_24h,72,50.72087047632709,0.007803674378738623,8.710945206180165,0.7085553532496841,10.296335975262634,531.8232218004582,100514.52729144899,99147.390625,2607.0,5853.47088337746,3.344048806568702e-06,4.918673636842632e-05,2,LOW_DEPRESSION_INFLUENCED,0.9343960144273069,0.7998437783878809,2,LOW_DEPRESSION_INFLUENCED,0.033260364170142775,6.205736952427418e-06,0.9667334300929047
2017,2017-07-09T00:00:00+00:00,day1_24h,24,50.35911975648237,0.007842525709915503,8.023861765045002,1.5340040071609875,9.401087335594038,484.29581999665425,100601.82848960687,99443.109375,2279.0,5854.384526599926,2.1018127519969698e-06,4.146945873337351e-05,0,ACTIVE_MONSOON,0.0841359697772148,0.5663846325790298,0,ACTIVE_MONSOON,0.989910942082133,0.00793661708894648,0.0021524408289203723
2017,2017-07-09T00:00:00+00:00,day2_24h,48,50.45142944064388,0.007701812049136561,8.786265130803418,0.7744477337141807,10.334084808981899,531.6649041670754,100591.0037640235,99202.4140625,2480.6015625,5855.46588107685,2.2440631179502136e-06,4.697533598564424e-05,2,LOW_DEPRESSION_INFLUENCED,0.6636125917951116,0.7415331301312365,2,LOW_DEPRESSION_INFLUENCED,0.36494813061566084,0.0002407024457023058,0.6348111669386369
2017,2017-07-09T00:00:00+00:00,day3_24h,72,49.72026327363263,0.0074380416905614494,8.133569611223194,0.7049955993429146,10.083444485001332,507.74323906468476,100552.70371375194,99257.265625,2554.6015625,5853.832107845618,3.26562425931465e-06,5.3163166552060384e-05,2,LOW_DEPRESSION_INFLUENCED,0.8925661775646814,0.491408991319842,2,LOW_DEPRESSION_INFLUENCED,0.07074341761526051,0.0001071224303441819,0.9291494599543952
2017,2017-07-10T00:00:00+00:00,day1_24h,24,50.14366931667539,0.007738648704481832,8.190672968370158,0.6434428307331351,9.76345073226825,498.46662288013096,100618.27156177188,99235.609375,2472.9609375,5856.212671875952,1.9380853051119346e-06,4.415094331489431e-05,0,ACTIVE_MONSOON,0.4951198849936759,0.5845709343032699,0,ACTIVE_MONSOON,0.7929235075203144,0.002324766104373584,0.20475172637531214
2017,2017-07-10T00:00:00+00:00,day2_24h,48,49.23931517683656,0.007387889057930464,7.895165153131649,0.5085005335560998,10.040620087513435,504.9958757036127,100552.46390134677,99264.3203125,2505.796875,5851.831298206506,2.615229020710345e-06,5.0673983029813225e-05,2,LOW_DEPRESSION_INFLUENCED,0.6990915997780035,0.4200336179799986,2,LOW_DEPRESSION_INFLUENCED,0.34143983640091674,0.0016398443958200765,0.6569203192032631
2017,2017-07-10T00:00:00+00:00,day3_24h,72,49.69058075295397,0.007356142222985249,7.912788933739666,1.8105058183414333,10.161735319217287,512.4835147174957,100531.17399429643,99385.9765625,2323.3984375,5847.667127117578,2.406372078650932e-06,5.189142639384991e-05,0,ACTIVE_MONSOON,0.5309138477739254,0.4769981220120455,0,ACTIVE_MONSOON,0.765020467955253,0.005134781494812283,0.22984475054993472
2017,2017-07-11T00:00:00+00:00,day1_24h,24,49.073329116279126,0.007361827326534704,8.168961142415798,0.52193695587955,10.234527577795511,512.1263679564805,100525.05323802796,99142.859375,2764.9609375,5850.439236721628,2.6348341121885472e-06,5.174414088683545e-05,2,LOW_DEPRESSION_INFLUENCED,1.059246924309357,0.43620403909130157,2,LOW_DEPRESSION_INFLUENCED,0.004216273486541524,8.0037723937646e-06,0.9957757227410647
2017,2017-07-11T00:00:00+00:00,day2_24h,48,49.81168687511114,0.0074534049817642474,8.422456734499368,1.5344079842037877,10.543740023236056,531.766825219335,100525.09573069894,99417.4296875,2308.640625,5846.1262065521105,2.3278005694181546e-06,5.290184540916022e-05,0,ACTIVE_MONSOON,0.5479026287579313,0.6166171362466537,0,ACTIVE_MONSOON,0.7020861311216136,0.0012990617822789144,0.2966148070961075
2017,2017-07-11T00:00:00+00:00,day3_24h,72,50.890152464283794,0.00782782719707757,8.61850524243704,1.4711354879069531,10.565703215604941,547.9419118871242,100495.25192895728,99498.0234375,2187.0390625,5843.974637105426,3.0054817546421504e-06,5.1440370668627196e-05,0,ACTIVE_MONSOON,0.4085246413215404,0.893358794258321,0,ACTIVE_MONSOON,0.9569221255628988,0.0002546821905775467,0.042823192246523624
2017,2017-07-12T00:00:00+00:00,day1_24h,24,49.73529038414637,0.007517499394376969,8.038504510221864,1.6485416293883859,10.375687665079715,520.4531476579807,100545.40135888569,99410.46875,2427.0390625,5847.3212766054385,1.888257148867309e-06,4.811191372530859e-05,0,ACTIVE_MONSOON,0.46781207653378365,0.589183269633829,0,ACTIVE_MONSOON,0.7700707201120849,0.002659913560719419,0.22726936632719566
2017,2017-07-12T00:00:00+00:00,day2_24h,48,50.670429766551145,0.007883739567528487,8.389164766479832,1.2756634690321276,10.206283915358215,523.0177515315921,100530.6160243469,99530.1171875,2281.125,5845.056834870184,2.427381418489279e-06,4.7255955114176565e-05,0,ACTIVE_MONSOON,0.29284333518653594,0.7962825051616045,0,ACTIVE_MONSOON,0.9813546085409832,0.0006030322803008981,0.01804235917871596
2017,2017-07-12T00:00:00+00:00,day3_24h,72,50.85004520036797,0.007972226337210033,8.573941659800843,1.210463045329625,10.465689048689207,541.2086141986314,100477.80691230265,99209.34375,2633.2734375,5844.844071700247,1.6832095058052237e-06,4.758827061095852e-05,2,LOW_DEPRESSION_INFLUENCED,0.8674610914870896,0.9194798478130662,2,LOW_DEPRESSION_INFLUENCED,0.016787415761428094,2.323852806046989e-06,0.9832102603857659
2017,2017-07-13T00:00:00+00:00,day1_24h,24,50.27628586656711,0.007797292916684113,8.688067585226547,1.5216349900509007,10.886385205809717,560.3306387579116,100474.84034043926,99465.1875,2250.5625,5841.094406134244,2.586653528054566e-06,5.0074657786793976e-05,0,ACTIVE_MONSOON,0.38490862457973063,0.8981611030423323,0,ACTIVE_MONSOON,0.9295776501125222,0.0003266124284814805,0.0700957374589962
2017,2017-07-13T00:00:00+00:00,day2_24h,48,50.23307172470597,0.007855831897388643,9.202131306562423,1.4868909589107242,11.037013507092324,567.1300684792938,100465.84985770953,99242.3515625,2493.6015625,5843.168102784422,2.517209895140483e-06,4.8954041641667585e-05,2,LOW_DEPRESSION_INFLUENCED,0.7136668927556219,0.9518226498979347,2,LOW_DEPRESSION_INFLUENCED,0.12027878140679271,1.7662889991597405e-05,0.8797035557032156
2017,2017-07-13T00:00:00+00:00,day3_24h,72,50.67831848475196,0.00799615996602255,9.553199689567998,0.8439045445170608,11.436268433907388,590.4457784771148,100399.66910560393,99188.71875,2465.796875,5839.41519989206,1.8272525247734836e-06,5.361102349961397e-05,2,LOW_DEPRESSION_INFLUENCED,0.9458979085053034,1.1466356323103208,2,LOW_DEPRESSION_INFLUENCED,0.006171505892198116,1.2658036025904726e-07,0.9938283675274416
2017,2017-07-14T00:00:00+00:00,day1_24h,24,50.50616568372527,0.007856611776324298,8.62872486812341,1.7069182328901396,10.944544801211716,563.8319143880202,100499.44833000662,99334.109375,2523.6796875,5843.126391804857,1.8520450211611033e-06,4.7196157833010354e-05,2,LOW_DEPRESSION_INFLUENCED,0.6373998277731834,0.9558763547703116,2,LOW_DEPRESSION_INFLUENCED,0.20839074078525827,4.19117826945555e-05,0.7915673474320472
2017,2017-07-14T00:00:00+00:00,day2_24h,48,50.88504221335157,0.007960209987912154,9.51323636226788,0.6926147602821523,11.359506649302668,587.4140423326645,100427.25644272636,99310.484375,2505.59375,5839.4540940005845,1.8106089410664072e-06,4.8720249771961266e-05,2,LOW_DEPRESSION_INFLUENCED,0.7277567146045999,1.1332128758039195,2,LOW_DEPRESSION_INFLUENCED,0.09754517590953433,2.5711434566686706e-06,0.9024522529470089
2017,2017-07-14T00:00:00+00:00,day3_24h,72,51.07995742803804,0.008061965667904712,9.140407029659352,0.3378790808764478,10.893054925920167,562.7008516065248,100333.1080716642,99235.8046875,2439.8046875,5837.876541619969,1.9791418269674333e-06,5.4623081231040796e-05,2,LOW_DEPRESSION_INFLUENCED,0.9655106215603235,1.0758158474842971,2,LOW_DEPRESSION_INFLUENCED,0.007884407086317791,1.701861863085028e-07,0.9921154227274959
2017,2017-07-15T00:00:00+00:00,day1_24h,24,50.317651904945166,0.008012042463466177,8.889092246630572,0.5279614876082619,11.150166903275943,571.7742214643265,100444.11008321651,99311.765625,2563.3984375,5839.227537370382,1.9034657719453863e-06,4.925947632361151e-05,2,LOW_DEPRESSION_INFLUENCED,0.7584643477365574,1.0452028994632117,2,LOW_DEPRESSION_INFLUENCED,0.05987803641286802,2.8154561775892873e-06,0.9401191481309543
2017,2017-07-15T00:00:00+00:00,day2_24h,48,50.578777520995175,0.008151404113936746,8.750978031178652,0.400456627447609,10.880037349725352,559.2408658323232,100395.67443173866,99396.6875,2424.3984375,5837.981575702164,1.949718485614832e-06,5.3267638372897936e-05,2,LOW_DEPRESSION_INFLUENCED,0.7533374850351304,1.0600791808720902,2,LOW_DEPRESSION_INFLUENCED,0.06891184859366084,2.226580600560245e-06,0.9310859248257385
2017,2017-07-15T00:00:00+00:00,day3_24h,72,50.726114671265144,0.00826768313808766,9.252913590479837,0.409961312933447,11.622040810881241,600.2516438126,100364.24529875886,99458.2109375,2435.0390625,5837.636094593395,3.3140783797955102e-06,5.848996578107714e-05,2,LOW_DEPRESSION_INFLUENCED,0.9497493660673426,1.3032042423438654,2,LOW_DEPRESSION_INFLUENCED,0.010254048702013385,2.52031911303923e-08,0.9897459260947954
2017,2017-07-16T00:00:00+00:00,day1_24h,24,50.93781508459037,0.008161524325785789,8.816982919112043,0.7020118805801627,11.315203130854135,584.442785313575,100344.81940147572,99266.875,2649.3984375,5834.447967157471,2.350504063067639e-06,5.449827148112482e-05,2,LOW_DEPRESSION_INFLUENCED,1.135318997907817,1.2049740949230683,2,LOW_DEPRESSION_INFLUENCED,0.0007247992305592957,4.573796504529883e-09,0.9992751961956441
2017,2017-07-16T00:00:00+00:00,day2_24h,48,51.04754633158066,0.008275234378557391,9.731432792287068,0.7157061260426761,12.055279028005248,630.1134766643291,100334.7832926608,99377.3125,2457.9140625,5835.895614781181,2.835503861957187e-06,5.9918264412744214e-05,2,LOW_DEPRESSION_INFLUENCED,1.1074084764660201,1.4541478258605742,2,LOW_DEPRESSION_INFLUENCED,0.0009312046308179453,7.843160443599665e-10,0.9990687945848661
2017,2017-07-16T00:00:00+00:00,day3_24h,72,51.91578491059246,0.008356477021294587,9.851027442808952,1.5316620361209705,12.365528235077978,669.0066506487588,100378.26699784372,99401.328125,2422.3984375,5840.065405099648,1.982766461719726e-06,5.983009162716881e-05,2,LOW_DEPRESSION_INFLUENCED,1.1261990679224843,1.684530403425227,2,LOW_DEPRESSION_INFLUENCED,0.0003490803678713771,1.0490832208940139e-10,0.9996509195272204
2017,2017-07-17T00:00:00+00:00,day1_24h,24,50.454161356736876,0.008123906596736702,9.209973793683755,1.2977174952553971,12.30292731838297,635.9021516833645,100317.11701805356,99157.6328125,2836.4765625,5835.333231134881,2.503834979420385e-06,5.76548703240533e-05,2,LOW_DEPRESSION_INFLUENCED,1.4752590730642225,1.3889653132173834,2,LOW_DEPRESSION_INFLUENCED,3.810347730931223e-06,5.420090589399233e-12,0.999996189646849
2017,2017-07-17T00:00:00+00:00,day2_24h,48,51.91592614540254,0.008365438230473697,9.340972874255073,1.901350481812224,12.127345455142875,654.0701751819588,100400.68931836495,99448.5078125,2402.0859375,5842.157538782007,2.277383723482303e-06,5.8049173729241184e-05,2,LOW_DEPRESSION_INFLUENCED,1.0045227752305055,1.624763965712747,2,LOW_DEPRESSION_INFLUENCED,0.0017235373031254506,1.218884638461097e-09,0.99827646147799
2017,2017-07-17T00:00:00+00:00,day3_24h,72,52.85263941915019,0.008536774133298437,9.345155641130294,1.9777336052967365,11.578383653765817,632.8438260670713,100328.14557036801,99257.9140625,2300.3984375,5838.552912696475,1.476663730248329e-06,4.973692502506387e-05,2,LOW_DEPRESSION_INFLUENCED,0.763808778116512,1.654068767163295,2,LOW_DEPRESSION_INFLUENCED,0.029413723760928004,5.747422841921326e-08,0.9705862187648435
2017,2017-07-18T00:00:00+00:00,day1_24h,24,51.409111747401326,0.008210101693288794,9.209378819948633,2.36556426103075,12.623930832006145,675.5650139542181,100364.29718542786,99427.390625,2522.5625,5838.369159081731,2.6719642951001512e-06,5.6827516812726834e-05,2,LOW_DEPRESSION_INFLUENCED,1.0443568401487235,1.6315945624905739,2,LOW_DEPRESSION_INFLUENCED,0.0008247094350784296,7.015795454443856e-10,0.9991752898633421
2017,2017-07-18T00:00:00+00:00,day2_24h,48,52.365252980887,0.008456128901810911,9.270175788941705,2.1538723582175074,11.592679272141012,631.2248234283737,100310.10812947988,99366.8125,2252.4765625,5836.295820469279,1.534775793534772e-06,5.0517901566262785e-05,2,LOW_DEPRESSION_INFLUENCED,0.6399599919319006,1.579794315659155,2,LOW_DEPRESSION_INFLUENCED,0.09753568315395861,3.64635484577471e-07,0.9024639522105569
2017,2017-07-18T00:00:00+00:00,day3_24h,72,53.27412978976404,0.008759787005217866,9.290943338325944,1.8485118709085586,11.144482860088052,610.8510321939524,100369.77767603398,99161.9609375,2488.0,5840.915223575793,6.591638951056612e-07,5.3866718719902314e-05,2,LOW_DEPRESSION_INFLUENCED,1.2108241664113795,1.673635757204608,2,LOW_DEPRESSION_INFLUENCED,7.678833959346485e-05,4.312759403737781e-11,0.9999232116172789
2017,2017-07-19T00:00:00+00:00,day1_24h,24,52.01224464067429,0.00830980849096183,9.744181367172079,2.3528170456500623,12.268896083880234,661.4753309744109,100286.58654683207,99370.1171875,2215.0390625,5832.019549542956,1.2869294011295301e-06,5.5529228971292376e-05,2,LOW_DEPRESSION_INFLUENCED,0.7751822800614088,1.6451253218158717,2,LOW_DEPRESSION_INFLUENCED,0.01573395487784745,2.925791505794719e-08,0.9842660158642376
2017,2017-07-19T00:00:00+00:00,day2_24h,48,52.723244852657814,0.008607264382217063,9.81526184550838,1.7228628269760764,11.75089111243493,639.700357527962,100350.28354485256,99138.125,2407.0,5837.736165610089,4.504565818052284e-07,5.5897073537285734e-05,2,LOW_DEPRESSION_INFLUENCED,1.1826315764268935,1.7081540837574236,2,LOW_DEPRESSION_INFLUENCED,8.904191630498293e-05,4.60066857702901e-11,0.9999109580376884
2017,2017-07-19T00:00:00+00:00,day3_24h,72,52.094199811434535,0.008516007756252641,8.783275105869865,1.4237943898979992,10.773083238197723,573.842168916665,100441.58021909402,99087.4765625,2593.0,5848.2167877118245,1.1186530957273281e-06,6.112266709640942e-05,2,LOW_DEPRESSION_INFLUENCED,1.5568940563528633,1.3496129749791947,2,LOW_DEPRESSION_INFLUENCED,1.6500508116691747e-06,3.3702231384380567e-12,0.999998349945818
2017,2017-07-20T00:00:00+00:00,day1_24h,24,53.05005169163913,0.008525366326544754,10.034386870304557,1.7618673229655257,12.208587305100021,664.9775171753683,100340.61519309237,99215.2421875,2454.8046875,5836.498842736757,1.2662692495388728e-06,5.840740614466882e-05,2,LOW_DEPRESSION_INFLUENCED,1.3106872484977774,1.8169859369053358,2,LOW_DEPRESSION_INFLUENCED,3.781051627593827e-05,4.675718533858484e-12,0.9999621894790484
2017,2017-07-20T00:00:00+00:00,day2_24h,48,52.29178439257559,0.008563306998244168,9.031175184762388,1.258101660094453,11.29206337667178,608.3891245207959,100394.36334169091,99038.390625,2775.203125,5843.0407550597065,1.4700807187902492e-06,6.253194741100359e-05,2,LOW_DEPRESSION_INFLUENCED,1.840295757484363,1.5272069606552445,2,LOW_DEPRESSION_INFLUENCED,5.543879066536995e-08,1.489262238630113e-14,0.9999999445611945
2017,2017-07-20T00:00:00+00:00,day3_24h,72,51.616972028981166,0.008485359131251589,8.467776974305586,1.9008065102002913,10.946717052952254,586.5117069364636,100429.60149881888,99139.796875,2542.8046875,5848.376556718574,1.3794315159869532e-06,5.944757161377025e-05,2,LOW_DEPRESSION_INFLUENCED,1.3672004299782907,1.347929062768285,2,LOW_DEPRESSION_INFLUENCED,1.0716497278425154e-05,4.9239859281290314e-11,0.9999892834534817
2017,2017-07-21T00:00:00+00:00,day1_24h,24,51.9258425829305,0.00846362554095041,9.060391273998592,1.0079589494758185,11.278307339562522,595.0679324749298,100372.48731347492,99144.5859375,2572.0,5842.795710478417,1.2120679013390873e-06,5.8878977292117784e-05,2,LOW_DEPRESSION_INFLUENCED,1.3955397495885633,1.4257901670673265,2,LOW_DEPRESSION_INFLUENCED,1.16112585226083e-05,1.62656262264333e-11,0.9999883887252117
2017,2017-07-21T00:00:00+00:00,day2_24h,48,51.600705578947114,0.0084703514165199,8.810770857624359,1.9487036042832164,10.864699047571614,577.2258972002753,100429.87825720375,99100.3359375,2607.6015625,5846.125432433416,1.3496271091370319e-06,5.838180740708062e-05,2,LOW_DEPRESSION_INFLUENCED,1.41087958035706,1.309561558320119,2,LOW_DEPRESSION_INFLUENCED,6.540465474750887e-06,3.031274845962243e-11,0.9999934595042125
2017,2017-07-21T00:00:00+00:00,day3_24h,72,51.488273023501314,0.00834121876663405,9.096121873971919,1.0582897700584868,10.611715934948492,558.1055981356643,100471.12245745408,99204.6484375,2257.203125,5848.2602549479125,4.878951890623065e-07,4.992373623972168e-05,2,LOW_DEPRESSION_INFLUENCED,0.6485765704902081,1.1746121777333889,2,LOW_DEPRESSION_INFLUENCED,0.09384588550938495,5.320591344345482e-06,0.9061487938992707
2017,2017-07-22T00:00:00+00:00,day1_24h,24,50.34974707421494,0.008161570903110317,8.90893647547524,1.9652244853851228,11.238442581291055,587.3716741054488,100372.36263381041,99002.6484375,2744.8046875,5844.499222404858,2.4041714356822702e-06,5.602889381051177e-05,2,LOW_DEPRESSION_INFLUENCED,1.4070245665417938,1.1529831068828462,2,LOW_DEPRESSION_INFLUENCED,7.003658498445037e-06,1.1415941481139327e-10,0.9999929962273422
2017,2017-07-22T00:00:00+00:00,day2_24h,48,50.63420785892363,0.008015582085159253,9.949141650041566,1.3483302575836762,11.69870014374634,608.9628807194326,100415.76561059798,99126.2109375,2370.203125,5843.537374148255,7.60378790122542e-07,5.547843883690203e-05,2,LOW_DEPRESSION_INFLUENCED,0.9630222205407916,1.22502239481584,2,LOW_DEPRESSION_INFLUENCED,0.0015242603992240075,3.326002123459336e-08,0.9984757063407548
2017,2017-07-22T00:00:00+00:00,day3_24h,72,50.35804267697708,0.00782666961220029,9.049114000375349,0.34795305476983174,10.56128881364219,540.1634103378908,100376.60009125227,99169.1796875,2241.8046875,5839.51003164801,9.385580068789864e-07,5.1478103118403374e-05,2,LOW_DEPRESSION_INFLUENCED,0.6245924323336302,0.8306432784412131,2,LOW_DEPRESSION_INFLUENCED,0.2753645508759701,0.0001242768247579556,0.724511172299272
2017,2017-07-23T00:00:00+00:00,day1_24h,24,49.83386184359973,0.007897622361580202,9.849829486145294,1.8742483561589587,12.152767146775954,630.0257905212014,100383.61338448727,98920.3515625,2654.6015625,5841.404554080763,1.0346196995282902e-06,5.423047375088298e-05,2,LOW_DEPRESSION_INFLUENCED,1.2536804309288612,1.2158993186563523,2,LOW_DEPRESSION_INFLUENCED,2.0731614623269595e-05,5.061567596109111e-10,0.9999792678792199
2017,2017-07-23T00:00:00+00:00,day2_24h,48,49.7466574041271,0.00768062284659501,9.550538894867032,0.2471919847775598,11.150178366835048,564.644753832325,100377.20209906572,99046.921875,2385.8046875,5838.391698446592,1.149030420256363e-06,5.13530050110972e-05,2,LOW_DEPRESSION_INFLUENCED,0.7864172738486312,0.850707428489992,2,LOW_DEPRESSION_INFLUENCED,0.04224776085893985,1.2979935132841742e-05,0.9577392592059274
2017,2017-07-23T00:00:00+00:00,day3_24h,72,49.73520969698584,0.0078006259663523985,8.068937753749402,0.5062675580943305,9.596060243851943,478.81798954150634,100370.3202092679,99268.921875,2283.8046875,5839.7621972045345,1.794625676326973e-06,4.814817737866016e-05,0,ACTIVE_MONSOON,0.41667884188664467,0.5100815414233066,0,ACTIVE_MONSOON,0.8678758161739414,0.0043910508048815985,0.1277331330211772
2017,2017-07-24T00:00:00+00:00,day1_24h,24,48.90535357175661,0.007625947386010467,9.698953730067034,0.5558270128567189,11.699877566161991,587.8563860329803,100339.13707586739,98897.8671875,2560.3984375,5835.55475296016,8.360640022314373e-07,5.0686034565500536e-05,2,LOW_DEPRESSION_INFLUENCED,0.9538889068285217,0.879997265334205,2,LOW_DEPRESSION_INFLUENCED,0.0017779331821212495,5.572574643784172e-07,0.9982215095604144
2017,2017-07-24T00:00:00+00:00,day2_24h,48,48.74100850392605,0.007511260817000019,8.542633471967033,0.5650027682020526,10.361333411955341,512.1972103489621,100365.34115260953,99172.046875,2516.40625,5838.5275966378085,1.6338522576946632e-06,4.7621334715432004e-05,0,ACTIVE_MONSOON,0.6016236739835084,0.48367931122539387,2,LOW_DEPRESSION_INFLUENCED,0.24845745263705088,0.0012634608035277126,0.7502790865594213
2017,2017-07-24T00:00:00+00:00,day3_24h,72,49.81149940737344,0.007678804571487591,8.50243301052396,1.021727220152478,10.1917214896629,513.5012875137369,100499.08394030873,99508.703125,2283.1953125,5850.277378303765,1.4691674919900618e-06,4.445967283631085e-05,0,ACTIVE_MONSOON,0.12320787468135541,0.620649604767,0,ACTIVE_MONSOON,0.9875051922651089,0.00415516333189649,0.008339644402994548
2017,2017-07-25T00:00:00+00:00,day1_24h,24,48.18689372360813,0.0074601149070117325,8.54429772588054,0.5049897686627439,10.491884343767795,514.1569267070976,100347.59255116449,99043.8046875,2627.8046875,5836.931685626154,1.7410180177432936e-06,4.6047507440051324e-05,2,LOW_DEPRESSION_INFLUENCED,0.6810699441230373,0.43810666617127525,2,LOW_DEPRESSION_INFLUENCED,0.08919899345395155,0.0006821364538705032,0.9101188700921778
2017,2017-07-25T00:00:00+00:00,day2_24h,48,49.14683296836737,0.007515220501201335,8.40777658464482,1.365261075142552,10.350337014197738,520.0640407010488,100467.15080404513,99374.8828125,2460.0,5845.805309555134,1.9965337703055817e-06,4.904966395644736e-05,0,ACTIVE_MONSOON,0.5115009560000641,0.5352575382410905,0,ACTIVE_MONSOON,0.5266677963793713,0.0020039049090437295,0.471328298711585
2017,2017-07-25T00:00:00+00:00,day3_24h,72,50.60189106851332,0.007943593562735453,8.822110884530082,0.8812601431762657,10.242593931149175,524.6577525800462,100597.88338802024,99564.09375,2437.796875,5855.241949378483,1.969761183603867e-06,4.551774270023186e-05,0,ACTIVE_MONSOON,0.3494257739284678,0.8224650484212549,0,ACTIVE_MONSOON,0.9171064268829958,0.0003113233182559201,0.08258224979874829
2017,2017-07-26T00:00:00+00:00,day1_24h,24,48.808499099000514,0.007543314663230652,8.19517241886161,1.125635332740522,10.094993056698497,505.6466116143381,100457.28600894053,99223.359375,2661.40625,5843.438880753572,2.1360347394159676e-06,4.5340391048929406e-05,2,LOW_DEPRESSION_INFLUENCED,0.6252095445986193,0.4538949975528134,2,LOW_DEPRESSION_INFLUENCED,0.21173521937881867,0.0012390182289237087,0.7870257623922577
2017,2017-07-26T00:00:00+00:00,day2_24h,48,50.31237953325786,0.007942174871975901,9.159740029452385,0.9405485499478035,10.661584035176084,547.1080827976878,100618.13628928801,99559.6484375,2310.6015625,5854.196243991865,2.3441703632985254e-06,5.286494961989389e-05,0,ACTIVE_MONSOON,0.501354776477692,0.9006326222312622,0,ACTIVE_MONSOON,0.7036435288763088,9.084799073411093e-05,0.29626562313295723
2017,2017-07-26T00:00:00+00:00,day3_24h,72,51.002193469741115,0.008121530657680336,8.072264282864221,0.45500308462666134,9.611339803884963,492.2228467630449,100601.63394593417,99595.5078125,2602.71875,5856.469823571256,2.302308023494075e-06,4.480983692136594e-05,0,ACTIVE_MONSOON,0.49656851770708843,0.7743151321459995,0,ACTIVE_MONSOON,0.7309210198904021,0.00016668848898488973,0.268912291620613
2017,2017-07-27T00:00:00+00:00,day1_24h,24,49.45570501859535,0.007748248430487058,8.893191438020695,1.1616476544963277,10.57310891414003,534.7832908574212,100594.2455217031,99502.734375,2468.0,5851.437850333432,1.8652622241226535e-06,4.705542193990792e-05,0,ACTIVE_MONSOON,0.38440974687684126,0.7139804706092311,0,ACTIVE_MONSOON,0.8126603136308662,0.0007453193494566746,0.18659436701967727
2017,2017-07-27T00:00:00+00:00,day2_24h,48,50.245395388933844,0.007884189697842218,8.308250552577505,0.5291831378878218,9.822928679030195,494.39620401333246,100621.54407746252,99518.1875,2461.4453125,5855.162868955969,2.1081568671906387e-06,4.608406624727837e-05,0,ACTIVE_MONSOON,0.39461577628533373,0.6489130371762325,0,ACTIVE_MONSOON,0.9140563199709478,0.0008722166775267476,0.0850714633515254
2017,2017-07-27T00:00:00+00:00,day3_24h,72,50.98132223014347,0.008038576818105846,7.627292917613405,0.3549889142199212,8.693844858315101,443.1379140413836,100608.9120852886,99645.2890625,2288.1640625,5857.487149994849,1.9662785520669997e-06,4.087170980514842e-05,0,ACTIVE_MONSOON,-0.005363754363626072,0.5147981325601759,0,ACTIVE_MONSOON,0.9947823297814584,0.004765558548489174,0.00045211167005228487
2017,2017-07-28T00:00:00+00:00,day1_24h,24,49.42009322137834,0.007723852509419592,8.130721258770755,0.3553056308093969,9.819974264056246,491.7278906692583,100598.87742680155,99358.4609375,2615.1953125,5854.327601015705,2.757585897227433e-06,4.4594209242796436e-05,0,ACTIVE_MONSOON,0.5161667728203646,0.510500219069993,0,ACTIVE_MONSOON,0.7418115319981602,0.001758955471925766,0.2564295125299141
2017,2017-07-28T00:00:00+00:00,day2_24h,48,49.87282980204108,0.007777636084693114,7.701176942023593,0.6157118588264618,8.833706375620963,444.76430684755354,100613.97058161347,99634.4609375,2269.28125,5856.898086900922,2.153246617345537e-06,4.178119717433624e-05,0,ACTIVE_MONSOON,-0.07250696724658764,0.34057701284608216,0,ACTIVE_MONSOON,0.9782051966011716,0.021547162429079107,0.0002476409697493635
2017,2017-07-28T00:00:00+00:00,day3_24h,72,50.489155387083926,0.007755488912857183,7.746117254617705,0.3601552771445331,8.78313405762514,447.2293935795813,100588.41594997075,99606.234375,2114.203125,5857.982050405022,2.270390322346249e-06,4.004772215865164e-05,0,ACTIVE_MONSOON,-0.22647441331509038,0.38229386678502847,0,ACTIVE_MONSOON,0.9746939322678128,0.025287499338793956,1.856839339323653e-05
2017,2017-07-29T00:00:00+00:00,day1_24h,24,49.68260378154732,0.007738284671427922,7.29862426276827,0.0838022097954317,8.426223723989445,421.0472445322712,100606.53994265561,99632.109375,2271.203125,5856.63628247648,2.038587988529249e-06,4.095687259093825e-05,0,ACTIVE_MONSOON,-0.11845231234425638,0.20497339478197973,0,ACTIVE_MONSOON,0.9489650570577426,0.05093029676497055,0.00010464617728687426
2017,2017-07-29T00:00:00+00:00,day2_24h,48,50.48524289436209,0.00788597289186147,7.646770516813539,0.8550226171487878,8.61887270142155,439.6415133614824,100597.75148040331,99426.046875,2430.0859375,5858.757894610222,2.549965623307632e-06,4.146779492077829e-05,0,ACTIVE_MONSOON,0.2537479606656914,0.3959553973312186,0,ACTIVE_MONSOON,0.9798131234596232,0.009999575489689166,0.010187301050687495
2017,2017-07-29T00:00:00+00:00,day3_24h,72,50.55708954768393,0.0077521676605177515,8.053504670804235,0.1686241944145758,9.17485565811558,463.86522305703807,100619.9104800441,99477.453125,2283.359375,5865.000999914385,2.448276754935338e-06,4.062729526309559e-05,0,ACTIVE_MONSOON,0.04929744787472129,0.4730165797193451,0,ACTIVE_MONSOON,0.9907332385033788,0.008605309921264,0.0006614515753571906
2017,2017-07-30T00:00:00+00:00,day1_24h,24,49.841572215144346,0.007704198337443449,7.761273398449985,0.06450918061683115,8.742165779152712,441.07630774332137,100582.78813780585,99415.078125,2453.40625,5857.599869456768,2.1870792688612084e-06,3.8649366879898025e-05,0,ACTIVE_MONSOON,0.11551048088111673,0.2892063224224951,0,ACTIVE_MONSOON,0.9733459550504526,0.02458820341368385,0.0020658415358635438
2017,2017-07-30T00:00:00+00:00,day2_24h,48,50.028253688180854,0.00762304415290037,8.209013539841541,-0.013910163815861925,9.3900804907099,470.7976842585573,100623.07561073682,99504.0234375,2352.3984375,5865.378946699696,2.7203742894561565e-06,4.1174668470559575e-05,0,ACTIVE_MONSOON,0.07882697999024975,0.42047864749746056,0,ACTIVE_MONSOON,0.9897120736082692,0.009299017787565885,0.0009889086041648396
2017,2017-07-30T00:00:00+00:00,day3_24h,72,49.84322613711671,0.0074621302233919325,8.41778692772581,0.3597564459389817,9.801952477209925,489.9020947366711,100591.76706415166,99475.28125,2387.796875,5864.823028742868,1.966600721852847e-06,4.0957155335962796e-05,0,ACTIVE_MONSOON,0.10731595180289202,0.43590779895213405,0,ACTIVE_MONSOON,0.9844680831374351,0.012223821192100817,0.003308095670464111
2017,2017-07-31T00:00:00+00:00,day1_24h,24,49.479746654277754,0.0075308365441132475,7.962946004497168,-0.4586110414857112,9.122601245505166,452.46480199926435,100607.70191204082,99479.7265625,2472.9609375,5865.021114162876,1.8041994926176364e-06,3.616799392441297e-05,0,ACTIVE_MONSOON,-0.036421494540014726,0.26377891104982,0,ACTIVE_MONSOON,0.9609989251793839,0.0384730087634574,0.0005280660571586255
2017,2017-07-31T00:00:00+00:00,day2_24h,48,49.21671969079595,0.007248130278587737,8.726760677812903,0.07302977663776464,9.99658748578949,493.9779054847802,100593.9860814447,99364.5625,2363.515625,5866.486690367455,1.816727841806044e-06,4.089545639956965e-05,0,ACTIVE_MONSOON,0.09780994231076896,0.332710116242534,0,ACTIVE_MONSOON,0.9657745578555319,0.03123343210385325,0.0029920100406147887
2017,2017-07-31T00:00:00+00:00,day3_24h,72,49.28550879707969,0.007463496297029844,9.493408544252512,0.3337117908853797,10.734426080827465,535.2246141240926,100493.31145342352,99130.03125,2478.2421875,5855.696871695224,2.212481293620548e-06,4.266203715620431e-05,0,ACTIVE_MONSOON,0.43424868275044426,0.608473079277567,0,ACTIVE_MONSOON,0.7969010445896201,0.0024476669194015248,0.20065128849097838
2017,2017-08-01T00:00:00+00:00,day1_24h,24,48.63825002711991,0.007156981098297087,8.354470816235988,-0.1483436231144868,9.57417588515318,465.2106503313815,100579.69115431645,99337.3125,2282.5546875,5865.782234340388,1.961168848796106e-06,3.943994586016699e-05,0,ACTIVE_MONSOON,-0.0720448878074362,0.13113745380487773,0,ACTIVE_MONSOON,0.8295570192438267,0.1701922910538021,0.0002506897023711884
2017,2017-08-01T00:00:00+00:00,day2_24h,48,48.90254689102336,0.007443215700627445,9.800856716434552,0.06410689770766094,11.018214709125274,545.2414997540226,100472.60455073394,99024.0078125,2533.6015625,5853.840594341849,2.6193155979511335e-06,4.3031567808939964e-05,0,ACTIVE_MONSOON,0.5378962913242963,0.6266071436330239,0,ACTIVE_MONSOON,0.5606604630455155,0.0011937292556580285,0.43814580769882644
2017,2017-08-01T00:00:00+00:00,day3_24h,72,49.65547271679512,0.007581697916730112,10.68609505140108,-0.30618515855917583,11.859026362013228,592.8071149704066,100335.93265513376,98857.359375,2573.6015625,5841.172921226492,3.5684372932847014e-06,4.79315836649107e-05,2,LOW_DEPRESSION_INFLUENCED,0.9427119198514553,0.9559800750768825,2,LOW_DEPRESSION_INFLUENCED,0.024580254288587334,1.6101101464561944e-06,0.9754181356012662
2017,2017-08-02T00:00:00+00:00,day1_24h,24,48.642428767897115,0.007491553595163648,9.732948224596267,-0.30467738567279096,11.041980699751466,543.500287810953,100480.47015928934,99089.8203125,2479.203125,5853.064910582809,2.1278421752339157e-06,4.19675450026354e-05,0,ACTIVE_MONSOON,0.3785398483783803,0.6231479868579757,0,ACTIVE_MONSOON,0.8597562071464651,0.002408980619598438,0.1378348122339365
2017,2017-08-02T00:00:00+00:00,day2_24h,48,49.467202905902795,0.007740690473708092,11.058475766337084,-0.8285143543684742,12.160082435572741,610.293127013019,100332.15816531953,98936.171875,2440.15625,5840.713900689454,3.6409547749749286e-06,4.477960351464479e-05,2,LOW_DEPRESSION_INFLUENCED,0.6187378832249815,1.0800761922494833,0,ACTIVE_MONSOON,0.5163176603635202,2.3391314209994385e-05,0.4836589483222698
2017,2017-08-02T00:00:00+00:00,day3_24h,72,49.66305431101813,0.007668374806222802,9.521571310805292,-0.10640206467671669,10.963646832538068,544.5108411344903,100240.73730568992,99073.40625,2488.484375,5835.552671124957,4.275912233759134e-06,5.0506165460368545e-05,2,LOW_DEPRESSION_INFLUENCED,0.8295224232942404,0.7704256559437908,2,LOW_DEPRESSION_INFLUENCED,0.1348057287017984,2.5572987239258125e-05,0.8651686983109622
2017,2017-08-03T00:00:00+00:00,day1_24h,24,48.6908861685166,0.0075881514600843625,10.497924324368427,-1.1606970930612892,11.6902678299756,576.1047844331135,100327.5315658502,98968.1328125,2394.3984375,5840.602444432273,3.7986217309622876e-06,4.4174279047318145e-05,0,ACTIVE_MONSOON,0.4646408109132054,0.8196852161455421,0,ACTIVE_MONSOON,0.9004339920302138,0.0003143347332319764,0.09925167323655405
2017,2017-08-03T00:00:00+00:00,day2_24h,48,49.31474983059618,0.007704198423278174,9.590556520311392,-0.08647106437823787,10.79511453920463,535.7941276518595,100238.42738130092,99141.15625,2386.3984375,5834.477801985049,4.327192764071657e-06,4.605399925607548e-05,0,ACTIVE_MONSOON,0.47716743126417355,0.7149424842331937,0,ACTIVE_MONSOON,0.9031709837762029,0.0005242616620530424,0.0963047545617441
2017,2017-08-03T00:00:00+00:00,day3_24h,72,50.66713580808936,0.007825136742036009,8.587125294183572,0.5297115764103728,10.282219102081745,527.6408838140304,100365.34902185689,99453.8671875,2345.28125,5845.533296513682,3.8909733016981145e-06,4.464583037031155e-05,0,ACTIVE_MONSOON,0.297199557073772,0.792719197935398,0,ACTIVE_MONSOON,0.9884698906686826,0.0004610315636692844,0.011069077767648155
2017,2017-08-04T00:00:00+00:00,day1_24h,24,47.84394979027884,0.007333999722145422,8.724523927127294,-0.16563038713524114,10.06874131718951,480.8949568749267,100241.6856075995,99133.0625,2471.6015625,5833.991312754733,4.0112157369569305e-06,4.406785666313021e-05,0,ACTIVE_MONSOON,0.3629358251826715,0.23215610140015674,0,ACTIVE_MONSOON,0.9446972861770689,0.023057352538396997,0.032245361284534056
2017,2017-08-04T00:00:00+00:00,day2_24h,48,49.51343311725084,0.007549718248741338,8.094859069186047,0.46416832501678706,9.585346236633937,481.076736810161,100399.91604500306,99475.671875,2279.6796875,5846.575823810707,3.5442849098183883e-06,4.115057227252484e-05,0,ACTIVE_MONSOON,-0.018822102687946263,0.39615531169151663,0,ACTIVE_MONSOON,0.98358688633236,0.016156396940704535,0.00025671672693545225
2017,2017-08-04T00:00:00+00:00,day3_24h,72,51.161146953544915,0.00793989842563013,6.897385934401026,0.8552659761500455,8.848738747822447,453.5356403277564,100445.70278468411,99525.9765625,2167.6796875,5850.9571629882985,3.435434060612693e-06,4.202262112554948e-05,0,ACTIVE_MONSOON,0.012241121352760231,0.5334673059261155,0,ACTIVE_MONSOON,0.9918342142084748,0.007965604073165171,0.00020018171836005375
2017,2017-08-05T00:00:00+00:00,day1_24h,24,49.21591885260236,0.007563201189106525,7.54839726152283,0.34846965562370336,9.387352482036794,465.01206022135244,100358.19741008726,99499.3984375,2263.6796875,5843.129231209774,3.8292978057404155e-06,4.284849923162909e-05,0,ACTIVE_MONSOON,-0.005163923557283803,0.3159176397849611,0,ACTIVE_MONSOON,0.974255413900434,0.025496622208825787,0.0002479638907402315
2017,2017-08-05T00:00:00+00:00,day2_24h,48,51.14918299236259,0.008014673130691723,7.387821995673406,1.1884501213662837,9.502921751913053,488.61088462866854,100423.43736364128,99513.8515625,2160.1953125,5846.766385466798,4.243045476098744e-06,4.5443807008620904e-05,0,ACTIVE_MONSOON,0.15035140497380953,0.722621844905597,0,ACTIVE_MONSOON,0.9976518947548909,0.0014710797857889488,0.0008770254593201964
2017,2017-08-05T00:00:00+00:00,day3_24h,72,51.85268922237876,0.008032074902185616,6.862152824668542,1.400554928600491,9.173850077608375,475.6678753951117,100543.99757038981,99607.296875,2294.5625,5855.306316350743,3.968902850470252e-06,4.322165821322159e-05,0,ACTIVE_MONSOON,0.19254029777640788,0.7177950439599654,0,ACTIVE_MONSOON,0.9974228872692802,0.0013062993623241292,0.0012708133683955367
2017,2017-08-06T00:00:00+00:00,day1_24h,24,50.77149852210622,0.007874336448689961,6.872004942223704,0.9650318543707265,8.941131673898763,454.2320421235287,100429.2323188944,99519.7734375,2205.4375,5846.87257770818,4.11761751067757e-06,4.198616092711943e-05,0,ACTIVE_MONSOON,0.019322357487049857,0.48826906199410797,0,ACTIVE_MONSOON,0.9902951138308613,0.009556995810586354,0.00014789035855224879
2017,2017-08-06T00:00:00+00:00,day2_24h,48,51.8583612168642,0.00803841828393658,6.9704775963384815,0.967534636777693,8.960251843166482,463.32437560856687,100560.59743612006,99697.65625,2159.84375,5855.673246819467,4.0340975514620405e-06,4.420151520167878e-05,0,ACTIVE_MONSOON,0.044018265550037516,0.6663441267324425,0,ACTIVE_MONSOON,0.9982182961845205,0.0016519839877559266,0.00012971982772351997
2017,2017-08-06T00:00:00+00:00,day3_24h,72,52.10753947204399,0.007940031566360035,7.284982444438297,1.5239931078546802,9.178519814549562,483.2799891371702,100558.24059322133,99582.171875,2283.1953125,5854.648558014315,3.743957986440401e-06,4.64657734446104e-05,0,ACTIVE_MONSOON,0.3499522968089078,0.7202528568136894,0,ACTIVE_MONSOON,0.9923766135012637,0.0008009802788659472,0.00682240621987016
2017,2017-08-07T00:00:00+00:00,day1_24h,24,51.261635616321755,0.007848372137688563,6.599098766016585,1.0444152777320914,8.443921457181101,430.984272410733,100566.89443389584,99638.140625,2294.2421875,5854.734861884929,4.16869939232151e-06,4.0607380786388355e-05,0,ACTIVE_MONSOON,0.017664754461989896,0.40437844564313696,0,ACTIVE_MONSOON,0.9885938042573408,0.011323998513385157,8.219722927411091e-05
2017,2017-08-07T00:00:00+00:00,day2_24h,48,51.81446570241945,0.007855035768207008,6.967577460188671,1.492415227601431,8.614527083859226,450.75223404150245,100606.79899787426,99729.1171875,1949.125,5857.313253081202,3.1573349478669493e-06,4.324181472536667e-05,0,ACTIVE_MONSOON,-0.22538939954826553,0.5186871732053542,0,ACTIVE_MONSOON,0.9875532416754478,0.012441265161486567,5.4931630656643385e-06
2017,2017-08-07T00:00:00+00:00,day3_24h,72,52.3138561253398,0.008041599422320005,8.158429108288441,2.1526672964915696,9.641264936361198,519.034010753883,100482.14587490095,99451.7109375,2067.0,5844.709002667335,1.915550184645103e-06,4.488300178877541e-05,0,ACTIVE_MONSOON,0.17161519484327795,0.9156765273195202,0,ACTIVE_MONSOON,0.996093157063146,0.000760953502117274,0.003145889434736513
2017,2017-08-08T00:00:00+00:00,day1_24h,24,51.262729626698224,0.007740740873366352,7.218971794879825,1.5296895563204407,8.954047341761386,464.11191822237424,100564.94738994258,99547.34375,2287.359375,5853.51108244153,3.272651879272466e-06,4.385604198748726e-05,0,ACTIVE_MONSOON,0.19948617164986004,0.5000867344614565,0,ACTIVE_MONSOON,0.9921568964486027,0.006240153432084472,0.0016029501193129364
2017,2017-08-08T00:00:00+00:00,day2_24h,48,51.747911076872974,0.00796206578980081,8.123764214669233,2.0056211819053797,9.495575246709596,502.67185001949684,100500.13000115157,99523.0625,1837.0,5844.511413675796,1.7066850164424658e-06,4.129353086377789e-05,0,ACTIVE_MONSOON,-0.29183569324961467,0.7822227504296003,0,ACTIVE_MONSOON,0.9942403599180046,0.0057490058748321336,1.0634207163317512e-05
2017,2017-08-08T00:00:00+00:00,day3_24h,72,52.03494759754771,0.008056757729060155,8.630523646807935,1.7324316439311636,10.222678678187409,544.1843702241346,100543.22537824072,99306.9921875,2503.0,5845.403663933845,1.5877380520946913e-06,4.464715251592578e-05,2,LOW_DEPRESSION_INFLUENCED,0.6577081467696351,1.0276958847063937,2,LOW_DEPRESSION_INFLUENCED,0.31016446467778225,3.139130085906516e-05,0.6898041440213587
2017,2017-08-09T00:00:00+00:00,day1_24h,24,51.59121805619721,0.008034212597696449,7.796224542281062,1.8892524782819826,9.350441754376458,494.7513330567767,100482.80750689402,99448.796875,1895.6796875,5844.584459520957,2.492271082522897e-06,3.9557647851892535e-05,0,ACTIVE_MONSOON,-0.27137159466712846,0.7617624615426902,0,ACTIVE_MONSOON,0.9931634557395932,0.006827008805761772,9.535454644887067e-06
2017,2017-08-09T00:00:00+00:00,day2_24h,48,51.40446405010459,0.007975757917475007,8.84528896031486,1.645475270293466,10.146384073928369,538.6931954128612,100540.30826188705,99256.046875,2313.40625,5846.0518140752665,1.083605472693041e-06,4.235602556553765e-05,0,ACTIVE_MONSOON,0.3575588800816898,0.9213393864631689,0,ACTIVE_MONSOON,0.9201749539378699,0.0005497381888712396,0.07927530787325886
2017,2017-08-09T00:00:00+00:00,day3_24h,72,50.209632128196525,0.007902637163807517,8.374796817939641,0.9481926671569221,9.958579809939117,509.53109947715035,100555.65754625319,99036.625,2569.3984375,5847.683063716032,1.2647977094574876e-06,4.520849355151656e-05,2,LOW_DEPRESSION_INFLUENCED,0.7623964997615749,0.7041351149257249,2,LOW_DEPRESSION_INFLUENCED,0.06810825534511634,8.065388778983943e-05,0.9318110907670938
2017,2017-08-10T00:00:00+00:00,day1_24h,24,51.31067909203971,0.007926388883167537,8.668507123125424,1.7459975314148948,10.067284836060118,533.9299049997866,100530.58532466489,99254.140625,2180.203125,5845.785859917113,8.380929984250728e-07,4.355380382831781e-05,0,ACTIVE_MONSOON,0.26860879131047605,0.8734314452257037,0,ACTIVE_MONSOON,0.9707470910324231,0.0012611997361010314,0.027991709231475852
2017,2017-08-10T00:00:00+00:00,day2_24h,48,50.13110460275464,0.007749132229945787,8.672738566156607,0.8414159400548911,10.232787857549708,525.7689598266282,100567.54204003257,99006.2109375,2543.8046875,5849.02995100049,1.0894661332891362e-06,4.581154430063632e-05,2,LOW_DEPRESSION_INFLUENCED,0.7741400543602627,0.7076722470610382,2,LOW_DEPRESSION_INFLUENCED,0.06429324289098481,7.929294902998284e-05,0.9356274641599853
2017,2017-08-10T00:00:00+00:00,day3_24h,72,49.29418079184323,0.007664164081967159,7.486012059594062,1.295813001902601,8.885450904510565,448.1248453466083,100584.57677254398,99123.0625,2619.796875,5846.914882760083,9.75816361231764e-07,4.331783551619313e-05,2,LOW_DEPRESSION_INFLUENCED,0.6051173286216996,0.2615788601832011,2,LOW_DEPRESSION_INFLUENCED,0.29899630479629796,0.01010114812454067,0.6909025470791614
2017,2017-08-11T00:00:00+00:00,day1_24h,24,50.14918893508051,0.007770186708807982,8.601046011825956,0.740980849294539,10.122594236495667,523.0624952352235,100555.31317013165,99149.4609375,2391.6015625,5848.19803206487,1.3328206272613587e-06,4.639419769599161e-05,0,ACTIVE_MONSOON,0.5603653703054713,0.697619516184918,0,ACTIVE_MONSOON,0.5503600702137965,0.0008499971727929664,0.4487899326134105
2017,2017-08-11T00:00:00+00:00,day2_24h,48,49.452602205436555,0.00766217060580764,7.540887184189266,0.6450997380929527,8.947062700304977,454.4448137589999,100588.80609024402,99171.25,2536.6015625,5847.531125977955,1.4260266975266471e-06,4.2803192948867736e-05,0,ACTIVE_MONSOON,0.48557260328226326,0.29585556718921047,0,ACTIVE_MONSOON,0.786537548153335,0.01892171303854407,0.19454073880812112
2017,2017-08-11T00:00:00+00:00,day3_24h,72,49.17345453026459,0.007684011719243082,6.591954014983652,1.0663081493317894,7.89140124520762,397.7867425181554,100737.80590879651,99548.1015625,2347.6796875,5856.549208125991,7.075206438032579e-07,4.0776970090439555e-05,0,ACTIVE_MONSOON,-0.04057505969498969,0.021981492497328836,0,ACTIVE_MONSOON,0.7328863236346088,0.26664369465097526,0.00046998171441589326
2017,2017-08-12T00:00:00+00:00,day1_24h,24,48.813627518847866,0.007478308614189063,7.451161621777027,0.5059772663437079,8.944747553497947,443.36863297115207,100570.49308032736,99144.4140625,2492.1953125,5847.405150289597,6.48511227865779e-07,4.3540459079107824e-05,0,ACTIVE_MONSOON,0.4353957369941312,0.14490160702102675,0,ACTIVE_MONSOON,0.750979194764173,0.07437064971304906,0.174650155522778
2017,2017-08-12T00:00:00+00:00,day2_24h,48,48.63215558866385,0.007475681963644287,6.33162299873437,0.7631593412969208,7.7648941738740955,382.75568272983844,100739.28142490236,99457.90625,2383.203125,5858.870534341072,1.6581969168360443e-06,3.982598787376783e-05,1,BREAK_WEAK_MONSOON,-0.03308909223291548,-0.15494745345268454,1,BREAK_WEAK_MONSOON,0.44601197526008307,0.5538550288667502,0.00013299587316668363
2017,2017-08-12T00:00:00+00:00,day3_24h,72,49.027730075703175,0.007527393329795372,6.168406541763078,0.8995519960048088,7.45393625855432,380.8832249091272,100785.15560549892,99898.484375,1834.6015625,5855.981618652196,9.985919705219848e-07,4.087554180706419e-05,1,BREAK_WEAK_MONSOON,-0.7715594486085685,-0.14477556182186055,1,BREAK_WEAK_MONSOON,0.22179871150965014,0.7782012830011336,5.489216233576733e-09
2017,2017-08-13T00:00:00+00:00,day1_24h,24,48.26204568240951,0.007369485477420281,6.076953721623875,0.07985450201577021,7.483665840804544,366.96748306406835,100728.29818288996,99488.1328125,2356.6015625,5858.458934580219,1.0594781357333018e-06,3.733990734729126e-05,1,BREAK_WEAK_MONSOON,-0.20982660481691429,-0.2983555265925881,1,BREAK_WEAK_MONSOON,0.18446730414459833,0.8155256074093162,7.088446085531867e-06
2017,2017-08-13T00:00:00+00:00,day2_24h,48,48.61432253820074,0.007381715495040502,5.362989815113874,0.8989762337722803,6.697027480478335,338.102293085975,100790.39195711352,99895.5703125,1912.0,5857.601031105993,1.4149161600805666e-06,4.0367932968253124e-05,1,BREAK_WEAK_MONSOON,-0.7486606242231801,-0.42749907733230996,1,BREAK_WEAK_MONSOON,0.04276872586660194,0.957231273236412,8.969860283901125e-10
2017,2017-08-13T00:00:00+00:00,day3_24h,72,48.29517253485167,0.007342736560339561,6.5150118269817625,0.7098278184932865,7.545374745255224,384.02183279361014,100663.82193873347,99813.421875,1801.1953125,5846.0010432252075,1.2527537563906953e-06,3.9684611033435094e-05,1,BREAK_WEAK_MONSOON,-0.8607043135725708,-0.2602408984737144,1,BREAK_WEAK_MONSOON,0.09503278903357225,0.9049672102433549,7.230727202330418e-10
2017,2017-08-14T00:00:00+00:00,day1_24h,24,48.2838356705908,0.007376958220792294,5.4947195391661685,0.2049360493852153,6.6655762423628016,336.07519497278787,100758.24130158621,99911.421875,2021.0,5857.076123202643,9.818107181392143e-07,3.5755554394035236e-05,1,BREAK_WEAK_MONSOON,-0.866148809716423,-0.46536827000005543,1,BREAK_WEAK_MONSOON,0.0327010601524244,0.9672989395563696,2.912061352654612e-10
2017,2017-08-14T00:00:00+00:00,day2_24h,48,48.36291157480996,0.007383922180761796,6.7278650350773255,0.6878333856986762,8.017969375448414,405.46644603172206,100658.66907977042,99793.6015625,1836.3984375,5846.441583001751,8.14227566341125e-07,4.067959967327165e-05,1,BREAK_WEAK_MONSOON,-0.7677021719897708,-0.13102938642559153,1,BREAK_WEAK_MONSOON,0.21046428955265442,0.7895357017828222,8.664523413742753e-09
2017,2017-08-14T00:00:00+00:00,day3_24h,72,47.48135108268349,0.007344639958460963,7.130117413525514,-0.1230248536771546,8.773437089659332,427.4530754830977,100494.34911027389,99412.2890625,2183.6015625,5839.355793187016,2.1686689080050152e-06,4.260840153945852e-05,0,ACTIVE_MONSOON,-0.18370704546601727,-0.0759424478004026,0,ACTIVE_MONSOON,0.5593734702874882,0.4406019239933956,2.460571911623082e-05
2017,2017-08-15T00:00:00+00:00,day1_24h,24,48.10605464239432,0.007381072220668825,6.298418827640067,0.40473701893042174,7.639158651685536,379.57441962619936,100630.7309284933,99692.1953125,1807.796875,5845.583714339428,3.734698201395878e-07,3.468030992884802e-05,1,BREAK_WEAK_MONSOON,-0.9975744196507776,-0.25902427676135864,1,BREAK_WEAK_MONSOON,0.04064264864881439,0.9593573512285595,1.2262619523524192e-10
2017,2017-08-15T00:00:00+00:00,day2_24h,48,47.335818388423846,0.007249721862186876,6.891517706298376,-0.31716104176570464,8.692116485570045,420.1763652371029,100498.0972591973,99449.203125,2109.796875,5839.914404229023,2.1523107991221155e-06,4.385013184682858e-05,1,BREAK_WEAK_MONSOON,-0.2409762761460443,-0.15206986539546993,1,BREAK_WEAK_MONSOON,0.4085666353423484,0.5914266915070352,6.673150616350553e-06
2017,2017-08-15T00:00:00+00:00,day3_24h,72,47.413345967894976,0.007349744473667855,6.73647691128295,0.4893461733026871,9.434878464982859,464.1012692028234,100387.92650252068,99531.578125,2069.921875,5834.333429727871,3.4705051096370944e-06,5.163696255572296e-05,0,ACTIVE_MONSOON,-0.00891454096927674,0.08544034434483376,0,ACTIVE_MONSOON,0.847017980233806,0.15275582896632528,0.0002261907998685672
2017,2017-08-16T00:00:00+00:00,day1_24h,24,46.82520405253866,0.007124628374178926,6.386719957489204,-0.5362270326406628,7.863367716373947,370.21118200948536,100501.96778980734,99472.0234375,2058.6015625,5841.213715627556,1.2915143363532118e-06,3.719977517964461e-05,1,BREAK_WEAK_MONSOON,-0.6180491019907892,-0.45984482167171514,1,BREAK_WEAK_MONSOON,0.029291062732802353,0.9707089299327553,7.334442436091438e-09
2017,2017-08-16T00:00:00+00:00,day2_24h,48,46.84462028859539,0.007172885060557365,6.465414025791984,0.23532070170592786,9.033221730971148,440.1564169793413,100423.17127189728,99545.3515625,2101.4375,5837.495381155188,3.362817660902924e-06,4.9292899668332544e-05,1,BREAK_WEAK_MONSOON,-0.12901926769617983,-0.1358001032558996,1,BREAK_WEAK_MONSOON,0.49549806563014087,0.504472508381365,2.9425988494148155e-05
2017,2017-08-16T00:00:00+00:00,day3_24h,72,47.993429604864886,0.00747191896936911,6.472995293496502,1.2256662940591696,9.721395190093906,500.4467021971801,100439.02021401541,99723.8984375,1996.484375,5837.4912061432715,3.427910470785454e-06,5.3895943643991836e-05,0,ACTIVE_MONSOON,-0.06099899891724567,0.29933973869941166,0,ACTIVE_MONSOON,0.9503378680972082,0.04947395692692076,0.00018817497587093814
2017,2017-08-17T00:00:00+00:00,day1_24h,24,46.55193368789605,0.007177870672908433,6.398001629741013,0.18992213840935637,9.12772876943897,446.61429661912535,100364.10962817572,99492.078125,2104.8046875,5833.134714545544,3.5058888611685688e-06,4.904807352191599e-05,1,BREAK_WEAK_MONSOON,-0.12680143093663748,-0.13187361381509866,1,BREAK_WEAK_MONSOON,0.46503296122266125,0.5349350104428777,3.2028334461091336e-05
2017,2017-08-17T00:00:00+00:00,day2_24h,48,48.221410392483826,0.007483819999940896,6.356624347847593,1.4376475767359693,10.045669775272975,521.200097008134,100445.70874393458,99674.2734375,2237.7578125,5837.935525853516,3.7870456138606364e-06,5.865388290706725e-05,0,ACTIVE_MONSOON,0.4193084323559909,0.41016207903631435,0,ACTIVE_MONSOON,0.9286946306078474,0.007447143250969148,0.06385822614118344
2017,2017-08-17T00:00:00+00:00,day3_24h,72,49.41821613865797,0.007850877289374817,6.824906158682157,1.512642950570294,10.060434688787968,524.9618034629547,100501.8133291597,99632.7578125,2309.4453125,5840.043687066981,3.2132016924159328e-06,5.0112003584046055e-05,0,ACTIVE_MONSOON,0.268455866611369,0.6651392675360014,0,ACTIVE_MONSOON,0.9827147608160877,0.002074716500794653,0.015210522683117813
2017,2017-08-18T00:00:00+00:00,day1_24h,24,47.678624296549785,0.007376417903778443,6.185249946573283,1.1947185794833999,9.41210629749456,478.3349196744752,100425.04553429443,99699.828125,2160.3203125,5836.5408061302005,3.5831432026699936e-06,4.907757242090185e-05,0,ACTIVE_MONSOON,-0.10674703217790754,0.14708176002701417,0,ACTIVE_MONSOON,0.8613207766507736,0.13857698411175592,0.00010223923747056136
2017,2017-08-18T00:00:00+00:00,day2_24h,48,49.3932403697501,0.007704436910219632,7.082144478632818,1.0672149557842894,9.847825932215352,512.556203528507,100552.54070215831,99700.2421875,2239.515625,5844.777535938111,3.118699191338436e-06,4.8666494491156224e-05,0,ACTIVE_MONSOON,0.09686756978289625,0.5507274184567374,0,ACTIVE_MONSOON,0.9941066820453224,0.004651001599600463,0.0012423163550771207
2017,2017-08-18T00:00:00+00:00,day3_24h,72,50.32053710120983,0.007993278733782064,6.998706503553974,0.9370482415313286,9.467935272172678,490.8482640687648,100431.76373871845,99496.640625,2445.7578125,5836.345258634867,3.0442647460768204e-06,4.636571419656553e-05,0,ACTIVE_MONSOON,0.4103115509481609,0.6458235911073174,0,ACTIVE_MONSOON,0.9474065142104376,0.0012146968010225783,0.05137878898853991
2017,2017-08-19T00:00:00+00:00,day1_24h,24,48.92327034216061,0.007607127092272937,6.959696402266234,1.0298066178949017,9.752602238349462,503.08281118131623,100512.1654265142,99721.1640625,2284.0,5842.063638035705,3.183142517158098e-06,4.501717089981575e-05,0,ACTIVE_MONSOON,-0.05971928717820578,0.43999035422764754,0,ACTIVE_MONSOON,0.9858693668116996,0.013904027630835671,0.0002266055574647191
2017,2017-08-19T00:00:00+00:00,day2_24h,48,50.18415776878367,0.00801696017497461,7.183250828337981,0.897671957624022,9.488754537788184,487.12530370996666,100412.524842983,99442.96875,2303.359375,5834.124394019553,3.1475747852212235e-06,4.7441963403631524e-05,0,ACTIVE_MONSOON,0.33610797551459515,0.6381082974965124,0,ACTIVE_MONSOON,0.9812764828842022,0.0017347704690079144,0.01698874664678989
2017,2017-08-19T00:00:00+00:00,day3_24h,72,51.58062379090533,0.008432690041341208,6.553952711841022,0.884666987788481,8.738934768714381,455.4369768495072,100359.44959213985,99518.6953125,2212.3984375,5831.344851980828,2.6383437363742493e-06,4.604364535249515e-05,0,ACTIVE_MONSOON,0.258919435548978,0.7536655145106642,0,ACTIVE_MONSOON,0.9928602707286088,0.0008478995953924715,0.006291829675998746
2017,2017-08-20T00:00:00+00:00,day1_24h,24,49.52778673940911,0.00779082483425971,7.1065363517725375,1.0994874901487208,9.734148053520958,495.5397292732468,100378.20603847675,99527.921875,2300.3984375,5832.313463288183,3.024376804370614e-06,4.6528847113494564e-05,0,ACTIVE_MONSOON,0.18854315484146597,0.5437098892284619,0,ACTIVE_MONSOON,0.9903659721674433,0.005122681119228031,0.004511346713328582
2017,2017-08-20T00:00:00+00:00,day2_24h,48,51.23320296282066,0.008303222702434415,7.02828935213456,1.2616704335534632,9.37536533771002,487.6061820158889,100366.68883592066,99578.359375,2270.59375,5830.880354769016,3.0311690534280385e-06,4.7471278435209466e-05,0,ACTIVE_MONSOON,0.30799789475018136,0.8254307070235306,0,ACTIVE_MONSOON,0.985386468491544,0.0004150215478092506,0.014198509960646857
2017,2017-08-20T00:00:00+00:00,day3_24h,72,52.78179983750004,0.008627741495767255,5.838634046367349,1.2185264543629997,8.06203601124846,430.1310676029471,100499.23626223546,99657.2109375,2406.8828125,5844.502690862967,1.879805082007491e-06,4.177325545029816e-05,0,ACTIVE_MONSOON,0.2903781040493055,0.7891740761937975,0,ACTIVE_MONSOON,0.9847559024409008,0.0005901703235363355,0.014653927235562875
2017,2017-08-21T00:00:00+00:00,day1_24h,24,50.43170104682316,0.008056738610274426,6.968628772293463,1.044981730435725,9.19793134326068,469.736924386199,100356.85958753797,99523.5078125,2203.0390625,5830.3675981905135,3.543831415898759e-06,4.825153198575625e-05,0,ACTIVE_MONSOON,0.2407432940197438,0.5990211884555855,0,ACTIVE_MONSOON,0.9942355547460974,0.002280596653417984,0.0034838486004847512
2017,2017-08-21T00:00:00+00:00,day2_24h,48,52.410392139071945,0.00854528959039979,5.645026805309472,1.4026238506317792,7.894420166674836,420.9104618532269,100513.95137042891,99701.390625,2417.59375,5843.762992361497,1.9679619381623684e-06,4.1095507915362735e-05,0,ACTIVE_MONSOON,0.21494280419830425,0.6840004132273678,0,ACTIVE_MONSOON,0.9925989224701913,0.0014122375521279302,0.0059888399776806545
2017,2017-08-21T00:00:00+00:00,day3_24h,72,53.11838854073853,0.00859082428744666,4.7648907151847455,0.8517697084422857,7.124719305505329,387.00322584830803,100597.43664726224,99793.296875,2370.203125,5854.408066926501,1.5344821054956096e-06,3.844618482120124e-05,0,ACTIVE_MONSOON,0.06241646467772943,0.588459581427841,0,ACTIVE_MONSOON,0.995866037708258,0.0035394230969130647,0.0005945391948290141
2017,2017-08-22T00:00:00+00:00,day1_24h,24,51.333881771629734,0.008229604758930299,5.619020917196417,1.0390041986024219,7.802128294891594,403.6942688451648,100492.35913874097,99676.734375,2434.203125,5842.925484400739,2.2208600663857464e-06,4.0863840628983705e-05,0,ACTIVE_MONSOON,0.14764341513749119,0.41948874470690956,0,ACTIVE_MONSOON,0.9888256300259998,0.00899996273713578,0.0021744072368644297
2017,2017-08-22T00:00:00+00:00,day2_24h,48,52.20592939064371,0.008338355822777019,5.448357010692689,1.175933932718333,7.51689123638699,402.2040022363817,100599.65002911462,99708.609375,2412.40625,5853.157163364185,1.706604976264551e-06,3.77447925271799e-05,0,ACTIVE_MONSOON,0.05228088907975459,0.49594434767000356,0,ACTIVE_MONSOON,0.9911360226632803,0.008147398205851987,0.0007165791308676693
2017,2017-08-22T00:00:00+00:00,day3_24h,72,51.32029163974095,0.008151197740029256,6.257683222615053,0.2739458869333037,8.112975733891385,429.6430290400986,100490.75865266539,99520.3984375,2306.2421875,5848.420503295506,1.1427106946906378e-06,4.1047273047855175e-05,0,ACTIVE_MONSOON,0.1255963546169328,0.48445856176717594,0,ACTIVE_MONSOON,0.9881752710075564,0.009134576149922115,0.002690152842521445
2017,2017-08-23T00:00:00+00:00,day1_24h,24,51.27008670573047,0.008273984629730243,5.345561523787149,0.7373820809766507,7.324596577715557,381.5494903354582,100577.33182842788,99648.703125,2515.0,5850.335056541299,1.8473643105472799e-06,3.5354849605483826e-05,0,ACTIVE_MONSOON,0.015570119305737429,0.3222422822910168,0,ACTIVE_MONSOON,0.9739972879171084,0.025463783361108185,0.0005389287217833615
2017,2017-08-23T00:00:00+00:00,day2_24h,48,50.764152000701436,0.00809468296593433,6.622084797648658,0.5170163390547176,8.258807107571494,433.932312871754,100525.75861053795,99624.7578125,2300.6015625,5847.485421327741,8.468178939775373e-07,3.949190864738838e-05,0,ACTIVE_MONSOON,-0.05443424117916337,0.4437284025390676,0,ACTIVE_MONSOON,0.9842927313001969,0.015159830796930628,0.0005474379028724998
2017,2017-08-23T00:00:00+00:00,day3_24h,72,49.86324422066582,0.007931789812385372,6.778973170744303,0.28472124763857276,8.532715199372733,438.7176015769495,100340.5474953479,99332.796875,2303.203125,5834.04134345672,1.915752129075183e-06,4.2643485545436856e-05,0,ACTIVE_MONSOON,0.18309114976588955,0.3494268567136627,0,ACTIVE_MONSOON,0.9715741469103394,0.0233699685808229,0.005055884508837678
2017,2017-08-24T00:00:00+00:00,day1_24h,24,50.275680372751474,0.00797864659709389,6.538586386286722,0.34097215915811047,8.319483515792658,431.909785036561,100506.01430211267,99554.453125,2359.796875,5844.030391393851,1.4028562032097698e-06,3.862139243008823e-05,0,ACTIVE_MONSOON,-0.028408716266031198,0.36028658192349117,0,ACTIVE_MONSOON,0.9745808871000772,0.024948309956651184,0.0004708029432717028
2017,2017-08-24T00:00:00+00:00,day2_24h,48,49.548893393295224,0.00784220497216227,6.922859984227675,0.09849815631884147,8.727697126834986,446.1208619792614,100351.08513608806,99396.28125,2236.9609375,5833.222593750311,2.124978359066551e-06,4.263039389283075e-05,0,ACTIVE_MONSOON,0.05169747063611535,0.32888462096679344,0,ACTIVE_MONSOON,0.9697288826339069,0.029475376226604847,0.0007957411394882685
2017,2017-08-24T00:00:00+00:00,day3_24h,72,49.28941325188066,0.007948545191789431,6.452300413186017,0.3711687204572069,9.600670044211276,494.95288993461895,100308.17028324492,99469.5078125,2320.9609375,5828.720927023853,3.0641272189842814e-06,4.945971021362557e-05,0,ACTIVE_MONSOON,0.3443310707607174,0.5681640961466898,0,ACTIVE_MONSOON,0.9662523958022246,0.003039512319132993,0.030708091878642433
2017,2017-08-25T00:00:00+00:00,day1_24h,24,48.82504689958436,0.007764133264223524,6.8626205587744735,0.14954819736772715,8.848970863130186,446.0781001045305,100338.4098647654,99424.453125,2224.640625,5829.874190540951,2.6589692153081227e-06,4.366757213287481e-05,0,ACTIVE_MONSOON,0.0038935752600641055,0.2528944184427704,0,ACTIVE_MONSOON,0.9509763482872453,0.04863593900387781,0.0003877127088770758
2017,2017-08-25T00:00:00+00:00,day2_24h,48,49.03590592385944,0.00792899531103719,6.512731976216577,0.3681236425099861,9.249798310817246,469.7674721130353,100333.69055265457,99627.5,2123.359375,5829.293798009423,2.975141848252096e-06,4.49104658856618e-05,0,ACTIVE_MONSOON,-0.15423668418245856,0.4389328144802895,0,ACTIVE_MONSOON,0.9822058403684499,0.017725838417974427,6.832121357562118e-05
2017,2017-08-25T00:00:00+00:00,day3_24h,72,49.48462327376458,0.008035671933542736,6.387111814887171,0.5395263692710224,10.007465033460006,522.2575085603519,100333.37813075901,99647.6796875,2192.796875,5829.236980407085,3.6171158287788903e-06,5.088596563103878e-05,0,ACTIVE_MONSOON,0.18141720057687702,0.7310159841878752,0,ACTIVE_MONSOON,0.9955050498643978,0.0011872524704176412,0.003307697665184361
2017,2017-08-26T00:00:00+00:00,day1_24h,24,48.58106776078479,0.007838458448539186,6.397050669584452,0.2420571122870192,9.011422944872045,454.5814195006818,100312.14223449753,99544.3671875,2305.125,5826.30863401849,3.3718298651083324e-06,4.4986864751238735e-05,0,ACTIVE_MONSOON,0.041541652729564706,0.30138625041105144,0,ACTIVE_MONSOON,0.9743724519321643,0.025019589154831955,0.0006079589130037474
2017,2017-08-26T00:00:00+00:00,day2_24h,48,49.37355243522086,0.007960455647609051,6.153532912596044,0.9167827836916616,9.59884314292386,503.19457954447415,100395.4325005164,99716.890625,2290.8828125,5832.649133264957,3.726901791253415e-06,5.080279281086412e-05,0,ACTIVE_MONSOON,0.22209381793397073,0.5981025253176352,0,ACTIVE_MONSOON,0.9923319738655842,0.0022753668330040074,0.0053926593014115565
2017,2017-08-26T00:00:00+00:00,day3_24h,72,49.694962772675005,0.008035618087893734,6.079854753078058,0.8967499502381532,9.35229537336523,492.58428260232233,100344.9215564066,99512.5703125,2500.9609375,5831.415390962086,3.5213783169971695e-06,4.999936433253523e-05,0,ACTIVE_MONSOON,0.5501279768330903,0.5998821325614778,0,ACTIVE_MONSOON,0.7246230217404753,0.0010547028892468144,0.2743222753702778
2017,2017-08-27T00:00:00+00:00,day1_24h,24,48.74678880145742,0.00779531870517457,6.292317070238709,0.6730769997720183,10.16694170603184,530.7710138801756,100337.3292519486,99566.0703125,2418.078125,5827.940710800577,3.95879734327696e-06,5.142965985181537e-05,0,ACTIVE_MONSOON,0.4144512871976673,0.6136643568976221,0,ACTIVE_MONSOON,0.9417228465388254,0.0016559142734024804,0.056621239187771955
2017,2017-08-27T00:00:00+00:00,day2_24h,48,49.14800810961737,0.007866595764102976,6.656226470389564,0.8154758469683572,10.04354198075188,530.3769482106178,100333.0512806749,99505.4609375,2483.359375,5828.366566316492,3.922165500085215e-06,5.226651695552187e-05,0,ACTIVE_MONSOON,0.5837842278794222,0.6588731927693727,0,ACTIVE_MONSOON,0.667990815291955,0.0005442495186680018,0.3314649351893769
2017,2017-08-27T00:00:00+00:00,day3_24h,72,49.913108171740035,0.008106856484674142,5.773765361858646,0.8553740847706306,8.494760782749928,443.4668243997024,100385.17337470643,99576.2265625,2294.1953125,5835.869899284316,2.6505650303541517e-06,4.428194805458183e-05,0,ACTIVE_MONSOON,0.09317473061042475,0.42865621661800146,0,ACTIVE_MONSOON,0.9833977010765672,0.014878089107024393,0.0017242098164083118
2017,2017-08-28T00:00:00+00:00,day1_24h,24,48.832254824634745,0.007853935035126667,6.226386783479944,1.1027487762133545,10.316215977612325,540.8427150117932,100335.7196521282,99453.4921875,2788.0,5828.388118956766,4.1965765571724815e-06,5.1356501972631845e-05,2,LOW_DEPRESSION_INFLUENCED,0.8524729466869302,0.6852241455227108,2,LOW_DEPRESSION_INFLUENCED,0.04392520818951325,2.0578788004156557e-05,0.9560542130224827
2017,2017-08-28T00:00:00+00:00,day2_24h,48,49.60906446055131,0.008001342577456367,6.141118172790553,0.771123690413512,8.898725546361662,460.9140139019209,100435.81465565092,99495.171875,2541.4375,5838.026131834162,3.1384579885629997e-06,4.649442285998899e-05,0,ACTIVE_MONSOON,0.45131293795884564,0.451376931341304,0,ACTIVE_MONSOON,0.8889315359439173,0.004193002827430905,0.10687546122865191
2017,2017-08-28T00:00:00+00:00,day3_24h,72,50.41020774005287,0.008060543506340083,5.955591142238123,0.6245025055852073,8.032409698407267,407.1223597274291,100583.7219431177,99647.546875,2245.8046875,5851.088134933552,2.2458443593482053e-06,4.526031395230141e-05,0,ACTIVE_MONSOON,0.08223627314475127,0.3123435426747958,0,ACTIVE_MONSOON,0.9765340356675911,0.02261976192039673,0.0008462024120120188
2017,2017-08-29T00:00:00+00:00,day1_24h,24,49.0810383825752,0.007910734665852345,6.21428490078007,0.7456700346856239,9.227571436982446,472.84952019114445,100433.50806110563,99314.6796875,2817.4375,5835.211240690442,3.3788145148502094e-06,4.786814799091458e-05,2,LOW_DEPRESSION_INFLUENCED,0.8470114521897256,0.4395851212899914,2,LOW_DEPRESSION_INFLUENCED,0.056157596756708214,0.0001399762543690491,0.9437024269889228
2017,2017-08-29T00:00:00+00:00,day2_24h,48,49.733765694268385,0.007820722951726205,6.150910443994447,0.5680194387307094,8.227619951366917,407.2139692991921,100641.9835787183,99648.140625,2369.3984375,5852.606855842837,2.1682073544720363e-06,4.435107301310974e-05,0,ACTIVE_MONSOON,0.11016977023306673,0.18593282091649685,0,ACTIVE_MONSOON,0.9542725708913251,0.04446798413458294,0.0012594449740919648
2017,2017-08-29T00:00:00+00:00,day3_24h,72,49.157742211870115,0.007675748646464324,5.944777653106863,0.37479037790529274,7.550478482554375,369.7509427933209,100665.80305342561,99838.2890625,1843.3984375,5852.5891551546865,2.0500623423740024e-06,4.330281648538771e-05,0,ACTIVE_MONSOON,-0.6160170724938636,-0.08813327168432802,1,BREAK_WEAK_MONSOON,0.42899840974682696,0.5710015507803187,3.947285430979362e-08
2017,2017-08-30T00:00:00+00:00,day1_24h,24,48.90593396871006,0.007702836665904235,5.572940626956102,0.4779803218613459,8.100671122881987,398.52062566300197,100605.91272920946,99535.3515625,2468.1953125,5851.916391599438,3.229521990883719e-06,4.6969827327322716e-05,0,ACTIVE_MONSOON,0.31504095715712693,0.03504711311257937,0,ACTIVE_MONSOON,0.9027982163369703,0.0878775324558182,0.009324251207211408
2017,2017-08-30T00:00:00+00:00,day2_24h,48,48.64794478537,0.007579340135268441,6.2938057058372845,0.6441316736524991,7.894728133715202,384.05376112819226,100696.48658316798,99752.0625,2031.0390625,5855.5554464406905,1.8721264703344312e-06,4.2615164064421504e-05,0,ACTIVE_MONSOON,-0.44812999455393054,-0.09346767437007279,1,BREAK_WEAK_MONSOON,0.45217035220509055,0.5478289453898942,7.024050151347273e-07
2017,2017-08-30T00:00:00+00:00,day3_24h,72,48.25402330576755,0.007459099327041247,6.002430390681214,0.772588264023767,7.363404427816721,363.2347730048039,100693.52858135018,99834.2265625,1752.3984375,5855.231341622482,1.1511395701042914e-06,3.774574672798142e-05,1,BREAK_WEAK_MONSOON,-1.0037956728760051,-0.2870403686407086,1,BREAK_WEAK_MONSOON,0.04250735651993316,0.9574926433821563,9.791033819719592e-11
2017,2017-08-31T00:00:00+00:00,day1_24h,24,48.70887179464783,0.007605762935199587,6.057594207033835,0.09926400234928015,7.961899052584856,387.0185435928839,100648.28467433156,99782.7109375,2010.0,5853.131711117974,2.5009946469519877e-06,4.679448294926038e-05,0,ACTIVE_MONSOON,-0.31316019907036685,-0.06288858798731327,0,ACTIVE_MONSOON,0.6690938642923119,0.3309034296160281,2.706091659961134e-06
2017,2017-08-31T00:00:00+00:00,day2_24h,48,48.39583822211434,0.007580151555104319,6.180543540261848,0.9412706139189485,7.665492340375194,376.34603460875127,100675.72779028123,99845.078125,1951.0,5854.5361253424135,7.919680298379593e-07,4.215810512116352e-05,1,BREAK_WEAK_MONSOON,-0.6243418553841598,-0.16013846377741545,1,BREAK_WEAK_MONSOON,0.2259896706809729,0.7740102052413024,1.2407772457608523e-07
2017,2017-08-31T00:00:00+00:00,day3_24h,72,48.11704431575863,0.007599323572599047,5.823321771046385,0.47779853096603814,7.035920868910554,348.61023817367595,100643.57699124375,99718.234375,1762.6015625,5851.289020791046,1.1939062995168015e-06,3.873827311577498e-05,1,BREAK_WEAK_MONSOON,-0.8925652153667543,-0.31683124565904963,1,BREAK_WEAK_MONSOON,0.041942262651326376,0.9580577369827803,3.6589328739904103e-10
2017,2017-09-01T00:00:00+00:00,day1_24h,24,48.088654010769325,0.00754880464747974,5.995281549160436,0.5216365003625437,7.557118495149129,372.1609128526717,100640.20344221531,99744.109375,1937.28125,5852.594898418023,1.1373157546162972e-06,4.0769157794235315e-05,1,BREAK_WEAK_MONSOON,-0.656853569034979,-0.2210589788090747,1,BREAK_WEAK_MONSOON,0.1363103811416483,0.8636895847062773,3.415207432834803e-08
2017,2017-09-01T00:00:00+00:00,day2_24h,48,47.777196637391626,0.007457163864098389,6.09113054158228,0.24402907492918913,7.2614077755533915,356.64681158565753,100630.1125424308,99667.3125,1809.59375,5850.981272415544,1.5458290020286207e-06,3.842220476053936e-05,1,BREAK_WEAK_MONSOON,-0.8557386312182023,-0.355034286717376,1,BREAK_WEAK_MONSOON,0.037945342031482546,0.9620546575591133,4.0940413633002714e-10
2017,2017-09-01T00:00:00+00:00,day3_24h,72,47.309863527553745,0.007307958761888382,5.539783563355064,0.6170309601409039,6.888083478573614,339.3171464069471,100708.84725752211,99824.6328125,2194.6015625,5856.629684757662,2.020265447924896e-06,3.8827520010468496e-05,1,BREAK_WEAK_MONSOON,-0.597697270469666,-0.5385369961221207,1,BREAK_WEAK_MONSOON,0.03288071347017759,0.9671192749573796,1.1572442763018991e-08
2017,2017-09-02T00:00:00+00:00,day1_24h,24,46.8788023930814,0.007319993023017192,5.461682761108805,-0.12059981425617639,6.719101613925966,325.6747500430503,100610.64452183586,99611.609375,1949.1171875,5850.012822584495,1.791974058881383e-06,3.5766514382345755e-05,1,BREAK_WEAK_MONSOON,-0.8664332844004722,-0.6213987075158891,1,BREAK_WEAK_MONSOON,0.006140653480683265,0.9938593464618569,5.7459751869921984e-11
2017,2017-09-02T00:00:00+00:00,day2_24h,48,47.12471895919087,0.007282304840235316,5.396992298449615,0.4570047770277017,6.538362461507699,320.40714113380085,100743.65061072522,99864.484375,2160.3984375,5857.904696774015,2.056406984502025e-06,3.97470177523146e-05,1,BREAK_WEAK_MONSOON,-0.634241241133976,-0.6502939126984739,1,BREAK_WEAK_MONSOON,0.017995315622718555,0.9820046812711946,3.106087087105316e-09
2017,2017-09-02T00:00:00+00:00,day3_24h,72,47.25609334066036,0.007066979961502249,4.486435121151415,-0.3778521534659886,5.559349274404655,270.3131653372759,100796.83016348915,100019.4765625,2105.1953125,5862.875327635845,1.627837909317451e-06,3.558557722980845e-05,1,BREAK_WEAK_MONSOON,-0.9431557226480408,-0.9594413126820668,1,BREAK_WEAK_MONSOON,0.0016813706436694972,0.9983186293534623,2.8681051425790134e-12
2017,2017-09-03T00:00:00+00:00,day1_24h,24,46.338263965304506,0.007138710644804431,4.780834422794773,-0.20041053828377944,5.885379881010324,282.43486025943076,100729.9991842486,99914.796875,2060.59375,5857.247843581013,1.5990331034300238e-06,3.528846258786648e-05,1,BREAK_WEAK_MONSOON,-1.010208534964772,-0.939438194885974,1,BREAK_WEAK_MONSOON,0.0011135120389168607,0.9988864879590688,2.014451794854804e-12
2017,2017-09-03T00:00:00+00:00,day2_24h,48,46.381219360153366,0.006945810312892793,4.675947902698547,-0.6511463288137244,5.884140744770913,280.1822167881081,100786.03136705958,99977.140625,2125.3984375,5861.845956369842,1.5873440620468426e-06,3.4608692325097416e-05,1,BREAK_WEAK_MONSOON,-1.0093777909556916,-1.0173166884416194,1,BREAK_WEAK_MONSOON,0.000882363112905916,0.9991176368861076,9.864887240738861e-13
2017,2017-09-03T00:00:00+00:00,day3_24h,72,46.86843877018594,0.007061458647056761,5.045273159637357,-0.7573714199918391,6.429241945076975,309.58394612275964,100753.86281232967,99863.7421875,2202.203125,5855.335454571531,2.6829512439276e-06,3.898755742978763e-05,1,BREAK_WEAK_MONSOON,-0.6448407174361072,-0.7968461768021415,1,BREAK_WEAK_MONSOON,0.011477746400855046,0.9885222532266681,3.724768664938427e-10
2017,2017-09-04T00:00:00+00:00,day1_24h,24,45.48683043847219,0.006678828439612057,4.259644661481088,-0.9760040430179746,5.563800928465808,258.2511453262256,100783.11705587253,99964.9765625,2156.3984375,5862.397920016572,1.6222356840500115e-06,3.254442580172803e-05,1,BREAK_WEAK_MONSOON,-1.1295650723727784,-1.2865778233724745,1,BREAK_WEAK_MONSOON,0.00010145827851763349,0.9998985417214588,2.3620759431263574e-14
2017,2017-09-04T00:00:00+00:00,day2_24h,48,46.166742230589875,0.0067826364276004384,4.670343212343575,-0.6766412103150685,6.325891693725476,301.3092747012104,100767.68001502586,99903.5390625,2363.0,5857.056192011103,3.589911291407076e-06,4.226811590701042e-05,1,BREAK_WEAK_MONSOON,-0.4367529650776625,-0.9969550203779327,1,BREAK_WEAK_MONSOON,0.006174814404834881,0.9938251840221703,1.5729947609684344e-09
2017,2017-09-04T00:00:00+00:00,day3_24h,72,46.658419320136645,0.006959975476737419,3.523725134272169,-0.12740440751301188,5.528961221279086,268.9547908599072,100736.06306411345,100082.2421875,2167.203125,5851.877403182451,3.640681873884311e-06,3.886140129902884e-05,1,BREAK_WEAK_MONSOON,-0.838049164677644,-1.0583344197550477,1,BREAK_WEAK_MONSOON,0.001457910447330665,0.9985420895506434,2.0259084405504197e-12
2017,2017-09-05T00:00:00+00:00,day1_24h,24,45.565159873586275,0.006753324914557381,4.190867380963496,-1.1639436500704161,5.899815012483502,275.72318397441825,100774.40491771493,99945.078125,2335.0,5857.54854882698,3.4526185110260493e-06,3.951612259899349e-05,1,BREAK_WEAK_MONSOON,-0.651977547895102,-1.1693424220013195,1,BREAK_WEAK_MONSOON,0.0012886129112457604,0.9987113870632613,2.5492897550631382e-11
2017,2017-09-05T00:00:00+00:00,day2_24h,48,46.08765164715254,0.006846193582083094,3.4771300040283486,-0.29033200341128207,5.506349068679072,265.61122561391153,100745.89808336925,100029.4375,2282.6015625,5853.168138501843,5.517536457173768e-06,4.167946542958469e-05,1,BREAK_WEAK_MONSOON,-0.6247583480809338,-1.1611379100572867,1,BREAK_WEAK_MONSOON,0.0017653193339314858,0.9982346806559358,1.0132737943828501e-11
2017,2017-09-05T00:00:00+00:00,day3_24h,72,47.13441922111905,0.00715184784434176,2.824780857834548,0.5961223958874675,5.626159202283118,285.6985854336937,100773.85948793513,100227.1796875,2042.203125,5854.569495887365,4.727453121609739e-06,4.245569538419464e-05,1,BREAK_WEAK_MONSOON,-0.8657411838121302,-0.8931856849763619,1,BREAK_WEAK_MONSOON,0.003840841363643246,0.9961591586341579,2.1988125219184613e-12
2017,2017-09-06T00:00:00+00:00,day1_24h,24,45.46249548884929,0.006726507375561339,3.3344713404283715,-0.46301043809953896,5.396236121633805,255.6885684648137,100717.47619867008,100073.53125,2177.3984375,5851.842683845787,4.644402713030107e-06,4.0563695188661063e-05,1,BREAK_WEAK_MONSOON,-0.8530094308868827,-1.2965090703703646,1,BREAK_WEAK_MONSOON,0.0003475534388154662,0.999652446560935,2.4955089201959263e-13
2017,2017-09-06T00:00:00+00:00,day2_24h,48,46.70152997588116,0.007107680487562205,2.8603677455953793,-0.03187012563650736,5.036587255808186,249.73977881378394,100794.79183500046,100293.5703125,2040.6015625,5856.842080290357,4.815556597921549e-06,4.233336927322569e-05,1,BREAK_WEAK_MONSOON,-0.9496922384678081,-1.1011396515542349,1,BREAK_WEAK_MONSOON,0.0014453094781817608,0.9985546905215826,2.3552200769209573e-13
2017,2017-09-06T00:00:00+00:00,day3_24h,72,47.928695281796216,0.007322447681417471,2.7964756235127997,0.784155162572462,5.654482803480602,292.26118995288414,100772.14574201297,100247.4765625,2156.1953125,5856.512718090798,4.967424743828782e-06,4.504562011267519e-05,1,BREAK_WEAK_MONSOON,-0.595056156688694,-0.7413955002144338,1,BREAK_WEAK_MONSOON,0.023586545780080174,0.9764134538709387,3.489811793777961e-10
2017,2017-09-07T00:00:00+00:00,day1_24h,24,46.25282793726585,0.006912491161260964,2.751997446012782,0.21946953219033213,5.5191989729197575,272.19958687881757,100748.1351517451,100267.3046875,2009.0,5854.267480954212,4.8479892558909386e-06,4.055206460399487e-05,1,BREAK_WEAK_MONSOON,-1.0740585524109951,-1.1048179053881104,1,BREAK_WEAK_MONSOON,0.0006470929197314898,0.9993529070802397,2.8868333309258306e-14
2017,2017-09-07T00:00:00+00:00,day2_24h,48,47.671709822954014,0.007251581258761993,2.723127212703564,0.2380134880547921,5.694882478905984,294.06488709674903,100760.13328584674,100283.2265625,2036.0,5856.035517016062,5.287794715401797e-06,4.419600370000211e-05,1,BREAK_WEAK_MONSOON,-0.7913994363433371,-0.781690588182165,1,BREAK_WEAK_MONSOON,0.013701108187583117,0.9862988918015643,1.085270694237012e-11
2017,2017-09-07T00:00:00+00:00,day3_24h,72,47.65362733920458,0.007327810622886917,3.1692744140790925,0.7419299780293895,6.521978191989651,336.8867000104947,100689.57983202647,100115.5703125,2518.3984375,5852.0133804180305,4.269429107983993e-06,4.542461505885246e-05,1,BREAK_WEAK_MONSOON,-0.16422301297551972,-0.5534368084158668,1,BREAK_WEAK_MONSOON,0.14695171021782333,0.8530464022039519,1.8875782246997559e-06
2017,2017-09-08T00:00:00+00:00,day1_24h,24,47.15779548778293,0.0071879682983179505,3.003956786092494,0.1907649136692068,5.628676578909058,283.41380168785287,100736.23452169877,100177.7734375,2472.6015625,5854.785266480805,4.460663795682324e-06,3.851200358941142e-05,1,BREAK_WEAK_MONSOON,-0.569953993869605,-0.8817627733884439,1,BREAK_WEAK_MONSOON,0.011350419713819964,0.988649579721182,5.649980266043275e-10
2017,2017-09-08T00:00:00+00:00,day2_24h,48,47.342414087416365,0.007299272803015641,2.548356804667893,0.43371649027886283,5.5775452785374116,280.7084448399668,100690.29091586696,100050.0703125,2671.0390625,5853.585885605287,4.376265273894853e-06,4.2332516329685225e-05,1,BREAK_WEAK_MONSOON,-0.12476531004850999,-0.8348703580785941,1,BREAK_WEAK_MONSOON,0.030048821264602853,0.9699506575458486,5.21189548557524e-07
2017,2017-09-08T00:00:00+00:00,day3_24h,72,47.37556300538782,0.0073436300870855726,0.8387092009638679,0.743764219664773,5.8861092527702645,296.7212091914738,100694.0190025733,100189.046875,2320.59375,5855.526852057278,4.169026567928121e-06,4.4818685771773945e-05,1,BREAK_WEAK_MONSOON,-0.4522476088453415,-0.7400196459163721,1,BREAK_WEAK_MONSOON,0.010409470160330895,0.9895905267503269,3.0893422483693055e-09
2017,2017-09-09T00:00:00+00:00,day1_24h,24,46.66703948646102,0.0071018500098947186,2.8979331682172003,0.025500655842198513,5.711509338666996,282.80779471038505,100683.4264774161,100021.9765625,2562.8828125,5852.95135734764,4.427595819662632e-06,4.088508168392155e-05,1,BREAK_WEAK_MONSOON,-0.32856961604394586,-0.9476172088243988,1,BREAK_WEAK_MONSOON,0.009186472403021338,0.9908135168126598,1.0784318783434813e-08
2017,2017-09-09T00:00:00+00:00,day2_24h,48,47.29145850723963,0.007353058441844769,1.7274147302502367,0.7765441386130604,5.442993653574794,272.4775342469505,100739.75868277847,100256.6015625,2172.6015625,5858.713090421289,3.684927848854817e-06,4.0543568209485595e-05,1,BREAK_WEAK_MONSOON,-0.8204393483282241,-0.85315684912736,1,BREAK_WEAK_MONSOON,0.0030108570950055434,0.9969891428910106,1.398398471665409e-11
2017,2017-09-09T00:00:00+00:00,day3_24h,72,47.94836946970682,0.0074555038182727625,0.9795256057769344,0.9304374529352303,5.240236925686288,260.8810695360293,100842.02043849826,100351.7890625,2114.8828125,5864.886746261899,3.2271571759695672e-06,4.1186539417396094e-05,1,BREAK_WEAK_MONSOON,-0.8557435306009443,-0.8093869152426858,1,BREAK_WEAK_MONSOON,0.0031776419988189413,0.9968223579934163,7.76479343368333e-12
2017,2017-09-10T00:00:00+00:00,day1_24h,24,47.00953400850028,0.007247385017204483,1.7698862896885121,0.27335210620857253,5.11935348147183,249.51906476231366,100746.59649293129,100187.03125,2172.15625,5858.312907202582,3.189608005590069e-06,3.6645012363574925e-05,1,BREAK_WEAK_MONSOON,-0.95926470344492,-1.0103953966995372,1,BREAK_WEAK_MONSOON,0.0007445091873198688,0.9992554908120919,5.882546450031836e-13
2017,2017-09-10T00:00:00+00:00,day2_24h,48,47.88589559135299,0.007459070985361217,1.2332380695569694,0.9795929740953683,4.801085919473942,234.93862450667467,100865.580642874,100381.109375,2067.6796875,5867.4379539184865,2.7961809850933193e-06,3.669056488296091e-05,1,BREAK_WEAK_MONSOON,-1.1081743054523818,-0.9263479487791344,1,BREAK_WEAK_MONSOON,0.0008740291049123814,0.9991259708949479,1.3946667283431947e-13
2017,2017-09-10T00:00:00+00:00,day3_24h,72,48.232764275281276,0.007663766360804667,1.5807897569066351,1.4767129618832104,4.5418520743750435,223.10380054315615,100909.62884853635,100380.6953125,2069.3984375,5866.195283394131,2.382785376208752e-06,3.656060004650095e-05,1,BREAK_WEAK_MONSOON,-1.0826351056249524,-0.8755785682752084,1,BREAK_WEAK_MONSOON,0.001400625901766335,0.9985993740977954,4.3837365227606356e-13
2017,2017-09-11T00:00:00+00:00,day1_24h,24,47.3457134795694,0.007324331960159741,1.3551965960489398,0.3910427772308494,4.536171919486038,217.1179694016506,100857.76710665032,100307.0625,2133.203125,5867.493682132785,2.8359246651753907e-06,3.370908401329181e-05,1,BREAK_WEAK_MONSOON,-1.163607287966216,-1.0976986592875133,1,BREAK_WEAK_MONSOON,0.0002810208757849869,0.9997189791241957,1.941057873305401e-14
2017,2017-09-11T00:00:00+00:00,day2_24h,48,47.90049368089759,0.007592321904025225,1.7303579725360592,1.0790393619349468,4.289869005795555,207.5147043806261,100956.85483423476,100401.59375,2034.6015625,5870.18721188112,1.926343864279782e-06,3.46483462034807e-05,1,BREAK_WEAK_MONSOON,-1.2351681782096497,-0.997986431683673,1,BREAK_WEAK_MONSOON,0.0004984694127090849,0.9995015305872622,2.886802966727296e-14
2017,2017-09-11T00:00:00+00:00,day3_24h,72,48.378777355445806,0.007668902358059848,3.0045866944989457,0.5815852390095873,4.907419380405111,247.53071628485912,100910.23590453362,100373.3203125,2023.6015625,5861.63996673779,1.2128762334065497e-06,3.8819947658924805e-05,1,BREAK_WEAK_MONSOON,-1.0191797254529362,-0.7608468941784011,1,BREAK_WEAK_MONSOON,0.006932634826990509,0.9930673651668294,6.180040260401586e-12
2017,2017-09-12T00:00:00+00:00,day1_24h,24,47.78960900965297,0.0075065902776249,1.9298663894240324,1.0426026257938872,4.7116682643209025,232.4206758968904,100904.0972867199,100289.640625,2173.796875,5867.270151374485,2.1493998581672088e-06,3.718147570344177e-05,1,BREAK_WEAK_MONSOON,-0.9349071309383232,-0.9324299206154809,1,BREAK_WEAK_MONSOON,0.001359156764378877,0.998640843232426,3.1950547295354455e-12
2017,2017-09-12T00:00:00+00:00,day2_24h,48,48.21987754451133,0.007545731189328481,3.4562333538478853,0.717113529605213,5.502487722361302,280.0274752959976,100870.22267401565,100257.9765625,2080.0,5859.908501485427,6.919891939060542e-07,4.343083819741443e-05,1,BREAK_WEAK_MONSOON,-0.7178459321299369,-0.6753569963472965,1,BREAK_WEAK_MONSOON,0.017148558719053353,0.9828514402076627,1.0732839330677277e-09
2017,2017-09-12T00:00:00+00:00,day3_24h,72,47.60922671488029,0.007363692746660328,4.4492953793365,-0.4618851168910656,6.085043853589685,303.63211186020334,100715.94658933177,100246.4140625,1857.3984375,5847.810565749046,1.3768181799069293e-06,4.250467228749058e-05,1,BREAK_WEAK_MONSOON,-1.0179258908201627,-0.6722168370369166,1,BREAK_WEAK_MONSOON,0.01646401842169194,0.9835359815676128,1.06952214433358e-11
2017,2017-09-13T00:00:00+00:00,day1_24h,24,47.671905329883735,0.007451312729024148,3.16117822666785,0.48660369081765004,5.385693712996835,271.8892978494543,100823.57569022979,100153.0234375,2184.203125,5857.217086314463,1.8351382691980048e-06,3.9705327656923356e-05,1,BREAK_WEAK_MONSOON,-0.7468419777124391,-0.7911578467180256,1,BREAK_WEAK_MONSOON,0.007024240782884386,0.9929757590557201,1.61395654656891e-10
2017,2017-09-13T00:00:00+00:00,day2_24h,48,47.10474603903537,0.007310740733928037,4.412036154096209,-0.4079011226002207,6.334162660734216,314.71856497477944,100731.69145309491,100268.8828125,2029.6015625,5849.348775595925,1.8931668371953766e-06,4.04898098251024e-05,1,BREAK_WEAK_MONSOON,-0.9864137836459589,-0.6790638937407298,1,BREAK_WEAK_MONSOON,0.0182774224373018,0.9817225775398225,2.2875764751386108e-11
2017,2017-09-13T00:00:00+00:00,day3_24h,72,46.72526318556843,0.007264663575367212,3.892692208111987,-0.5919644614425397,6.094640514345555,301.4248602990809,100721.63683286017,100277.8984375,2092.8046875,5852.322552132386,2.148783896511551e-06,4.1032205895917675e-05,1,BREAK_WEAK_MONSOON,-0.9394521635757904,-0.7886701378523706,1,BREAK_WEAK_MONSOON,0.009564353802605861,0.9904356461743493,2.304481729846205e-11
2017,2017-09-14T00:00:00+00:00,day1_24h,24,47.1009515057346,0.007355816123389634,3.9753370508215777,-0.9763747138675094,5.843422019193204,286.4550409724617,100729.85142034397,100131.2890625,2030.796875,5848.67582220881,1.797758366562332e-06,3.589443210907436e-05,1,BREAK_WEAK_MONSOON,-1.0863707295513467,-0.7864010989178246,1,BREAK_WEAK_MONSOON,0.005709698738943908,0.9942903012597295,1.326662819857876e-12
2017,2017-09-14T00:00:00+00:00,day2_24h,48,46.841631514083495,0.007437624163325423,4.1286728617743655,-0.45537290463438307,6.321399371012225,314.9407354461418,100719.489761559,100244.0078125,2051.0390625,5850.631860347832,2.2427293930044375e-06,3.8823677468912326e-05,1,BREAK_WEAK_MONSOON,-1.039377240805219,-0.6519077438887714,1,BREAK_WEAK_MONSOON,0.016513530335498433,0.983486469650285,1.4216573848361478e-11
2017,2017-09-14T00:00:00+00:00,day3_24h,72,46.63575014358979,0.007341653446648224,4.997809170197123,0.21764131476031073,6.999443160499395,356.0896139030478,100756.5499639896,100254.34375,2001.796875,5853.626627076696,1.9450791477401692e-06,4.410483484704795e-05,1,BREAK_WEAK_MONSOON,-0.8969438012900077,-0.5297934076283259,1,BREAK_WEAK_MONSOON,0.0426744870651859,0.9573255125004047,4.344094219957563e-10
2017,2017-09-15T00:00:00+00:00,day1_24h,24,46.42359957244623,0.007371902592926484,3.767455013294912,-0.8538999978824333,6.033177950839777,293.91260473451086,100684.09476166444,100133.7265625,2160.6015625,5847.820692947057,2.7830338386532348e-06,3.4890053094990704e-05,1,BREAK_WEAK_MONSOON,-1.0574184077609536,-0.7959160180911693,1,BREAK_WEAK_MONSOON,0.005779932132474007,0.9942200678650377,2.4883075996911266e-12
2017,2017-09-15T00:00:00+00:00,day2_24h,48,46.610267460520696,0.007397682107711023,4.898074048392159,0.3256792101035397,7.054815743649383,358.5221361621805,100772.1887920143,100278.6875,2010.796875,5853.37189592699,2.576636097136692e-06,4.232606190619752e-05,1,BREAK_WEAK_MONSOON,-0.9776114194536709,-0.4973741987283631,1,BREAK_WEAK_MONSOON,0.04722899584366426,0.9527710040259725,1.303632649411286e-10
2017,2017-09-15T00:00:00+00:00,day3_24h,72,45.90212682602155,0.007185269882305842,5.570138537340445,0.9764018848833397,8.002371649664349,409.34902448032994,100830.85654646832,100236.484375,2072.1953125,5854.856656264834,2.571467200039512e-06,5.037899327472679e-05,1,BREAK_WEAK_MONSOON,-0.6229084855265329,-0.4076159682750494,1,BREAK_WEAK_MONSOON,0.13719322881343052,0.8628067222442151,4.8942354352764006e-08
2017,2017-09-16T00:00:00+00:00,day1_24h,24,46.334510910496455,0.007315170326814103,4.660791570886245,0.12655195163692085,7.0797198149494704,359.2512448582024,100752.53310347495,100247.3203125,2169.0,5851.45296069756,2.8770152159975985e-06,4.124444153474675e-05,1,BREAK_WEAK_MONSOON,-0.8693801049367235,-0.5481847347071988,1,BREAK_WEAK_MONSOON,0.04560868580557448,0.9543913137754919,4.189337348649444e-10
2017,2017-09-16T00:00:00+00:00,day2_24h,48,45.85118388816901,0.007155863493374595,5.368901769779029,0.7848976429592192,7.801431498382013,398.1187261973942,100855.8011800813,100265.375,1977.3984375,5856.645620837678,1.7522452694245275e-06,4.655119957339108e-05,1,BREAK_WEAK_MONSOON,-0.8937764539336032,-0.4738300651732943,1,BREAK_WEAK_MONSOON,0.04216049678691884,0.957839502450651,7.624301078479127e-10
2017,2017-09-16T00:00:00+00:00,day3_24h,72,44.36317728426992,0.006846876810784958,6.171517469442593,0.479933157676568,8.748167576814655,424.4947034483158,100821.34752998772,99998.8125,2070.203125,5854.764592343592,2.0053805550440273e-06,5.034359783810719e-05,1,BREAK_WEAK_MONSOON,-0.6062373298199127,-0.5420113102862811,1,BREAK_WEAK_MONSOON,0.03439961015512244,0.9656003613592715,2.8485606029769113e-08
2017,2017-09-17T00:00:00+00:00,day1_24h,24,45.46724794220926,0.007082265888654207,5.990495589485979,0.8108215261856655,8.439844420061071,432.6005793880798,100807.10313893287,100096.0,2042.0,5852.625869915409,2.219748279909284e-06,4.4985387065426264e-05,1,BREAK_WEAK_MONSOON,-0.8202134142437258,-0.3775908911729006,1,BREAK_WEAK_MONSOON,0.06912275900239102,0.9308772378149816,3.1826273492803754e-09
2017,2017-09-17T00:00:00+00:00,day2_24h,48,44.01476613629834,0.006700230315274432,6.400602112662869,0.5014596658411102,9.061440321419393,438.7158307515866,100812.6455087681,100023.75,2030.078125,5853.564201165355,1.9521463024854337e-06,4.852778473106873e-05,1,BREAK_WEAK_MONSOON,-0.7639542507377379,-0.5578412373700194,1,BREAK_WEAK_MONSOON,0.020366022354306224,0.9796339748761342,2.7695596113860567e-09
2017,2017-09-17T00:00:00+00:00,day3_24h,72,43.272366857142295,0.006432345910671808,5.702559470708278,-0.27107010947847626,8.117377406833567,374.29325848639525,100761.85839832698,99962.6328125,2185.1171875,5851.015130926267,2.2005406690349058e-06,4.631549979998746e-05,1,BREAK_WEAK_MONSOON,-0.7250334860203522,-0.98819002480891,1,BREAK_WEAK_MONSOON,0.0016972587442674115,0.9983027410663424,1.893900989172713e-10
2017,2017-09-18T00:00:00+00:00,day1_24h,24,43.30121373919025,0.006531842142341577,6.565242752277106,-0.29342768306690337,8.804992964171417,413.53425615758175,100816.12696630853,100025.96875,1988.9609375,5853.204605008295,2.1193094104873936e-06,4.732748399246016e-05,1,BREAK_WEAK_MONSOON,-0.9138834134625708,-0.7723447529826829,1,BREAK_WEAK_MONSOON,0.005314976459209358,0.994685023469683,7.110762751766805e-11
2017,2017-09-18T00:00:00+00:00,day2_24h,48,42.85272117241157,0.006305608477089279,5.702457319469754,-0.5816218882763993,8.134385367850742,366.13247426959606,100766.00636773875,99969.640625,1996.15625,5850.266683245292,3.3084404582465382e-06,4.692051905848073e-05,1,BREAK_WEAK_MONSOON,-0.9255477840509176,-1.0893568416052148,1,BREAK_WEAK_MONSOON,0.0006636962684032693,0.9993363037297658,1.8311632840076046e-12
2017,2017-09-18T00:00:00+00:00,day3_24h,72,43.47798028752871,0.006520246063154961,5.171619360900917,-0.2958853530562363,7.504220340316711,341.2450309955203,100679.23281822349,99929.953125,2044.640625,5840.809311985388,3.6059315505269963e-06,4.656037760208647e-05,1,BREAK_WEAK_MONSOON,-0.8157253774216016,-1.087238331357869,1,BREAK_WEAK_MONSOON,0.0009017348390118693,0.9990982651548215,6.1666236969781904e-12
2017,2017-09-19T00:00:00+00:00,day1_24h,24,41.98299857926032,0.006206767204954651,5.993007299134793,-0.920923421279513,8.287198957320753,365.7346457775063,100718.85818058038,99915.671875,2142.078125,5847.072679330368,3.6989355211835566e-06,4.486221990301939e-05,1,BREAK_WEAK_MONSOON,-0.9043911234376507,-1.1825374159688216,1,BREAK_WEAK_MONSOON,0.0004514543131833147,0.9995485456846963,2.1202621027863325e-12
2017,2017-09-19T00:00:00+00:00,day2_24h,48,43.0248800364325,0.006399440807496025,5.155579884565131,-0.0625616801776645,7.687219892281206,345.97835909355507,100708.47453910773,99871.6328125,2208.9609375,5841.562276484296,3.3659727678971435e-06,4.707363449207602e-05,1,BREAK_WEAK_MONSOON,-0.6346834619308621,-1.1391512853555246,1,BREAK_WEAK_MONSOON,0.000767498262959903,0.9992325016606165,7.642341110996326e-11
2017,2017-09-19T00:00:00+00:00,day3_24h,72,43.87492714733361,0.006610492269502123,4.630333962926959,-0.13906921509468398,6.664341280774972,303.96682827478776,100734.30951512652,100021.84375,2135.0390625,5840.9877479609095,2.8091841732456482e-06,4.0005057375885856e-05,1,BREAK_WEAK_MONSOON,-1.0172460412044408,-1.2073420783711935,1,BREAK_WEAK_MONSOON,0.00027675167467881964,0.9997232483251072,2.1398157692864659e-13
2017,2017-09-20T00:00:00+00:00,day1_24h,24,42.00789725808564,0.006280138487442251,5.476476010224627,0.21746378045763473,7.785607931502047,345.9260890010866,100670.87288747997,99845.59375,2055.8359375,5838.420270098822,3.1921651312921768e-06,4.608693765099204e-05,1,BREAK_WEAK_MONSOON,-0.8937051335636226,-1.2587275467491548,1,BREAK_WEAK_MONSOON,0.000136449108424427,0.9998635508904908,1.0846964852010983e-12
2017,2017-09-20T00:00:00+00:00,day2_24h,48,42.876285056295536,0.006500487971220658,5.105703623880837,-0.19363917970481564,7.080132550208761,318.5178384218716,100757.89562480597,99924.6640625,2206.796875,5841.392773727895,2.693479804277291e-06,4.100080802734068e-05,1,BREAK_WEAK_MONSOON,-0.9288020601222517,-1.2492068639664746,1,BREAK_WEAK_MONSOON,0.0002157467935779112,0.9997842532055126,9.095265746059758e-13
2017,2017-09-20T00:00:00+00:00,day3_24h,72,42.6485271647533,0.0064770992809060415,3.632541575901306,-1.2267335912832757,5.357777930549364,232.74647767697644,100855.65700759573,100116.4765625,2155.3984375,5851.9833503674345,2.12190592693328e-06,3.799791662277341e-05,1,BREAK_WEAK_MONSOON,-1.239775949814664,-1.6854925960745142,1,BREAK_WEAK_MONSOON,9.28882864842359e-06,0.999990711171351,6.045019021577015e-16
2017,2017-09-21T00:00:00+00:00,day1_24h,24,42.10388122203924,0.006409944442766823,5.420217479075201,-0.41715259401443155,7.260910862670578,323.7039417961926,100712.66736553582,99931.8515625,2178.0,5837.516403523059,2.7716515786692356e-06,4.28469256901766e-05,1,BREAK_WEAK_MONSOON,-0.9509223592246241,-1.3149959426518325,1,BREAK_WEAK_MONSOON,0.000157441971700739,0.9998425580276428,6.565491522414066e-13
2017,2017-09-21T00:00:00+00:00,day2_24h,48,42.08932097841872,0.006386019388488498,3.7273456390235853,-1.0430131435714227,5.405469102898011,233.8670466922959,100864.70344223507,100174.921875,2182.71875,5852.0841002602465,2.1520831501548357e-06,3.3456887533977796e-05,1,BREAK_WEAK_MONSOON,-1.480259266405643,-1.7595456902179003,1,BREAK_WEAK_MONSOON,3.1814918276686453e-06,0.9999968185081722,1.732631897336708e-17
2017,2017-09-21T00:00:00+00:00,day3_24h,72,42.1294331876426,0.006343073408062334,3.012715681687175,-0.8996480233627375,4.8830240486445415,218.013422242201,100897.85566621934,100346.28125,2138.0,5857.626425191496,2.3041150500207085e-06,3.5022779155938e-05,1,BREAK_WEAK_MONSOON,-1.5641218740124059,-1.8742082581074826,1,BREAK_WEAK_MONSOON,1.4289501717441902e-06,0.9999985710498283,2.549233437967854e-18
2017,2017-09-22T00:00:00+00:00,day1_24h,24,41.621795846993074,0.006273042562006274,3.9287387251482184,-1.0224452757990639,5.804683699956512,250.41456747290604,100846.90021712592,100135.59375,2045.59375,5849.945399232924,1.9197852855216327e-06,3.4587808045975705e-05,1,BREAK_WEAK_MONSOON,-1.5835585162757386,-1.7559912574326098,1,BREAK_WEAK_MONSOON,1.8576849832487866e-06,0.9999981423150168,3.3577743605180113e-18
2017,2017-09-22T00:00:00+00:00,day2_24h,48,41.716018030539885,0.006297793720760731,3.3690077130547333,-0.84371962935357,5.257620111735252,228.163541730348,100902.29169569995,100261.015625,2159.59375,5856.812884938633,2.1911791390457323e-06,3.573132626252088e-05,1,BREAK_WEAK_MONSOON,-1.4953810978298119,-1.856804059749848,1,BREAK_WEAK_MONSOON,1.5417845852513463e-06,0.9999984582154148,8.599895776113955e-18
2017,2017-09-22T00:00:00+00:00,day3_24h,72,41.679783202876855,0.0063157958196474,4.2547680635203,-1.4114965157412216,6.427316084173349,289.17311877621705,100818.45196389925,100246.921875,1967.515625,5849.759724247947,2.664918898256581e-06,3.940578384025608e-05,1,BREAK_WEAK_MONSOON,-1.529272693847304,-1.5693813210395935,1,BREAK_WEAK_MONSOON,1.2178405092214792e-05,0.9999878215949078,2.976867654210395e-17
2017,2017-09-23T00:00:00+00:00,day1_24h,24,41.07112288264155,0.006178611714360525,2.8535443378948124,-0.9626506474445002,5.010610921396725,211.7016376246353,100885.25685062741,100270.140625,2201.203125,5856.793601043306,2.0948301460238534e-06,3.140132832328134e-05,1,BREAK_WEAK_MONSOON,-1.6896362344118796,-2.0254314690908197,1,BREAK_WEAK_MONSOON,2.5605799449985575e-07,0.9999997439420055,1.822829205109243e-19
2017,2017-09-23T00:00:00+00:00,day2_24h,48,41.56226477207052,0.006351218963781837,4.133867658937112,-0.9700847134800364,6.168083974700173,273.33910668606063,100841.30735508054,100201.6171875,1996.484375,5851.879306104001,2.4066465210071926e-06,3.9340332056371785e-05,1,BREAK_WEAK_MONSOON,-1.484989225665618,-1.6331294051921033,1,BREAK_WEAK_MONSOON,6.5251971568673576e-06,0.9999934748028431,4.325885987334577e-17
2017,2017-09-23T00:00:00+00:00,day3_24h,72,41.12630441718513,0.00630721134351688,3.4546142479803477,-1.3075850752548908,5.826599623592356,259.73146671828965,100771.32175097309,100171.484375,2098.203125,5850.467847635961,3.57499308049363e-06,4.0844951854603286e-05,1,BREAK_WEAK_MONSOON,-1.3413892155396663,-1.7601082231567986,1,BREAK_WEAK_MONSOON,4.507249040958481e-06,0.999995492750959,9.500137130941295e-17
2017,2017-09-24T00:00:00+00:00,day1_24h,24,41.05902841982421,0.006242454333328596,3.9083692129147116,-1.5956033283221025,6.022770830643876,259.9831247415843,100803.37059017425,100213.0625,1895.1953125,5847.52304218129,2.5758222385989653e-06,3.525249150350513e-05,1,BREAK_WEAK_MONSOON,-1.799566710307006,-1.7661398333955516,1,BREAK_WEAK_MONSOON,1.432983380312153e-06,0.9999985670166198,1.2377474838927506e-19
2017,2017-09-24T00:00:00+00:00,day2_24h,48,40.68912666654955,0.006170355735913146,3.0488158384215067,-1.3656289208538255,5.643655809659949,249.143920532697,100765.64757419829,100209.1875,2104.0,5849.912835993989,3.5276731280864787e-06,3.798947226692766e-05,1,BREAK_WEAK_MONSOON,-1.511512933033475,-1.8972448364818149,1,BREAK_WEAK_MONSOON,1.0952014836136191e-06,0.9999989047985165,3.007214106309697e-18
2017,2017-09-24T00:00:00+00:00,day3_24h,72,41.39738415617594,0.006318690781202236,2.6691671980912597,-0.46131117640588815,5.6738808936961975,261.2195751152032,100808.051938891,100350.2265625,1898.0,5855.390006509645,3.5847076461469684e-06,4.329015885733976e-05,1,BREAK_WEAK_MONSOON,-1.5278016528309988,-1.7488300874828124,1,BREAK_WEAK_MONSOON,2.1935472670416303e-06,0.9999978064527331,5.312074367232586e-18
2017,2017-09-25T00:00:00+00:00,day1_24h,24,40.809428659821094,0.006165616479611763,3.1706227559215474,-1.5712264837722603,5.671541812598531,249.92732764726316,100739.33802338205,100215.265625,1988.1953125,5846.819655522763,3.5684032075413005e-06,3.5927691567877024e-05,1,BREAK_WEAK_MONSOON,-1.7028608660723488,-1.8838545115521623,1,BREAK_WEAK_MONSOON,8.111383049609227e-07,0.999999188861695,1.4830994826409384e-19
2017,2017-09-25T00:00:00+00:00,day2_24h,48,41.28754100603264,0.006240923882458744,2.613406213682698,-0.3743825048212283,5.404528404635892,244.76308071904566,100820.9887444401,100378.3828125,1886.796875,5856.655251868098,3.3552546166976146e-06,3.844623312506242e-05,1,BREAK_WEAK_MONSOON,-1.7621814686100818,-1.8593465723668954,1,BREAK_WEAK_MONSOON,5.653570824142187e-07,0.9999994346429176,9.034468229544313e-20
2017,2017-09-25T00:00:00+00:00,day3_24h,72,41.658010479314626,0.006490893342059478,3.293152657498056,0.07704880788842099,5.967325484332905,279.5603232417068,100774.91728886285,100290.234375,2032.6015625,5852.682689743709,4.189981527684902e-06,3.9983766943393254e-05,1,BREAK_WEAK_MONSOON,-1.4706225904683885,-1.5811932264679538,1,BREAK_WEAK_MONSOON,7.87756610624921e-06,0.9999921224338939,5.316154957494416e-17
2017,2017-09-26T00:00:00+00:00,day1_24h,24,41.22955316251441,0.0062845855597264575,2.259271942461177,-0.5664778039253208,5.461853512720037,243.7505684023742,100837.15463750069,100426.203125,1827.1953125,5857.7454104469625,3.656207809697849e-06,3.9481387389217354e-05,1,BREAK_WEAK_MONSOON,-1.8133857781389082,-1.8419913840850342,1,BREAK_WEAK_MONSOON,5.969915653080391e-07,0.9999994030084347,3.737358204110496e-20
2017,2017-09-26T00:00:00+00:00,day2_24h,48,41.560416742321785,0.0064861481131789755,3.012744887285805,-0.02663903676868888,5.729941908363113,259.43670844030925,100789.7774966369,100308.234375,1884.0,5854.097940066612,4.015945886015059e-06,3.9262981915223045e-05,1,BREAK_WEAK_MONSOON,-1.6653347957401352,-1.6660279093857824,1,BREAK_WEAK_MONSOON,2.4947613813480884e-06,0.9999975052386186,1.3162403923934058e-18
2017,2017-09-26T00:00:00+00:00,day3_24h,72,41.51859935050404,0.006296376476000648,3.9498291751437273,-0.05546402104165413,6.238173345002813,283.56499450718377,100798.9217139175,100199.0703125,2028.0,5856.191532771297,4.3156751413848515e-06,4.238251347079519e-05,1,BREAK_WEAK_MONSOON,-1.3325310821322702,-1.6267521791218311,1,BREAK_WEAK_MONSOON,8.298269674021714e-06,0.9999917017303257,2.1449044503757308e-16
2017,2017-09-27T00:00:00+00:00,day1_24h,24,41.26781822946809,0.006394937659908112,3.0452105086463255,-0.44541018622184675,5.85019058685555,262.8801321883507,100797.65568847102,100350.21875,2006.203125,5853.406676466238,4.194360220684675e-06,3.683876316326525e-05,1,BREAK_WEAK_MONSOON,-1.6941339615980242,-1.7036427427281908,1,BREAK_WEAK_MONSOON,2.5244513355376126e-06,0.9999974755486645,8.408415341787104e-19
2017,2017-09-27T00:00:00+00:00,day2_24h,48,41.303103301913396,0.0062535051558667626,3.5904246032411367,0.04764123493648822,5.896151059232405,265.4095188233542,100804.14292403405,100234.625,1992.0,5854.962642184175,4.345647254339689e-06,4.049144221138801e-05,1,BREAK_WEAK_MONSOON,-1.484804016583832,-1.745185865823159,1,BREAK_WEAK_MONSOON,2.52427006359145e-06,0.9999974757299362,8.937052645893963e-18
2017,2017-09-27T00:00:00+00:00,day3_24h,72,41.25987095828562,0.0061318751052333404,2.2703223275925897,-0.49463804120010074,5.4545915311718725,239.01422017953644,100925.06486663401,100427.5390625,1986.1953125,5867.544512589437,2.4097272586306605e-06,4.185134635559631e-05,1,BREAK_WEAK_MONSOON,-1.5591416461548178,-1.9113520925683825,1,BREAK_WEAK_MONSOON,5.591769079921762e-07,0.9999994408230919,1.9648574959978746e-18
2017,2017-09-28T00:00:00+00:00,day1_24h,24,41.19111414883759,0.006155052300269178,3.892674764094226,-0.15683525137646762,6.18791647408168,274.9830214894902,100770.50121881669,100204.3671875,1932.0,5852.2039974837635,4.382326849821068e-06,4.019921991864743e-05,1,BREAK_WEAK_MONSOON,-1.5461207306942293,-1.7353941452563053,1,BREAK_WEAK_MONSOON,2.343357325204503e-06,0.9999976566426749,3.1372298201291173e-18
2017,2017-09-28T00:00:00+00:00,day2_24h,48,41.11825383196996,0.005994379642780855,2.325727213570592,-0.23285461615911848,5.293689692078502,228.51395960027324,100920.35656280507,100464.2578125,1996.9609375,5867.093946082687,2.8034233202490044e-06,4.1085051950538114e-05,1,BREAK_WEAK_MONSOON,-1.6143435373950679,-2.021183878890045,1,BREAK_WEAK_MONSOON,2.6822879472529365e-07,0.9999997317712053,3.5980243863956814e-19
2017,2017-09-28T00:00:00+00:00,day3_24h,72,41.3870044673651,0.00600502047058106,1.7662697670193346,-0.38061931428925366,4.8197744743936894,202.29904452815748,100983.3569168211,100459.34375,1889.59375,5874.433532197829,1.5284027678884478e-06,3.6306915081244484e-05,1,BREAK_WEAK_MONSOON,-1.8884788595624116,-2.1127526581130653,1,BREAK_WEAK_MONSOON,4.50112107904517e-08,0.9999999549887892,3.415100718378907e-21
2017,2017-09-29T00:00:00+00:00,day1_24h,24,40.33075093180281,0.0058804641319333386,2.2951216719014305,-0.589556408090958,5.271511382660128,223.6384709096613,100893.63755581602,100352.171875,2038.40625,5865.390638496259,2.5283387789463084e-06,3.784572266292459e-05,1,BREAK_WEAK_MONSOON,-1.7007919586874716,-2.145454186415829,1,BREAK_WEAK_MONSOON,7.09140226430216e-08,0.9999999290859772,4.821710006966883e-20
2017,2017-09-29T00:00:00+00:00,day2_24h,48,40.56701639067825,0.00589705515109672,1.4521186498310077,-0.3965010078991314,4.653116419259846,191.7370842955618,100962.89469699572,100454.2578125,1917.765625,5872.133477002476,1.5098391689534473e-06,3.555823679795057e-05,1,BREAK_WEAK_MONSOON,-1.956251235880321,-2.2682285278685974,1,BREAK_WEAK_MONSOON,1.1893862850619152e-08,0.9999999881061371,5.409450044825012e-22
2017,2017-09-29T00:00:00+00:00,day3_24h,72,40.47150566169939,0.005891131290676951,2.4525963058999,-0.693329139756996,5.051754556220413,205.9787258334152,100836.31541338441,100373.9296875,1853.6015625,5858.995877371661,2.838187727305911e-06,3.885310582015105e-05,1,BREAK_WEAK_MONSOON,-1.843437860259162,-2.1966315417071316,1,BREAK_WEAK_MONSOON,4.758440998857567e-08,0.99999995241559,2.6939479837927255e-21
2017,2017-09-30T00:00:00+00:00,day1_24h,24,40.75573964242323,0.005983708465245939,2.1310316091664783,-0.6373334321340378,5.070162039728835,210.40973014971343,100985.20239400989,100415.25,1843.203125,5871.736596001102,1.8610404682080545e-06,3.61379989689498e-05,1,BREAK_WEAK_MONSOON,-1.966000742626128,-2.1241490018854607,1,BREAK_WEAK_MONSOON,3.821189827347051e-08,0.9999999617881018,9.920565575153263e-22
2017,2017-09-30T00:00:00+00:00,day2_24h,48,40.18043053096252,0.005803380347518839,2.472671332965477,-0.7769481975873092,5.001093860791127,205.3363268632683,100861.82939672798,100422.7109375,1848.796875,5861.3318833081585,2.3859883581114564e-06,3.718672042672302e-05,1,BREAK_WEAK_MONSOON,-1.9704513352606066,-2.263336162069642,1,BREAK_WEAK_MONSOON,2.2417920665809203e-08,0.9999999775820795,4.0569405419083526e-22
2017,2017-09-30T00:00:00+00:00,day3_24h,72,39.86698630489233,0.005674374795544017,2.4263243504934318,-0.5265496045163542,4.941308676123747,200.81905633616694,100831.48700732112,100447.1875,1824.796875,5859.845415948382,2.508213673703319e-06,3.9440097707850615e-05,1,BREAK_WEAK_MONSOON,-1.9438996349735347,-2.3580322787519403,1,BREAK_WEAK_MONSOON,1.2385346932383313e-08,0.9999999876146529,3.2012004287593083e-22
2018,2018-06-01T00:00:00+00:00,day1_24h,24,44.25730995044645,0.0066996195944479505,5.2584295737823945,1.0770953466158246,7.357550072587248,333.4455672710359,100530.04867347704,99602.0859375,2488.203125,5855.75609529292,4.538844145232522e-06,4.779377670097244e-05,1,BREAK_WEAK_MONSOON,-0.060310879345428864,-0.9873333624868885,1,BREAK_WEAK_MONSOON,0.0036099258268263703,0.9963887629134627,1.3112597110471496e-06
2018,2018-06-01T00:00:00+00:00,day2_24h,48,45.99975483671942,0.006996910688930063,6.122735731218424,1.351005108272982,8.005546750848778,373.2230796447313,100481.40287724997,99604.984375,2569.6015625,5850.823646795013,5.423506030732742e-06,5.247528526236441e-05,1,BREAK_WEAK_MONSOON,0.35300631535970994,-0.5544533540999294,1,BREAK_WEAK_MONSOON,0.23957085882669446,0.7548075708740611,0.005621570299244335
2018,2018-06-01T00:00:00+00:00,day3_24h,72,47.10206682668119,0.0072349219705765576,6.943862781997397,1.3097152174261513,9.042170735247598,432.75708612960256,100326.73627576325,99283.734375,3251.796875,5840.454607232559,5.200428112556086e-06,5.669778108321038e-05,2,LOW_DEPRESSION_INFLUENCED,1.4871630945675096,-0.10529918815795705,2,LOW_DEPRESSION_INFLUENCED,1.629518517788299e-05,1.823864897186433e-07,0.9999835224283324
2018,2018-06-02T00:00:00+00:00,day1_24h,24,45.47248696853134,0.006927316710846572,6.067816994572878,1.017805915876312,7.7870650295136645,360.45212145581104,100480.69828844994,99504.9453125,2664.3984375,5848.604102018101,5.143501060175453e-06,4.84278671221412e-05,1,BREAK_WEAK_MONSOON,0.30035205179360036,-0.6818457594991157,1,BREAK_WEAK_MONSOON,0.09482938299135442,0.9037946652701863,0.0013759517384592233
2018,2018-06-02T00:00:00+00:00,day2_24h,48,46.64405463755309,0.0071728138833354734,6.923629595681851,1.1081785512874918,8.546901464469615,404.8362208363107,100371.73612618943,99259.328125,3192.9609375,5843.687354822558,4.419082585347849e-06,4.947801469720862e-05,2,LOW_DEPRESSION_INFLUENCED,1.1132739337226492,-0.29260866545428615,2,LOW_DEPRESSION_INFLUENCED,0.0009618079673407147,0.00011394018856526254,0.9989242518440941
2018,2018-06-02T00:00:00+00:00,day3_24h,72,48.048384994106364,0.007471966300431242,6.569136604773362,1.6076612528970688,9.098332944462244,448.1690808962817,100394.51421627594,99423.8359375,3214.6015625,5848.0908390511595,3.7331960693910295e-06,4.8563339348707706e-05,2,LOW_DEPRESSION_INFLUENCED,1.1117473623394492,0.10871922264056534,2,LOW_DEPRESSION_INFLUENCED,0.000435760099167296,4.437914234876626e-06,0.9995598019865978
2018,2018-06-03T00:00:00+00:00,day1_24h,24,46.693670959467745,0.0071479732840146765,6.566719600129509,1.0084259291812978,8.416360802615618,402.1223656375486,100358.4014475313,99242.7734375,3147.203125,5841.244534047885,4.773710247920164e-06,4.57721024262901e-05,2,LOW_DEPRESSION_INFLUENCED,0.9322657609063795,-0.32074775831664853,2,LOW_DEPRESSION_INFLUENCED,0.01520932711825804,0.0037765948499279074,0.981014078031814
2018,2018-06-03T00:00:00+00:00,day2_24h,48,48.361902729149314,0.007545640869605844,5.8813370360400254,1.709943845879848,8.342893284121558,412.40842947707785,100434.56028737137,99537.6328125,3038.234375,5850.365982301749,3.476028247539015e-06,4.534380573694547e-05,2,LOW_DEPRESSION_INFLUENCED,0.7627844431024265,-0.010890441091199105,2,LOW_DEPRESSION_INFLUENCED,0.0399256023489318,0.0021144615303115557,0.9579599361207566
2018,2018-06-03T00:00:00+00:00,day3_24h,72,49.964555883230126,0.007933942299759657,6.039688250869231,2.3596470787883383,8.644936265133053,439.28142396174997,100597.5880810027,99618.9296875,2864.3203125,5865.484998488797,2.5275961055204114e-06,4.671432090147069e-05,2,LOW_DEPRESSION_INFLUENCED,0.7301442968201236,0.37404590164386853,2,LOW_DEPRESSION_INFLUENCED,0.03294424411802877,0.00021504140543398555,0.9668407144765372
2018,2018-06-04T00:00:00+00:00,day1_24h,24,47.38121870178591,0.0073549301135713,4.805546312085055,1.243743624792453,7.423938053612905,356.1457346454961,100451.88283701817,99487.359375,3607.203125,5851.946524462162,3.8014649296193336e-06,4.22513498689083e-05,2,LOW_DEPRESSION_INFLUENCED,1.1463535722957527,-0.4091412542005809,2,LOW_DEPRESSION_INFLUENCED,0.00031844656523647,7.221273875318123e-05,0.9996093406960103
2018,2018-06-04T00:00:00+00:00,day2_24h,48,48.6921001463798,0.0077223108018507755,5.41844866072069,1.7266452848300193,7.536168546799168,370.7995951939779,100654.95673818367,99725.890625,2864.3984375,5870.533324637507,1.9888915708299634e-06,4.520670479519959e-05,0,ACTIVE_MONSOON,0.4964382105923663,-0.10792646232171932,2,LOW_DEPRESSION_INFLUENCED,0.2881854608707347,0.05689681342986391,0.6549177256994014
2018,2018-06-04T00:00:00+00:00,day3_24h,72,49.355162335007684,0.007765078135183691,8.356715128885698,1.5267857702929342,9.723092193757163,494.0547545467255,100556.36274676131,99344.5546875,3058.3984375,5864.236357244246,2.5692402277515645e-06,4.853606242801543e-05,2,LOW_DEPRESSION_INFLUENCED,1.1152349006132676,0.5144535446844114,2,LOW_DEPRESSION_INFLUENCED,0.0002047828052276189,1.4372566613328292e-07,0.9997950734691063
2018,2018-06-05T00:00:00+00:00,day1_24h,24,48.62364760328464,0.007739926112121205,5.459915266760824,1.6376902509101925,7.782413746108388,386.4953192696524,100650.88714464518,99638.0703125,2929.6015625,5869.825801750713,2.520432497929758e-06,4.3469952062049084e-05,0,ACTIVE_MONSOON,0.539073538266172,-0.0406281115021947,2,LOW_DEPRESSION_INFLUENCED,0.24646581581367824,0.032094969222739564,0.7214392149635822
2018,2018-06-05T00:00:00+00:00,day2_24h,48,49.50825410808659,0.00783077666448447,8.470281019400637,1.7000417095061706,9.811500593388464,503.6338203314961,100572.25366117676,99326.390625,2783.796875,5865.098775074968,2.9348712057770313e-06,4.7250815379739886e-05,2,LOW_DEPRESSION_INFLUENCED,0.817126359284306,0.5857045080932225,2,LOW_DEPRESSION_INFLUENCED,0.012846665734466306,1.4927418955685983e-05,0.987138406846578
2018,2018-06-05T00:00:00+00:00,day3_24h,72,49.21189933028525,0.007637652637490736,10.91321064581331,1.2378055952602753,12.653436936942049,647.2554677168692,100350.0977210259,98892.3828125,3290.796875,5849.644064172902,3.3689632149464403e-06,5.054972049091971e-05,2,LOW_DEPRESSION_INFLUENCED,1.6954121821950763,1.1627459249318477,2,LOW_DEPRESSION_INFLUENCED,1.1919754116499848e-07,4.634234690497838e-13,0.9999998808019954
2018,2018-06-06T00:00:00+00:00,day1_24h,24,49.18539673916998,0.007752882294444674,8.365639309540597,1.0785851813007694,9.831528076311075,504.6623621539484,100541.84015263148,99374.609375,2906.203125,5862.613804859386,3.849327932498532e-06,4.852334595050353e-05,2,LOW_DEPRESSION_INFLUENCED,0.9322178790314528,0.5328582609037765,2,LOW_DEPRESSION_INFLUENCED,0.0063008244916121035,4.294515948211721e-06,0.9936948809924397
2018,2018-06-06T00:00:00+00:00,day2_24h,48,49.08576585667692,0.007711160620606346,10.48768501273026,1.4910884552309442,12.144112803757961,622.7016128723142,100346.18617629864,99016.78125,3195.6015625,5850.152237106514,3.890153564882196e-06,5.668817456029487e-05,2,LOW_DEPRESSION_INFLUENCED,1.7630120058606875,1.0624435148431122,2,LOW_DEPRESSION_INFLUENCED,6.701023313189597e-08,3.1089473894191683e-13,0.999999932989456
2018,2018-06-06T00:00:00+00:00,day3_24h,72,49.12036776813935,0.007662956017017379,11.900692657924091,1.699774585813004,14.020627198488354,716.5464210644784,100201.20858738631,98979.171875,2675.0,5839.240687293874,3.53041058933908e-06,6.202627892823623e-05,2,LOW_DEPRESSION_INFLUENCED,1.4942168773480884,1.4917667291751304,2,LOW_DEPRESSION_INFLUENCED,1.3529878476612321e-06,1.1597470637318617e-12,0.9999986470109925
2018,2018-06-07T00:00:00+00:00,day1_24h,24,48.542194298140295,0.0075737743219658656,9.999002385845873,1.02597762706133,12.060545747312538,611.5191860814106,100321.82189537126,98987.765625,3087.3984375,5847.699855630367,4.76289663649371e-06,5.6747745070381636e-05,2,LOW_DEPRESSION_INFLUENCED,1.6318928753960373,0.9273733582842146,2,LOW_DEPRESSION_INFLUENCED,9.531607820984533e-07,1.4869750815797632e-11,0.9999990468243481
2018,2018-06-07T00:00:00+00:00,day2_24h,48,48.87946409905799,0.0076312770638089274,11.760733767347903,1.9818552977298718,13.920672577253077,708.4898293604533,100189.33640415377,98964.2890625,2575.6015625,5836.242075250121,4.048583596890457e-06,6.0280482353514246e-05,2,LOW_DEPRESSION_INFLUENCED,1.3148332568685959,1.4286170302316092,2,LOW_DEPRESSION_INFLUENCED,1.8464532895710176e-05,4.309912771957685e-11,0.9999815354240051
2018,2018-06-07T00:00:00+00:00,day3_24h,72,49.06559216891857,0.00772401635496402,12.052197678579445,1.7919883017454226,14.25950207160039,732.6630303706539,100129.69327844538,99075.46875,2213.4375,5834.086709945023,5.38371413093482e-06,6.331692688127945e-05,2,LOW_DEPRESSION_INFLUENCED,1.0282293461246466,1.5773953511968466,2,LOW_DEPRESSION_INFLUENCED,0.001809237408970915,2.092788748717782e-09,0.9981907604982403
2018,2018-06-08T00:00:00+00:00,day1_24h,24,47.69218573293184,0.007427915999179594,11.722078387926485,1.6761075304788406,13.656672572696818,682.6015455486832,100160.96485441543,98904.828125,2736.9609375,5832.962767644819,4.747162235505738e-06,6.11100307445526e-05,2,LOW_DEPRESSION_INFLUENCED,1.4454152199271852,1.1583331958684548,2,LOW_DEPRESSION_INFLUENCED,4.628615416725885e-06,3.620723786050973e-11,0.9999953713483761
2018,2018-06-08T00:00:00+00:00,day2_24h,48,47.8183249828933,0.007544221166125161,12.035384504761469,1.4154710299099007,13.994251901673206,705.5529808619224,100149.68015725729,98926.0234375,2499.0390625,5835.675220714553,5.546696754497679e-06,6.0528064012234275e-05,2,LOW_DEPRESSION_INFLUENCED,1.1851480667956504,1.3085416601316973,2,LOW_DEPRESSION_INFLUENCED,0.00018175254181832106,9.014771557769592e-10,0.9998182465567045
2018,2018-06-08T00:00:00+00:00,day3_24h,72,47.45980791828791,0.007337209225042485,12.075224995570233,1.2233050379173276,13.605058193986196,689.4950732053637,100201.0440741893,98902.3203125,2261.796875,5841.515034533274,4.82272144930683e-06,5.172901958336213e-05,0,ACTIVE_MONSOON,0.5795704189105352,1.1121019680967543,2,LOW_DEPRESSION_INFLUENCED,0.2147806877435491,2.666809016067827e-05,0.7851926441662903
2018,2018-06-09T00:00:00+00:00,day1_24h,24,47.333329166698306,0.007322931457036735,11.882277235479902,1.526373294848828,14.062486150234783,706.5127189239298,100135.67613791363,98893.421875,2432.15625,5831.848372333341,6.490525852619906e-06,6.134667248617947e-05,2,LOW_DEPRESSION_INFLUENCED,1.13258360419908,1.1914090427808999,2,LOW_DEPRESSION_INFLUENCED,0.0009357697047949501,1.2238459197591623e-08,0.9990642180567458
2018,2018-06-09T00:00:00+00:00,day2_24h,48,46.76642322227148,0.007056596860914136,11.82546176254091,1.5572822587987618,13.388873926445878,673.0543931321081,100229.24097488343,98958.4765625,2214.0,5840.692606818291,4.814639183006644e-06,5.161807463222234e-05,0,ACTIVE_MONSOON,0.4353618902466131,0.8795390813967372,0,ACTIVE_MONSOON,0.6512077563464289,0.000592517098265173,0.34819972655530584
2018,2018-06-09T00:00:00+00:00,day3_24h,72,45.640773009134996,0.006578457144190742,12.59364309755741,1.0837392578531857,13.916127715882114,667.7308569440161,100234.59080007045,98698.4296875,2486.203125,5838.22588182398,4.805377890622891e-06,5.687669371844127e-05,2,LOW_DEPRESSION_INFLUENCED,0.9849125588731782,0.6510510376320422,2,LOW_DEPRESSION_INFLUENCED,0.0032018025086222226,3.6382201832745986e-06,0.9967945592711945
2018,2018-06-10T00:00:00+00:00,day1_24h,24,45.78970102323856,0.00687113804826539,11.701033554154682,1.3275079379449781,13.167063165695591,645.9015414383813,100197.10647924578,99015.265625,2135.1953125,5836.827832993108,5.9045611396657695e-06,5.026711331882875e-05,0,ACTIVE_MONSOON,0.18634427066777487,0.6363145760154225,0,ACTIVE_MONSOON,0.982834033913712,0.005603457813754264,0.011562508272533623
2018,2018-06-10T00:00:00+00:00,day2_24h,48,44.830106095219094,0.006391290833174767,12.22741898980151,1.4019187148526921,13.538566376887902,637.7017043402383,100253.91563444497,98738.140625,2482.796875,5837.268211773289,5.327920175591329e-06,5.9615792495256604e-05,2,LOW_DEPRESSION_INFLUENCED,1.0005561347609004,0.39499712232603673,2,LOW_DEPRESSION_INFLUENCED,0.0037223362200514147,2.0772899234963236e-05,0.9962568908807137
2018,2018-06-10T00:00:00+00:00,day3_24h,72,44.506957630765264,0.006310126448207582,12.319291951906308,1.481793785060902,13.470790574166777,629.7387647473205,100235.40515475531,98687.1015625,2460.796875,5832.993342695869,5.848950959809971e-06,6.421113840823336e-05,2,LOW_DEPRESSION_INFLUENCED,1.17042553651341,0.30968641005003544,2,LOW_DEPRESSION_INFLUENCED,0.0008435751398839982,4.929873457516104e-06,0.9991514949866583
2018,2018-06-11T00:00:00+00:00,day1_24h,24,44.09152086110109,0.00635178081123268,12.155350626542129,1.2864003972454028,13.471793732117833,626.0466147957956,100210.29432411563,98695.1953125,2466.1953125,5831.985134583939,6.10781270521342e-06,5.726486859158852e-05,2,LOW_DEPRESSION_INFLUENCED,0.8540814813780964,0.2834351321597931,2,LOW_DEPRESSION_INFLUENCED,0.030638209693559283,0.00048671526766430704,0.9688750750387765
2018,2018-06-11T00:00:00+00:00,day2_24h,48,43.62210787031153,0.006163231046413375,12.436458886509143,1.328400321618955,13.541154766316744,621.9346702727813,100257.7640074378,98714.640625,2480.796875,5831.688093244544,5.806284759579608e-06,6.537130697404191e-05,2,LOW_DEPRESSION_INFLUENCED,1.1463875837946007,0.1693249765423286,2,LOW_DEPRESSION_INFLUENCED,0.0009640578665182513,1.2779976701767214e-05,0.9990231621567801
2018,2018-06-11T00:00:00+00:00,day3_24h,72,43.23375200452228,0.006042043017099176,12.176113046133096,0.8441214384250169,13.223331529542417,592.7047852884743,100275.2037438707,98798.6640625,2376.0,5832.807195865566,4.45937362542937e-06,5.2609904908565795e-05,0,ACTIVE_MONSOON,0.4405191018480614,-0.016219241391047134,0,ACTIVE_MONSOON,0.5937662654297785,0.17828504254011202,0.2279486920301094
2018,2018-06-12T00:00:00+00:00,day1_24h,24,42.30325078185049,0.005928609753793243,12.509618986793143,1.4256425879243961,13.656978633998117,613.8122883950449,100201.75259516708,98654.765625,2465.203125,5827.027777779578,5.227597804347812e-06,6.318710325046081e-05,2,LOW_DEPRESSION_INFLUENCED,0.9699326133735968,-0.03684618308800258,2,LOW_DEPRESSION_INFLUENCED,0.003223240721531937,0.0003961659288560763,0.9963805933496119
2018,2018-06-12T00:00:00+00:00,day2_24h,48,42.46190152613008,0.005909791011782421,12.26780662898227,0.7570131233535496,13.396565444527173,591.0158641261181,100306.8277828872,98788.421875,2394.0,5832.196457773956,4.086285933849997e-06,5.3895618419833393e-05,1,BREAK_WEAK_MONSOON,0.4525662764216342,-0.11479205804767223,0,ACTIVE_MONSOON,0.4483689724977963,0.2677093028426527,0.28392172465955107
2018,2018-06-12T00:00:00+00:00,day3_24h,72,42.57142329226374,0.006072607088879708,11.177294260245672,1.084759075210909,12.484521028041724,545.5988686522553,100325.90550716208,98838.0390625,2348.3984375,5833.248380946811,3.7443979227341272e-06,4.9168002732037274e-05,1,BREAK_WEAK_MONSOON,0.19396791329514512,-0.25740673566125816,1,BREAK_WEAK_MONSOON,0.19882718286625112,0.7943370416548798,0.006835775478868943
2018,2018-06-13T00:00:00+00:00,day1_24h,24,41.94466891567729,0.005887211429620141,11.912924459731148,0.9493700995247557,13.05340794289865,568.4805112895419,100259.0629964875,98761.7265625,2347.1953125,5828.6909046884475,4.722632155901214e-06,5.346127240954936e-05,1,BREAK_WEAK_MONSOON,0.36250581758367323,-0.26026729176799246,1,BREAK_WEAK_MONSOON,0.2997557291625103,0.6507441236850431,0.049500147152446654
2018,2018-06-13T00:00:00+00:00,day2_24h,48,42.550332743386164,0.006134672823072802,11.251971752445543,0.7437681751268851,12.593089972415141,548.6580320956415,100354.07575936572,98818.8671875,2463.6015625,5834.058900462697,4.051204216418962e-06,5.20215578790282e-05,1,BREAK_WEAK_MONSOON,0.4332904327486599,-0.2141607421498012,1,BREAK_WEAK_MONSOON,0.364939096503306,0.4519627108721329,0.1830981926245609
2018,2018-06-13T00:00:00+00:00,day3_24h,72,43.3338220925662,0.006317106341014711,11.15193326661274,1.1669651984549028,12.469504475199615,562.478767337014,100429.36063099721,98881.2890625,2687.6015625,5837.465600654652,2.794839148411075e-06,5.115020783970247e-05,2,LOW_DEPRESSION_INFLUENCED,0.6444454270672758,-0.06138741526877339,2,LOW_DEPRESSION_INFLUENCED,0.04633141779710478,0.0133816856248093,0.940286896578086
2018,2018-06-14T00:00:00+00:00,day1_24h,24,42.03801427258792,0.005997205308116883,11.055978016879513,0.6939737438230889,12.335039649265589,528.4999025752851,100323.10600828312,98625.0859375,2639.203125,5832.355436540166,3.3774781580432343e-06,4.9508318473481617e-05,1,BREAK_WEAK_MONSOON,0.5820495025291749,-0.38864495743775196,2,LOW_DEPRESSION_INFLUENCED,0.08856883517577337,0.42538282451930576,0.4860483403049208
2018,2018-06-14T00:00:00+00:00,day2_24h,48,42.884283750760666,0.006168390836874986,11.134740511505582,1.16088904616199,12.464490396507792,551.6938539323418,100432.29361745309,98848.453125,2427.40625,5837.395203671728,2.5864596152126797e-06,5.3511827788219864e-05,1,BREAK_WEAK_MONSOON,0.46756258584194255,-0.18236840237232355,2,LOW_DEPRESSION_INFLUENCED,0.24341793310032137,0.3298209805827486,0.42676108631693005
2018,2018-06-14T00:00:00+00:00,day3_24h,72,43.392006762604005,0.006438334611188715,11.226385400071493,0.30320631203031434,12.288835256099567,556.8047353374511,100447.58003012047,99059.2265625,2385.0,5837.457001138503,2.520196513663218e-06,5.194285439405404e-05,0,ACTIVE_MONSOON,0.27304116973378073,-0.04398840647078278,0,ACTIVE_MONSOON,0.6771898572516781,0.22365517144080277,0.09915497130751913
2018,2018-06-15T00:00:00+00:00,day1_24h,24,42.146602442214565,0.00601696109832174,10.56824247723292,1.1554900524326572,11.743472231868495,507.07970485886136,100453.7837854871,98790.4140625,2457.3984375,5840.5131625319555,2.661288803573971e-06,5.062294610368249e-05,1,BREAK_WEAK_MONSOON,0.35454019941763776,-0.493957535193838,1,BREAK_WEAK_MONSOON,0.0506969546256629,0.9275899331895449,0.021713112184792348
2018,2018-06-15T00:00:00+00:00,day2_24h,48,42.83337851833601,0.006348732427535151,10.980062017036522,0.49146412252767335,11.927992957167898,529.2963005627081,100488.58626651071,99086.1640625,2232.0,5840.793016978729,3.015119595340796e-06,5.196459056662733e-05,1,BREAK_WEAK_MONSOON,0.06021183416768672,-0.2327576408455245,1,BREAK_WEAK_MONSOON,0.32446669815317586,0.6731571121051861,0.002376189741638041
2018,2018-06-15T00:00:00+00:00,day3_24h,72,42.27515202010426,0.0064094770368058294,10.75517802891786,0.3799126384880669,11.436968812952319,506.02866997873286,100369.87626687721,98985.578125,2324.796875,5831.94764476549,2.488304919332911e-06,4.5667588533930285e-05,1,BREAK_WEAK_MONSOON,-0.08798199090633668,-0.36889075693525303,1,BREAK_WEAK_MONSOON,0.09427696729454238,0.905447161740853,0.0002758709646044389
2018,2018-06-16T00:00:00+00:00,day1_24h,24,42.527972312799385,0.006228849111249126,10.61471778464633,0.7915342138030047,11.58669258039092,508.5186503476847,100497.43317039347,99106.8828125,2238.796875,5840.291990654549,2.8119498358420593e-06,5.231326439029703e-05,1,BREAK_WEAK_MONSOON,0.04271958579119134,-0.3948985641406053,1,BREAK_WEAK_MONSOON,0.11918148917151598,0.880050513155646,0.0007679976728381249
2018,2018-06-16T00:00:00+00:00,day2_24h,48,42.28975516696473,0.006336727992821132,10.624881852007544,0.4378799155720724,11.351783620389112,505.30650415173574,100408.14392936286,99003.859375,2394.8046875,5830.990749684694,2.2437748344308306e-06,4.4399431893803185e-05,1,BREAK_WEAK_MONSOON,-0.08081973992030123,-0.40873356258006155,1,BREAK_WEAK_MONSOON,0.07639046350530455,0.9233875209319444,0.00022201556275101806
2018,2018-06-16T00:00:00+00:00,day3_24h,72,42.56072439611949,0.006490732018362368,10.061962142952972,0.7538863648419428,10.873337327949153,489.79863930885574,100413.62950014764,99103.2109375,2519.6015625,5832.148286144269,2.515340812517201e-06,4.858025868707757e-05,1,BREAK_WEAK_MONSOON,0.1722537236532951,-0.42003664031665544,1,BREAK_WEAK_MONSOON,0.1547993185228515,0.8339467573656268,0.011253924111521709
2018,2018-06-17T00:00:00+00:00,day1_24h,24,41.72489598046341,0.006202319297482175,10.062920028906586,0.21803563511939705,10.851008390814451,475.0501661412592,100407.90017226122,98999.765625,2502.3984375,5830.368154057553,2.5726486968686808e-06,4.506759322860152e-05,1,BREAK_WEAK_MONSOON,0.007636464153229827,-0.6394364269132417,1,BREAK_WEAK_MONSOON,0.0245106706866852,0.9753395274953264,0.00014980181798846103
2018,2018-06-17T00:00:00+00:00,day2_24h,48,42.342254884519846,0.006338421583299426,9.396585049944226,0.865590953352481,10.234604442527889,458.5358696135998,100433.56391676195,99218.9609375,2391.3984375,5831.9716788302,2.0666044554924883e-06,4.5467433857006856e-05,1,BREAK_WEAK_MONSOON,-0.17051366931304496,-0.6485432667809604,1,BREAK_WEAK_MONSOON,0.016171282500376333,0.9838130090702193,1.5708429404497426e-05
2018,2018-06-17T00:00:00+00:00,day3_24h,72,42.940979935488,0.006465785597107641,8.731847939908963,0.6919480621601088,9.746452127004018,438.58020336765657,100459.0147058524,99465.890625,2235.3984375,5839.098843197696,2.544739362629443e-06,5.030434037248891e-05,1,BREAK_WEAK_MONSOON,-0.23159238762136175,-0.6542776246375902,1,BREAK_WEAK_MONSOON,0.023800108069543306,0.9761936748995182,6.217030938508481e-06
2018,2018-06-18T00:00:00+00:00,day1_24h,24,41.70611920347451,0.006095029181197907,9.194969278856309,0.6302068393584334,9.948180130538852,438.76018249946895,100444.27897391365,99409.1328125,2313.796875,5832.609232624272,2.0432784501106356e-06,4.561432446115901e-05,1,BREAK_WEAK_MONSOON,-0.4123276305746181,-0.8779061420191987,1,BREAK_WEAK_MONSOON,0.00316228884325779,0.996837571275381,1.3988136122793574e-07
2018,2018-06-18T00:00:00+00:00,day2_24h,48,42.51333367466216,0.006351927373052066,8.156744380617852,0.5494195284813994,9.043015410816198,399.563412072916,100499.74419580994,99459.3203125,2391.0,5842.187273028223,2.067991615128007e-06,4.3511728742644765e-05,1,BREAK_WEAK_MONSOON,-0.38589374792702913,-0.9104722240958472,1,BREAK_WEAK_MONSOON,0.002693725696633913,0.9973061228185819,1.5148478423646285e-07
2018,2018-06-18T00:00:00+00:00,day3_24h,72,43.596170767267104,0.006575998474553099,7.849261690613288,0.42383190442280844,9.169255743658043,410.29574173186796,100506.00769779565,99450.359375,2463.0,5846.168812652547,2.803097971157444e-06,4.8537396144321725e-05,1,BREAK_WEAK_MONSOON,-0.015347071844386384,-0.6919116210628873,1,BREAK_WEAK_MONSOON,0.03260486695536995,0.9673150430928609,8.008995176917562e-05
2018,2018-06-19T00:00:00+00:00,day1_24h,24,42.423174570342105,0.006411182042898826,7.751896730075169,0.728357859422772,8.68439549020044,380.68306012889207,100512.27836218275,99387.546875,2545.1953125,5843.49450698476,2.333997229932229e-06,4.4160529774195145e-05,1,BREAK_WEAK_MONSOON,-0.17071207507318364,-0.9818093217825209,1,BREAK_WEAK_MONSOON,0.0024550765789325035,0.9975429345219378,1.988899129690806e-06
2018,2018-06-19T00:00:00+00:00,day2_24h,48,43.39053003049427,0.006530996845151176,7.65828307375301,0.3491692210134826,8.886800427464388,392.31754093524216,100524.34634134124,99384.203125,2559.0,5847.331336843185,2.8549659008166966e-06,4.606170288377455e-05,1,BREAK_WEAK_MONSOON,0.002644183323727456,-0.8024997956094532,1,BREAK_WEAK_MONSOON,0.01499925544594758,0.9849578631709541,4.288138309833068e-05
2018,2018-06-19T00:00:00+00:00,day3_24h,72,44.29453052206463,0.006758547259294813,7.533283725701383,0.8946255226977227,9.583774832330349,431.95274219933367,100456.07770769297,99407.5703125,2539.3984375,5843.626043641929,3.567088134748566e-06,5.379381383697774e-05,1,BREAK_WEAK_MONSOON,0.35798078305342884,-0.46114385087073784,1,BREAK_WEAK_MONSOON,0.2320543497528477,0.7287769718791397,0.039168678368012716
2018,2018-06-20T00:00:00+00:00,day1_24h,24,42.98432877194701,0.006455980657635265,7.586234115442305,0.5899363715963993,8.882693978231412,391.3406485462951,100479.5156330223,99464.3203125,2518.0,5844.143953669086,3.692134737824565e-06,4.7204612718593904e-05,1,BREAK_WEAK_MONSOON,-0.07500726740597835,-0.8686623387896851,1,BREAK_WEAK_MONSOON,0.01000183755055398,0.9899898112890657,8.351160380327034e-06
2018,2018-06-20T00:00:00+00:00,day2_24h,48,44.740553788644796,0.0066981652741905165,8.005432842180975,0.7361965764937736,9.72197795277255,444.48551459513584,100483.71347844014,99477.234375,2610.203125,5844.4760297656785,3.6095274672505233e-06,5.16230034532691e-05,1,BREAK_WEAK_MONSOON,0.3331538941669449,-0.4024937155547133,1,BREAK_WEAK_MONSOON,0.3960467264398234,0.5676697579310006,0.03628351562917601
2018,2018-06-20T00:00:00+00:00,day3_24h,72,46.24709388491265,0.007087159044192432,8.247529383128033,1.3133331370913228,10.02698127370124,480.74454454540125,100412.37902494903,99357.296875,2499.0,5838.283663829282,3.2238121369108462e-06,4.985293458524087e-05,0,ACTIVE_MONSOON,0.3520916961482435,-0.003891815806999835,0,ACTIVE_MONSOON,0.7663305223701611,0.13032598090680403,0.1033434967230349
2018,2018-06-21T00:00:00+00:00,day1_24h,24,44.64272491618834,0.006683627798195388,7.6989020773250365,1.0807077735466717,9.535444506780422,437.0825719489054,100506.34519528846,99413.5078125,2480.3984375,5846.81450564938,3.6298556812847325e-06,5.280130281329797e-05,1,BREAK_WEAK_MONSOON,0.2849515629043211,-0.4563542498271144,1,BREAK_WEAK_MONSOON,0.20783955018407718,0.7828646971095572,0.009295752706365608
2018,2018-06-21T00:00:00+00:00,day2_24h,48,46.42455870162796,0.007172344497975355,8.54700336125407,1.2326325861938316,10.19166080400689,492.13062064437435,100441.34468029426,99371.609375,2547.0,5839.495957445639,2.833195471371711e-06,5.201595747248313e-05,0,ACTIVE_MONSOON,0.4929564237317455,0.09070279157904426,2,LOW_DEPRESSION_INFLUENCED,0.4718099708810706,0.025988633821921334,0.502201395297008
2018,2018-06-21T00:00:00+00:00,day3_24h,72,47.46955366321293,0.00739441643081195,8.510195360686453,1.688682815991398,10.061780645037693,498.8193523441456,100376.24496954949,99297.8125,2243.6015625,5835.918337803719,2.320530235520226e-06,4.6547554767031074e-05,0,ACTIVE_MONSOON,0.10559597371565917,0.2641476690111651,0,ACTIVE_MONSOON,0.9109643947676466,0.08059148565001523,0.008444119582338164
2018,2018-06-22T00:00:00+00:00,day1_24h,24,45.491096268946606,0.006849119654221349,7.978796768378449,1.272788036841932,9.563704615016485,450.44082047438684,100411.43507089264,99374.6484375,2428.3984375,5839.0743301276825,2.5771816374405125e-06,4.847733291693043e-05,1,BREAK_WEAK_MONSOON,0.1530908762605639,-0.28687060659240554,1,BREAK_WEAK_MONSOON,0.3113297881060377,0.6833718900018119,0.005298321892150529
2018,2018-06-22T00:00:00+00:00,day2_24h,48,46.92039435847026,0.007186610324909586,8.545174531889183,1.3427046785948988,10.139406938873964,495.63819094539014,100383.4185999763,99308.9375,2315.6015625,5836.526706111171,2.4198384202366976e-06,4.8201524220787e-05,0,ACTIVE_MONSOON,0.19090263688171227,0.1389096393646106,0,ACTIVE_MONSOON,0.8639290179415949,0.1165583822993085,0.01951259975909651
2018,2018-06-22T00:00:00+00:00,day3_24h,72,47.570290792187535,0.007355109347570837,9.053802105248348,1.200768139523654,10.720905198690515,527.0029575521709,100377.88831160797,99244.3515625,2236.3984375,5838.018817665701,2.9737897029827348e-06,5.121940651660499e-05,0,ACTIVE_MONSOON,0.32990731510861593,0.4027715046676591,0,ACTIVE_MONSOON,0.9165172791472772,0.014566229445658465,0.06891649140706435
2018,2018-06-23T00:00:00+00:00,day1_24h,24,46.68041808807752,0.0071645007318439724,8.442862841004512,1.7210796077689723,9.98615894188715,485.9790575733116,100359.93308514824,99315.703125,2267.3984375,5835.002154964353,2.7943855170489053e-06,4.6493338959720816e-05,0,ACTIVE_MONSOON,0.04996457440690154,0.06934743205694598,0,ACTIVE_MONSOON,0.7430116219221825,0.25402777280242445,0.0029606052753931153
2018,2018-06-23T00:00:00+00:00,day2_24h,48,47.96139726042976,0.007453084144011066,9.695384857194497,1.2533873220754554,11.179406282866095,556.0788071243701,100372.1806187215,99231.4296875,2178.203125,5836.7716843849175,2.5032305410871277e-06,5.040181824115515e-05,0,ACTIVE_MONSOON,0.2800982464185741,0.5966662124698698,0,ACTIVE_MONSOON,0.9384549557557945,0.004822375486901506,0.05672266875730401
2018,2018-06-23T00:00:00+00:00,day3_24h,72,48.36834505760324,0.007446817734733502,9.64538405225781,0.23764637967619687,11.553800080607754,569.9413904535368,100235.19094666137,99158.5078125,2114.3984375,5825.778149111985,3.8006229196388635e-06,5.6912886526121766e-05,0,ACTIVE_MONSOON,0.5610494758639257,0.7060553587198164,0,ACTIVE_MONSOON,0.7784801812780334,0.0005749527985821955,0.22094486592338433
2018,2018-06-24T00:00:00+00:00,day1_24h,24,46.94487286213812,0.007209591875268268,9.43309939459763,1.066479343273757,10.829249452466527,526.5507085126249,100361.42528184855,99165.078125,2227.0,5835.392543938153,2.6344784609492924e-06,4.802711648353461e-05,0,ACTIVE_MONSOON,0.1884160301907531,0.3057731958648464,0,ACTIVE_MONSOON,0.9357023848096047,0.04735117801132702,0.016946437179068272
2018,2018-06-24T00:00:00+00:00,day2_24h,48,47.37159850386715,0.007249275271676328,9.701297260795224,0.41544861338975647,11.47154935318441,552.6752508354072,100267.37943535796,99251.8125,2172.3203125,5826.752713184422,3.438959356119105e-06,5.437415239454782e-05,0,ACTIVE_MONSOON,0.373807951229433,0.4960310272389511,0,ACTIVE_MONSOON,0.9387096832272896,0.004021220640393428,0.057269096132316955
2018,2018-06-24T00:00:00+00:00,day3_24h,72,48.14357140453068,0.007347802987608204,8.922899249961906,0.7947776841444004,11.586001781659514,573.0883116643369,100241.26021487947,99227.6328125,2283.796875,5822.100103423138,4.898834062889186e-06,6.178865355249459e-05,2,LOW_DEPRESSION_INFLUENCED,0.8637738474278059,0.6592940437247199,2,LOW_DEPRESSION_INFLUENCED,0.1436360488258285,6.231858571561362e-05,0.8563016325884558
2018,2018-06-25T00:00:00+00:00,day1_24h,24,46.457324349758416,0.007092775137837181,9.824518020988213,0.15453720413917835,11.476845034766363,538.8722765967415,100231.58200355918,99089.421875,2383.6796875,5824.698024554352,3.3146357106176905e-06,5.064458136912009e-05,0,ACTIVE_MONSOON,0.45531955236979277,0.3278294185732409,0,ACTIVE_MONSOON,0.7740131965950122,0.010563120105922818,0.215423683299065
2018,2018-06-25T00:00:00+00:00,day2_24h,48,47.22237935609714,0.007138794039231802,9.35551180983672,0.3400767341751926,11.612784519611942,554.8935191057565,100256.40112002642,99194.703125,2392.1953125,5821.669256359852,5.6322563463736975e-06,5.7454633768225294e-05,2,LOW_DEPRESSION_INFLUENCED,0.7382411675776672,0.4626194608927218,0,ACTIVE_MONSOON,0.5428042945242918,0.0007821314552757411,0.4564135740204325
2018,2018-06-25T00:00:00+00:00,day3_24h,72,47.966458076019045,0.007345156988735939,7.521853420652583,1.485897895105931,10.7366202883806,529.218902894679,100225.84928629895,99339.828125,2349.203125,5819.477582989386,5.10347849357266e-06,5.30134118739186e-05,0,ACTIVE_MONSOON,0.4871153816568169,0.4387416389863345,0,ACTIVE_MONSOON,0.9301973629386475,0.0060961205814452305,0.06370651647990723
2018,2018-06-26T00:00:00+00:00,day1_24h,24,46.18170662589876,0.006858530601890996,9.072238578858729,0.5820573426671513,11.528545373979837,538.6912357751886,100222.58828810978,99254.65625,2290.796875,5820.496541743934,4.7950707752543695e-06,5.824133346405426e-05,0,ACTIVE_MONSOON,0.5465081278125821,0.21837293379079423,0,ACTIVE_MONSOON,0.824775850165801,0.013830247005130308,0.16139390282906868
2018,2018-06-26T00:00:00+00:00,day2_24h,48,47.12269723305031,0.007053524332995933,7.865940225051976,1.4950935952777382,10.783911071555824,523.7839957127327,100283.97876611802,99347.9921875,2412.6015625,5823.079407602828,4.932151445784866e-06,5.2114516448193004e-05,0,ACTIVE_MONSOON,0.43764114807627164,0.24699729993066327,0,ACTIVE_MONSOON,0.931743720932153,0.023442542363946172,0.044813736703900924
2018,2018-06-26T00:00:00+00:00,day3_24h,72,48.50400029642615,0.007403586550033945,7.496065105931088,2.0986699284487336,10.018134170924494,492.21662215141447,100291.42839125101,99164.09375,2392.0,5821.557871454811,4.161633958804503e-06,5.19227766991332e-05,2,LOW_DEPRESSION_INFLUENCED,0.639186918950946,0.3336038655037884,0,ACTIVE_MONSOON,0.6526148100649861,0.010452593710140495,0.33693259622487337
2018,2018-06-27T00:00:00+00:00,day1_24h,24,46.59397518223343,0.006973837554063394,8.017885122037791,1.39021048880854,10.889829518770973,519.6647024249429,100281.14942775355,99412.1484375,2230.203125,5822.256549914942,5.310927755562327e-06,5.6939729694368004e-05,0,ACTIVE_MONSOON,0.370227614878448,0.17555289943340113,0,ACTIVE_MONSOON,0.950397876817223,0.035561174022597376,0.014040949160179686
2018,2018-06-27T00:00:00+00:00,day2_24h,48,48.18996427267299,0.007289931572133796,7.746528992195677,1.7696417057470435,10.092119760749817,493.31595512596385,100324.68329242559,99295.1328125,2250.71875,5822.924858376287,3.859380689884281e-06,5.354313469733337e-05,0,ACTIVE_MONSOON,0.4582541460897511,0.27428116353851845,0,ACTIVE_MONSOON,0.9264714541994412,0.023258123106584948,0.05027042269397387
2018,2018-06-27T00:00:00+00:00,day3_24h,72,49.5693184014068,0.007650318239456099,7.887433615260006,1.4588960373745858,9.433872203019629,468.38025552374603,100317.45611590202,99370.6015625,2094.0,5824.725134328105,2.1054865673722715e-06,4.73410112503782e-05,0,ACTIVE_MONSOON,0.12010522410038035,0.39314358544427314,0,ACTIVE_MONSOON,0.975861719880086,0.02230282140040936,0.0018354587195046415
2018,2018-06-28T00:00:00+00:00,day1_24h,24,47.39565999793753,0.007099464399662381,6.910237790501923,1.5825497313578856,9.362148787078542,447.4022451126085,100322.36696127472,99383.8671875,2238.2421875,5822.518322756265,4.054361907829758e-06,5.0245289256034616e-05,0,ACTIVE_MONSOON,0.19067250112334935,-0.06148496646713639,0,ACTIVE_MONSOON,0.7124003021013888,0.2864654468401702,0.0011342510584408984
2018,2018-06-28T00:00:00+00:00,day2_24h,48,48.95878956810951,0.007538044436164254,7.511479573044052,1.3390965588517219,8.906716872426498,437.5476095646096,100356.20562869371,99416.234375,2046.0,5826.830179314655,2.9302288796132245e-06,4.669337984623313e-05,0,ACTIVE_MONSOON,-0.03263840914992219,0.16279078327035032,0,ACTIVE_MONSOON,0.8926459965483877,0.10722869528069658,0.0001253081709157853
2018,2018-06-28T00:00:00+00:00,day3_24h,72,50.17231366768036,0.007803639646943114,7.228586729068309,1.9387389222942955,8.640303174221554,440.2444016645755,100370.57788186392,99245.2890625,2171.3984375,5831.684094555525,1.8645411021482379e-06,4.301186691252024e-05,0,ACTIVE_MONSOON,0.14872550710475746,0.34140345374185765,0,ACTIVE_MONSOON,0.9428539706299145,0.05420406194468971,0.0029419674253956126
2018,2018-06-29T00:00:00+00:00,day1_24h,24,48.374082894402875,0.0073080047192764395,6.993733905907214,0.9666108781607826,8.359108570576971,403.43851201796394,100395.37852501345,99432.7265625,2127.6015625,5828.732855422391,2.9236166250608135e-06,4.393878391271696e-05,1,BREAK_WEAK_MONSOON,-0.12319179375992183,-0.12186826319148153,0,ACTIVE_MONSOON,0.5294166091665184,0.4705663549252698,1.7035908211649982e-05
2018,2018-06-29T00:00:00+00:00,day2_24h,48,49.78558135179017,0.007703031780348047,6.74352892875851,1.6517547681367024,8.142096046546463,413.45407689512314,100419.2694490658,99447.5078125,1969.765625,5835.330386359713,1.5961472602669612e-06,4.21161854633382e-05,0,ACTIVE_MONSOON,-0.24411888072524077,0.14697064468040866,0,ACTIVE_MONSOON,0.7144445058730068,0.28553961940220834,1.58747247847936e-05
2018,2018-06-29T00:00:00+00:00,day3_24h,72,49.83810049537744,0.007737729597685513,7.350728735874015,2.2147037884195435,8.614650737566828,439.4124397860315,100360.94376174653,99036.9921875,2230.203125,5833.91744771714,3.185665620674819e-07,3.9911229058119793e-05,0,ACTIVE_MONSOON,0.18267110300383174,0.28245418888108503,0,ACTIVE_MONSOON,0.8105618671962789,0.17259299718006985,0.01684513562365133
2018,2018-06-30T00:00:00+00:00,day1_24h,24,49.36656811718713,0.007587122314312799,7.258936523343484,1.4862559438388523,8.58591986772518,431.3844736052142,100395.54386000813,99440.03125,1768.796875,5835.83982855735,1.5205507396767722e-06,4.167563027466966e-05,0,ACTIVE_MONSOON,-0.4898105838726169,0.1620946205277067,0,ACTIVE_MONSOON,0.5728326158657371,0.42716666457785313,7.195564097606185e-07
2018,2018-06-30T00:00:00+00:00,day2_24h,48,49.39642785054723,0.007601890064576876,8.556101517002592,2.218895945688507,9.90626674062632,507.2766001772378,100336.01407819723,98963.4921875,2285.9140625,5834.424598451309,6.638921286927277e-07,4.520257978657072e-05,0,ACTIVE_MONSOON,0.4613412100128005,0.5059617593516075,0,ACTIVE_MONSOON,0.49820144082122714,0.012279330195187302,0.4895192289835854
2018,2018-06-30T00:00:00+00:00,day3_24h,72,48.26615219130565,0.007291763062999865,9.602049045574946,2.722112393042539,11.069888187545514,552.3943721228759,100325.24735027309,98679.296875,2573.0,5833.109857865634,3.7519635260478393e-07,4.7244777681820224e-05,2,LOW_DEPRESSION_INFLUENCED,0.9095988993896813,0.5362732532609472,2,LOW_DEPRESSION_INFLUENCED,0.0013390206821287751,1.9503344954052755e-05,0.9986414759729172
2018,2018-07-01T00:00:00+00:00,day1_24h,24,49.313826426278716,0.007436314337528565,8.41664510130849,1.9655200745709178,9.715546971732614,492.77498465823504,100337.13499689457,99007.640625,2195.359375,5835.223744943428,5.560357008719756e-07,4.129428304613843e-05,0,ACTIVE_MONSOON,0.17923030288822211,0.377241053237503,0,ACTIVE_MONSOON,0.8830443809997944,0.097786577685955,0.01916904131425046
2018,2018-07-01T00:00:00+00:00,day2_24h,48,48.47206464281659,0.007245484022485838,9.826944453766073,2.3186762041425277,11.200526935069194,564.0655407178865,100351.61615558511,98759.0390625,2388.6015625,5836.030651170544,7.400216486062038e-07,4.701573436965815e-05,2,LOW_DEPRESSION_INFLUENCED,0.6864309842653475,0.5776369226990166,2,LOW_DEPRESSION_INFLUENCED,0.04098460859874547,0.0005698674848398235,0.9584455239164147
2018,2018-07-01T00:00:00+00:00,day3_24h,72,47.438323767577614,0.007030066327870073,10.573076138228986,2.362968280104206,12.041138551056216,591.7164521378033,100323.12348569535,98663.484375,2482.0,5829.278251107145,1.1046305599402313e-06,4.706343532837533e-05,2,LOW_DEPRESSION_INFLUENCED,0.753725351652112,0.573795446231983,2,LOW_DEPRESSION_INFLUENCED,0.015777428070273117,0.00020016963955910106,0.9840224022901679
2018,2018-07-02T00:00:00+00:00,day1_24h,24,48.28972105946819,0.007243144588389655,9.674352119242323,2.2314415004046038,11.035174387799072,551.323023516783,100358.78014337367,98788.0859375,2328.6015625,5835.725855438496,1.1316548863768555e-06,4.7840129014088315e-05,2,LOW_DEPRESSION_INFLUENCED,0.6276300655047263,0.5122631556079533,2,LOW_DEPRESSION_INFLUENCED,0.11595317975057315,0.0024548970310142994,0.8815919232184126
2018,2018-07-02T00:00:00+00:00,day2_24h,48,47.60685910678509,0.0070894445792702,11.04196806050646,2.0312191823937757,12.468569155683564,620.1133997508069,100339.24844342147,98672.046875,2511.203125,5830.95354457434,8.550349854434408e-07,4.7634805875355656e-05,2,LOW_DEPRESSION_INFLUENCED,0.8143257381794126,0.7284925600546375,2,LOW_DEPRESSION_INFLUENCED,0.005772686038088761,1.89518685227562e-05,0.9942083620933886
2018,2018-07-02T00:00:00+00:00,day3_24h,72,47.492573823337736,0.007034832537536921,10.73571322920947,1.596140406187592,12.271357953244333,608.6673814536583,100356.46864968525,99008.5390625,2385.6015625,5828.130314307774,1.5099476648823784e-06,5.094029155017198e-05,2,LOW_DEPRESSION_INFLUENCED,0.6057898249502128,0.6470275973979402,2,LOW_DEPRESSION_INFLUENCED,0.1577777057459514,0.00047532414317540947,0.8417469701108733
2018,2018-07-03T00:00:00+00:00,day1_24h,24,47.53636817771178,0.0070053143783217475,10.669363187205777,2.1779299234383993,12.126727705365541,599.2630105529608,100361.6258754573,98679.3828125,2510.6015625,5831.009913999067,1.2091130462664415e-06,4.745286455217918e-05,2,LOW_DEPRESSION_INFLUENCED,0.7959078796113259,0.5998048279184657,2,LOW_DEPRESSION_INFLUENCED,0.012584119506171214,0.00010176387864757211,0.9873141166151813
2018,2018-07-03T00:00:00+00:00,day2_24h,48,47.51040786471856,0.0070828850894701124,10.668145043661156,1.2343764466579246,12.140108975164575,599.8439947195485,100380.44971001559,99083.6953125,2115.1953125,5828.157547659135,4.305376336619599e-07,4.7493560242743765e-05,0,ACTIVE_MONSOON,0.15462038215678708,0.6312871891615505,0,ACTIVE_MONSOON,0.9623092186906155,0.010566782983956838,0.02712399832542781
2018,2018-07-03T00:00:00+00:00,day3_24h,72,47.82048873756294,0.00731720122455634,9.507271883754173,1.3426859760303937,11.21115169026937,557.1831208147624,100406.1971293353,99354.0078125,2147.5234375,5831.193980724662,8.011692977409495e-07,5.2000698211704385e-05,0,ACTIVE_MONSOON,0.22671916076591045,0.5376790411530805,0,ACTIVE_MONSOON,0.9340348806499544,0.008362718626793433,0.057602400723252165
2018,2018-07-04T00:00:00+00:00,day1_24h,24,46.83901926312955,0.0069359000078476315,10.467854410464062,1.253320342559146,11.864301788716816,574.6805122202323,100365.79209607781,98955.5,2327.3984375,5829.858830152379,7.337578131353006e-07,4.689726199661228e-05,0,ACTIVE_MONSOON,0.3630780355668734,0.4263659304153762,0,ACTIVE_MONSOON,0.6830300624104875,0.02172769891211213,0.29524223867740046
2018,2018-07-04T00:00:00+00:00,day2_24h,48,47.488342914410325,0.007202247384349195,9.544783417690306,0.745320979653673,10.729332319208883,522.0031241726917,100438.32498702244,99392.7109375,2003.359375,5832.73555163232,1.2393853680929464e-06,4.578884918957444e-05,0,ACTIVE_MONSOON,-0.2190032787429919,0.325385161924464,0,ACTIVE_MONSOON,0.93123530007534,0.06866447620225864,0.00010022372240141102
2018,2018-07-04T00:00:00+00:00,day3_24h,72,48.2759573743374,0.007429546417579022,9.870389797027,0.5691951737910574,11.056820923883532,549.9037078582,100399.95614504597,99432.84375,2024.6328125,5832.355546975178,1.8581424146250522e-06,4.749713000272443e-05,0,ACTIVE_MONSOON,-0.08819427778499353,0.5843384180181421,0,ACTIVE_MONSOON,0.9932492616444537,0.0063496410862699994,0.0004010972692764362
2018,2018-07-05T00:00:00+00:00,day1_24h,24,47.00434029423991,0.007069795339598902,9.273372093719217,0.43872895734587825,10.389546510015476,499.1450958157386,100447.70002095231,99436.8828125,2194.078125,5834.339289864401,1.0410947402644096e-06,4.3115603584772755e-05,0,ACTIVE_MONSOON,-0.20784198588636096,0.13894322099838338,0,ACTIVE_MONSOON,0.8359867531259962,0.16386996989063915,0.00014327698336478754
2018,2018-07-05T00:00:00+00:00,day2_24h,48,47.614310684374594,0.007232311299070114,9.880918350875104,0.2988378427656327,11.015389378167407,538.681742754771,100407.79023215787,99427.2109375,1919.1953125,5833.891800821748,1.415437487463728e-06,4.48218235222464e-05,0,ACTIVE_MONSOON,-0.35203736989919077,0.4209790535854382,0,ACTIVE_MONSOON,0.9587543418255764,0.041226904458644124,1.875371577930432e-05
2018,2018-07-05T00:00:00+00:00,day3_24h,72,48.70855664772973,0.007506401549186049,10.493157918967794,0.42271278759711606,11.618636710788318,583.7440565495144,100293.59979630818,99129.265625,2019.796875,5829.712173548246,2.5226382892194896e-06,4.9556474955036026e-05,0,ACTIVE_MONSOON,0.2158938306939284,0.7969645562941718,0,ACTIVE_MONSOON,0.9880699817271142,0.0012142987336643408,0.010715719539221576
2018,2018-07-06T00:00:00+00:00,day1_24h,24,47.44515887126267,0.007248880924634731,9.537686671236845,0.6066363018889039,11.11080134391294,541.0747180997804,100344.42557346658,99351.0625,2032.9609375,5829.81289345183,1.9120181951432296e-06,4.941109559882678e-05,0,ACTIVE_MONSOON,-0.02046240600708714,0.43077616726588,0,ACTIVE_MONSOON,0.9769194622004296,0.021976176792986763,0.0011043610065835981
2018,2018-07-06T00:00:00+00:00,day2_24h,48,49.032506105705785,0.007620537805492551,10.157840711791392,0.49171534734736744,11.559017764166073,582.0721373775592,100318.62439925803,99257.4921875,2104.640625,5831.411294381982,3.6427125530698836e-06,5.031392424559771e-05,0,ACTIVE_MONSOON,0.27710046804811583,0.8578220200800347,0,ACTIVE_MONSOON,0.9878376765201403,0.00041908088189492737,0.011743242597964963
2018,2018-07-06T00:00:00+00:00,day3_24h,72,49.9766805195029,0.007823394806196732,10.059726118375844,1.0627077875818878,11.889501029875595,606.722439408521,100240.81080707484,99063.453125,2272.4765625,5830.558424410494,3.255612426255327e-06,4.967411750959145e-05,2,LOW_DEPRESSION_INFLUENCED,0.6156663784517239,1.11323973199948,2,LOW_DEPRESSION_INFLUENCED,0.3886195730772507,3.017582597447042e-05,0.6113502510967749
2018,2018-07-07T00:00:00+00:00,day1_24h,24,48.20532487044687,0.007441440040017748,9.379351107463206,0.54067126013769,11.078669136566207,553.8065584988472,100282.86464937258,99279.2890625,2079.359375,5829.760655925912,3.961316767723464e-06,4.9107585584482396e-05,0,ACTIVE_MONSOON,0.12083586205239852,0.5946418707712083,0,ACTIVE_MONSOON,0.9941166666855991,0.004305419832843235,0.001577913481557851
2018,2018-07-07T00:00:00+00:00,day2_24h,48,49.565875785203275,0.007840824891337398,10.270571490998044,0.9242403505281479,11.971637790482285,610.2945345416213,100240.28610203334,99116.5234375,2236.0,5829.879361720402,3.6994729944570196e-06,4.870140395787734e-05,0,ACTIVE_MONSOON,0.47303965153883565,1.1042411945881245,0,ACTIVE_MONSOON,0.7877919915895453,6.924691465392644e-05,0.21213876149580063
2018,2018-07-07T00:00:00+00:00,day3_24h,72,50.892823220382056,0.007998464181468877,11.152072035421437,1.9846733252116076,12.766316757556027,673.4744174098644,100274.19651410636,99180.5390625,2208.3203125,5832.32844820192,4.003723224599162e-06,4.9723090617899725e-05,0,ACTIVE_MONSOON,0.5578401212249221,1.5181415529847508,0,ACTIVE_MONSOON,0.5506660668764923,2.6209709025249483e-06,0.4493313121526051
2018,2018-07-08T00:00:00+00:00,day1_24h,24,48.35017331360751,0.007535059692403312,9.824926114577432,0.9164308447977755,11.737944896356282,586.8688124919025,100216.37868647928,99062.359375,2276.796875,5829.057255776697,4.308101563419289e-06,5.043263699733796e-05,0,ACTIVE_MONSOON,0.5160275843036303,0.8004271689993844,0,ACTIVE_MONSOON,0.7399756260775195,0.000529056920093789,0.25949531700238654
2018,2018-07-08T00:00:00+00:00,day2_24h,48,50.51225554838122,0.007997564545102856,11.066069125303322,1.8468093175956573,12.600610881418117,661.7864788430666,100290.2084270913,99229.359375,2126.0,5832.502059838704,4.108943652763068e-06,5.093629029374161e-05,0,ACTIVE_MONSOON,0.46405780101612537,1.4391571554824605,0,ACTIVE_MONSOON,0.8084910137578363,6.911971775072853e-06,0.19150207427038876
2018,2018-07-08T00:00:00+00:00,day3_24h,72,51.73733702986537,0.008163000913043781,11.900705933300321,2.129492364393825,13.550698128337068,726.5468773914998,100268.89109450446,99023.046875,2345.765625,5831.282597400287,2.865897712316292e-06,4.997677762521883e-05,2,LOW_DEPRESSION_INFLUENCED,0.8717289548903038,1.870691490618527,2,LOW_DEPRESSION_INFLUENCED,0.01012456412972378,3.4245692404944578e-09,0.989875432445707
2018,2018-07-09T00:00:00+00:00,day1_24h,24,50.146993272776754,0.00787998813821585,10.611240505272438,1.7509131778406264,12.323616681148986,641.8230351034471,100285.95147762664,99243.015625,2319.796875,5833.328472671092,4.0897155954368775e-06,4.882936032166929e-05,0,ACTIVE_MONSOON,0.5301421713040432,1.2828347940224312,0,ACTIVE_MONSOON,0.6015010848507996,1.1977972500858437e-05,0.3984869371766996
2018,2018-07-09T00:00:00+00:00,day2_24h,48,51.24035790769742,0.008095049933756432,11.852294545889553,1.914752630332695,13.163351820322589,695.3322665459226,100303.69816549195,99111.390625,2314.2421875,5833.060643533624,2.1664838243217066e-06,4.61766486832169e-05,0,ACTIVE_MONSOON,0.5900150384037679,1.6839879583014006,2,LOW_DEPRESSION_INFLUENCED,0.16139498703367539,3.128928429325103e-07,0.8386047000734816
2018,2018-07-09T00:00:00+00:00,day3_24h,72,51.4830280231541,0.008125299032196465,12.237416249274208,1.1860572934826203,13.722731366290153,720.2801141591432,100225.23452739736,98915.4765625,2577.125,5826.981678677057,1.6793862705309856e-06,4.881981000241337e-05,2,LOW_DEPRESSION_INFLUENCED,1.0981121079162666,1.8421640763878477,2,LOW_DEPRESSION_INFLUENCED,0.00031224612705758474,6.223222789463708e-11,0.9996877538107103
2018,2018-07-10T00:00:00+00:00,day1_24h,24,50.85389472568267,0.00799760029083824,11.626666435208683,1.778503336866737,12.99023501254055,679.3588134653749,100289.0515497818,99065.8125,2533.4375,5834.023206304644,2.9069246318821867e-06,4.9179262045023814e-05,2,LOW_DEPRESSION_INFLUENCED,0.9236861554294735,1.5558201315833526,2,LOW_DEPRESSION_INFLUENCED,0.004318503436115911,7.076144941784937e-09,0.995681489487739
2018,2018-07-10T00:00:00+00:00,day2_24h,48,51.062209150625044,0.008001305487558123,12.189190985771848,1.0659630143584622,13.709066737794918,713.6073160111237,100244.65340298816,99009.75,2366.5625,5828.4981975859555,2.110548136265119e-06,5.005051089380522e-05,2,LOW_DEPRESSION_INFLUENCED,0.8472710032395345,1.74146984257183,2,LOW_DEPRESSION_INFLUENCED,0.011392808687203396,6.833473179568671e-09,0.9886071844793235
2018,2018-07-10T00:00:00+00:00,day3_24h,72,50.77953905999146,0.007920488280962826,11.995745324658925,0.8608255941689875,13.752117899399874,718.896190979911,100127.59878156394,98885.7421875,2487.359375,5822.172242584323,2.8232504961992464e-06,5.162105812135125e-05,2,LOW_DEPRESSION_INFLUENCED,1.0835771252417106,1.7032410456290157,2,LOW_DEPRESSION_INFLUENCED,0.0008880698064229196,4.2864038530185365e-10,0.9991119297649367
2018,2018-07-11T00:00:00+00:00,day1_24h,24,50.493601031094286,0.008031004062395078,11.949048688322597,1.2095272300746884,13.651343756452539,701.8594341440959,100203.10936800059,98954.7109375,2485.4375,5825.19525166398,3.3763648708456983e-06,5.3109565281644996e-05,2,LOW_DEPRESSION_INFLUENCED,1.0753371098253508,1.6723393925268655,2,LOW_DEPRESSION_INFLUENCED,0.0010513159095313172,5.091824033801091e-10,0.9989486835812862
2018,2018-07-11T00:00:00+00:00,day2_24h,48,50.69172618806216,0.007915423608438932,12.02769728759834,1.042207203726164,13.901994190592852,721.1333415888632,100148.93306672017,99025.609375,2470.8828125,5821.468345360226,2.7368066096868983e-06,5.394814840559259e-05,2,LOW_DEPRESSION_INFLUENCED,1.0673715574980882,1.7177370725858532,2,LOW_DEPRESSION_INFLUENCED,0.0009078199882892823,3.0550911767413704e-10,0.9990921797062015
2018,2018-07-11T00:00:00+00:00,day3_24h,72,51.33528685185567,0.008013741743741202,11.867105622747617,1.421126212682807,13.688164207031893,724.134740032657,100088.04073320447,99017.328125,2404.6015625,5820.8059550153475,2.7085631820630627e-06,5.1322826032396815e-05,2,LOW_DEPRESSION_INFLUENCED,0.9543326944047275,1.790066965180964,2,LOW_DEPRESSION_INFLUENCED,0.0031835501578130376,1.1618468216881408e-09,0.99681644868034
2018,2018-07-12T00:00:00+00:00,day1_24h,24,49.9200098093865,0.007780377381979611,11.636786255760349,1.3030296896176725,13.40518580793848,682.0884473268677,100141.8628026022,98919.203125,2554.71875,5822.103529468523,3.269476735397608e-06,5.134518150154987e-05,2,LOW_DEPRESSION_INFLUENCED,1.0462126915781964,1.4503824737881192,2,LOW_DEPRESSION_INFLUENCED,0.0012883706256062806,3.687683312519993e-09,0.9987116256867105
2018,2018-07-12T00:00:00+00:00,day2_24h,48,50.97924112478755,0.007971066128649435,11.721165880752913,1.7237956427368644,13.484318158226111,707.6660088011989,100150.64326619294,99056.875,2356.6015625,5824.098027492757,2.3194970376193197e-06,4.927895413571608e-05,2,LOW_DEPRESSION_INFLUENCED,0.7698717405268294,1.6811197834972809,2,LOW_DEPRESSION_INFLUENCED,0.020260603645653862,2.8773774913738775e-08,0.9797393675805712
2018,2018-07-12T00:00:00+00:00,day3_24h,72,52.403257925413996,0.008218247396159726,11.87628987394762,1.7606145665733826,13.564875421409681,733.7259746688962,100160.46494533557,99007.9921875,2557.0,5827.876078798815,1.9851426779010164e-06,4.978543962786535e-05,2,LOW_DEPRESSION_INFLUENCED,1.1364507228679734,1.965806747652207,2,LOW_DEPRESSION_INFLUENCED,0.00019154774235205304,1.658457586075459e-11,0.9998084522410634
2018,2018-07-13T00:00:00+00:00,day1_24h,24,51.02677145624778,0.008027434446108588,11.40168985996277,1.5773221224423273,13.169884026472822,691.5608418094696,100137.16785206713,99086.421875,2299.796875,5822.926271341881,2.4490395783816595e-06,4.824930214045909e-05,2,LOW_DEPRESSION_INFLUENCED,0.6577540607218693,1.6318572133158034,2,LOW_DEPRESSION_INFLUENCED,0.0956147171535189,2.2577329927800483e-07,0.904385057073182
2018,2018-07-13T00:00:00+00:00,day2_24h,48,52.56957894208687,0.008300020489108025,11.776851450836054,1.4754134817570976,13.267213369409191,718.810761852032,100152.73444143981,99066.6640625,2312.6015625,5826.028317099338,2.3490986517017007e-06,4.9224982923738335e-05,2,LOW_DEPRESSION_INFLUENCED,0.8506733855531126,1.9412412599113478,2,LOW_DEPRESSION_INFLUENCED,0.013814908673961,2.185400646353032e-09,0.9861850891406384
2018,2018-07-13T00:00:00+00:00,day3_24h,72,53.24561219652629,0.008585389182111313,12.016630170457928,1.3519615626173473,13.87123730569424,758.3436092770298,100136.74570079889,98918.5546875,2462.203125,5826.769280875189,3.9128909968224e-06,5.133569820061124e-05,2,LOW_DEPRESSION_INFLUENCED,1.2320429746856274,2.2745938813592037,2,LOW_DEPRESSION_INFLUENCED,0.0002926738906943653,1.880304830017527e-12,0.9997073261074254
2018,2018-07-14T00:00:00+00:00,day1_24h,24,51.69812384194687,0.008182628703640952,11.298110738235382,1.963599927746349,13.746530044523055,738.9731368194421,100117.1984266999,98888.6875,2590.203125,5825.551212776918,3.820328334809873e-06,5.4685405832550056e-05,2,LOW_DEPRESSION_INFLUENCED,1.3837246630107978,1.9275745602573593,2,LOW_DEPRESSION_INFLUENCED,2.320927202296134e-05,1.875036242225946e-12,0.9999767907261019
2018,2018-07-14T00:00:00+00:00,day2_24h,48,52.41208486526431,0.00846682644112467,11.756513979378965,1.9090541165508774,14.042914916656017,758.8532092155081,100136.43631483844,98956.3984375,2550.8046875,5827.519723000707,4.614145792196159e-06,5.908561994315129e-05,2,LOW_DEPRESSION_INFLUENCED,1.5408591014140192,2.1810276879644426,2,LOW_DEPRESSION_INFLUENCED,5.360968474572807e-06,3.140172941785847e-14,0.999994639031494
2018,2018-07-14T00:00:00+00:00,day3_24h,72,53.2780684972977,0.008608987553595316,11.90204836854225,1.5268658545885883,13.938736522345778,757.4728431644867,100154.30734833324,98974.40625,2492.1640625,5827.505782689629,4.142733767864374e-06,5.663634951037983e-05,2,LOW_DEPRESSION_INFLUENCED,1.4446051403608904,2.293138642069518,2,LOW_DEPRESSION_INFLUENCED,2.411244272821556e-05,6.824887969479937e-14,0.9999758875572035
2018,2018-07-15T00:00:00+00:00,day1_24h,24,52.09864815387835,0.008439286088014987,11.579065357330945,2.0853697865366074,14.719959266066136,793.5079960930252,100107.84411343985,98931.2109375,2670.203125,5825.3003129611225,4.536165794316591e-06,5.8592209255370306e-05,2,LOW_DEPRESSION_INFLUENCED,1.6278322974569364,2.3065726631560457,2,LOW_DEPRESSION_INFLUENCED,9.740915985945912e-07,2.972846215343054e-15,0.9999990259083985
2018,2018-07-15T00:00:00+00:00,day2_24h,48,53.230761634597386,0.008762767131496117,11.596311928230255,1.9282275524010906,14.160925525640828,775.6903668332325,100148.62265545668,98937.8515625,2619.796875,5825.656311007371,2.880035390089389e-06,5.794372901845795e-05,2,LOW_DEPRESSION_INFLUENCED,1.6420239688483522,2.4186529834880957,2,LOW_DEPRESSION_INFLUENCED,4.72523618028256e-07,6.403571063783755e-16,0.9999995274763812
2018,2018-07-15T00:00:00+00:00,day3_24h,72,53.60057292892591,0.008828749706578373,11.179716036168593,1.3146456399488493,13.102099974964922,712.3530682410667,100164.53816316319,99098.0859375,2487.8046875,5827.538955060218,3.1823082671189468e-06,5.4361644290974633e-05,2,LOW_DEPRESSION_INFLUENCED,1.2977098130019264,2.200882801764478,2,LOW_DEPRESSION_INFLUENCED,8.579488738043256e-05,5.169747878157527e-13,0.9999142051121026
2018,2018-07-16T00:00:00+00:00,day1_24h,24,52.59014562722185,0.008597737179826283,11.397785737856145,1.5081644404128247,13.88100029308986,749.2779241151344,100151.55623888061,99049.078125,2419.0,5827.168616536801,3.7582699708400028e-06,5.747934157528548e-05,2,LOW_DEPRESSION_INFLUENCED,1.3031007212935806,2.2058462010364863,2,LOW_DEPRESSION_INFLUENCED,7.421828283349064e-05,6.217942799596444e-13,0.9999257817165447
2018,2018-07-16T00:00:00+00:00,day2_24h,48,52.906994230995956,0.008707208194174776,11.334890814042412,1.3967650981591493,13.352586099254797,719.5056229695044,100176.63948676648,99101.34375,2344.6328125,5829.303275713748,2.88852250260386e-06,5.1272831913348274e-05,2,LOW_DEPRESSION_INFLUENCED,0.9717779225114611,2.142546425573272,2,LOW_DEPRESSION_INFLUENCED,0.0027749277479092943,7.693122619431588e-11,0.9972250721751595
2018,2018-07-16T00:00:00+00:00,day3_24h,72,53.475765080016416,0.008677564079200102,11.042754718429137,1.1043727562316474,12.542533042300454,679.1985877116884,100249.8705180316,99202.171875,2345.6015625,5834.4060104673135,3.870845025815394e-06,5.180679572649138e-05,2,LOW_DEPRESSION_INFLUENCED,0.9788979760952072,1.986307745127788,2,LOW_DEPRESSION_INFLUENCED,0.012212425288479012,4.4373950979685757e-10,0.9877875742677814
2018,2018-07-17T00:00:00+00:00,day1_24h,24,53.25523299918202,0.008590130986927328,10.683495244220387,1.0342084044497373,12.660240467896221,678.9517712153797,100221.44769240872,99168.0703125,2247.0,5832.2568377777225,3.81837905863998e-06,5.0433654604177975e-05,2,LOW_DEPRESSION_INFLUENCED,0.8291032407242884,1.9476009819063704,2,LOW_DEPRESSION_INFLUENCED,0.08419705761512965,8.173831212763772e-09,0.9158029342110391
2018,2018-07-17T00:00:00+00:00,day2_24h,48,53.72346573319712,0.008661233765360337,10.88827667217544,0.6512830703381299,12.480387518312618,678.4305618510257,100292.24548323506,99248.71875,2237.4375,5836.9560581122705,4.058475226016261e-06,5.389876900582715e-05,2,LOW_DEPRESSION_INFLUENCED,0.9490905867930404,1.9909534523896915,2,LOW_DEPRESSION_INFLUENCED,0.038250210052053,1.1313108775043406e-09,0.9617497888166362
2018,2018-07-17T00:00:00+00:00,day3_24h,72,53.368927151994434,0.008587088935198542,11.653282948489533,1.4693494998431775,13.285203782092129,723.7414318551378,100250.5262369665,99150.1640625,2382.6015625,5835.0979981949195,5.013717263495645e-06,5.89051022255817e-05,2,LOW_DEPRESSION_INFLUENCED,1.3270074717453115,2.1345429737369783,2,LOW_DEPRESSION_INFLUENCED,0.00028526138735373495,1.574919751100539e-12,0.9997147386110713
2018,2018-07-18T00:00:00+00:00,day1_24h,24,52.725225667912866,0.008497195460377534,10.456981690847742,0.5047051802922279,12.329922240815836,656.5637299393427,100286.46838704836,99297.2265625,2280.484375,5835.032628455095,4.053740398627937e-06,5.358251229206234e-05,2,LOW_DEPRESSION_INFLUENCED,0.8652594162927438,1.7751910228440888,2,LOW_DEPRESSION_INFLUENCED,0.08179524474606183,1.1904771863943137e-08,0.9182047433491664
2018,2018-07-18T00:00:00+00:00,day2_24h,48,52.12359979842675,0.008475249824719299,11.534298941403804,1.270466242220886,13.289467102129533,708.043498293678,100230.23943371663,99128.03125,2256.203125,5832.550772511589,4.463952699952445e-06,5.4857040579247136e-05,2,LOW_DEPRESSION_INFLUENCED,0.948527156738896,1.9520708670527143,2,LOW_DEPRESSION_INFLUENCED,0.013718538864838148,9.070346069143589e-10,0.9862814602281271
2018,2018-07-18T00:00:00+00:00,day3_24h,72,52.45607726363639,0.008420912005607033,11.92835249884123,2.146861756926163,13.454006421180654,723.0573959046126,100264.37102616687,99147.0859375,2191.8046875,5835.159095941147,2.9661986219965017e-06,5.492588307388662e-05,2,LOW_DEPRESSION_INFLUENCED,0.903798985069628,2.01251967937847,2,LOW_DEPRESSION_INFLUENCED,0.006945164994328569,5.955571250941675e-10,0.9930548344101143
2018,2018-07-19T00:00:00+00:00,day1_24h,24,51.82437446006595,0.00850380169355329,11.211262074237684,1.209394998786529,13.00732917135546,687.9370117317844,100218.56564135241,99018.328125,2503.40625,5831.5426764053145,5.315253226371704e-06,5.558489714580325e-05,2,LOW_DEPRESSION_INFLUENCED,1.2646067050333691,1.858043382781555,2,LOW_DEPRESSION_INFLUENCED,0.0004069043177284203,2.1672043356284996e-11,0.9995930956605996
2018,2018-07-19T00:00:00+00:00,day2_24h,48,51.38314812523937,0.008314801847362037,11.90509623682989,2.003023461455027,13.672671247002576,720.7689202714047,100296.98268242861,99108.1953125,2319.1953125,5835.49631811231,3.3341709970577574e-06,5.58979220643234e-05,2,LOW_DEPRESSION_INFLUENCED,1.0034630911265303,1.9035784275503516,2,LOW_DEPRESSION_INFLUENCED,0.0016812303745777795,2.2970779386489585e-10,0.9983187693957144
2018,2018-07-19T00:00:00+00:00,day3_24h,72,51.81085695142791,0.008242495604967249,11.998182501079368,1.716035469750559,13.81801773451355,738.7749041886931,100333.80973563435,99047.71875,2410.3984375,5839.092233553767,2.11148604720418e-06,5.492992856230538e-05,2,LOW_DEPRESSION_INFLUENCED,1.127123724483116,1.9691435706696263,2,LOW_DEPRESSION_INFLUENCED,0.00022776969781773977,1.9803166204699453e-11,0.999772230282379
2018,2018-07-20T00:00:00+00:00,day1_24h,24,50.799921481764194,0.008219508593551954,11.297631938685047,1.9975642772809152,13.508704340900914,706.2860410535928,100285.09079689707,98782.4140625,2659.6015625,5835.196139629589,3.4520485709113002e-06,5.659305996927896e-05,2,LOW_DEPRESSION_INFLUENCED,1.5209013679744978,1.7643730100031116,2,LOW_DEPRESSION_INFLUENCED,2.662881894631866e-06,5.83628239378228e-13,0.9999973371175217
2018,2018-07-20T00:00:00+00:00,day2_24h,48,51.09211866394462,0.008179510131362063,11.906322615703802,1.6092861690842888,13.903502959832293,732.9901108448939,100377.89838825868,99117.5078125,2388.3203125,5842.731807431145,1.533495352361873e-06,5.270985733128103e-05,2,LOW_DEPRESSION_INFLUENCED,0.9119595340873747,1.882194745092988,2,LOW_DEPRESSION_INFLUENCED,0.0014088183456182322,4.0225960680212816e-10,0.9985911812521221
2018,2018-07-20T00:00:00+00:00,day3_24h,72,50.92410920703463,0.008249203773194436,11.950951413903343,1.2196933579904266,13.825012105272933,726.5027807907311,100276.92734973168,98806.7734375,2606.3984375,5833.847377707017,3.0069413875898833e-06,5.517030005574684e-05,2,LOW_DEPRESSION_INFLUENCED,1.4059770555696716,1.8713902617656744,2,LOW_DEPRESSION_INFLUENCED,1.0412002986222021e-05,9.763945574827817e-13,0.9999895879960373
2018,2018-07-21T00:00:00+00:00,day1_24h,24,50.45797716901261,0.00796701383628014,11.510655445155649,1.5847771693319443,13.83939203265321,724.0068569574062,100363.93408623687,98976.0703125,2439.6796875,5842.429347007437,2.368256987121706e-06,5.071064388420326e-05,2,LOW_DEPRESSION_INFLUENCED,0.9166686337471249,1.7172609860645556,2,LOW_DEPRESSION_INFLUENCED,0.0025663895831069335,3.2451520124708792e-09,0.997433607171741
2018,2018-07-21T00:00:00+00:00,day2_24h,48,50.191132520818506,0.00801436140519988,11.83552544219567,1.5113004274542432,13.763081077376292,713.1804610638452,100290.43597280342,98898.109375,2673.921875,5833.223245963537,2.386193826469021e-06,5.901569453467438e-05,2,LOW_DEPRESSION_INFLUENCED,1.5105632626247063,1.6799538289156506,2,LOW_DEPRESSION_INFLUENCED,1.5157748929008563e-06,3.7528627513396674e-13,0.9999984842247319
2018,2018-07-21T00:00:00+00:00,day3_24h,72,50.82312348018582,0.008204553211570773,10.7101373435113,1.1988400409765043,12.264379103553486,633.4400254863392,100355.66634053618,98929.5,2637.6015625,5837.226572483816,3.235608548500027e-06,5.0640869816224136e-05,2,LOW_DEPRESSION_INFLUENCED,1.1678497328980348,1.441203407189934,2,LOW_DEPRESSION_INFLUENCED,0.00044196807819818013,9.059864561025455e-10,0.9995580310158154
2018,2018-07-22T00:00:00+00:00,day1_24h,24,49.84955246626228,0.007877859652388818,11.090841389367524,1.2352783470308943,13.126421538043237,670.8897186206137,100280.16149409772,98964.8984375,2431.6796875,5835.43626438311,3.5056773813724516e-06,5.404779884401612e-05,2,LOW_DEPRESSION_INFLUENCED,1.000625736266596,1.4230138982990668,2,LOW_DEPRESSION_INFLUENCED,0.002776422319644482,1.2252017224156102e-08,0.9972235654283382
2018,2018-07-22T00:00:00+00:00,day2_24h,48,50.433048376693584,0.008030483351051458,10.515988646199563,1.1326442171604927,11.984538238549787,613.1828879297094,100379.40751824708,99133.28125,2567.0,5841.79065311356,3.88591334028262e-06,5.214820848167925e-05,2,LOW_DEPRESSION_INFLUENCED,1.0001503565131291,1.2594694661721069,2,LOW_DEPRESSION_INFLUENCED,0.005206078008753269,3.049569422098385e-08,0.9947938914955524
2018,2018-07-22T00:00:00+00:00,day3_24h,72,50.71282408786466,0.008134150051350254,10.253936501041018,0.8902389462708106,11.344588473046294,582.4271177564913,100397.99967263098,99095.234375,2430.59375,5844.939215999926,3.6121765848217436e-06,4.590066478702231e-05,2,LOW_DEPRESSION_INFLUENCED,0.6593729639706244,1.1745995268794853,2,LOW_DEPRESSION_INFLUENCED,0.2890848319436297,8.109754311126288e-06,0.7109070583020592
2018,2018-07-23T00:00:00+00:00,day1_24h,24,49.52682488322844,0.007772771038906462,10.041972291306605,1.0663773937831287,11.574342277822518,581.628354881085,100364.58386409235,99153.34375,2389.796875,5843.688004659979,4.2396592218138975e-06,5.178969060580907e-05,2,LOW_DEPRESSION_INFLUENCED,0.723442265821796,0.9600673037967773,2,LOW_DEPRESSION_INFLUENCED,0.18022807958860262,1.821871584653558e-05,0.8197537016955508
2018,2018-07-23T00:00:00+00:00,day2_24h,48,50.03649771105275,0.007993979360142674,9.912398446013217,1.1037358940438966,11.028654385011594,559.3831455566943,100428.15652010127,99078.59375,2524.6015625,5847.562696342321,3.860608657001628e-06,4.84302002383464e-05,2,LOW_DEPRESSION_INFLUENCED,0.8085908156944611,0.9716751952125429,2,LOW_DEPRESSION_INFLUENCED,0.05826525324696707,4.759683045057838e-06,0.9417299870699879
2018,2018-07-23T00:00:00+00:00,day3_24h,72,49.763611810933995,0.007763458748981074,10.062182344434715,1.122100135306675,11.098591667273077,561.1578350924559,100476.64336435158,98943.3046875,2629.6015625,5851.2348004080895,2.5008093641833093e-06,4.606571953362252e-05,2,LOW_DEPRESSION_INFLUENCED,0.8774417307869632,0.8705850320655493,2,LOW_DEPRESSION_INFLUENCED,0.011905480885145744,3.0039958159624837e-06,0.9880915151190383
2018,2018-07-24T00:00:00+00:00,day1_24h,24,49.838416227118664,0.007990162880460948,9.549480759899959,0.5913189722699133,10.688614954344615,537.7342307609318,100407.88893991451,99037.65625,2537.796875,5847.7786026485555,4.1140745162050925e-06,4.587612031821732e-05,2,LOW_DEPRESSION_INFLUENCED,0.7268956739192106,0.8625544555727821,2,LOW_DEPRESSION_INFLUENCED,0.19144796180287654,3.75395881598548e-05,0.8085144986089635
2018,2018-07-24T00:00:00+00:00,day2_24h,48,49.62750746022015,0.007747640630985273,10.63901394726094,1.0285473885316003,12.02395470065099,609.4340415737598,100472.00236756052,98851.828125,2922.203125,5851.425465767249,3.4056237935766912e-06,5.1287763377498515e-05,2,LOW_DEPRESSION_INFLUENCED,1.4228445216708867,1.0771689471564727,2,LOW_DEPRESSION_INFLUENCED,1.5946201514355715e-05,2.2159572625811097e-10,0.9999840535768899
2018,2018-07-24T00:00:00+00:00,day3_24h,72,48.36552550845106,0.007336804575259968,10.925769983471337,0.7951752865884608,12.200502586850098,599.6540065637232,100387.2604888441,98715.734375,2675.40625,5843.557280246449,3.76396129410086e-06,5.0742878916648754e-05,2,LOW_DEPRESSION_INFLUENCED,1.137872502726463,0.8099769344646803,2,LOW_DEPRESSION_INFLUENCED,0.0010459516610000765,2.4230802866698714e-07,0.9989538060309713
2018,2018-07-25T00:00:00+00:00,day1_24h,24,49.19672720111402,0.0076567456626486265,9.952963211993207,0.8913440197432595,11.221924590484731,560.288802653609,100455.5072909338,98896.3515625,2785.0,5851.633184207335,3.4621955532301794e-06,4.875865809368809e-05,2,LOW_DEPRESSION_INFLUENCED,1.1216559425216817,0.7947438803432942,2,LOW_DEPRESSION_INFLUENCED,0.0008738363260416809,1.7009897308509036e-07,0.9991259935749852
2018,2018-07-25T00:00:00+00:00,day2_24h,48,48.13284671010425,0.007240088000225718,10.964298890362697,0.46402302447264787,11.99272316928809,585.6178610725535,100433.29476452417,98798.2890625,2597.1171875,5847.460288507425,3.5842161721758476e-06,4.888025224801345e-05,2,LOW_DEPRESSION_INFLUENCED,0.9144498197720691,0.6948889583888329,2,LOW_DEPRESSION_INFLUENCED,0.01759363774961573,1.1713852084238472e-05,0.9823946483983
2018,2018-07-25T00:00:00+00:00,day3_24h,72,47.15289182152291,0.006868946618319405,10.773718155399337,0.6646215617780217,11.742189779577156,557.7620630889336,100350.14929123617,98918.3984375,2426.3984375,5840.462702195444,3.4410705714178096e-06,4.7332899800838765e-05,0,ACTIVE_MONSOON,0.5273506281076586,0.3728188581071357,0,ACTIVE_MONSOON,0.6593236684296748,0.00928729967529132,0.33138903189503394
2018,2018-07-26T00:00:00+00:00,day1_24h,24,46.89567607907953,0.007096513169772144,10.345311130776556,-0.0383606810963242,11.513890044045938,546.200209114706,100406.28244710683,98785.9765625,2650.3984375,5845.8081597013515,3.01298771862483e-06,5.069692918529431e-05,2,LOW_DEPRESSION_INFLUENCED,0.9453079620980848,0.3868452352162473,2,LOW_DEPRESSION_INFLUENCED,0.006782891411962666,3.421048066456418e-05,0.9931828981073727
2018,2018-07-26T00:00:00+00:00,day2_24h,48,46.19044650844278,0.0067395751278441435,10.578568800395479,0.8150330734738441,11.620974249643233,540.5100327524652,100397.75846297106,98986.5703125,2431.359375,5841.718162563798,2.9446081319416056e-06,4.751223230398752e-05,0,ACTIVE_MONSOON,0.4169172885814697,0.18774211169684776,0,ACTIVE_MONSOON,0.7529984684541952,0.05074476843893718,0.19625676310686774
2018,2018-07-26T00:00:00+00:00,day3_24h,72,46.59608712119073,0.006821915662726322,10.157215718993758,0.5616486063861543,11.231518396945642,531.1489635088045,100373.93067559357,99202.53125,1922.078125,5836.373245466431,2.3204038588340548e-06,4.778622266721547e-05,0,ACTIVE_MONSOON,-0.17353657945780082,0.18424444804030313,0,ACTIVE_MONSOON,0.8079787616911709,0.1919348638045174,8.637450431186443e-05
2018,2018-07-27T00:00:00+00:00,day1_24h,24,46.177515649706,0.00692822097598715,9.953363113530754,0.3594118110342151,10.927349247828987,503.16927622675723,100371.82151484334,98937.8515625,2456.3984375,5842.28007054569,3.0557022373827e-06,4.373505789594628e-05,0,ACTIVE_MONSOON,0.31746620341889753,0.09062563267674795,0,ACTIVE_MONSOON,0.8069383928007448,0.13318298246536245,0.05987862473389272
2018,2018-07-27T00:00:00+00:00,day2_24h,48,46.236308526150346,0.00678313565855482,9.646195790236108,0.8507479501117613,10.949364127232892,510.57448336492337,100376.24286687211,99127.359375,2201.6015625,5839.296795269722,2.4195173507507104e-06,4.3908038763147627e-05,0,ACTIVE_MONSOON,-0.039257556249651715,0.05751109784531422,0,ACTIVE_MONSOON,0.6409602124088561,0.3584005528723851,0.0006392347187587677
2018,2018-07-27T00:00:00+00:00,day3_24h,72,46.38380267176107,0.006945509451760657,9.66918792678097,0.5736370588478648,11.00687956082737,523.8951451646026,100354.43204753599,99146.28125,2126.796875,5832.361816072134,2.1391112260706682e-06,4.556430990976067e-05,0,ACTIVE_MONSOON,-0.04507683491936608,0.17101663939173406,0,ACTIVE_MONSOON,0.8174319910693527,0.1818668660268365,0.0007011429038109012
2018,2018-07-28T00:00:00+00:00,day1_24h,24,46.01949581869343,0.006909287893903021,9.621575209147407,0.4551014947120104,10.86681726900188,501.21313475496265,100343.36087237169,99065.4609375,2272.0,5837.822375367209,2.5678405928479127e-06,4.1217729092731184e-05,0,ACTIVE_MONSOON,-0.05873534972692723,0.05801810873111085,0,ACTIVE_MONSOON,0.6453994194747887,0.3539885979084517,0.0006119826167595508
2018,2018-07-28T00:00:00+00:00,day2_24h,48,46.60030740229811,0.006996300639850661,9.422824676854429,0.8242114915819533,10.975643618430444,525.3178897379111,100350.12270209909,99148.8515625,2113.3984375,5833.746264301328,2.198688425213374e-06,4.5802420154639724e-05,0,ACTIVE_MONSOON,-0.03216600098045602,0.2083817161370072,0,ACTIVE_MONSOON,0.828751521680452,0.1703533583451944,0.0008951199743536349
2018,2018-07-28T00:00:00+00:00,day3_24h,72,46.783187205105285,0.007090773860082393,9.84901767079753,1.4933750802098824,11.335130353562812,549.864294514117,100329.86797231957,99120.796875,2085.0,5827.521046155287,2.8647935616383222e-06,4.696804506908548e-05,0,ACTIVE_MONSOON,0.01994651485222257,0.36100156180529763,0,ACTIVE_MONSOON,0.9350441956460301,0.06349367047383674,0.001462133880133223
2018,2018-07-29T00:00:00+00:00,day1_24h,24,45.70469250615702,0.006856491650167053,9.113328538292537,0.6055065560133055,10.470295815413053,488.0124164075778,100354.57385730413,99148.8984375,2149.3984375,5834.625014973417,2.7190616567301235e-06,4.5458011727732965e-05,0,ACTIVE_MONSOON,-0.08532103111213815,-0.06834261498376915,1,BREAK_WEAK_MONSOON,0.44867589992751866,0.551126720898674,0.00019737917380742973
2018,2018-07-29T00:00:00+00:00,day2_24h,48,46.61137004309825,0.007005484894037387,10.018961905364568,1.4159064879582697,11.281392877741636,547.0207106555403,100400.10908625218,99258.3984375,1932.8046875,5831.789827851117,2.600665841945174e-06,4.5972461909788575e-05,0,ACTIVE_MONSOON,-0.27018370586353657,0.2998800552084002,0,ACTIVE_MONSOON,0.861562845247661,0.1383991699597832,3.798479255579151e-05
2018,2018-07-29T00:00:00+00:00,day3_24h,72,45.69299107645753,0.0068148860426601185,9.772195062035694,1.077245750962612,10.911393482390336,515.6620085888308,100418.8954818618,99113.15625,2071.3984375,5831.531085805759,1.2936627438250783e-06,4.635142384627539e-05,0,ACTIVE_MONSOON,-0.10443130665419227,0.03147584419640803,0,ACTIVE_MONSOON,0.5079734695851245,0.4916444605512108,0.0003820698636647117
2018,2018-07-30T00:00:00+00:00,day1_24h,24,45.81996769207969,0.006927156271680666,9.968093458942512,1.2550300271549832,11.1886079942796,530.5145424833349,100357.88924919566,99143.3125,2042.6015625,5829.128408646959,2.9540329111056018e-06,4.669120770190902e-05,0,ACTIVE_MONSOON,-0.1271778847232908,0.15445139311229486,0,ACTIVE_MONSOON,0.7543489285697945,0.2454432614748668,0.00020780995533876587
2018,2018-07-30T00:00:00+00:00,day2_24h,48,45.16722051755983,0.006682692539811049,10.216715577786674,1.0488006329498485,11.20229037096075,525.6177397378807,100443.95885174102,99187.8046875,2020.6015625,5832.37216541328,1.3026511338533356e-06,4.4748658114569574e-05,0,ACTIVE_MONSOON,-0.30973719173316683,-0.0057598815970961725,1,BREAK_WEAK_MONSOON,0.37307280076922755,0.6268992969802005,2.7902250571890414e-05
2018,2018-07-30T00:00:00+00:00,day3_24h,72,44.59549409383463,0.006549010468837239,9.705700082894912,1.5190290813731828,10.76517314606474,496.3351825365236,100455.18019467972,99117.734375,2159.0,5831.433375398081,9.266172758819541e-07,4.39314671069851e-05,1,BREAK_WEAK_MONSOON,-0.2107490579412729,-0.22658281624402127,1,BREAK_WEAK_MONSOON,0.10097450007537104,0.8989855388397153,3.996108491366452e-05
2018,2018-07-31T00:00:00+00:00,day1_24h,24,44.51275281823072,0.006617273214829651,10.311674224410664,0.9553196857363456,11.519148068412894,529.9779064415695,100407.16230298235,99147.140625,2036.0,5829.299451726005,1.5056245671025574e-06,4.6799717358445944e-05,0,ACTIVE_MONSOON,-0.24044161108504167,-0.03658582723888171,1,BREAK_WEAK_MONSOON,0.3525507965297514,0.6473762714698486,7.293200040000766e-05
2018,2018-07-31T00:00:00+00:00,day2_24h,48,44.12301611112383,0.006385574835135956,9.61892097363555,1.5506533669526528,10.749026341514863,491.0669456625016,100487.93396703112,99223.546875,2111.203125,5833.491477948049,1.6846122802802989e-06,4.5449168609724434e-05,1,BREAK_WEAK_MONSOON,-0.30139818641542326,-0.34433363753486723,1,BREAK_WEAK_MONSOON,0.05340634551730154,0.9465896333012404,4.021181458037307e-06
2018,2018-07-31T00:00:00+00:00,day3_24h,72,44.532315574277895,0.00654792083182191,9.381073320221471,1.2264953705703134,10.559977887668055,484.94812157804006,100583.72787545418,99378.2265625,1935.3984375,5837.755260377172,6.952725656732721e-07,4.8787868245100123e-05,1,BREAK_WEAK_MONSOON,-0.4010426007048468,-0.2835063311081898,1,BREAK_WEAK_MONSOON,0.0793608679224916,0.9206371377352012,1.9943423071941518e-06
2018,2018-08-01T00:00:00+00:00,day1_24h,24,43.83550521711953,0.006447117706226308,9.43165493434349,1.4930186556147198,10.72382844591734,485.4728805632807,100461.43876609791,99179.6953125,2164.0,5831.773797009506,2.077738449767547e-06,4.4408702313728826e-05,1,BREAK_WEAK_MONSOON,-0.28832776783265557,-0.35962158516348586,1,BREAK_WEAK_MONSOON,0.047316384865402766,0.9526793097752012,4.305359396065494e-06
2018,2018-08-01T00:00:00+00:00,day2_24h,48,44.627101932164244,0.006610600872880817,9.204508177677567,1.3507672465685259,10.497074070053143,482.92649805693287,100599.97713998455,99466.1875,1902.203125,5837.5968412763295,6.81982870602242e-07,4.706836721601049e-05,1,BREAK_WEAK_MONSOON,-0.5504345809624527,-0.26325662036978237,1,BREAK_WEAK_MONSOON,0.07025169907406216,0.9297479982591422,3.02666795691012e-07
2018,2018-08-01T00:00:00+00:00,day3_24h,72,44.64013313383872,0.006763086550008454,9.662651854204308,-0.44967005976525287,10.729186824863708,489.42988583332925,100577.22813207455,99221.4453125,2223.1953125,5836.858701034472,1.2115673288840235e-06,4.5510771907168924e-05,1,BREAK_WEAK_MONSOON,-0.14443945793610152,-0.15822085167117197,1,BREAK_WEAK_MONSOON,0.4159689216062641,0.5838977441416568,0.00013333425207919729
2018,2018-08-02T00:00:00+00:00,day1_24h,24,44.45664810572173,0.006628240930630888,9.043042163455423,1.1002521795765996,10.262434754395603,466.878203705598,100598.01783211212,99426.0546875,2026.6015625,5839.490196212047,2.9920264738918803e-07,4.311035397719784e-05,1,BREAK_WEAK_MONSOON,-0.5779996150823474,-0.3358355220243458,1,BREAK_WEAK_MONSOON,0.038649894733834386,0.9613499079032606,1.9736290516458244e-07
2018,2018-08-02T00:00:00+00:00,day2_24h,48,44.62387809681753,0.006679681279519317,9.62963377526304,-0.3597403093352169,10.694617584872093,486.40213376021353,100593.50464348226,99240.3359375,2158.8046875,5838.691996943016,8.274066848160579e-07,4.680252016089387e-05,1,BREAK_WEAK_MONSOON,-0.16842848881639275,-0.2036596240055664,1,BREAK_WEAK_MONSOON,0.3052209643968965,0.694698238651498,8.079695160541273e-05
2018,2018-08-02T00:00:00+00:00,day3_24h,72,44.23939536806925,0.006618894021107812,9.939747903298569,-0.5870909979077223,10.875359771358873,486.5768221876406,100586.61528133124,99121.203125,2399.8046875,5842.468879994993,2.249919276364269e-06,4.637312716506842e-05,1,BREAK_WEAK_MONSOON,0.0933477403709076,-0.23662880095401628,1,BREAK_WEAK_MONSOON,0.4539307443543865,0.5442215324570335,0.0018477231885798643
2018,2018-08-03T00:00:00+00:00,day1_24h,24,44.37320171679216,0.0066651880407334035,9.48769678902332,-0.3807618035010175,10.637592494452765,480.4265749016999,100563.93500327952,99229.5546875,2116.0,5837.934931535487,5.350257366875833e-07,4.464887742594262e-05,1,BREAK_WEAK_MONSOON,-0.312098450305719,-0.25078489545610355,1,BREAK_WEAK_MONSOON,0.15425005840151826,0.8457396000812704,1.034151721148653e-05
2018,2018-08-03T00:00:00+00:00,day2_24h,48,44.08277524311888,0.006549019692872422,10.502378700255733,-0.6259080588991252,11.444884516982587,514.2570481758809,100570.03851378475,99083.21875,2420.3984375,5841.069849878979,1.6697914200473043e-06,4.647174781599334e-05,1,BREAK_WEAK_MONSOON,0.12824144993627984,-0.14387085877332398,0,ACTIVE_MONSOON,0.5899796148204555,0.4032189648227935,0.00680142035675092
2018,2018-08-03T00:00:00+00:00,day3_24h,72,43.618853853753556,0.006436850664842308,10.588203661664567,-0.2754420419919362,11.612202200530314,510.00135590189154,100466.02892428725,98825.0625,2748.640625,5836.202116862396,3.0680241286102508e-06,4.6761480872602136e-05,1,BREAK_WEAK_MONSOON,0.5850369172609847,-0.21536770217172196,2,LOW_DEPRESSION_INFLUENCED,0.2654630287035251,0.1306563733920615,0.6038805979044134
2018,2018-08-04T00:00:00+00:00,day1_24h,24,44.70243829838341,0.006631881178562156,10.019278290154608,-0.5554576757422182,11.10285230497022,503.8784219433095,100560.23193440646,99129.734375,2411.0,5841.478073967777,1.577632114185337e-06,4.521915223997868e-05,1,BREAK_WEAK_MONSOON,0.09072025003417544,-0.12568190214901018,0,ACTIVE_MONSOON,0.5940271917530455,0.4024315394505825,0.0035412687963718398
2018,2018-08-04T00:00:00+00:00,day2_24h,48,44.58976488792307,0.006619726154306544,10.42456400666148,-0.26282874382469795,11.66127605777798,527.8884198397833,100457.53203921423,98885.8671875,2668.484375,5835.8522182305,3.050322301964881e-06,4.96322117166459e-05,2,LOW_DEPRESSION_INFLUENCED,0.6656876923854216,-0.016061616773913323,2,LOW_DEPRESSION_INFLUENCED,0.18604885301491622,0.017996176704445678,0.7959549702806381
2018,2018-08-04T00:00:00+00:00,day3_24h,72,45.19148943743736,0.006744652364402785,10.068031931352792,0.3587986840012543,11.52173692406169,525.2258309946554,100353.40649050768,99030.046875,2569.765625,5829.795743011804,4.142602553526371e-06,4.654483557932198e-05,0,ACTIVE_MONSOON,0.4034822278003901,0.059937354604852694,0,ACTIVE_MONSOON,0.8358454823752343,0.07633445568612056,0.08782006193864522
2018,2018-08-05T00:00:00+00:00,day1_24h,24,44.4028990185061,0.006579945920139194,10.366898583640456,-0.0480878165598704,11.721755880398756,526.7510903658992,100425.23672172906,98841.703125,2731.359375,5833.954774038164,3.1531353039730793e-06,5.133489307598745e-05,2,LOW_DEPRESSION_INFLUENCED,0.8086150339289798,-0.042300675594271614,2,LOW_DEPRESSION_INFLUENCED,0.033632258312988904,0.003178382725298077,0.9631893589617131
2018,2018-08-05T00:00:00+00:00,day2_24h,48,45.154395841519225,0.00668877339838976,10.2712115217165,0.3271707393808184,12.201827660468785,559.929855155701,100333.99535914432,99098.8671875,2672.3203125,5827.91879164609,4.874412588096616e-06,4.959172615195388e-05,0,ACTIVE_MONSOON,0.5820394499562235,0.19777100354003319,0,ACTIVE_MONSOON,0.5733023063005869,0.00973838482740776,0.4169593088720052
2018,2018-08-05T00:00:00+00:00,day3_24h,72,46.85549751360741,0.007038543826499089,9.313089152738455,0.7268285407144903,11.117466202011475,527.1537871883592,100286.66864571847,99123.2578125,2519.6796875,5824.378690078542,3.797078857615894e-06,4.5662695856995734e-05,0,ACTIVE_MONSOON,0.39880756448524207,0.2682162204454927,0,ACTIVE_MONSOON,0.9097291315706476,0.02233494424512591,0.06793592418422655
2018,2018-08-06T00:00:00+00:00,day1_24h,24,44.74686830779254,0.006710823243127583,9.84747863681683,0.2590532374241511,11.75678929612697,533.8293863682323,100335.39807129375,98976.4921875,2819.8359375,5827.686354015118,5.0783126485532975e-06,5.121521512395075e-05,2,LOW_DEPRESSION_INFLUENCED,0.8353559702122593,0.058306920764878284,2,LOW_DEPRESSION_INFLUENCED,0.060099457940705876,0.0016318425159843285,0.9382686995433098
2018,2018-08-06T00:00:00+00:00,day2_24h,48,46.45350837555828,0.007028624368583947,9.503223094434839,0.32302943491286573,11.230817024899457,526.3360415031544,100298.50177637178,99166.828125,2579.40625,5824.253852935449,4.068695391393115e-06,4.761349498607846e-05,0,ACTIVE_MONSOON,0.47612324086194113,0.24322387752671093,0,ACTIVE_MONSOON,0.8365052514150177,0.012834083780603151,0.15066066480437912
2018,2018-08-06T00:00:00+00:00,day3_24h,72,49.41944546723642,0.007656819523036654,8.67342215641173,1.2918229077802708,10.101846205110439,502.7391979387263,100434.1585474779,99267.453125,2422.40625,5837.0388256396955,3.0122541967435228e-06,4.273226150661358e-05,0,ACTIVE_MONSOON,0.3076910889822742,0.5439576864541378,0,ACTIVE_MONSOON,0.9734683668940581,0.004597315362600914,0.021934317743340856
2018,2018-08-07T00:00:00+00:00,day1_24h,24,46.13750672269861,0.006886586453028176,9.497923721786778,0.7589933050543751,12.101989108785151,566.9683249502327,100263.47755640678,99198.671875,2616.8046875,5822.839801546368,4.619728099310905e-06,4.904442200835871e-05,0,ACTIVE_MONSOON,0.5248437858821351,0.36102688080325956,0,ACTIVE_MONSOON,0.7157791143876158,0.005831821178873256,0.278389064433511
2018,2018-08-07T00:00:00+00:00,day2_24h,48,49.282423973001656,0.007639784225180497,8.589653446634966,1.1933056924177547,10.724751870638057,535.2178202161692,100461.10164968748,99365.515625,2338.59375,5836.834273618891,3.471168411357271e-06,4.613235643167136e-05,0,ACTIVE_MONSOON,0.2908093044052812,0.6766743485603778,0,ACTIVE_MONSOON,0.9856804050637452,0.0017457029699454113,0.012573891966309316
2018,2018-08-07T00:00:00+00:00,day3_24h,72,51.48078471827765,0.008155557736614387,8.866107979428996,1.0090105287214024,10.26465187838541,535.5926314870658,100535.71868433338,99588.453125,2047.40625,5844.851594003029,1.9052353679264828e-06,4.550119626315705e-05,0,ACTIVE_MONSOON,0.022884209852061244,1.0066545215561773,0,ACTIVE_MONSOON,0.9990677350475144,0.0002360149949799053,0.0006962499575055828
2018,2018-08-08T00:00:00+00:00,day1_24h,24,48.98392975468943,0.007553607193212239,8.203630088391357,1.264650338562464,10.500533070078514,521.6650164450872,100470.27169412943,99374.5,2649.796875,5836.359957847105,3.3050712925418724e-06,4.500602577218424e-05,0,ACTIVE_MONSOON,0.5206104927401066,0.5592958984248626,0,ACTIVE_MONSOON,0.749385633899518,0.0015303918422753429,0.24908397425820675
2018,2018-08-08T00:00:00+00:00,day2_24h,48,51.56578347902864,0.00830062630100845,8.773300066184019,0.7395874546008252,9.966957703856707,521.8515386003392,100609.87087860859,99659.6328125,2057.0,5848.274488121138,1.9108983871002844e-06,4.1560280529234894e-05,0,ACTIVE_MONSOON,-0.16498586771374152,1.0029670192715652,0,ACTIVE_MONSOON,0.999656172769541,0.000278013951404802,6.581327905416453e-05
2018,2018-08-08T00:00:00+00:00,day3_24h,72,52.22798386207953,0.008578253513780039,9.993139998473453,0.5782809850194096,11.039106898423245,590.0712040729463,100521.5452912528,99383.7734375,2145.0,5846.194880120062,1.8483519845964269e-06,4.406027950272177e-05,0,ACTIVE_MONSOON,0.25010071723071536,1.4550595804330557,0,ACTIVE_MONSOON,0.9801122771118057,7.2491355032323525e-06,0.019880473752690943
2018,2018-08-09T00:00:00+00:00,day1_24h,24,51.1962427467838,0.008173273138088587,8.53081022879406,0.6483491170636313,10.15022905544514,523.0850970776567,100590.117669346,99670.640625,1956.59375,5848.357501202107,1.911375882292299e-06,4.413249337541371e-05,0,ACTIVE_MONSOON,-0.19688465742115263,0.9476164152160974,0,ACTIVE_MONSOON,0.9994390512407644,0.000519978286027554,4.097047320811289e-05
2018,2018-08-09T00:00:00+00:00,day2_24h,48,52.20965381122034,0.008534626608707413,10.154665854607165,0.3861000286175611,11.253896189606731,601.1708550493084,100526.72815546459,99445.078125,2031.59375,5847.103138033881,2.4922597165398143e-06,4.500792160021074e-05,0,ACTIVE_MONSOON,0.13733794118641687,1.4880827165941894,0,ACTIVE_MONSOON,0.9972534969409069,5.94218329876777e-06,0.002740560875794178
2018,2018-08-09T00:00:00+00:00,day3_24h,72,51.58242327042953,0.008299599359671733,11.395624043904876,-0.05055706347777997,12.633496329245903,667.04046715718,100342.92406658657,98874.640625,2374.078125,5838.375371199896,4.128443037539034e-06,4.798942956076635e-05,2,LOW_DEPRESSION_INFLUENCED,0.8984875145259048,1.6635060233036103,2,LOW_DEPRESSION_INFLUENCED,0.05719790113348589,3.249143249256213e-08,0.9428020663750817
2018,2018-08-10T00:00:00+00:00,day1_24h,24,51.39088480218684,0.008343497353327328,10.18884125964371,0.2846450760604485,11.470596213373506,600.6588326018358,100518.53493007633,99330.5625,2089.0,5844.945935657883,1.811943487517512e-06,4.615647964340603e-05,0,ACTIVE_MONSOON,0.24365148997858035,1.3704177715497812,0,ACTIVE_MONSOON,0.9827845245662887,1.4965862179041263e-05,0.01720050957153232
2018,2018-08-10T00:00:00+00:00,day2_24h,48,50.85412198088115,0.00822573775950023,11.582463379242263,-0.152318671770025,12.85674970641501,669.366228950067,100352.78402839955,98841.359375,2502.078125,5836.306014857762,3.623776863976776e-06,4.9940447850388935e-05,2,LOW_DEPRESSION_INFLUENCED,1.0636843666761515,1.606903002267818,2,LOW_DEPRESSION_INFLUENCED,0.004009082438044537,2.237180321207486e-09,0.995990915324775
2018,2018-08-10T00:00:00+00:00,day3_24h,72,50.11489872301919,0.007988939195869064,11.574771307589605,0.9994671123637274,13.129337467279086,675.407823169252,100169.87644174053,98713.109375,2692.203125,5825.595831638003,3.842131286245327e-06,5.0703653088734614e-05,2,LOW_DEPRESSION_INFLUENCED,1.3000218973443098,1.4994907131225905,2,LOW_DEPRESSION_INFLUENCED,8.273059523219298e-05,1.0830879035465552e-10,0.999917269296459
2018,2018-08-11T00:00:00+00:00,day1_24h,24,50.34653991786806,0.008045728080261546,11.529597769723404,0.020268141594981474,13.009508965423883,669.6848969484743,100320.79174409853,98832.6953125,2488.1953125,5834.057695958254,3.491071597174998e-06,5.124671424573665e-05,2,LOW_DEPRESSION_INFLUENCED,1.0662288678963883,1.5133734229023403,2,LOW_DEPRESSION_INFLUENCED,0.0031491425668289837,4.013609721892236e-09,0.9968508534195611
2018,2018-08-11T00:00:00+00:00,day2_24h,48,49.61889082545281,0.007932485571771649,11.838908648002338,1.354601331811023,13.618825934438739,695.8717569035272,100161.26378182358,98759.25,2639.3984375,5825.793076070137,3.9309331952052125e-06,5.099940036485159e-05,2,LOW_DEPRESSION_INFLUENCED,1.1900717698141265,1.5431103135820832,2,LOW_DEPRESSION_INFLUENCED,0.00018068405706450383,2.667320795107811e-10,0.9998193156762034
2018,2018-08-11T00:00:00+00:00,day3_24h,72,50.659294575141196,0.008122981959506474,11.741490184293172,1.3729304701543186,13.15212414302168,698.7447006648495,100231.72498424919,99168.203125,2213.59375,5829.890237656393,3.618610874640795e-06,4.4510267483265184e-05,0,ACTIVE_MONSOON,0.3396279964214642,1.6529045195738008,0,ACTIVE_MONSOON,0.8933342013339521,2.512615361499364e-06,0.10666328605068645
2018,2018-08-12T00:00:00+00:00,day1_24h,24,48.96450406880176,0.0078054141282647834,11.642618764707427,1.2895546754916885,13.393720527805883,672.8227722280391,100163.503575289,98787.3984375,2382.078125,5824.2822513083365,4.07374894425943e-06,5.371541213540322e-05,2,LOW_DEPRESSION_INFLUENCED,0.9753433758831695,1.3585698112931301,2,LOW_DEPRESSION_INFLUENCED,0.004060126471140214,3.5744049991602074e-08,0.9959398377848098
2018,2018-08-12T00:00:00+00:00,day2_24h,48,50.17922079349186,0.00808019471788892,11.572291072032215,1.2802387842851806,12.958983708076328,681.4024494658279,100269.39687669752,99192.15625,2093.0,5832.080937604205,3.1196573552078707e-06,4.5048561030026465e-05,0,ACTIVE_MONSOON,0.18803159992126006,1.5329774130897635,0,ACTIVE_MONSOON,0.9761522640968898,9.98522412719141e-06,0.023837750678982965
2018,2018-08-12T00:00:00+00:00,day3_24h,72,50.27840925335365,0.008152193001009552,10.746581514557793,1.2780549703360131,12.472298073636983,654.872279556617,100304.63571658476,99084.546875,2511.796875,5836.426473963836,3.1451813753058927e-06,4.803621621555965e-05,2,LOW_DEPRESSION_INFLUENCED,0.7964270575833111,1.4492438550113433,2,LOW_DEPRESSION_INFLUENCED,0.018571172529586625,8.568974680799589e-08,0.9814287417806665
2018,2018-08-13T00:00:00+00:00,day1_24h,24,49.81658120425165,0.008007311980362601,11.59869363934119,1.2242360353970563,13.088747748737886,682.4765010211663,100250.18173683074,99167.6171875,2154.2421875,5830.823210779789,3.616213483709289e-06,4.495034771909074e-05,0,ACTIVE_MONSOON,0.22937232296650312,1.4926656005670846,0,ACTIVE_MONSOON,0.9667029852645609,1.107044411971448e-05,0.03328594429131946
2018,2018-08-13T00:00:00+00:00,day2_24h,48,50.24467325571929,0.008187147506228728,10.933591201739272,1.2572386366425712,12.784130652496103,675.1838140994231,100299.08390140305,99008.2734375,2562.0,5835.836430540901,2.797056242752587e-06,4.717710006097599e-05,2,LOW_DEPRESSION_INFLUENCED,0.8556400378410292,1.5448479979411864,2,LOW_DEPRESSION_INFLUENCED,0.005781336371063849,1.5999838746023324e-08,0.9942186476290974
2018,2018-08-13T00:00:00+00:00,day3_24h,72,50.77339527893139,0.008191585880467684,10.538614584877942,1.3721061756075876,12.837693734946033,685.0797016845586,100344.40257458399,99407.4140625,2450.0,5837.414102008451,3.3952951299662206e-06,5.272061661341733e-05,2,LOW_DEPRESSION_INFLUENCED,0.7658096963604273,1.6194840885776154,2,LOW_DEPRESSION_INFLUENCED,0.03411476895789636,2.7273307547055618e-08,0.965885203768796
2018,2018-08-14T00:00:00+00:00,day1_24h,24,50.26578825928767,0.008202208488218551,10.377569447570707,1.738965994252231,13.249165298411214,705.333649872595,100293.50908913343,99141.7421875,2493.3984375,5835.987267274284,3.6319813597017566e-06,5.060903914296075e-05,2,LOW_DEPRESSION_INFLUENCED,0.8460980089563626,1.678399022770305,2,LOW_DEPRESSION_INFLUENCED,0.008221487092043353,1.0603476731751528e-08,0.99177850230448
2018,2018-08-14T00:00:00+00:00,day2_24h,48,51.05508186717108,0.008342755417310893,10.439900322911084,2.021056395942739,13.93446911604992,753.6869074591572,100363.4257837249,99354.5078125,2531.796875,5837.575029726516,3.007166884491177e-06,5.0492331121779454e-05,2,LOW_DEPRESSION_INFLUENCED,0.8121803926769027,1.9938761632126667,2,LOW_DEPRESSION_INFLUENCED,0.00718339292219022,1.0017421166868369e-09,0.9928166060760677
2018,2018-08-14T00:00:00+00:00,day3_24h,72,51.35195855377932,0.00830505803283786,10.723002374734188,0.4953846424063921,13.099513278559865,697.8663186344918,100267.60804501292,99314.1875,2325.0,5830.680278105529,3.1198620723635707e-06,5.0329795009440304e-05,2,LOW_DEPRESSION_INFLUENCED,0.6520985355792506,1.7739607024551254,2,LOW_DEPRESSION_INFLUENCED,0.20325322545442348,7.40658651083658e-08,0.7967467004797114
2018,2018-08-15T00:00:00+00:00,day1_24h,24,50.72308965240398,0.008285858201502428,9.901884832535337,2.027604048758552,13.531140304072498,728.8562691974271,100392.02084087704,99337.8125,2607.203125,5837.22331175694,3.4839634128469638e-06,5.2849657513510606e-05,2,LOW_DEPRESSION_INFLUENCED,0.9648083897700173,1.8375653859489631,2,LOW_DEPRESSION_INFLUENCED,0.0019275553290243354,4.922424977441134e-10,0.9980724441787331
2018,2018-08-15T00:00:00+00:00,day2_24h,48,50.317430317654456,0.008078014336770828,10.348726042408876,0.4107165360151647,13.057453624395558,684.6705842728932,100272.77923494407,99360.7578125,2331.3984375,5829.5047845562785,3.4795566642948886e-06,5.0991267320101466e-05,0,ACTIVE_MONSOON,0.5701199742379894,1.5632861181303714,2,LOW_DEPRESSION_INFLUENCED,0.44263750308313643,7.678461240270515e-07,0.5573617290707396
2018,2018-08-15T00:00:00+00:00,day3_24h,72,50.6952582524155,0.008104988275271573,10.616143353871294,0.8126109896639918,12.80908534985113,666.3515729755511,100129.77898768445,98976.9453125,2582.6015625,5819.360783691237,3.5578604194878227e-06,5.290020603448105e-05,2,LOW_DEPRESSION_INFLUENCED,1.1652920809661953,1.5332205610411234,2,LOW_DEPRESSION_INFLUENCED,0.0006063858174132574,5.461956294566881e-10,0.9993936136363912
2018,2018-08-16T00:00:00+00:00,day1_24h,24,50.21754503510952,0.008049754308689533,10.205911424585413,0.4560942540106251,12.981262499028261,676.3522479968989,100269.75218455268,99297.421875,2382.796875,5829.427664091286,3.711987361832036e-06,5.153837999036148e-05,2,LOW_DEPRESSION_INFLUENCED,0.6740343691344883,1.5156182018391324,2,LOW_DEPRESSION_INFLUENCED,0.2117879546808847,4.4306542999676116e-07,0.7882116022536854
2018,2018-08-16T00:00:00+00:00,day2_24h,48,50.79397038666676,0.008209826586171094,10.902668756513837,0.532981159928429,12.870958556441437,668.5180260535565,100163.1384291782,99137.2734375,2439.3984375,5817.351534501698,2.670826837446069e-06,5.33445933424868e-05,2,LOW_DEPRESSION_INFLUENCED,0.950817403496181,1.595489675974917,2,LOW_DEPRESSION_INFLUENCED,0.00574535968252891,3.692108465662514e-09,0.9942546366253626
2018,2018-08-16T00:00:00+00:00,day3_24h,72,51.05917170456904,0.008313812230870852,10.619068724034266,0.1350828465552973,12.786345854484322,668.2740525202342,100267.75860727539,99263.6015625,2306.875,5824.287544988706,4.1479164700834755e-06,5.3396333286931265e-05,2,LOW_DEPRESSION_INFLUENCED,0.7659496425129471,1.6475086122114813,2,LOW_DEPRESSION_INFLUENCED,0.200108520985524,8.053305348824952e-08,0.7998913984814225
2018,2018-08-17T00:00:00+00:00,day1_24h,24,50.7810349683859,0.00819866477626048,10.196134203947635,0.195113886650353,12.142127571310994,627.5219658647346,100191.46916738136,99129.328125,2367.0,5819.766454607283,3.3666843932134103e-06,4.5871219397201776e-05,0,ACTIVE_MONSOON,0.5800776069152179,1.4067878651677364,0,ACTIVE_MONSOON,0.59790714196946,3.2967022584647937e-06,0.4020895613282814
2018,2018-08-17T00:00:00+00:00,day2_24h,48,51.307922306948306,0.008352726205534499,10.17641413592248,0.07527036707837836,12.140263194568194,637.0250677585744,100300.99896156492,99364.234375,2222.59375,5827.298632255263,4.174644307193715e-06,5.4464410642091564e-05,2,LOW_DEPRESSION_INFLUENCED,0.6844261561767206,1.5325862435238058,0,ACTIVE_MONSOON,0.5055083969185611,4.0785846899029253e-07,0.4944911952229699
2018,2018-08-17T00:00:00+00:00,day3_24h,72,51.06198246128816,0.00820384005821199,8.775784265844413,0.9889463055349542,11.259240196505202,591.7627370179264,100382.03438365673,99461.1328125,2231.6015625,5837.1679487613255,3.952669736820657e-06,5.220320874711182e-05,0,ACTIVE_MONSOON,0.52060636035483,1.2414095407316166,0,ACTIVE_MONSOON,0.8381226998197314,1.3421955858657441e-05,0.1618638782244098
2018,2018-08-18T00:00:00+00:00,day1_24h,24,51.31582840984702,0.008338905570566593,9.447820899057438,0.1387145599362097,11.461191410774612,600.1573629604749,100306.61806924024,99385.09375,2218.6015625,5828.658539975148,5.058085312154498e-06,5.2940866555599404e-05,2,LOW_DEPRESSION_INFLUENCED,0.6062980761171468,1.3600535997066274,0,ACTIVE_MONSOON,0.862765965146876,2.4465917320517623e-06,0.137231588261392
2018,2018-08-18T00:00:00+00:00,day2_24h,48,51.6662404377358,0.008308568751825984,8.709694720346235,1.1768275304273426,10.855469411449791,578.5693999019803,100424.73638931033,99513.0390625,2266.5625,5837.028681153173,4.262817758844229e-06,5.1832515715460016e-05,0,ACTIVE_MONSOON,0.5578640666246025,1.2529143248874268,0,ACTIVE_MONSOON,0.8561383824881962,8.260744409163135e-06,0.14385335676739464
2018,2018-08-18T00:00:00+00:00,day3_24h,72,51.89033652366503,0.008308012100330596,8.32503949452804,0.9197952658106158,10.116995658339732,540.5478456563995,100474.96420241144,99596.5234375,2079.0390625,5841.513884469074,2.7372106683623344e-06,4.830471500982762e-05,0,ACTIVE_MONSOON,0.19686838276273955,1.0935835638087108,0,ACTIVE_MONSOON,0.9967422324509921,7.557279620209988e-05,0.003182194752805819
2018,2018-08-19T00:00:00+00:00,day1_24h,24,50.450380990700786,0.00793317563913124,9.059345830375765,1.2549056597496577,11.671135621203405,608.277124285414,100322.5119113313,99342.921875,2282.203125,5833.049587708025,5.349099036400354e-06,5.48134726843526e-05,2,LOW_DEPRESSION_INFLUENCED,0.699122500940066,1.172155601672776,0,ACTIVE_MONSOON,0.5735647208922259,1.0547693259374695e-05,0.42642473141451465
2018,2018-08-19T00:00:00+00:00,day2_24h,48,50.76008387304253,0.008078240019622077,9.300274471235301,1.4389410305755759,11.3684803988853,598.9828146066786,100416.94128051186,99416.7890625,2296.9609375,5838.528972874119,4.2218948391579215e-06,5.5464663431583104e-05,2,LOW_DEPRESSION_INFLUENCED,0.7198040244130433,1.1965035830649178,2,LOW_DEPRESSION_INFLUENCED,0.30722880539573816,4.026585761608924e-06,0.6927671680185001
2018,2018-08-19T00:00:00+00:00,day3_24h,72,51.03498238387356,0.008263045683335543,9.082554187029114,0.6290509560365024,10.753093487907401,563.2052726790324,100471.1588380952,99414.125,2305.3984375,5842.457701609806,1.4222254774683943e-06,4.9769746727278174e-05,0,ACTIVE_MONSOON,0.5214139071965587,1.1351363583349008,0,ACTIVE_MONSOON,0.5047282633010701,1.9449360410551724e-05,0.4952522873385194
2018,2018-08-20T00:00:00+00:00,day1_24h,24,50.06646856143788,0.007886532409339087,8.969836158903641,1.4938695761483634,11.546571011373388,600.4272287585178,100362.59558599618,99423.40625,2306.8828125,5834.792550808414,3.974424958886171e-06,5.492010795335669e-05,2,LOW_DEPRESSION_INFLUENCED,0.6455985956226896,1.0885651645356347,2,LOW_DEPRESSION_INFLUENCED,0.41933325375787267,1.816845146166095e-05,0.5806485777906658
2018,2018-08-20T00:00:00+00:00,day2_24h,48,50.31088150611469,0.008065335308451098,9.143837266813124,0.9229161556393843,11.150471828874295,574.970951173757,100452.86138524146,99445.578125,2167.203125,5840.365188363443,2.602521714554726e-06,5.399196195696957e-05,0,ACTIVE_MONSOON,0.4771021158144395,1.0729032265274947,0,ACTIVE_MONSOON,0.7804160740259302,4.964702492690026e-05,0.21953427894914296
2018,2018-08-20T00:00:00+00:00,day3_24h,72,51.06383970937986,0.008312591410301265,8.7447091733056,0.26086081484823925,10.315449253242415,535.0343174384309,100500.10147273661,99497.5703125,2117.7578125,5844.033707550909,9.82259674958033e-07,4.71921713317406e-05,0,ACTIVE_MONSOON,0.18265966671683337,1.0391499506160222,0,ACTIVE_MONSOON,0.9868817755146319,0.00014639779615391156,0.012971826689214079
2018,2018-08-21T00:00:00+00:00,day1_24h,24,49.8576673584824,0.007921958928369666,8.994561954328992,0.5213052210783082,10.864779059623176,553.4140741717836,100445.37630946298,99364.3984375,2323.84375,5840.565325505975,2.1260674437569802e-06,5.0966330892933956e-05,0,ACTIVE_MONSOON,0.521146810510408,0.8944030564874097,0,ACTIVE_MONSOON,0.6071851243788278,0.00012421932335662545,0.39269065629781574
2018,2018-08-21T00:00:00+00:00,day2_24h,48,50.47722480400129,0.00827128206920843,8.55926320978116,0.6101473302577016,10.241736327306938,526.9317811712112,100497.34411826168,99412.34375,2194.875,5843.981495751372,1.3114129524713906e-06,4.979976661090081e-05,0,ACTIVE_MONSOON,0.3686572687451206,0.9466097698548362,0,ACTIVE_MONSOON,0.8645379537438554,0.0002022764626355607,0.13525976979350907
2018,2018-08-21T00:00:00+00:00,day3_24h,72,50.63274513209372,0.008259107116106886,8.336352350768177,0.9611790923321913,9.954480056969938,514.6202246226961,100488.45708173148,99414.859375,2180.796875,5841.110768691022,1.3843858210732575e-06,4.738346536429289e-05,0,ACTIVE_MONSOON,0.2680841992356111,0.8911435883702907,0,ACTIVE_MONSOON,0.964177348430236,0.0004665384560388038,0.03535611311372521
2018,2018-08-22T00:00:00+00:00,day1_24h,24,50.302215580441725,0.008103501969552425,8.263179236690306,0.564946698723019,9.98633241731915,510.30009570641914,100488.88618186458,99371.5,2187.0,5844.22998830963,1.5178246100138168e-06,4.922801646362284e-05,0,ACTIVE_MONSOON,0.34859403464501837,0.7964446944406025,0,ACTIVE_MONSOON,0.9286693305871527,0.000711084000914201,0.07061958541193296
2018,2018-08-22T00:00:00+00:00,day2_24h,48,50.473554895431256,0.008139049547345808,8.444558320574428,0.7924032077175954,10.128398080908068,526.783262565362,100509.42333944826,99436.671875,2069.0,5843.739885497031,1.6167974404027734e-06,4.703379291740243e-05,0,ACTIVE_MONSOON,0.11712347093063345,0.8794863454596066,0,ACTIVE_MONSOON,0.9952101639536659,0.0007540211180102718,0.004035814928323697
2018,2018-08-22T00:00:00+00:00,day3_24h,72,49.58204073326899,0.007914806940415001,8.823341045432416,1.2069282372172456,10.703850907176488,547.6747251330896,100409.1314071257,99243.078125,2092.796875,5833.077379751809,1.4711451082664689e-06,4.991398713461491e-05,0,ACTIVE_MONSOON,0.30393693066424954,0.8356015810501524,0,ACTIVE_MONSOON,0.9428239925989012,0.001134200535110322,0.05604180686598837
2018,2018-08-23T00:00:00+00:00,day1_24h,24,49.56999549692901,0.007989335657529099,8.04398763634466,0.38902858049708006,10.019966101375186,507.745719723358,100484.15403069732,99413.953125,2124.0,5841.558942778595,2.1359480760688672e-06,4.761293756164578e-05,0,ACTIVE_MONSOON,0.13367638720351682,0.6888736676773123,0,ACTIVE_MONSOON,0.9940052449936525,0.0023575255462612923,0.0036372294600862266
2018,2018-08-23T00:00:00+00:00,day2_24h,48,48.56174651695321,0.007693833136490898,8.718514146224202,1.3545068463396237,10.926788371312227,553.6443769646344,100434.40210848223,99284.578125,2229.59375,5834.6224676816655,2.0155518999596726e-06,5.180522836809939e-05,0,ACTIVE_MONSOON,0.4044420927743742,0.7046648884621386,0,ACTIVE_MONSOON,0.8006124780739379,0.001685746339738544,0.19770177558632365
2018,2018-08-23T00:00:00+00:00,day3_24h,72,47.52273551110437,0.0075313755851429305,9.348660085588278,0.7602155303028478,11.310320790195282,560.64366848467,100319.90086601856,99171.09375,2147.3984375,5822.757693419224,2.4110938213587274e-06,4.844265884854563e-05,0,ACTIVE_MONSOON,0.17136648466899612,0.6177483012282381,0,ACTIVE_MONSOON,0.983404629484092,0.0058614696893949745,0.010733900826513028
2018,2018-08-24T00:00:00+00:00,day1_24h,24,48.29946685517895,0.007626738176993186,8.288601675748376,1.0352023802695023,10.386155035963336,520.5390440415345,100416.30791878387,99249.96875,2219.6015625,5834.3652821584155,2.3142928907403553e-06,4.996039688051583e-05,0,ACTIVE_MONSOON,0.3194585702976441,0.5143743152169211,0,ACTIVE_MONSOON,0.9414878417806091,0.00834985897519998,0.05016229924419109
2018,2018-08-24T00:00:00+00:00,day2_24h,48,47.02053372791127,0.0074155219020101935,9.083981137638375,0.6109811745631955,11.100586588086387,545.7606286305542,100330.13668118035,99178.796875,2189.6015625,5823.538704870904,2.634002439478686e-06,5.0537642560145724e-05,0,ACTIVE_MONSOON,0.25132387900657593,0.4705227230911858,0,ACTIVE_MONSOON,0.9650813840640513,0.011422289462693243,0.023496326473255603
2018,2018-08-24T00:00:00+00:00,day3_24h,72,46.82184113988076,0.007329429894231597,8.530953307805673,0.9292912204050164,10.715374636516062,521.9925674644984,100377.76722478513,99450.4375,2084.203125,5826.515660969258,2.5471300386902874e-06,4.740998476347991e-05,0,ACTIVE_MONSOON,-0.16514806211006722,0.3184167614878386,0,ACTIVE_MONSOON,0.9370852389070782,0.06275453486998266,0.00016022622293917745
2018,2018-08-25T00:00:00+00:00,day1_24h,24,47.47119686848013,0.007494241374751847,8.873956055652146,0.47553141616276245,10.955886699123091,541.3632607373611,100353.67659260919,99285.125,2226.6015625,5825.8378638507675,2.780557055552347e-06,5.042868694744831e-05,0,ACTIVE_MONSOON,0.25450829442076844,0.51115197955391,0,ACTIVE_MONSOON,0.9744406021142341,0.006089517247112422,0.01946988063865343
2018,2018-08-25T00:00:00+00:00,day2_24h,48,47.17272815783486,0.007480219585654704,8.590759908753911,0.8466785579253521,10.887016434519442,539.6524881081597,100398.9928385302,99521.8359375,2113.203125,5827.082438094938,2.5387619563377135e-06,4.9960312334680684e-05,0,ACTIVE_MONSOON,-0.04838859076454926,0.46830083354151875,0,ACTIVE_MONSOON,0.9853370312485779,0.013898828825755117,0.0007641399256669713
2018,2018-08-25T00:00:00+00:00,day3_24h,72,48.04479284497339,0.0075157698554627105,7.362517109638696,1.05286242744231,9.796195148595762,493.24989550755106,100442.48920565887,99536.328125,2127.1953125,5830.123649847154,3.068263041216039e-06,4.771496727713408e-05,0,ACTIVE_MONSOON,-0.062252802255663625,0.3142125495773962,0,ACTIVE_MONSOON,0.9572839699355074,0.04254286485659604,0.00017316520789665372
2018,2018-08-26T00:00:00+00:00,day1_24h,24,46.614427027327395,0.007376528866860635,8.51915066602209,0.8836661477198277,11.044659343179044,539.9592680653046,100363.38854442688,99527.6328125,2041.796875,5825.12784451172,2.52383598261124e-06,4.8767280522362876e-05,0,ACTIVE_MONSOON,-0.21711237333682087,0.40130484376723946,0,ACTIVE_MONSOON,0.9611124795972589,0.03876639041021547,0.00012112999252572565
2018,2018-08-26T00:00:00+00:00,day2_24h,48,47.3192405717787,0.007466165984030513,7.206954794040238,1.2185902117061604,9.990877145332057,496.60458195724175,100464.68181763809,99672.8984375,1956.3984375,5830.304438480059,2.964861618827713e-06,5.1783721970335426e-05,0,ACTIVE_MONSOON,-0.21049168550605568,0.26614840992920996,0,ACTIVE_MONSOON,0.9219483942305312,0.07801270717459392,3.889859487491119e-05
2018,2018-08-26T00:00:00+00:00,day3_24h,72,48.56534098814392,0.007624331430079919,6.897985555184817,1.860401669501368,8.958579316331972,450.9820046839385,100615.94231691849,99690.2265625,2207.3671875,5840.130968735014,1.5657369849397543e-06,4.645081668641795e-05,0,ACTIVE_MONSOON,-0.08736039052159456,0.20074519632709,0,ACTIVE_MONSOON,0.9016263155036808,0.09804829446401822,0.0003253900323010665
2018,2018-08-27T00:00:00+00:00,day1_24h,24,46.94151065243851,0.007424723304394051,6.7978752374413265,1.090876386913493,9.674982862499533,475.89006005101436,100456.78725646794,99672.1171875,1961.4453125,5830.888327776663,2.600839266537193e-06,4.819107290437522e-05,0,ACTIVE_MONSOON,-0.38234770800791085,0.13232348974249233,0,ACTIVE_MONSOON,0.724998742401429,0.27499585788670117,5.3997118697624625e-06
2018,2018-08-27T00:00:00+00:00,day2_24h,48,48.09684517727277,0.007567212816891813,7.163039557644749,1.6052927581829395,9.185468929671504,461.9184841012261,100601.28094293109,99713.703125,2122.234375,5840.282964199069,1.6230518066563614e-06,4.554795961327001e-05,0,ACTIVE_MONSOON,-0.26134453695523924,0.1921222487148106,0,ACTIVE_MONSOON,0.8589582466213056,0.14099752344902297,4.4229929671334395e-05
2018,2018-08-27T00:00:00+00:00,day3_24h,72,47.98192385279087,0.007576650316873237,7.417092367673313,0.49198266907378346,8.721474121471898,431.459573671391,100513.03350375975,99514.5234375,2028.796875,5836.500680407071,9.097664227042487e-07,4.049981920665747e-05,0,ACTIVE_MONSOON,-0.44358818218832047,0.059886696582383464,0,ACTIVE_MONSOON,0.5960624395595397,0.40393452964002935,3.030800430988553e-06
2018,2018-08-28T00:00:00+00:00,day1_24h,24,47.79737445342137,0.007535330540686162,6.986037242917944,1.75847451176542,9.215827555681493,461.89732669596685,100578.89431545496,99638.1796875,2156.1640625,5839.034853922266,2.099858911553186e-06,4.6189398566396895e-05,0,ACTIVE_MONSOON,-0.1797893047390615,0.15835579045336137,0,ACTIVE_MONSOON,0.8244018871783134,0.17549809086266246,0.00010002195902426032
2018,2018-08-28T00:00:00+00:00,day2_24h,48,48.04573361135113,0.007611120548588306,7.432579620578458,0.3079991905449805,8.87280345888783,441.07864803846314,100551.45066854282,99566.6640625,2075.796875,5839.224201189981,1.3505691765363832e-06,4.188534309426512e-05,0,ACTIVE_MONSOON,-0.36831258746728,0.11934330724972521,0,ACTIVE_MONSOON,0.7796963837863772,0.22029613844709864,7.47776652417259e-06
2018,2018-08-28T00:00:00+00:00,day3_24h,72,47.61395185187744,0.00743568126980824,7.509790734589498,0.4916098401551151,9.07346157862885,444.4505186927202,100514.36208391524,99444.4921875,2183.0390625,5837.289519292646,1.30029419997427e-06,4.2159812867390546e-05,0,ACTIVE_MONSOON,-0.21151086821532022,0.046773468347871015,0,ACTIVE_MONSOON,0.6856462550967772,0.3142967913048757,5.6953598347134286e-05
2018,2018-08-29T00:00:00+00:00,day1_24h,24,47.95425433887181,0.007534440436728245,7.382586685242326,-0.039019385615374165,9.02280559515907,444.39247930065625,100548.68367606397,99499.734375,2051.8046875,5839.139849184395,1.3338279685395535e-06,4.018275934994416e-05,0,ACTIVE_MONSOON,-0.4269246371126578,0.10765163141492277,0,ACTIVE_MONSOON,0.7068766045291714,0.293120931434801,2.4640360274343466e-06
2018,2018-08-29T00:00:00+00:00,day2_24h,48,47.49682519193187,0.007346113307638132,7.481806349556349,0.5955596338821963,9.250205636800457,451.7555046154136,100537.26851273314,99528.7578125,2077.28125,5838.1294765535295,1.7314743656450596e-06,4.473185464429433e-05,0,ACTIVE_MONSOON,-0.27333423448983846,0.040144506567948754,0,ACTIVE_MONSOON,0.6743096597337163,0.32567377977267453,1.656049360921019e-05
2018,2018-08-29T00:00:00+00:00,day3_24h,72,47.1016850652182,0.007162283188738964,6.942467367466406,0.9754315065973264,8.801434910699962,429.0317837598736,100619.87319770132,99668.984375,2229.6015625,5840.611574858595,1.5207242741503016e-06,4.6557447937179124e-05,1,BREAK_WEAK_MONSOON,-0.16974184666265635,-0.17257883636381652,1,BREAK_WEAK_MONSOON,0.4438799642496246,0.556075993528704,4.404222167141186e-05
2018,2018-08-30T00:00:00+00:00,day1_24h,24,47.36613026001321,0.007296836823984461,7.336599801393753,0.4176497319479639,9.11093276551528,440.82765293269136,100550.72743970921,99474.5,2235.84375,5839.424604267403,1.645109952987294e-06,4.150664815315667e-05,0,ACTIVE_MONSOON,-0.22544247555066704,-0.03215042660812605,0,ACTIVE_MONSOON,0.576997612428353,0.42297412415845353,2.826341319351293e-05
2018,2018-08-30T00:00:00+00:00,day2_24h,48,47.16876042987978,0.00712746843859134,6.987993037371477,0.6984985092107064,8.726772447107669,425.2110595620471,100666.23705296776,99813.265625,1966.3984375,5844.064356593634,1.4013983107301816e-06,4.532042826171326e-05,1,BREAK_WEAK_MONSOON,-0.5630994719396515,-0.1986786610366088,1,BREAK_WEAK_MONSOON,0.25086034528041434,0.7491395176745616,1.3704502402000883e-07
2018,2018-08-30T00:00:00+00:00,day3_24h,72,46.31773440842341,0.006911066556845303,6.0497645431198475,0.4533897149197964,7.7130039333859575,365.7780124593221,100663.97710001914,99777.359375,1964.796875,5842.4038989055425,9.207162784429111e-07,4.3209710173883024e-05,1,BREAK_WEAK_MONSOON,-0.6988187564463791,-0.6152849901540383,1,BREAK_WEAK_MONSOON,0.01182803856777586,0.9881719603272783,1.1049457476126927e-09
2018,2018-08-31T00:00:00+00:00,day1_24h,24,45.897106992841394,0.00682101462668028,6.93730799905446,0.42299643169110424,8.871181973733645,423.52894708382075,100664.53220784807,99691.796875,2300.8046875,5845.116417652909,1.675509310760076e-06,4.8372751896964894e-05,1,BREAK_WEAK_MONSOON,-0.14050029203365527,-0.41130897098164343,1,BREAK_WEAK_MONSOON,0.17700218610151633,0.8229736350799212,2.4178818562373053e-05
2018,2018-08-31T00:00:00+00:00,day2_24h,48,44.77455909437154,0.006538234809394535,6.305356987313023,0.5088013469240708,8.066052314244846,376.1668778661542,100660.79223639092,99739.03125,2043.8359375,5842.398046892835,6.057714539203617e-07,4.538201462427406e-05,1,BREAK_WEAK_MONSOON,-0.6374474764774639,-0.8235535518674277,1,BREAK_WEAK_MONSOON,0.002683983873439096,0.9973160148877331,1.2388276605006623e-09
2018,2018-08-31T00:00:00+00:00,day3_24h,72,44.24089496217018,0.00663464726936176,6.045134087644192,0.5345802025763466,7.697243070340394,351.0366714192759,100659.39749386793,99664.5390625,2071.6015625,5836.515105448244,-1.5352718830424912e-08,4.210844140582087e-05,1,BREAK_WEAK_MONSOON,-0.7410434035604143,-0.9323869279687876,1,BREAK_WEAK_MONSOON,0.0007897971024829324,0.999210202723943,1.7357408776902251e-10
2018,2018-09-01T00:00:00+00:00,day1_24h,24,44.72898881043192,0.00655038817127082,6.29241847929376,0.4181150963487616,8.282283699671472,382.1887371224907,100659.87803996107,99675.2109375,2060.9609375,5842.289300975436,1.0257347456148158e-06,4.532977523915684e-05,1,BREAK_WEAK_MONSOON,-0.5867432944658708,-0.7819382084084372,1,BREAK_WEAK_MONSOON,0.0036214073288953702,0.9963785903916681,2.2794365698233655e-09
2018,2018-09-01T00:00:00+00:00,day2_24h,48,43.97683706973027,0.006574702420281052,6.472157152572305,0.40372851766341705,8.146578315259902,369.44333812380137,100670.82964000457,99713.5390625,2030.3984375,5836.295264283154,3.089731915463537e-07,4.272063651700453e-05,1,BREAK_WEAK_MONSOON,-0.8092168061329944,-0.8804862789909684,1,BREAK_WEAK_MONSOON,0.0012165265756401604,0.9987834733227885,1.015712753631672e-10
2018,2018-09-01T00:00:00+00:00,day3_24h,72,43.40424037133133,0.006449242435291611,5.839140969599476,0.11966806709483606,7.4558297936302464,335.0847095576535,100771.17894288844,99907.046875,1953.203125,5842.40037881819,2.313479841021622e-07,3.899268139856483e-05,1,BREAK_WEAK_MONSOON,-1.204749018224749,-1.14130751374478,1,BREAK_WEAK_MONSOON,0.00011629480742981343,0.9998837051925061,6.407554998089998e-14
2018,2018-09-02T00:00:00+00:00,day1_24h,24,43.54219255726725,0.006552575091038026,6.173629219479502,0.19049958623198163,7.956786730847267,355.3105278097038,100663.07054329324,99707.5859375,2069.8046875,5837.277768055648,2.7747481145511206e-07,4.0188487045022065e-05,1,BREAK_WEAK_MONSOON,-0.9057453232959489,-0.9808583158040449,1,BREAK_WEAK_MONSOON,0.00046175768608441045,0.9995382422985742,1.5341197031774478e-11
2018,2018-09-02T00:00:00+00:00,day2_24h,48,42.86472954479365,0.006340780101523344,6.2240464961295245,0.18844835876690563,7.869211842291396,352.5916803432725,100775.94730078516,99930.171875,2044.0,5844.623473891544,-2.1335424280217895e-07,4.116089600367517e-05,1,BREAK_WEAK_MONSOON,-1.0867587712854714,-1.1380340831055258,1,BREAK_WEAK_MONSOON,0.00015589588905489022,0.9998441041100206,9.246730760087741e-13
2018,2018-09-02T00:00:00+00:00,day3_24h,72,41.83724868971904,0.006158846484758769,6.591944842179833,0.04045929456026998,8.471465857937156,377.6872870739494,100725.04751116302,99780.1640625,2095.0,5840.192572241557,7.026636689994671e-07,4.460272996486708e-05,1,BREAK_WEAK_MONSOON,-0.8888793362777481,-1.1637337490960742,1,BREAK_WEAK_MONSOON,0.0001828542770159256,0.9998171457137207,9.263414132453023e-12
2018,2018-09-03T00:00:00+00:00,day1_24h,24,42.37271055258976,0.006214035933420242,5.972822918503749,-0.043677280130762795,7.5807442896603385,335.78414940940087,100762.36148829873,99873.90625,2024.796875,5844.979583137212,2.8766036390778428e-08,3.804458780913548e-05,1,BREAK_WEAK_MONSOON,-1.2380441474789983,-1.3029011235657488,1,BREAK_WEAK_MONSOON,3.09857688113947e-05,0.999969014231166,2.2631143098555438e-14
2018,2018-09-03T00:00:00+00:00,day2_24h,48,41.46819043562489,0.006033078411567643,6.620751999335512,-0.012989687881821636,8.467665845573734,375.47200173499823,100722.49221325191,99781.0546875,2136.203125,5840.551664224558,8.11134471339935e-07,4.114667585764016e-05,1,BREAK_WEAK_MONSOON,-1.0199609549763329,-1.2496021494398013,1,BREAK_WEAK_MONSOON,7.391187807825009e-05,0.9999260881211153,8.063938473631327e-13
2018,2018-09-03T00:00:00+00:00,day3_24h,72,40.40001573765854,0.005690926148847328,6.588922473400624,-0.23867337560204366,8.5074032650113,365.5412429141031,100630.1561983527,99660.578125,2084.796875,5832.877986129153,1.2892636433172168e-06,4.5381594828000106e-05,1,BREAK_WEAK_MONSOON,-0.9123606198250511,-1.4910091746396386,1,BREAK_WEAK_MONSOON,1.6572723876962342e-05,0.9999834272757514,3.71676950659368e-13
2018,2018-09-04T00:00:00+00:00,day1_24h,24,41.39288806666558,0.005957123395295698,6.542422071168528,-0.35580329348524325,8.257313775017634,359.5659218733008,100739.47677300846,99740.71875,2203.6015625,5841.430007378503,4.4661183385082197e-07,4.030629072191511e-05,1,BREAK_WEAK_MONSOON,-0.9689409625978498,-1.3478957579247859,1,BREAK_WEAK_MONSOON,4.5046109509621215e-05,0.9999549538896315,8.58776253355817e-13
2018,2018-09-04T00:00:00+00:00,day2_24h,48,40.32040392790528,0.005709022875805228,6.2566836764909635,-0.2852750052070565,8.247606532594173,353.6496550332759,100666.89144677197,99769.8984375,2101.6015625,5838.401120485472,1.1220557988782666e-06,4.361291816860155e-05,1,BREAK_WEAK_MONSOON,-1.0424172405802181,-1.5496935401108711,1,BREAK_WEAK_MONSOON,9.147912731814854e-06,0.9999908520872072,6.11378787529008e-14
2018,2018-09-04T00:00:00+00:00,day3_24h,72,40.98146565855295,0.005787790257960457,6.049104806246899,-0.2531877490506152,8.178326457257453,347.189144557541,100653.53870523575,99756.6875,2229.796875,5834.874481905179,1.8152651230329648e-06,4.367950122564001e-05,1,BREAK_WEAK_MONSOON,-0.8504209634375608,-1.4866967338031545,1,BREAK_WEAK_MONSOON,2.8764093484562266e-05,0.9999712359056786,8.368869846358426e-13
2018,2018-09-05T00:00:00+00:00,day1_24h,24,39.966268553036684,0.005712448350151692,6.262213730014862,-0.41128911328884343,8.515384142618517,364.8564159639426,100656.12459833159,99703.296875,2118.0,5836.026091881089,6.718442699389607e-07,4.3872973875635926e-05,1,BREAK_WEAK_MONSOON,-1.0036942645894527,-1.5191327070395912,1,BREAK_WEAK_MONSOON,9.369140322664509e-06,0.9999906308595191,1.5825598638776644e-13
2018,2018-09-05T00:00:00+00:00,day2_24h,48,40.47011867313936,0.005648088528615737,5.930266124018896,-0.14974376652448948,8.435282306295463,359.89741839767436,100703.61803410285,99852.90625,2217.6015625,5837.366493394413,1.906407212233432e-06,4.589768487483054e-05,1,BREAK_WEAK_MONSOON,-0.8748805991418166,-1.5237924794386213,1,BREAK_WEAK_MONSOON,2.228850450039665e-05,0.999977711494972,5.275942586681221e-13
2018,2018-09-05T00:00:00+00:00,day3_24h,72,41.3507303968717,0.005861914284865838,5.525526066427183,-0.8439439764219121,7.506075785955289,317.89341363512006,100688.15265355761,99978.3203125,1903.6015625,5839.595442681698,3.0261297763838268e-06,4.2919673179403274e-05,1,BREAK_WEAK_MONSOON,-1.3094027017002807,-1.5765783988797737,1,BREAK_WEAK_MONSOON,1.1104782844883703e-05,0.999988895217155,2.295920872480388e-16
2018,2018-09-06T00:00:00+00:00,day1_24h,24,40.10910764874442,0.005690246977326241,6.10436133443193,-0.18693546672321423,9.168186390792991,395.6696064811409,100661.96283549652,99440.484375,2528.8046875,5834.9406422837255,2.377904122654901e-06,4.908644366494974e-05,1,BREAK_WEAK_MONSOON,-0.21241022030281914,-1.3651471286942942,1,BREAK_WEAK_MONSOON,0.0001353951795412973,0.9998645920937352,1.2726723377063959e-08
2018,2018-09-06T00:00:00+00:00,day2_24h,48,40.84721855550573,0.005820339037818645,5.080596337408807,-0.5360558474561106,7.476638761437272,316.5367918789927,100697.44538078956,99921.2734375,2058.8046875,5841.913299982466,2.6230917306144764e-06,4.330250227736322e-05,1,BREAK_WEAK_MONSOON,-1.147609673402018,-1.6416475598601719,1,BREAK_WEAK_MONSOON,6.484179244617741e-06,0.9999935158207529,2.3671182871602423e-15
2018,2018-09-06T00:00:00+00:00,day3_24h,72,42.20155067466568,0.00615804062925078,3.8120569408985037,-0.2935779908359617,5.562164812718343,233.1857641130432,100697.14210739704,99909.1640625,2092.6015625,5846.438806499587,2.9273982237786144e-06,3.8490965548098166e-05,1,BREAK_WEAK_MONSOON,-1.1894764660398323,-1.8221993954718212,1,BREAK_WEAK_MONSOON,1.7845236218960637e-06,0.999998215476378,1.8445410036585995e-16
2018,2018-09-07T00:00:00+00:00,day1_24h,24,40.28373306180898,0.00571290877960701,5.0003196629843565,-1.3707491606621525,7.32211806952837,308.39723303455196,100681.78895234826,99601.5859375,2514.203125,5839.940997942614,2.38445455577001e-06,4.066560416126655e-05,1,BREAK_WEAK_MONSOON,-0.6545537682696855,-1.7686175274285907,1,BREAK_WEAK_MONSOON,7.14721665214108e-06,0.9999928527820692,1.2788082482153888e-12
2018,2018-09-07T00:00:00+00:00,day2_24h,48,41.20435309353582,0.005947390081788691,3.6840667271312935,-0.14621286155525665,5.393106528748611,222.92619084987234,100734.46998008445,99894.7734375,2077.3984375,5849.3859327274695,3.0033458929009895e-06,3.831779308472125e-05,1,BREAK_WEAK_MONSOON,-1.2854768608551894,-2.0326387083662887,1,BREAK_WEAK_MONSOON,2.7888390931585447e-07,0.9999997211160908,1.1209034594678972e-17
2018,2018-09-07T00:00:00+00:00,day3_24h,72,42.52104718830092,0.006321253565169671,3.0695643483390294,1.3009416242700764,4.863272143177432,208.44246955197073,100906.15273386199,100094.0625,1892.3984375,5863.344739924033,1.4430402953532665e-06,3.152474071146351e-05,1,BREAK_WEAK_MONSOON,-1.75781933122235,-1.8741524868709638,1,BREAK_WEAK_MONSOON,1.2417075174070678e-07,0.9999998758292482,6.345474031770334e-20
2018,2018-09-08T00:00:00+00:00,day1_24h,24,40.43693867201222,0.005884301473888681,3.649025212327451,-0.8100133958006887,5.450239822237237,221.3155396811608,100687.42663406204,99841.0390625,2088.8046875,5845.868957158018,3.01460880016763e-06,3.621452497357658e-05,1,BREAK_WEAK_MONSOON,-1.390033204861458,-2.1178872352657536,1,BREAK_WEAK_MONSOON,1.2665403508142918e-07,0.999999873345965,1.596393787120051e-18
2018,2018-09-08T00:00:00+00:00,day2_24h,48,41.96313442631229,0.006280469822604959,3.2589744657536306,1.166791705705716,4.924158503329646,210.03992246968866,100922.02701043151,100117.296875,1927.1953125,5863.427162329779,1.8992843308003833e-06,3.335125382112544e-05,1,BREAK_WEAK_MONSOON,-1.7103616637599834,-1.9254931117779255,1,BREAK_WEAK_MONSOON,1.321844787645907e-07,0.9999998678155212,1.133853476335629e-19
2018,2018-09-08T00:00:00+00:00,day3_24h,72,42.66583094746619,0.006457647019438877,3.4926092432783657,1.2395211197333238,5.061209179548116,223.33919736107174,101058.22920112747,100144.28125,1730.3984375,5871.899911272055,-2.135823421658128e-08,3.1999763407440564e-05,1,BREAK_WEAK_MONSOON,-1.9170635236345483,-1.7500024326652879,1,BREAK_WEAK_MONSOON,1.6451907929392312e-07,0.9999998354809208,2.838883806383048e-20
2018,2018-09-09T00:00:00+00:00,day1_24h,24,41.513186728067666,0.006313738365383427,2.949840507681982,0.9505196220215754,4.733745041360725,201.0357815346765,100907.17438618622,100143.2109375,1888.0,5861.342154606288,1.8450077553590558e-06,3.270298733032985e-05,1,BREAK_WEAK_MONSOON,-1.8288188999669988,-1.9938333771288046,1,BREAK_WEAK_MONSOON,6.433310517677492e-08,0.9999999356668948,1.5298166955241455e-20
2018,2018-09-09T00:00:00+00:00,day2_24h,48,42.46041466627485,0.006454968442031741,3.3999207442542447,1.1150040574031002,5.0139001821931215,221.55866003672102,101077.54710720257,100157.3515625,1816.796875,5872.735474719236,-1.8880316844355555e-07,3.0298002148881696e-05,1,BREAK_WEAK_MONSOON,-1.9264541998751634,-1.7780775424279738,1,BREAK_WEAK_MONSOON,1.3952907265279834e-07,0.9999998604709274,2.84763430270059e-20
2018,2018-09-09T00:00:00+00:00,day3_24h,72,41.60413039917995,0.006121374686403081,4.7277114320249005,0.23015046112163717,6.006462915628339,255.95879172938115,100936.69292370901,99868.6171875,1867.359375,5862.913437127283,-6.347275144280673e-07,3.3520541891487436e-05,1,BREAK_WEAK_MONSOON,-1.6371898226627066,-1.7796940665081942,1,BREAK_WEAK_MONSOON,2.3841792665612544e-07,0.9999997615820733,1.948890378214313e-18
2018,2018-09-10T00:00:00+00:00,day1_24h,24,41.97632730547014,0.0063374183270359435,3.463151379593953,0.906336822909272,5.12936009736487,224.64716245360287,101049.62902243853,100117.5078125,1937.4453125,5870.635229582824,7.383397822867737e-08,3.0397256404062794e-05,1,BREAK_WEAK_MONSOON,-1.8192554665897693,-1.8434364340115832,1,BREAK_WEAK_MONSOON,1.274461788733379e-07,0.9999998725538211,9.71224743716494e-20
2018,2018-09-10T00:00:00+00:00,day2_24h,48,41.018826295101285,0.005894832670956579,4.741511815521058,-0.10986800546511073,6.05478943420343,255.20758513297392,100953.48823522408,99920.3125,1864.0,5864.526372621361,-3.0755881613646487e-07,3.3746046937427e-05,1,BREAK_WEAK_MONSOON,-1.7122713332057795,-1.913579300891941,1,BREAK_WEAK_MONSOON,1.0402355337377252e-07,0.9999998959764466,2.407805556098773e-19
2018,2018-09-10T00:00:00+00:00,day3_24h,72,39.265506471678584,0.005457482002743164,5.070919785816155,-0.592238961168263,6.459534600459759,255.0299309011329,100744.40870969556,99608.828125,2161.0,5850.904664040784,1.114864050035968e-06,3.487926338444495e-05,1,BREAK_WEAK_MONSOON,-1.326015444881055,-2.182021204332867,1,BREAK_WEAK_MONSOON,3.8731028002992614e-08,0.9999999612689721,6.704595793001609e-18
2018,2018-09-11T00:00:00+00:00,day1_24h,24,40.74039531670179,0.00575465237672027,4.221308376023737,-0.32967510873046946,5.595056222593443,231.72342210413373,100892.51198286835,99891.0,1808.3984375,5860.362846058407,-4.861881898900527e-07,3.261402377006661e-05,1,BREAK_WEAK_MONSOON,-1.8178023810384523,-2.102412615979298,1,BREAK_WEAK_MONSOON,1.9401918253072812e-08,0.9999999805980816,9.541465667986072e-21
2018,2018-09-11T00:00:00+00:00,day2_24h,48,39.39060973249733,0.005311259263291925,5.2851694619494,-0.5867051847871518,6.567486877964414,263.6512844178968,100721.92089855896,99639.7890625,2080.796875,5849.514666956861,1.1383527541311293e-06,3.6014075859716916e-05,1,BREAK_WEAK_MONSOON,-1.3676823747485725,-2.1965656047785584,1,BREAK_WEAK_MONSOON,3.473229746351361e-08,0.9999999652677026,2.5347762982870984e-18
2018,2018-09-11T00:00:00+00:00,day3_24h,72,39.183745067153595,0.00541164711561639,4.166460082505839,0.05354970893180078,5.826053611698467,230.20167288829538,100745.68005415428,99836.4921875,1944.0,5849.673380685672,1.4223200834416053e-06,3.78901602194073e-05,1,BREAK_WEAK_MONSOON,-1.5658335512339165,-2.341992184861955,1,BREAK_WEAK_MONSOON,8.203378614416725e-09,0.9999999917966215,5.24939116963977e-20
2018,2018-09-12T00:00:00+00:00,day1_24h,24,38.916170936211415,0.005279552634743947,4.761448496789365,-0.7910856520140639,6.075594547953486,239.0294223808629,100727.23106640253,99679.8515625,2169.6015625,5849.473520583683,1.0184270340202196e-06,3.2327489838108244e-05,1,BREAK_WEAK_MONSOON,-1.4945091135999182,-2.365413032949564,1,BREAK_WEAK_MONSOON,8.897534669149968e-09,0.9999999911024654,1.7614669282517044e-19
2018,2018-09-12T00:00:00+00:00,day2_24h,48,38.95681855989439,0.005358881046196439,3.8473492555649162,0.12157041468568168,5.538955449102149,216.427821342858,100761.42727884797,99869.375,2026.0,5850.212368464741,1.5874185285333448e-06,3.686905794219836e-05,1,BREAK_WEAK_MONSOON,-1.5660523939230309,-2.448587959911362,1,BREAK_WEAK_MONSOON,4.342386352692185e-09,0.9999999956576135,2.682402318657142e-20
2018,2018-09-12T00:00:00+00:00,day3_24h,72,40.076460319971815,0.005766302837882413,3.520942846578244,-0.08820808458059752,5.622536009964617,228.74289880348323,100915.67283069577,100098.9609375,2117.1171875,5858.101294873378,-1.2095073052636097e-07,3.859428113499109e-05,1,BREAK_WEAK_MONSOON,-1.4563422555757572,-2.156291471602892,1,BREAK_WEAK_MONSOON,5.723166390105705e-08,0.9999999427683361,4.017585032906569e-18
2018,2018-09-13T00:00:00+00:00,day1_24h,24,38.277689399699675,0.005236245299728079,3.8974242715738345,-0.37852633784784456,5.386607194737508,205.76586467236913,100725.93892146504,99849.2578125,1939.359375,5848.52399110123,1.7617561453239262e-06,3.519738637087386e-05,1,BREAK_WEAK_MONSOON,-1.7630914380357074,-2.5965694055154014,1,BREAK_WEAK_MONSOON,1.1100326200988649e-09,0.9999999988899675,5.1369286071713045e-22
2018,2018-09-13T00:00:00+00:00,day2_24h,48,39.62414788123965,0.005624601270142217,3.552751107764378,-0.03528988322868953,5.565947907964127,220.84257776370418,100899.0930400594,100113.2109375,2065.28125,5856.804297213886,1.9642676058151445e-07,3.57730392757207e-05,1,BREAK_WEAK_MONSOON,-1.6683811639788055,-2.2747388204683507,1,BREAK_WEAK_MONSOON,1.549968078787798e-08,0.9999999845003191,6.86547860759457e-20
2018,2018-09-13T00:00:00+00:00,day3_24h,72,40.63771686769057,0.005777754501392132,3.5426136315597745,-0.8617406667792322,5.659617162155225,243.3601767134255,100860.66570846635,100331.578125,1860.484375,5851.096766782621,1.2759698769838215e-06,3.698477539554458e-05,1,BREAK_WEAK_MONSOON,-1.872297090849806,-2.0676690500510855,1,BREAK_WEAK_MONSOON,1.0938403007187221e-07,0.9999998906159699,6.977565699272554e-21
2018,2018-09-14T00:00:00+00:00,day1_24h,24,39.15782166458217,0.005532287743759352,3.539249674195023,-0.7907246538278614,5.343459553726269,214.71052848681887,100871.3150271965,100165.9609375,1948.0,5854.92841825301,6.825990018799553e-09,3.286517399424404e-05,1,BREAK_WEAK_MONSOON,-1.9734470559927901,-2.391675338051137,1,BREAK_WEAK_MONSOON,4.479859922350979e-09,0.99999999552014,4.169734879124868e-22
2018,2018-09-14T00:00:00+00:00,day2_24h,48,40.26526820311775,0.005765986450294842,3.6542216764807205,-1.0195166905111284,5.859965378693066,254.666636790691,100834.46979521094,100316.8984375,1896.203125,5848.699618089467,1.909592295266085e-06,3.8685171037281905e-05,1,BREAK_WEAK_MONSOON,-1.7899858473775367,-2.0528715126927173,1,BREAK_WEAK_MONSOON,1.75370362845035e-07,0.9999998246296372,2.476277869888023e-20
2018,2018-09-14T00:00:00+00:00,day3_24h,72,40.23799572711613,0.0056804752065462635,4.092769403346461,-0.8446343440669952,6.189846733664863,281.5741566669764,100713.58516268816,100139.7109375,1988.0,5838.933520571293,2.2343694532798675e-06,3.8667791865141554e-05,1,BREAK_WEAK_MONSOON,-1.5922620501001463,-1.9873145184816714,1,BREAK_WEAK_MONSOON,3.3227804150022806e-07,0.9999996677219585,4.75377971323179e-19
2018,2018-09-15T00:00:00+00:00,day1_24h,24,40.12026644829912,0.005765950475801522,3.4218748412435587,-1.6181607477902815,5.86255525583487,252.12878296606794,100791.4020356357,100248.8828125,1930.875,5846.262587746936,1.6677600181979806e-06,3.7756011174312176e-05,1,BREAK_WEAK_MONSOON,-1.7632944185546722,-2.0703120744108494,1,BREAK_WEAK_MONSOON,1.547970875157778e-07,0.9999998452029124,3.033724145858313e-20
2018,2018-09-15T00:00:00+00:00,day2_24h,48,40.54303718261248,0.005808247214936647,3.942883392996618,-0.6969648551753022,6.173301797320577,279.38516827625904,100711.00885710023,100181.5078125,2202.1953125,5838.532377284857,1.8638711078747372e-06,3.994526097576588e-05,1,BREAK_WEAK_MONSOON,-1.330463472923408,-1.9183964185745943,1,BREAK_WEAK_MONSOON,1.1554699823112378e-06,0.9999988445300176,7.612448833481975e-17
2018,2018-09-15T00:00:00+00:00,day3_24h,72,40.328373969771256,0.005720455446001878,4.951705884154349,-0.37649159343802113,7.343269091984182,339.86238649296394,100704.16699483074,99963.421875,2133.8046875,5835.672218613209,2.346231630131321e-06,4.459162000882685e-05,1,BREAK_WEAK_MONSOON,-1.0909817093502228,-1.688801737371664,1,BREAK_WEAK_MONSOON,5.668097338395629e-06,0.9999943319026562,5.419193870224504e-15
2018,2018-09-16T00:00:00+00:00,day1_24h,24,40.49550690053428,0.005929584580506767,3.827215391865471,-0.8309324605275763,6.183900239903375,278.68318655068555,100661.67548483457,100115.78125,1966.6015625,5832.9910225646345,2.33064519801356e-06,3.874561986237723e-05,1,BREAK_WEAK_MONSOON,-1.5737938462379786,-1.8746304320628548,1,BREAK_WEAK_MONSOON,6.999056686896706e-07,0.9999993000943312,1.2813350270098422e-18
2018,2018-09-16T00:00:00+00:00,day2_24h,48,40.40110223621171,0.005831320086626653,4.624497351776347,-0.601727630323603,7.057338562958635,326.6393617330182,100698.95026342366,100090.609375,2110.59375,5833.2345656332445,2.5576184229227556e-06,4.3567100330659625e-05,1,BREAK_WEAK_MONSOON,-1.2286259436515263,-1.7043957397841023,1,BREAK_WEAK_MONSOON,5.694368620632398e-06,0.9999943056313785,8.031124433334476e-16
2018,2018-09-16T00:00:00+00:00,day3_24h,72,40.625206453134815,0.00589914620128251,4.765851309763558,-0.5339951881299237,7.603577355559373,347.3846840243478,100750.44393367584,99877.6015625,2304.4765625,5838.657732762009,3.5814300899766336e-06,4.781504835157559e-05,1,BREAK_WEAK_MONSOON,-0.7141023958899789,-1.54396997174807,1,BREAK_WEAK_MONSOON,4.308889082896103e-05,0.999956911107372,1.7990614598135095e-12
2018,2018-09-17T00:00:00+00:00,day1_24h,24,40.134746439567984,0.005782522448864115,4.341891401398042,-0.5051284610313286,6.770722654452339,310.5347160371502,100706.91420299243,99800.015625,2420.0,5833.6843405254585,2.8861498412069505e-06,4.004994945972443e-05,1,BREAK_WEAK_MONSOON,-0.9082556100957289,-1.8178635164519084,1,BREAK_WEAK_MONSOON,3.2069692306518176e-06,0.9999967930307485,2.0776622897291345e-14
2018,2018-09-17T00:00:00+00:00,day2_24h,48,40.94162059598728,0.006031244245167874,4.696234591978761,-0.3204226437619974,7.938465236049071,371.50440964911854,100799.64052465356,99521.421875,2851.1953125,5842.062293114485,3.4981025913000117e-06,4.7189377296136796e-05,1,BREAK_WEAK_MONSOON,0.046375079046181655,-1.3694042222208154,1,BREAK_WEAK_MONSOON,0.0004059444726959731,0.999593725502407,3.300248972084163e-07
2018,2018-09-17T00:00:00+00:00,day3_24h,72,41.61329832117194,0.006270231625491864,4.045255871579547,-0.43448488733641777,8.594593994508765,407.1745184756461,100638.28012182275,98872.15625,3416.6015625,5832.024748029432,4.473019129434994e-06,4.9737352142377813e-05,2,LOW_DEPRESSION_INFLUENCED,1.1663354550391734,-1.056864438796587,2,LOW_DEPRESSION_INFLUENCED,0.0019001051864104286,0.14862154555703158,0.8494783492565581
2018,2018-09-18T00:00:00+00:00,day1_24h,24,40.09294365852317,0.00578021124565551,4.382375953292534,-0.6451035687588372,7.879841584458067,359.0464508252024,100791.48279281313,100035.6875,2355.0390625,5842.267201359349,4.400292487399823e-06,4.87047674035522e-05,1,BREAK_WEAK_MONSOON,-0.7711006494402254,-1.5745194419169966,1,BREAK_WEAK_MONSOON,4.233767085749621e-05,0.9999576623284565,6.860226635180049e-13
2018,2018-09-18T00:00:00+00:00,day2_24h,48,41.40752157109583,0.006224163591344213,3.540980899386616,-0.09779847750729057,8.250980661217064,391.22795924171726,100662.14581544083,99591.1171875,2763.8046875,5833.7891680108105,4.750829674942893e-06,5.259233188781186e-05,1,BREAK_WEAK_MONSOON,0.1751552287840522,-1.171005666719166,1,BREAK_WEAK_MONSOON,0.0017718527958174286,0.9982248368978877,3.3103062948907602e-06
2018,2018-09-18T00:00:00+00:00,day3_24h,72,43.058665538904854,0.00668160299485451,2.8315293305972253,0.4983473062608657,8.08553104299541,390.31735427469846,100695.47896512199,99795.8359375,2511.0,5836.8978406094675,3.6380501765001e-06,4.866105825134422e-05,1,BREAK_WEAK_MONSOON,-0.22320885639541568,-0.8755528193339983,1,BREAK_WEAK_MONSOON,0.003546274068366617,0.9964536344638291,9.146780420200022e-08
2018,2018-09-19T00:00:00+00:00,day1_24h,24,41.183050498417145,0.006106487689405004,3.3474128380339145,-0.4252538197647516,8.44087722702529,397.01116873157423,100635.00251485765,99468.5703125,2803.3984375,5833.762206562935,5.085190600028945e-06,5.629933532057317e-05,1,BREAK_WEAK_MONSOON,0.4222997791893104,-1.199437852921714,1,BREAK_WEAK_MONSOON,0.0021367983525231622,0.9978111133718215,5.2088275655435245e-05
2018,2018-09-19T00:00:00+00:00,day2_24h,48,42.900788169312385,0.006674167179141462,2.556789114955913,0.8616113396690462,8.585846109262002,412.63460327087626,100706.47750367782,99823.0546875,2574.6015625,5839.464963847958,3.267564845361317e-06,5.042125064891948e-05,1,BREAK_WEAK_MONSOON,-0.11931388913449781,-0.7789074872967929,1,BREAK_WEAK_MONSOON,0.005742681304741211,0.994256118541873,1.2001533857339074e-06
2018,2018-09-19T00:00:00+00:00,day3_24h,72,44.07511116442722,0.007058039710043725,2.633738411553554,0.8736506884984607,7.215824404478356,337.3961968855716,100875.23345112502,99930.9765625,2660.8046875,5852.080981512498,2.679056556641769e-06,4.788906867802113e-05,1,BREAK_WEAK_MONSOON,-0.10690774645889262,-0.8697404734405605,1,BREAK_WEAK_MONSOON,0.0068942504761121595,0.993104022653497,1.7268703909895122e-06
2018,2018-09-20T00:00:00+00:00,day1_24h,24,42.433567721711256,0.006589105445190876,2.5166599438425266,0.6213152855480566,8.758258486453629,418.39715334896044,100680.41005465561,99570.5390625,2828.796875,5835.359785789475,3.750230631184174e-06,5.001619252122688e-05,1,BREAK_WEAK_MONSOON,0.2326783846255297,-0.8168890686857452,1,BREAK_WEAK_MONSOON,0.007491133824942999,0.9924234418324751,8.542434258195705e-05
2018,2018-09-20T00:00:00+00:00,day2_24h,48,43.46552147570421,0.006899769450397388,2.8637350501590912,0.8501583985594098,7.103714812255807,327.8784944727164,100883.42471579553,99943.5625,2796.15625,5852.03681705526,2.3675780158261332e-06,4.565153522535962e-05,1,BREAK_WEAK_MONSOON,-0.12325646018980574,-1.0184118900032235,1,BREAK_WEAK_MONSOON,0.00283062588236438,0.9971683802056067,9.939120291332335e-07
2018,2018-09-20T00:00:00+00:00,day3_24h,72,44.20132282795545,0.007077409848018682,2.1458689286969967,-0.004799912216027795,5.344600793359431,237.89904562571783,101036.91799278343,100381.640625,2274.0,5862.517833310631,2.0362031392680556e-06,4.66298553461897e-05,1,BREAK_WEAK_MONSOON,-0.8087444415668551,-1.3090728963129152,1,BREAK_WEAK_MONSOON,0.00029785688089360853,0.9997021431132396,5.8668452908731e-12
2018,2018-09-21T00:00:00+00:00,day1_24h,24,42.661592011090335,0.0066945647317443535,2.792657014207869,0.4396084097223664,7.2517227378562765,330.94960437338,100884.67108384483,99651.1171875,3096.3984375,5850.225625042175,2.1166724878164244e-06,4.45597693997162e-05,1,BREAK_WEAK_MONSOON,0.24299384453183698,-1.1409963938405026,1,BREAK_WEAK_MONSOON,0.0017462011486306136,0.9981897850694228,6.40137819465879e-05
2018,2018-09-21T00:00:00+00:00,day2_24h,48,42.784458522090056,0.006797572528591962,1.823082524516322,0.10125004368298005,5.206981878215831,223.29072037356215,101063.65494111454,100396.859375,2432.796875,5864.629952774925,1.6523410046066009e-06,4.255988682038676e-05,1,BREAK_WEAK_MONSOON,-0.9452685134819137,-1.5875843003518302,1,BREAK_WEAK_MONSOON,2.5614211424785633e-05,0.9999743857883155,2.596231116053022e-13
2018,2018-09-21T00:00:00+00:00,day3_24h,72,43.332205466932805,0.006917436315587918,2.0030430417238883,0.3758269314736068,4.2717415859777645,186.7600632872247,101045.22806169286,100548.5234375,1870.6015625,5858.830071704447,1.5110653596367477e-06,4.1737302552094764e-05,1,BREAK_WEAK_MONSOON,-1.5803662195591779,-1.693715296383048,1,BREAK_WEAK_MONSOON,3.794640607253263e-06,0.9999962053593927,6.3907119254740675e-18
2018,2018-09-22T00:00:00+00:00,day1_24h,24,42.33369546951871,0.006666226773615606,1.8467306211243262,-0.5327477131467391,5.121531199398482,219.17255888133965,101029.5949607811,100113.8125,2523.8359375,5864.570023053356,1.4442024907272384e-06,3.8695799649615466e-05,1,BREAK_WEAK_MONSOON,-0.8737342913625622,-1.6969587987952242,1,BREAK_WEAK_MONSOON,8.377511124241259e-06,0.9999916224886839,1.918081912780685e-13
2018,2018-09-22T00:00:00+00:00,day2_24h,48,42.53240390368344,0.006716057815393548,1.9440191638571709,0.4460138795312119,4.214247506790911,181.58285990009858,101025.58877383883,100359.953125,2001.59375,5860.335055579557,1.797901062749705e-06,4.318786039145907e-05,1,BREAK_WEAK_MONSOON,-1.3417029038757753,-1.8586879085104622,1,BREAK_WEAK_MONSOON,1.406267234575539e-06,0.9999985937327655,5.0495508228997415e-17
2018,2018-09-22T00:00:00+00:00,day3_24h,72,42.49677456718956,0.006642544854802097,3.33088355587437,-0.3987346761263316,4.873652513623867,207.5960362126866,100974.87031433637,100333.9609375,1891.8046875,5853.631773919923,1.3241027236580885e-06,3.9072663791792096e-05,1,BREAK_WEAK_MONSOON,-1.603496262305354,-1.7497600989419702,1,BREAK_WEAK_MONSOON,2.524845686632743e-06,0.9999974751543135,3.4224176934037115e-18
2018,2018-09-23T00:00:00+00:00,day1_24h,24,41.57051715371833,0.006535247466113358,1.7798275600029658,-0.15686333444122047,3.9995607603497922,164.84619465928907,101015.56953758886,100284.5234375,2077.3984375,5861.3660178733535,1.7569810074047641e-06,3.706243265074374e-05,1,BREAK_WEAK_MONSOON,-1.5489121054573582,-2.074620191298475,1,BREAK_WEAK_MONSOON,1.7900272947538965e-07,0.9999998209972706,6.279461649437733e-19
2018,2018-09-23T00:00:00+00:00,day2_24h,48,41.2269663095387,0.006290635497648006,3.06655054881837,-0.364372018442437,4.48659735655802,182.46815362583186,100970.62985916389,100311.0234375,1705.1171875,5857.484397617495,1.237418909928931e-06,3.751361100017243e-05,1,BREAK_WEAK_MONSOON,-1.9417299360137144,-2.099363204306008,1,BREAK_WEAK_MONSOON,6.871854537488536e-08,0.9999999312814546,1.798799251525911e-21
2018,2018-09-23T00:00:00+00:00,day3_24h,72,40.17374819679284,0.005866143222508915,2.4915498537977054,-1.535782098851605,4.5865100887032595,182.9311019836075,100866.14384033272,100311.53125,1576.3984375,5851.530033337623,1.1307994068604849e-06,3.70038803559345e-05,1,BREAK_WEAK_MONSOON,-2.176952519809833,-2.3412514702069527,1,BREAK_WEAK_MONSOON,7.394221359278396e-09,0.9999999926057785,6.1372419269610495e-24
2018,2018-09-24T00:00:00+00:00,day1_24h,24,41.22043673687321,0.006300268447064731,3.0975706182013436,-0.7689261845827899,4.491003963614683,184.0531401114823,100987.92517476036,100326.6015625,1965.28125,5857.118202693897,1.4081404970393317e-06,3.6528510884421e-05,1,BREAK_WEAK_MONSOON,-1.73618741027586,-2.0919965822954656,1,BREAK_WEAK_MONSOON,1.869128066234983e-07,0.9999998130871933,5.867093822434562e-20
2018,2018-09-24T00:00:00+00:00,day2_24h,48,40.01025210055961,0.005871013119137441,2.4578014856325994,-1.3805907773836896,4.5292365426971575,178.7522078044521,100890.7077759741,100271.15625,1904.3203125,5852.809762623049,2.260016562892972e-06,3.937106477403254e-05,1,BREAK_WEAK_MONSOON,-1.746868024784862,-2.3694745626252978,1,BREAK_WEAK_MONSOON,2.4608702714993924e-08,0.9999999753912973,2.7954089307643574e-21
2018,2018-09-24T00:00:00+00:00,day3_24h,72,39.12226984452921,0.005695137371963292,1.2712564803623716,-0.9924543556819609,4.174560470364415,161.10740954269212,100830.9242213715,100272.09375,1789.59375,5848.435094225325,2.2854645381026992e-06,3.7163185177737723e-05,1,BREAK_WEAK_MONSOON,-2.02379779776889,-2.596895591329186,1,BREAK_WEAK_MONSOON,1.326055715794934e-09,0.9999999986739443,5.9809416239726695e-24
2018,2018-09-25T00:00:00+00:00,day1_24h,24,39.93459519209195,0.0058885491920754015,2.137074056188284,-1.6765822374168855,4.295914330701212,165.62605061885824,100875.64962910172,100296.6171875,1821.28125,5851.995795373221,1.9210514493925893e-06,3.3373807845237096e-05,1,BREAK_WEAK_MONSOON,-2.094179202415286,-2.427495945839771,1,BREAK_WEAK_MONSOON,6.4716620367036836e-09,0.9999999935283379,1.1680017773020849e-23
2018,2018-09-25T00:00:00+00:00,day2_24h,48,39.17966973999173,0.005724421693866619,1.1809069153473868,-0.9273189203690335,3.7531275147525616,142.830148076509,100862.78704335625,100353.5390625,1722.2421875,5850.526863811763,2.197558743371377e-06,3.431919027302269e-05,1,BREAK_WEAK_MONSOON,-2.25147899093344,-2.674326302144588,1,BREAK_WEAK_MONSOON,5.357287688123157e-10,0.9999999994642712,1.4811663503383071e-25
2018,2018-09-25T00:00:00+00:00,day3_24h,72,39.58584272877662,0.005972439260282214,1.9672063468632486,-0.6487502547398635,4.254370886258926,169.33959745299785,100907.98051401526,100429.390625,1740.796875,5849.324454910207,2.3729495477115996e-06,3.7840211789071175e-05,1,BREAK_WEAK_MONSOON,-2.1037518270144195,-2.420252834702641,1,BREAK_WEAK_MONSOON,6.782120149060653e-09,0.9999999932178798,1.3712676865953675e-23
2018,2018-09-26T00:00:00+00:00,day1_24h,24,39.147383704826105,0.005764419329999235,1.0179447538023532,-0.9171137761870415,3.7729297615817297,143.87240807560724,100870.19723539475,100348.3125,1802.5546875,5848.205612247576,2.3768049515857e-06,3.1825958440803625e-05,1,BREAK_WEAK_MONSOON,-2.2731750793678858,-2.6563847305624635,1,BREAK_WEAK_MONSOON,5.814244018385984e-10,0.9999999994185755,1.1294611082001954e-25
2018,2018-09-26T00:00:00+00:00,day2_24h,48,39.36838754719117,0.005936183579244543,1.0814302484897291,-0.554929850544742,3.7926768138876965,147.12481237943982,100938.01635802658,100478.5234375,1814.3984375,5850.513422537907,1.7161982154547855e-06,3.504307106166885e-05,1,BREAK_WEAK_MONSOON,-2.193679355617526,-2.5603333373730415,1,BREAK_WEAK_MONSOON,1.6194284590035284e-09,0.9999999983805716,1.7390965842809114e-24
2018,2018-09-26T00:00:00+00:00,day3_24h,72,39.63309696904597,0.00602852744447917,0.7033501539737743,-1.3874029548269398,3.907576206656592,152.45421012400095,101020.2636454478,100678.203125,1662.5546875,5856.900104578048,2.4259616346844663e-06,3.618096596479805e-05,1,BREAK_WEAK_MONSOON,-2.399205263023667,-2.4754547900735866,1,BREAK_WEAK_MONSOON,3.398784538343752e-09,0.9999999966012154,1.0438311939353143e-25
2018,2018-09-27T00:00:00+00:00,day1_24h,24,39.378905883017524,0.005913648826116244,0.7477454166069931,-1.072777329478738,4.06153785741268,158.5770869411776,100913.68425531936,100508.578125,1737.765625,5848.138286369238,1.7438480984421558e-06,3.378275572355016e-05,1,BREAK_WEAK_MONSOON,-2.3380542604895345,-2.5090006554889626,1,BREAK_WEAK_MONSOON,1.6070168712543634e-09,0.999999998392983,2.0174003934546154e-25
2018,2018-09-27T00:00:00+00:00,day2_24h,48,39.455323038564,0.006034043010460574,0.19596867032051193,-1.244096595906452,4.006613178393177,159.3676729506683,100999.95072517617,100662.2734375,1700.796875,5855.047904551468,2.4292461326135212e-06,3.539901159155592e-05,1,BREAK_WEAK_MONSOON,-2.398220349228498,-2.460166865942079,1,BREAK_WEAK_MONSOON,2.6830549877305715e-09,0.9999999973169451,1.0286707049859229e-25
2018,2018-09-27T00:00:00+00:00,day3_24h,72,39.14705002407853,0.00588764717351516,0.41368971092359,-1.3148539118651237,4.147978926373582,166.10835096263403,100991.751415458,100593.4296875,1626.71875,5856.316255925408,1.4516721573244012e-06,3.653653384710912e-05,1,BREAK_WEAK_MONSOON,-2.4076125126011574,-2.5108685588832396,1,BREAK_WEAK_MONSOON,1.2364687103034554e-09,0.9999999987635313,7.93163686547462e-26
2018,2018-09-28T00:00:00+00:00,day1_24h,24,39.739831606333276,0.006192374273296412,0.14760038643499426,-1.400555684688261,4.490752676464254,183.40996318930218,100947.9170105633,100613.2578125,1757.125,5850.172940654021,3.100511453860657e-06,3.57718340588603e-05,1,BREAK_WEAK_MONSOON,-2.273470671519725,-2.259341937974649,1,BREAK_WEAK_MONSOON,1.4152229532170313e-08,0.9999999858477704,1.7394532005930455e-24
2018,2018-09-28T00:00:00+00:00,day2_24h,48,39.18889804248086,0.005996037025904392,0.719168022592262,-1.6186481800236245,4.373053331647723,174.6551252940165,100988.25630566975,100591.328125,1628.1640625,5856.21856239619,1.7299761390826699e-06,3.606254551366395e-05,1,BREAK_WEAK_MONSOON,-2.420643600867132,-2.4171721858100907,1,BREAK_WEAK_MONSOON,2.8501984703266486e-09,0.9999999971498015,1.4532406007829837e-25
2018,2018-09-28T00:00:00+00:00,day3_24h,72,38.14956516402435,0.0056828106716403605,0.6654788401910129,-1.0399247288845095,4.088055578943803,154.81328779444178,100944.93469278618,100402.8125,1764.4765625,5854.391641996597,1.951296169015471e-06,3.566805954889313e-05,1,BREAK_WEAK_MONSOON,-2.2716307761522025,-2.7076655871587523,1,BREAK_WEAK_MONSOON,3.200732352170278e-10,0.9999999996799267,1.3613973631642138e-25
2018,2018-09-29T00:00:00+00:00,day1_24h,24,39.32651750787856,0.0060265777411676125,-0.020843818026924137,-1.7349728265645175,4.326679729433591,173.26401014883055,100984.58833380991,100614.1328125,1558.71875,5855.872948993776,1.5055681999816237e-06,2.9603135661766794e-05,1,BREAK_WEAK_MONSOON,-2.7539481614335566,-2.402577267495513,1,BREAK_WEAK_MONSOON,9.44266062232406e-10,0.999999999055734,7.899209147944017e-28
2018,2018-09-29T00:00:00+00:00,day2_24h,48,38.22818738228531,0.005773603848526198,0.28941966039147055,-1.0511860468200103,4.140552804262305,156.62974113453436,100950.87403828843,100473.1328125,1729.9140625,5853.252918232464,2.1805315707318556e-06,3.230542980029262e-05,1,BREAK_WEAK_MONSOON,-2.4794307199211163,-2.654580150648196,1,BREAK_WEAK_MONSOON,2.793907566361246e-10,0.9999999997206093,8.246150401095467e-27
2018,2018-09-29T00:00:00+00:00,day3_24h,72,38.080397706469164,0.005685400060222275,0.021144245921543788,-0.36778296966695695,4.296941038495498,167.52588414162364,100984.46866362578,100557.8203125,1668.3984375,5854.71817518737,2.738915609974455e-06,3.779646744335506e-05,1,BREAK_WEAK_MONSOON,-2.382053131053673,-2.6577324108150417,1,BREAK_WEAK_MONSOON,3.145380902880265e-10,0.9999999996854618,2.3465237885011163e-26
2018,2018-09-30T00:00:00+00:00,day1_24h,24,38.3680645026487,0.005877893643657745,-0.4576927830944023,-1.4553165333417368,4.399986355211607,165.03897821226911,100927.01366746819,100475.578125,1766.078125,5852.044561868722,1.6281818696993298e-06,3.346478632658095e-05,1,BREAK_WEAK_MONSOON,-2.3866850677159404,-2.550345036307002,1,BREAK_WEAK_MONSOON,5.330507195365833e-10,0.9999999994669493,6.698079877924703e-26
2018,2018-09-30T00:00:00+00:00,day2_24h,48,38.48624977267363,0.005923233999906536,-0.21196888313481121,-0.1096316764415895,4.587102533050185,183.26292170346164,100990.25369417736,100577.890625,1691.6015625,5853.639271837991,3.533182181061278e-06,3.841233388857668e-05,1,BREAK_WEAK_MONSOON,-2.312967746076736,-2.458307771688622,1,BREAK_WEAK_MONSOON,1.4306142722390785e-09,0.9999999985693857,1.82498052605461e-25
2018,2018-09-30T00:00:00+00:00,day3_24h,72,38.53964291519271,0.005873962327199935,0.739625795262835,-0.8595883395069747,4.629170741397802,185.95309450230607,100990.08330078366,100476.484375,1819.8046875,5852.660093602856,3.5922571138635904e-06,4.3746245717801254e-05,1,BREAK_WEAK_MONSOON,-1.9026990551588026,-2.46204081409173,1,BREAK_WEAK_MONSOON,7.274996540760734e-09,0.9999999927250034,8.749851066068439e-23
